amount,hour_of_day,recent_transaction_count,velocity_1h,previous_chargebacks,failed_transaction_count,is_new_device,is_new_ip,distance_from_home,device_account_count,ip_account_count,avg_user_amount,is_fraud
23.84,9,2,3,0,0,0,0,29.6,1,2,168.02,0
33.88,19,0,1,0,0,0,1,87.5,1,2,30.23,0
14.85,17,1,1,0,0,0,0,16.2,2,3,67.85,0
34.83,1,5,4,0,2,0,1,143.8,3,2,45.77,0
2.44,16,2,1,0,0,0,0,19.3,0,2,32.32,0
8.11,8,2,1,0,0,0,0,83.5,2,4,36.64,0
19.85,9,5,1,0,0,0,0,73.7,0,1,10.76,0
10.43,16,3,1,0,0,0,0,132.5,0,0,113.13,0
64.18,1,7,8,2,5,1,1,157.7,3,3,52.67,1
13.35,15,0,1,0,0,0,0,4.2,4,0,2.96,0
59.33,10,4,2,0,0,0,0,94.4,0,4,4.59,0
14.26,10,2,1,0,0,0,0,50.1,1,0,33.21,0
71.13,11,3,2,0,0,0,0,9.4,3,2,10.11,0
22.18,13,2,2,0,0,0,0,15.9,1,2,35.77,0
48.54,15,1,1,0,2,0,0,21.9,3,2,37.65,0
19.78,20,1,3,0,0,0,0,4.9,2,3,27.06,0
12.6,20,2,0,0,0,0,0,16.1,2,1,21.34,0
12.45,13,0,2,0,1,0,0,7.1,0,2,149.76,0
27.4,17,2,0,0,0,0,0,83.2,0,1,26.68,0
243.58,10,6,1,0,0,1,0,234.2,4,3,20.02,0
25.47,20,2,1,0,0,0,0,19.0,3,3,6.47,0
46.95,19,2,0,0,0,0,0,7.8,3,1,18.73,0
9.78,17,3,0,0,0,0,0,43.0,1,2,20.44,0
4.59,12,2,1,0,0,0,0,3.2,1,1,32.09,0
21.72,9,4,1,0,3,0,1,6.9,1,2,5.23,0
17.55,17,3,1,0,1,0,0,12.0,1,2,71.76,0
37.37,13,0,1,0,0,0,0,303.3,1,2,11.08,0
34.88,13,0,0,0,0,0,0,32.9,0,1,4.81,0
6.38,10,3,1,0,0,0,0,65.6,1,2,38.6,0
20.27,17,1,0,0,1,0,0,0.9,0,0,60.9,0
16.44,21,2,1,0,0,0,0,4.5,2,1,16.33,0
9.3,18,2,1,0,0,0,0,42.3,0,2,77.25,0
22.22,12,0,0,0,0,0,0,42.5,1,2,47.98,0
27.6,17,2,0,0,0,0,0,77.3,2,1,20.37,0
78.72,14,2,1,0,0,0,0,45.7,0,1,25.9,0
107.52,16,4,1,0,0,0,0,24.7,1,0,13.58,0
57.28,18,4,0,0,0,0,0,110.2,1,2,37.09,0
27.76,13,4,0,0,0,0,0,85.2,0,3,16.9,0
29.39,11,0,1,0,0,0,0,173.6,3,3,70.57,0
69.68,10,5,0,0,0,0,0,26.9,1,1,38.84,0
33.51,13,1,0,0,0,0,0,158.7,1,3,71.77,0
12.7,16,2,2,0,1,0,0,55.9,2,2,27.78,0
97.88,12,2,2,0,0,0,0,54.1,1,0,8.89,0
274.9,0,4,1,1,5,1,0,192.2,3,2,28.1,0
72.41,12,2,2,0,1,0,0,9.2,0,1,87.6,0
33.89,19,5,6,1,9,1,0,50.0,4,8,11.14,1
133.6,18,2,4,0,1,0,0,19.2,0,2,20.22,0
20.71,10,6,1,0,0,0,0,29.5,1,2,12.37,0
8.76,14,1,0,0,0,0,0,65.9,2,0,11.75,0
33.08,16,2,2,0,0,1,0,42.6,1,3,151.59,0
34.32,9,4,5,0,1,0,0,40.1,5,2,47.79,0
13.02,19,3,1,0,1,0,0,55.3,0,3,15.3,0
51.02,16,3,2,0,1,0,0,17.2,0,3,113.29,0
29.25,10,8,2,0,0,0,0,43.8,2,0,9.76,0
76.65,15,4,5,0,4,0,0,105.1,3,2,21.42,0
4.76,13,0,1,0,0,0,0,37.4,0,0,42.35,0
52.97,20,3,1,0,0,0,0,23.3,0,0,40.59,0
48.24,16,1,0,0,0,0,0,36.5,1,1,20.78,0
29.67,20,1,1,0,0,0,0,1.4,2,2,23.63,0
33.79,13,1,2,0,0,0,1,4.7,2,1,17.66,0
116.11,9,1,0,0,0,0,1,101.0,0,1,11.35,0
64.07,18,4,0,0,0,0,0,47.0,1,1,30.28,0
21.78,13,1,1,0,0,0,0,30.2,1,2,15.69,0
5.44,15,5,1,0,1,0,0,23.3,1,5,283.86,0
35.26,20,3,0,0,0,0,0,145.8,2,1,40.51,0
16.46,20,3,0,0,0,0,0,32.8,3,3,6.57,0
106.73,15,2,0,0,0,0,0,11.6,1,6,16.93,0
22.11,17,5,1,0,0,1,0,12.1,1,1,18.05,0
6.64,9,0,1,0,1,0,0,64.5,1,3,7.77,0
13.51,9,3,2,0,1,0,0,23.4,0,3,135.47,0
25.0,14,1,0,0,0,0,0,0.0,2,1,43.12,0
871.97,23,2,9,0,2,0,1,14.5,2,4,94.65,0
6.34,15,1,1,0,0,0,1,162.4,3,2,23.74,0
19.56,10,2,0,0,0,0,0,71.4,2,0,16.36,0
12.34,15,2,0,0,0,0,0,222.9,1,2,24.97,0
28.53,18,0,0,1,0,0,0,67.5,1,0,53.1,0
35.16,13,2,2,0,0,0,0,256.1,0,1,42.01,0
59.79,1,8,4,0,2,1,0,32.9,3,4,6.83,0
36.06,17,4,0,0,1,0,0,18.4,2,2,14.92,0
22.07,9,2,0,0,1,0,0,38.7,1,1,17.65,0
36.56,14,0,1,0,0,0,0,35.6,2,4,53.44,0
102.73,13,1,2,1,0,0,0,9.6,0,4,30.72,0
30.71,19,3,2,0,0,0,0,62.4,0,0,18.25,0
57.27,18,3,0,0,0,0,0,115.7,1,1,25.66,0
65.18,19,1,2,1,1,0,0,10.6,0,0,27.15,0
12.31,15,0,2,0,0,0,0,97.2,1,3,28.26,0
17.42,19,1,2,0,0,0,0,41.4,2,0,8.29,0
34.8,21,11,1,0,1,0,0,27.8,1,3,25.68,0
16.73,12,2,3,0,0,0,0,17.1,3,0,47.73,0
12.82,21,2,0,0,0,0,0,9.4,2,1,92.33,0
22.84,20,3,2,0,0,0,0,11.6,1,0,27.25,0
19.86,10,3,1,0,0,0,0,35.9,1,2,171.39,0
6.43,15,0,2,0,0,0,1,7.1,0,0,10.94,0
19.03,14,4,1,0,1,0,0,102.9,4,2,129.68,0
44.22,10,4,0,0,0,0,0,55.8,0,0,12.49,0
58.89,14,2,0,0,0,0,0,143.2,1,1,16.71,0
30.75,9,2,3,0,0,0,0,13.3,3,0,31.86,0
169.85,13,3,1,0,0,1,0,7.1,0,1,42.28,0
12.74,19,3,0,0,0,0,0,58.2,1,4,88.58,0
24.51,16,4,3,1,0,0,0,20.0,1,1,45.01,0
6.74,15,2,2,0,0,0,0,2.4,1,1,68.11,0
70.32,12,3,1,0,1,0,0,45.5,1,3,43.6,0
13.38,19,3,1,0,0,1,0,33.6,2,1,20.11,0
27.14,13,2,0,1,0,0,0,19.6,2,1,25.25,0
38.02,20,3,0,0,0,0,0,103.9,0,3,60.58,0
32.11,12,1,1,0,0,0,0,83.1,0,1,25.4,0
29.31,13,2,1,0,1,1,0,128.0,0,1,10.24,0
41.01,11,2,2,0,0,0,0,10.7,0,2,11.68,0
42.11,10,0,3,0,0,0,0,145.5,0,2,5.81,0
30.54,10,0,1,0,0,0,0,116.3,0,1,30.21,0
9.38,15,1,0,0,1,0,0,3.5,1,2,43.18,0
85.07,9,0,1,0,2,0,0,12.2,2,4,19.66,0
26.08,10,2,0,0,0,0,0,10.5,1,1,34.11,0
18.66,9,1,9,1,2,1,1,335.6,5,5,23.02,1
19.44,20,3,0,0,1,0,0,45.4,1,2,31.79,0
29.67,17,2,1,0,0,0,0,7.8,1,1,11.57,0
38.65,12,2,3,0,0,0,0,57.0,3,1,4.38,0
5.64,14,2,2,0,0,0,0,11.5,1,1,11.52,0
19.56,21,2,0,0,0,0,0,16.7,1,1,51.03,0
28.58,16,3,0,0,0,0,0,39.2,1,2,27.38,0
155.72,8,0,3,0,1,0,0,5.0,1,0,17.67,0
8.9,21,0,1,0,0,0,0,34.5,0,1,14.41,0
11.96,9,1,2,0,0,0,0,11.9,3,1,50.72,0
39.23,12,0,2,0,0,0,0,1.5,1,1,15.06,0
7.22,14,3,1,0,0,0,0,28.5,2,4,7.37,0
48.1,15,1,0,0,0,0,0,1.0,3,2,15.16,0
79.28,17,1,0,0,2,0,0,23.1,3,3,11.15,0
79.06,20,3,0,0,0,0,0,20.3,0,1,12.43,0
25.76,17,3,3,0,1,0,0,77.9,1,1,20.68,0
16.01,17,0,1,0,0,0,0,19.5,0,0,15.51,0
131.45,10,4,0,0,0,0,0,35.0,1,0,95.0,0
8.01,12,2,1,0,1,0,0,9.0,2,0,63.86,0
48.82,12,1,0,0,0,0,0,12.6,0,3,69.48,0
53.75,10,0,1,0,0,0,0,13.2,0,1,47.65,0
19.48,12,2,0,0,0,0,0,0.2,1,3,16.12,0
33.01,19,4,3,0,1,0,0,78.3,2,0,24.23,0
7.05,14,1,1,0,0,0,0,1.4,1,1,7.25,0
7.87,10,4,0,0,0,0,0,13.5,1,1,71.83,0
7.22,18,1,1,0,0,0,0,71.7,3,0,32.63,0
52.7,13,1,2,0,0,0,1,44.2,2,0,24.97,0
20.39,18,0,1,0,2,0,1,116.4,0,4,2.11,0
4.66,16,3,2,0,1,0,0,12.5,0,1,18.54,0
17.79,12,2,1,0,2,0,0,43.8,2,4,10.62,0
38.36,17,0,0,0,1,0,0,87.0,4,1,35.99,0
2.79,9,2,1,0,0,0,0,22.8,2,1,200.65,0
22.15,16,0,2,0,0,0,0,58.0,4,3,27.86,0
30.36,19,2,0,0,0,0,0,28.1,2,2,97.5,0
6.77,10,1,1,0,0,0,0,67.8,2,0,19.09,0
41.32,21,2,0,0,0,0,0,74.8,0,1,15.39,0
30.22,9,3,0,0,0,0,0,12.5,2,2,127.71,0
39.16,15,0,1,0,0,0,0,86.7,2,3,12.18,0
68.3,15,4,2,0,0,0,0,28.5,2,2,74.32,0
78.84,20,8,4,0,0,0,0,249.7,5,4,29.68,0
6.58,16,3,0,0,0,0,0,13.1,1,3,204.64,0
12.69,15,2,0,0,0,0,0,34.9,0,2,34.5,0
102.72,10,3,1,0,1,0,0,10.2,2,1,10.01,0
23.02,16,0,0,0,1,0,0,77.1,2,1,45.7,0
75.09,12,1,2,0,0,0,0,76.1,3,2,15.2,0
23.27,20,0,1,0,0,0,0,6.5,2,0,8.83,0
5.58,20,2,2,0,1,0,0,10.6,1,2,22.78,0
13.98,13,3,2,0,0,0,0,15.7,1,1,18.07,0
18.63,10,1,1,0,0,0,0,1.1,0,2,10.61,0
20.92,16,2,2,0,0,0,0,180.1,1,2,29.61,0
14.08,9,2,0,0,0,0,0,21.8,1,1,39.95,0
13.28,11,3,0,0,0,0,0,2.0,2,5,44.79,0
54.51,19,3,1,0,0,0,0,8.7,2,3,36.44,0
10.65,13,4,2,0,0,0,1,0.4,0,1,8.11,0
1188.19,2,3,3,0,0,0,0,320.7,5,5,6.96,0
19.16,11,2,3,0,0,0,0,49.2,1,0,19.11,0
113.92,14,1,0,0,0,0,0,41.3,4,3,23.42,0
61.25,10,5,1,0,1,0,0,31.8,0,1,20.34,0
16.98,10,2,0,0,1,0,0,93.9,0,1,5.44,0
18.82,9,2,2,0,1,0,0,64.4,1,2,14.83,0
50.5,20,7,5,0,4,1,1,31.9,1,3,73.07,0
44.51,8,1,1,0,2,1,0,123.4,0,2,30.48,0
22.62,11,2,2,0,0,0,0,22.5,2,3,13.0,0
1.35,16,1,1,0,0,0,0,134.6,2,1,46.97,0
135.41,0,8,6,1,5,1,1,848.0,3,5,15.16,1
6.42,13,1,0,0,0,0,0,49.7,2,3,15.98,0
14.04,9,2,0,0,0,0,0,76.3,0,1,50.63,0
56.72,9,3,0,0,1,0,0,84.4,1,1,88.65,0
31.79,19,1,1,0,0,0,0,8.0,1,2,51.98,0
20.81,11,2,0,0,0,0,0,171.0,1,2,27.41,0
15.3,19,0,1,0,0,0,0,37.8,0,1,16.13,0
22.36,9,2,2,0,0,0,0,184.4,2,4,21.11,0
59.76,18,4,0,0,0,0,0,30.4,1,1,189.76,0
11.81,11,0,1,0,0,0,0,60.7,0,3,17.26,0
19.35,20,3,1,0,0,0,0,64.9,1,0,25.65,0
192.74,15,7,3,0,3,0,0,598.5,3,2,31.08,0
74.93,16,1,1,0,0,1,0,8.5,2,1,23.37,0
4.66,17,1,3,0,0,1,0,24.5,1,3,193.12,0
53.35,15,0,1,0,0,0,0,8.8,0,4,24.76,0
13.42,19,3,1,0,0,0,0,19.3,1,5,13.88,0
21.99,15,3,1,0,0,0,0,3.6,3,4,28.25,0
60.25,11,5,4,0,1,0,1,77.6,0,2,25.39,0
50.96,17,0,4,1,0,0,0,4.3,0,2,25.93,0
52.69,9,1,1,0,2,0,0,21.6,0,2,29.08,0
5.11,18,5,2,0,0,0,0,47.2,3,0,30.03,0
15.73,11,3,1,1,1,0,0,131.7,1,0,18.57,0
15.17,19,2,2,0,1,0,0,1.3,0,1,18.03,0
76.14,12,1,1,0,1,0,0,38.1,2,0,24.29,0
7.05,14,1,1,0,0,0,0,53.9,0,1,30.48,0
43.26,14,2,1,0,1,1,0,33.5,2,1,32.85,0
59.27,19,4,1,0,0,0,0,50.2,1,1,5.43,0
138.19,16,0,3,0,1,0,0,0.7,1,2,62.94,0
15.57,17,4,1,0,0,0,0,73.5,3,0,4.75,0
29.14,17,2,2,0,0,0,1,140.6,2,0,81.94,0
27.74,9,2,2,0,1,0,0,57.2,0,0,13.36,0
20.57,13,2,2,0,2,0,0,19.8,1,1,4.96,0
7.39,20,2,1,0,1,0,0,222.4,1,0,20.49,0
31.12,9,1,2,0,1,0,0,40.2,2,1,18.5,0
21.85,9,0,0,0,0,0,0,32.6,1,1,48.36,0
26.9,13,2,0,0,0,0,0,47.2,0,3,19.96,0
73.96,17,4,0,0,0,0,0,46.2,1,2,51.26,0
13.87,23,4,8,0,1,0,0,416.2,8,2,26.43,0
4.36,19,3,1,0,0,0,0,22.2,1,0,3.8,0
22.43,11,2,2,0,0,0,0,59.2,2,1,38.52,0
43.74,20,0,1,0,0,0,0,22.0,0,0,3.84,0
95.57,2,6,4,0,4,0,0,120.6,6,1,20.85,0
11.06,9,0,0,0,0,0,0,11.5,3,1,1.92,0
99.29,14,3,3,0,0,0,0,35.9,1,1,14.43,0
16.55,18,0,1,0,0,1,0,11.8,1,3,73.06,0
31.57,14,0,0,0,0,0,0,139.7,0,0,11.94,0
11.91,17,1,0,0,0,0,0,151.2,1,5,106.07,0
64.79,7,2,4,1,2,1,1,624.3,0,3,15.51,0
12.18,19,1,3,0,1,0,0,178.8,1,0,66.87,0
29.26,18,1,0,0,0,0,0,25.8,1,2,24.61,0
25.9,20,6,1,0,0,0,0,79.9,3,0,4.7,0
3.22,9,4,1,0,0,0,0,42.4,0,2,72.16,0
44.63,0,7,3,0,2,0,1,87.8,4,3,9.91,0
37.98,19,2,2,0,0,0,0,104.9,0,3,9.89,0
36.78,14,0,1,0,0,0,0,52.9,0,2,21.32,0
51.66,20,2,2,0,0,0,0,3.5,0,2,8.13,0
44.04,13,3,1,0,0,0,1,101.0,2,3,24.64,0
63.07,15,2,2,0,1,0,0,31.3,0,2,72.37,0
109.31,16,2,6,0,3,1,0,147.4,2,1,21.26,0
45.36,15,2,0,0,2,0,0,160.5,0,2,26.08,0
3.45,11,5,2,0,1,0,0,2.9,2,5,23.69,0
117.39,13,0,1,0,0,0,0,42.4,1,3,47.24,0
32.87,20,1,2,0,0,0,0,31.1,1,0,69.76,0
137.12,23,10,8,1,6,1,1,50.0,1,3,14.23,1
20.94,10,0,3,1,1,0,0,9.6,0,0,12.0,0
206.24,23,5,5,0,2,0,0,10.0,1,3,63.01,0
25.86,12,3,0,0,1,0,1,18.2,0,1,19.04,0
107.52,9,2,2,0,1,0,0,55.0,0,0,16.16,0
89.29,15,11,3,2,2,1,0,107.0,2,3,55.21,1
16.59,12,1,1,0,0,0,0,21.8,1,3,13.0,0
13.09,8,1,0,0,0,0,0,20.1,1,4,4.61,0
101.67,17,1,1,0,0,0,0,76.0,0,1,47.18,0
4.92,19,0,1,0,0,0,0,52.9,0,0,13.97,0
26.17,12,3,0,0,0,0,0,34.0,1,1,12.05,0
8.91,8,3,1,0,0,0,0,13.1,1,2,4.83,0
48.31,8,4,2,0,3,0,0,782.7,2,3,10.43,0
22.23,9,1,0,0,0,0,0,3.5,0,0,4.72,0
30.37,17,4,4,0,0,0,0,42.1,2,3,185.02,0
53.52,17,1,0,0,0,0,0,147.1,3,2,87.63,0
221.32,17,1,2,0,0,0,0,48.1,1,1,41.57,0
181.53,20,1,0,0,0,1,0,38.2,3,5,18.98,0
11.34,14,3,0,0,0,0,0,20.3,2,0,17.38,0
6.92,11,3,2,0,1,0,0,2.8,1,2,9.71,0
88.49,15,3,2,0,1,0,0,41.6,1,2,18.85,0
9.04,12,2,0,0,1,1,1,7.4,0,1,6.02,0
21.63,10,5,2,0,0,0,0,26.6,2,1,23.29,0
7.3,18,4,0,0,0,0,0,90.6,4,2,13.2,0
1829.3,9,9,6,0,7,0,1,734.5,5,8,21.02,1
20.55,8,3,0,0,0,0,0,12.5,0,0,20.34,0
33.48,20,1,0,0,0,0,0,35.6,0,2,112.91,0
12.35,11,2,2,0,0,0,0,8.9,0,0,2.83,0
67.78,15,3,3,0,0,0,0,8.8,0,1,24.01,0
24.26,19,1,1,0,1,0,1,1.8,1,0,10.67,0
43.89,14,1,0,0,0,0,0,80.6,2,0,4.36,0
26.01,13,4,0,0,1,0,0,24.6,1,3,9.44,0
20.47,12,1,4,0,0,0,0,27.7,0,2,29.97,0
54.07,11,2,3,0,0,0,0,7.5,1,1,20.47,0
11.09,18,0,0,0,0,0,0,50.7,0,2,18.49,0
31.87,8,10,3,0,0,0,0,612.4,3,1,32.82,0
7.38,16,2,0,0,0,0,0,120.0,2,1,22.13,0
21.99,19,2,0,0,0,0,0,49.2,0,0,33.92,0
37.58,18,4,1,0,0,0,0,45.8,0,0,11.65,0
1407.37,2,4,4,0,4,0,0,841.4,4,7,90.51,1
32.65,19,0,1,0,0,0,0,63.3,0,0,24.95,0
11.63,21,1,2,0,0,0,0,69.0,1,0,2.42,0
134.51,1,10,3,0,2,0,0,432.9,1,1,27.42,0
22.5,19,1,2,0,0,0,0,2.4,0,1,14.98,0
12.69,20,1,2,0,0,0,0,68.6,1,1,25.79,0
39.25,13,3,0,0,0,0,0,16.1,1,3,9.01,0
18.73,9,3,2,0,0,0,0,25.1,1,1,11.87,0
95.26,8,2,1,0,1,0,0,77.0,2,2,10.94,0
19.81,11,3,1,0,0,0,0,23.2,2,1,25.11,0
6.32,20,3,2,0,0,0,0,23.7,2,2,7.25,0
164.43,13,1,3,0,1,0,0,10.7,0,1,56.69,0
274.49,10,7,3,0,1,0,0,36.8,4,2,2.55,0
73.55,19,0,2,0,1,0,0,112.5,0,1,222.42,0
15.61,18,4,1,0,1,0,0,43.2,0,1,57.1,0
36.28,18,1,2,0,0,0,0,17.9,1,1,58.47,0
106.19,2,8,5,0,4,1,1,166.8,1,6,25.93,0
5.58,16,2,1,0,0,0,0,134.2,0,2,15.49,0
23.16,20,2,0,0,0,0,0,104.1,1,1,18.99,0
18.19,20,3,1,0,0,0,0,84.9,2,0,5.32,0
4.66,9,0,2,0,0,0,0,36.8,3,3,38.77,0
17.78,9,3,1,0,0,0,0,58.6,0,1,10.76,0
48.83,12,2,0,1,0,0,0,30.5,2,2,39.05,0
182.42,17,1,0,0,1,0,0,24.9,1,0,35.54,0
11.17,12,4,1,0,0,0,0,168.4,0,2,13.65,0
47.59,21,1,0,0,0,0,0,47.9,0,1,12.67,0
26.03,15,2,0,0,1,0,0,32.2,2,2,49.74,0
474.37,2,7,9,2,1,1,1,553.7,4,5,66.55,1
30.36,20,3,1,0,1,1,0,86.9,0,1,12.96,0
18.06,17,1,1,0,0,0,0,73.1,2,2,93.51,0
1116.26,13,3,6,3,4,1,1,359.1,5,3,22.85,1
15.17,15,3,3,0,0,0,0,0.4,2,0,45.4,0
19.42,14,4,0,0,1,0,0,79.2,2,3,9.37,0
44.05,20,1,2,0,0,0,0,27.4,2,1,15.45,0
17.21,19,0,1,0,0,0,0,45.3,2,2,8.78,0
8.67,12,2,0,0,0,1,0,1.9,3,1,10.58,0
4.19,18,2,2,0,0,0,0,123.3,0,0,21.49,0
19.22,19,2,0,0,0,0,0,27.2,1,2,10.76,0
56.13,20,0,1,0,0,0,1,23.4,1,1,17.4,0
40.12,15,3,0,0,2,0,0,42.7,1,0,15.65,0
44.46,9,1,0,0,0,0,1,25.7,2,1,4.35,0
134.05,18,2,2,0,1,0,0,143.9,0,0,9.09,0
10.73,18,3,0,0,0,0,0,4.0,0,1,34.86,0
9.25,18,0,3,0,0,0,0,79.5,2,6,8.49,0
22.1,13,2,0,0,0,0,0,16.8,0,1,8.57,0
5.76,16,1,1,0,0,0,0,3.9,0,0,36.5,0
40.42,18,4,0,0,0,0,0,45.2,0,1,39.11,0
293.33,8,6,5,0,1,0,0,64.4,5,1,17.54,0
8.16,9,0,1,0,1,0,0,71.8,3,3,58.5,0
20.75,10,1,1,1,0,0,0,31.7,4,1,17.63,0
14.35,10,2,1,0,1,0,0,82.8,1,1,81.1,0
32.61,12,0,2,0,0,0,0,47.3,1,1,46.16,0
8.65,10,1,2,0,0,0,0,90.6,0,0,28.5,0
34.29,19,1,2,0,0,0,0,4.3,1,1,20.96,0
101.71,3,7,5,0,3,0,1,102.4,0,7,5.14,0
22.91,13,1,4,0,0,0,0,21.3,1,3,22.99,0
30.09,9,4,2,0,2,0,0,4.4,1,0,7.52,0
24.56,12,2,1,0,1,0,0,110.1,3,0,21.35,0
34.81,17,4,1,0,1,0,0,58.8,3,3,23.69,0
35.83,19,0,1,0,0,0,0,69.6,1,2,8.58,0
109.63,12,4,0,0,1,0,0,87.9,6,2,18.73,0
7.91,19,1,0,0,1,0,0,9.1,2,0,19.63,0
18.35,13,1,0,0,0,0,0,14.3,0,0,53.51,0
45.58,13,4,1,0,0,0,0,205.2,0,2,46.08,0
6.91,19,2,1,0,2,0,0,107.0,1,1,103.4,0
94.54,19,4,0,0,0,0,0,27.8,1,4,45.67,0
18.21,14,2,1,0,0,0,0,4.5,3,2,22.87,0
5.5,12,4,0,0,0,0,0,7.2,1,2,50.52,0
38.57,16,3,4,0,0,0,0,3.4,3,2,17.73,0
14.71,20,2,0,0,0,0,0,27.8,0,0,97.24,0
12.08,17,2,0,0,0,0,0,15.7,1,1,36.96,0
93.55,2,6,6,0,1,0,1,493.6,2,2,21.75,0
11.63,21,2,0,0,1,0,0,16.4,1,2,24.49,0
188.26,23,5,1,0,6,1,0,27.9,0,4,18.86,0
24.0,19,2,2,0,0,0,0,63.0,0,2,24.52,0
8.25,12,1,1,0,1,0,0,19.4,1,3,4.01,0
24.45,19,1,2,0,0,0,0,25.8,2,2,69.49,0
34.78,19,3,1,0,1,0,0,11.6,2,1,34.0,0
12.54,18,1,0,0,0,0,0,12.9,0,2,3.53,0
12.22,8,2,0,0,0,0,0,93.7,3,1,6.48,0
105.72,17,2,1,0,0,0,0,69.0,1,1,42.5,0
12.96,16,0,1,0,0,0,0,12.8,1,0,53.45,0
13.61,10,3,1,0,0,0,0,29.3,0,1,2.62,0
41.02,21,2,1,0,0,0,0,21.0,0,0,15.9,0
76.84,17,0,1,0,0,0,0,63.6,0,0,78.23,0
64.37,13,4,7,0,3,0,0,11.0,2,2,47.7,0
165.03,10,1,4,1,1,0,0,12.6,0,0,7.66,0
50.11,10,0,0,0,0,0,0,43.2,1,2,9.89,0
69.82,17,4,1,0,0,0,0,4.7,1,0,26.33,0
85.42,3,3,3,2,1,1,1,600.1,5,3,14.77,1
34.43,12,3,1,0,0,0,0,13.1,1,0,20.41,0
43.41,14,6,1,0,0,0,1,78.4,2,0,29.12,0
4.25,17,6,2,0,0,0,0,79.7,3,0,11.72,0
32.77,17,1,1,0,0,0,0,20.5,3,1,47.68,0
11.33,9,0,1,0,1,0,0,6.3,1,1,44.5,0
56.16,9,2,0,0,1,0,1,52.4,2,1,29.18,0
63.73,14,3,1,0,1,0,0,9.0,1,5,23.84,0
9.61,14,2,0,0,0,0,0,11.3,2,3,72.82,0
26.46,15,3,1,0,1,0,0,36.7,0,2,47.1,0
19.51,15,1,1,0,0,0,0,47.8,1,3,115.45,0
45.76,10,6,0,0,0,0,0,70.2,2,0,25.09,0
46.79,20,2,0,0,0,0,0,47.5,0,1,21.59,0
29.64,14,3,0,0,1,0,0,77.8,1,1,83.11,0
21.09,9,3,4,0,2,0,0,28.3,0,3,21.3,0
10.0,10,9,2,0,3,0,1,14.6,3,4,101.6,0
24.75,17,3,1,0,0,0,0,80.8,1,3,13.88,0
9.19,19,1,3,0,1,0,1,237.9,0,2,46.12,0
20.71,16,2,1,0,0,0,0,107.0,1,5,45.67,0
54.18,10,1,1,0,0,0,0,40.4,1,4,41.04,0
16.8,19,1,1,0,0,0,0,3.0,2,0,65.61,0
364.34,19,2,2,0,1,1,0,26.2,0,2,23.49,0
16.47,13,1,1,0,0,0,0,116.8,1,1,61.82,0
26.94,11,2,1,0,0,0,0,56.2,2,1,50.16,0
95.19,22,5,4,0,0,1,1,499.3,0,9,29.64,0
190.33,18,4,1,0,0,0,0,42.0,1,1,82.22,0
29.92,18,5,2,1,1,0,0,67.1,4,1,15.23,1
15.35,18,2,0,0,0,1,0,17.4,3,1,25.01,0
10.02,20,1,2,0,0,0,0,14.9,1,1,64.23,0
45.92,11,2,0,0,0,0,0,18.7,1,0,33.59,0
6.62,21,1,0,0,1,0,0,142.3,0,0,11.44,0
51.44,14,3,0,0,2,0,0,16.3,1,2,7.96,0
17.78,13,2,0,0,0,0,0,18.3,2,2,23.42,0
9.6,20,1,0,0,0,0,0,0.2,1,1,4.75,0
40.14,15,2,0,0,0,0,0,13.1,0,3,159.84,0
28.85,21,3,1,0,1,0,0,41.3,1,1,13.33,0
32.43,13,0,1,0,0,0,0,3.8,3,3,41.2,0
72.43,20,4,6,0,1,0,0,174.2,2,1,80.93,0
25.13,10,5,0,0,0,0,0,0.4,0,3,14.56,0
29.48,14,2,0,0,0,0,0,131.6,1,0,18.64,0
82.51,15,1,1,0,0,0,0,164.8,2,0,41.03,0
57.46,17,1,0,0,1,0,0,41.1,1,0,14.77,0
188.96,20,1,3,0,1,0,0,65.9,1,2,4.71,0
14.68,20,1,1,0,0,0,0,59.5,0,3,11.99,0
89.13,15,1,1,0,0,0,0,76.8,1,1,85.71,0
16.5,18,6,2,0,4,0,1,370.2,1,3,59.96,0
11.7,9,1,3,0,0,0,0,168.8,1,0,50.61,0
22.31,18,2,1,0,0,0,0,49.3,1,1,11.99,0
8.27,20,5,1,0,0,0,0,17.8,1,1,32.46,0
13.21,16,1,1,0,0,0,1,11.2,0,1,138.95,0
7.3,20,1,0,0,0,0,0,36.4,0,2,53.77,0
17.96,14,1,2,0,0,0,0,13.2,3,0,51.16,0
42.56,18,3,0,0,0,0,0,61.7,0,0,9.9,0
14.6,15,2,2,0,0,0,0,26.3,1,4,149.09,0
27.45,20,2,0,0,0,0,0,1.4,0,0,4.35,0
5.57,11,0,0,0,0,0,0,101.6,0,0,12.55,0
33.47,11,0,0,0,1,0,0,14.0,0,3,8.28,0
64.16,17,1,4,0,0,0,0,0.9,0,0,37.35,0
61.6,9,1,2,0,0,0,0,17.5,1,4,43.89,0
29.92,12,2,0,0,0,0,0,149.2,1,1,15.5,0
14.45,14,1,0,0,0,0,0,303.6,3,0,24.66,0
20.78,12,1,2,0,0,0,0,4.7,0,1,45.78,0
68.25,13,5,2,0,0,0,0,10.2,0,1,19.64,0
18.73,18,1,3,0,0,0,0,3.9,0,3,16.28,0
200.06,20,7,6,0,3,0,1,105.4,1,2,10.52,0
50.91,17,0,0,0,0,0,0,4.9,4,1,9.6,0
21.69,11,3,1,0,0,0,0,254.0,0,0,90.05,0
21.38,17,4,1,0,0,0,0,39.2,2,1,45.21,0
34.04,20,2,0,0,1,0,0,14.9,0,5,14.78,0
4.34,12,1,2,0,0,0,0,1.9,1,3,10.88,0
15.87,20,2,0,0,1,0,0,8.3,0,2,15.04,0
7.96,8,0,1,0,1,0,0,36.0,1,1,5.7,0
17.87,21,5,3,0,0,0,1,7.9,0,2,1.52,0
215.47,15,4,1,0,1,0,0,45.3,2,0,13.83,0
76.81,20,2,1,0,1,0,0,45.7,1,2,11.49,0
15.65,10,3,0,0,0,0,0,188.5,0,1,21.41,0
20.08,14,1,2,0,2,0,0,37.5,3,1,8.69,0
10.54,16,2,0,0,0,0,0,1.0,1,0,11.66,0
10.61,11,2,0,0,0,0,0,32.5,4,0,12.79,0
147.22,12,0,0,0,0,0,0,197.9,0,3,225.32,0
18.33,12,3,1,0,1,0,0,59.8,4,2,23.09,0
67.03,11,1,0,0,1,0,0,41.4,2,0,84.35,0
12.25,9,1,1,0,1,0,0,11.9,2,1,30.05,0
48.46,11,3,2,0,0,0,0,21.4,1,3,34.74,0
25.05,20,6,1,0,1,0,0,41.3,1,2,48.33,0
321.3,3,4,4,0,1,0,0,263.6,2,4,13.6,0
1778.87,17,5,4,0,3,1,0,10.0,3,3,69.1,0
13.99,18,4,0,0,1,0,0,6.5,1,0,17.44,0
41.4,17,2,0,0,0,0,0,32.3,3,1,28.69,0
13.17,13,4,0,0,0,0,1,127.3,1,1,27.17,0
46.96,11,4,1,0,1,0,0,15.0,2,4,26.28,0
11.02,1,7,5,0,4,1,1,181.5,1,4,49.04,0
18.74,17,0,0,0,0,0,0,19.6,0,1,50.86,0
33.64,12,4,0,0,1,0,0,27.8,0,1,35.38,0
8.59,17,2,1,0,1,0,0,12.1,3,1,51.34,0
9.74,10,2,1,0,2,0,0,209.1,2,1,8.89,0
11.5,12,0,1,0,0,0,0,23.8,1,1,25.03,0
32.38,10,2,2,0,0,0,0,61.3,0,0,33.81,0
31.63,17,2,4,0,0,0,0,8.5,0,1,6.85,0
83.57,12,2,1,0,0,0,0,7.6,1,3,32.22,0
32.92,17,1,0,0,1,0,0,74.8,0,1,12.99,0
42.19,15,2,1,0,0,0,0,89.0,0,3,19.37,0
30.66,18,7,4,0,2,0,1,237.8,1,3,24.29,0
8.29,10,3,0,0,1,0,0,208.8,1,1,26.16,0
73.27,13,2,0,0,1,0,0,162.3,0,1,32.39,0
8.51,17,3,2,0,0,0,0,77.2,0,3,17.13,0
39.31,11,3,1,0,0,0,0,129.0,2,2,35.5,0
18.29,8,1,3,0,0,0,0,24.9,0,2,107.81,0
10.56,21,1,2,0,1,0,0,83.1,0,1,33.57,0
33.08,11,2,1,0,0,0,0,77.9,2,0,60.09,0
5.3,17,5,0,0,2,0,0,38.7,1,1,34.31,0
59.77,8,3,0,0,0,0,0,213.0,2,1,69.78,0
63.46,9,2,2,0,0,0,0,0.0,0,1,7.34,0
30.05,12,4,2,0,0,0,0,68.8,1,2,44.08,0
29.7,17,2,1,0,0,0,0,4.8,2,1,7.9,0
25.09,18,3,0,0,1,0,0,48.2,1,1,48.71,0
23.24,9,2,2,1,2,0,0,93.4,1,2,4.72,0
13.76,17,2,1,0,0,0,0,193.9,1,2,11.26,0
20.39,13,0,0,0,0,0,0,77.1,2,1,16.85,0
3.91,11,1,0,0,0,0,1,49.2,2,1,9.95,0
83.25,20,2,0,0,2,0,0,57.5,1,3,26.96,0
68.63,13,0,1,0,0,0,0,49.6,0,2,53.4,0
6.92,11,0,2,0,0,0,0,37.7,1,4,74.28,0
35.32,14,1,0,0,0,0,0,129.9,0,2,26.94,0
37.65,21,3,5,0,5,0,0,376.2,2,3,15.2,0
56.65,4,9,3,0,1,1,0,19.6,4,1,6.37,0
26.49,11,1,2,0,0,0,0,75.2,1,5,11.64,0
15.65,21,2,2,0,0,0,0,73.7,1,3,13.58,0
23.0,19,3,1,1,0,0,0,67.6,1,1,2.47,0
50.36,7,6,2,0,0,1,0,200.9,2,3,54.24,0
7.24,13,2,2,0,0,0,1,9.3,0,0,54.5,0
166.66,19,3,0,0,1,0,0,31.3,2,0,61.98,0
10.02,14,2,2,0,1,0,0,16.6,1,4,11.36,0
5.81,11,2,0,0,0,0,0,44.0,0,5,9.92,0
34.55,14,2,1,0,1,0,0,18.3,0,1,27.78,0
17.29,12,0,2,0,0,1,0,89.9,1,0,71.5,0
57.07,19,2,2,0,0,0,0,57.2,2,2,19.75,0
3.59,17,0,0,0,1,0,0,11.6,2,2,57.07,0
32.07,16,2,1,0,5,1,0,387.9,6,2,4.35,0
20.21,20,1,0,0,1,0,0,12.5,2,2,31.28,0
8.15,12,1,0,0,1,0,0,39.3,1,0,21.85,0
13.47,13,5,0,0,2,0,0,6.2,0,0,4.37,0
4.05,8,2,1,0,0,0,0,78.7,1,1,4.08,0
27.77,12,4,2,0,0,0,1,73.9,0,2,6.53,0
128.27,16,0,2,0,0,0,0,107.9,1,0,9.51,0
26.49,13,0,2,0,0,0,0,43.1,1,0,56.36,0
30.45,13,0,2,0,1,0,0,47.5,2,4,90.42,0
13.34,18,1,0,0,0,0,0,1.0,4,2,30.88,0
44.99,13,1,1,1,1,0,0,223.1,1,1,26.07,1
35.41,9,1,0,0,0,0,0,14.1,1,4,224.69,0
10.44,17,1,1,0,0,0,0,21.0,1,1,35.8,0
42.19,16,2,2,0,1,0,0,36.6,1,4,140.94,0
107.25,8,0,0,0,0,0,0,90.1,1,2,22.75,0
21.62,11,6,1,0,0,0,0,59.3,1,3,24.64,0
30.03,15,0,1,0,0,0,0,3.5,1,1,48.02,0
51.84,17,2,0,0,0,0,0,102.1,0,0,160.26,0
35.16,11,4,1,0,0,0,0,1.0,3,2,19.11,0
298.63,2,10,3,0,4,0,1,366.4,0,10,26.64,1
19.67,20,3,2,0,1,0,0,24.7,2,1,73.1,0
78.87,9,2,3,0,0,0,1,6.7,4,1,128.98,0
9.6,9,1,0,0,0,0,0,17.5,0,3,10.44,0
24.98,14,4,1,0,0,0,0,57.1,0,3,16.92,0
82.11,14,0,0,0,1,0,0,118.0,0,0,5.39,0
522.68,8,4,4,1,1,0,0,95.1,1,4,40.73,0
9.33,19,1,1,0,0,0,0,44.1,1,2,31.76,0
16.66,10,0,0,1,0,0,0,93.3,1,0,69.11,0
27.55,12,0,2,0,0,0,0,34.4,1,2,7.42,0
52.18,10,0,2,0,0,0,0,82.9,0,3,6.14,0
6.41,14,3,1,0,0,0,0,62.6,1,2,63.72,0
13.7,17,0,0,0,0,1,0,4.9,2,2,45.86,0
8.07,9,1,1,0,1,0,0,1.1,0,1,9.22,0
19.58,19,1,1,0,0,0,0,102.5,0,1,23.55,0
135.9,8,4,3,0,2,0,0,146.8,2,4,55.21,0
90.53,17,0,1,0,0,0,0,70.9,1,2,16.47,0
12.75,14,0,1,0,0,1,0,0.1,0,0,17.54,0
99.68,18,2,2,0,1,0,0,116.7,1,1,73.79,0
9.25,18,3,3,0,0,0,0,69.0,2,4,32.61,0
21.26,17,3,1,0,2,0,1,68.7,1,1,10.77,0
16.34,13,3,1,0,0,0,0,8.7,3,2,3.23,0
44.09,12,1,0,0,0,0,0,129.3,1,4,32.29,0
23.15,13,4,3,0,0,0,0,0.1,0,0,9.63,1
34.84,20,1,0,0,0,0,0,52.1,3,3,35.26,0
34.15,22,4,5,0,1,0,0,106.4,0,5,136.18,0
55.82,15,1,1,0,0,0,0,314.5,1,3,20.65,0
12.49,10,1,2,0,0,0,0,110.9,0,1,29.35,0
97.09,1,10,8,1,6,1,1,193.3,7,4,6.48,1
15.81,10,3,1,0,0,0,0,24.0,3,2,15.94,0
142.7,22,7,5,0,2,0,1,66.5,2,5,190.27,1
106.09,19,0,1,0,0,0,0,56.0,1,2,39.17,0
27.8,8,3,0,0,1,0,1,2.7,1,2,25.43,0
81.31,12,2,0,0,0,0,0,94.7,1,2,4.68,0
8.39,10,5,1,0,0,0,0,28.9,3,0,26.3,0
6.87,19,2,3,0,0,0,0,10.2,2,0,24.57,0
33.55,16,5,1,0,0,0,0,44.7,2,5,135.65,0
37.23,1,14,6,0,2,1,1,222.4,3,5,41.61,1
28.29,13,0,1,0,0,0,0,10.6,1,1,37.68,0
44.05,15,1,1,0,1,0,0,30.3,2,0,11.42,0
31.0,18,2,2,0,1,0,0,17.7,2,1,53.2,0
20.35,9,3,1,0,1,1,0,42.0,0,1,14.58,0
25.95,10,4,2,0,0,0,0,48.2,3,3,21.35,0
160.87,17,3,2,0,1,0,0,33.6,1,4,32.88,0
24.43,19,1,2,0,0,0,0,7.5,2,1,22.24,0
29.7,20,1,1,0,1,0,0,15.8,1,2,41.58,0
19.46,17,0,2,0,1,0,0,81.5,0,1,47.05,0
37.38,13,2,1,0,2,0,0,75.0,0,1,12.82,0
32.35,20,4,3,0,3,0,0,141.0,3,5,8.19,0
19.76,11,1,0,0,0,0,0,73.5,3,1,123.02,0
22.95,13,3,1,0,0,0,0,85.8,0,1,22.45,0
37.39,18,2,0,0,0,0,0,19.2,1,1,20.18,0
5.61,11,5,1,0,1,0,0,11.1,1,4,22.71,0
26.16,14,2,0,0,1,0,0,32.2,2,3,8.14,0
24.72,15,3,0,0,0,0,0,12.2,2,0,36.01,0
36.84,18,5,1,0,0,0,0,52.0,1,1,42.27,0
13.01,19,3,1,0,0,1,0,42.9,1,2,61.56,0
26.25,23,10,2,1,2,1,1,77.7,2,2,58.28,0
77.67,12,3,1,0,0,0,0,6.6,2,4,18.97,0
10.28,13,1,1,0,0,0,0,23.6,0,4,32.39,0
8.79,20,2,1,0,1,0,1,5.0,1,1,15.79,0
33.14,9,2,1,0,0,0,0,19.4,2,0,77.04,0
7.85,9,0,1,0,0,0,0,2.0,1,3,17.2,0
104.15,13,2,1,0,0,0,0,12.8,0,2,110.76,0
42.69,10,5,3,1,3,0,1,66.3,3,4,45.13,0
58.74,21,2,4,1,1,0,0,167.0,0,1,7.03,0
61.5,16,1,0,1,0,0,0,20.7,2,0,57.38,0
43.35,10,2,2,0,0,0,0,20.8,1,1,27.82,0
29.46,11,1,1,0,0,0,0,14.5,1,2,36.01,0
5.99,20,3,3,0,1,0,1,11.3,0,2,3.11,0
57.01,5,4,1,0,1,1,1,436.1,2,3,6.74,0
9.39,13,4,1,1,1,0,0,21.3,3,0,17.27,0
44.79,15,2,2,0,0,0,0,49.9,1,0,3.06,0
29.14,9,1,0,0,0,0,0,6.9,1,3,28.82,0
56.17,16,1,2,0,0,0,0,13.3,0,1,82.98,0
29.47,18,2,1,0,0,0,0,14.0,3,3,10.85,0
191.33,4,4,7,2,2,1,1,358.2,2,6,15.68,1
30.81,17,2,1,0,0,0,0,16.1,1,1,55.3,0
59.86,17,2,1,0,0,0,0,61.1,0,0,7.72,0
4.0,12,5,0,0,1,0,0,233.7,2,1,35.73,0
3.87,8,1,0,0,1,0,0,12.5,2,6,56.21,0
92.1,19,4,1,0,0,0,0,92.5,1,3,66.38,0
20.93,17,4,1,0,0,0,0,76.0,1,2,95.42,0
196.16,14,0,1,0,0,0,0,36.9,0,0,18.03,0
8.55,15,2,1,0,0,0,0,140.4,2,3,69.14,0
61.52,17,1,2,0,0,0,0,20.2,2,0,47.18,0
22.56,8,1,3,0,0,0,0,41.3,0,2,15.69,0
13.5,16,3,2,0,0,0,0,0.6,1,0,12.25,0
32.07,18,1,1,0,1,0,0,10.1,0,4,32.96,0
30.19,20,0,0,0,3,0,0,40.8,1,5,7.55,0
22.17,13,1,0,0,1,0,0,75.1,0,1,250.83,0
2.63,14,4,2,0,0,0,0,48.9,0,0,52.62,0
104.65,9,1,1,0,0,0,0,4.5,1,0,2.88,0
17.31,16,2,0,0,0,0,0,56.5,5,0,163.25,0
22.91,20,2,0,0,0,0,0,20.1,2,1,11.6,0
8.94,10,3,0,0,0,0,0,62.4,0,2,9.58,0
37.9,19,1,1,0,1,0,0,10.6,4,1,66.69,0
80.52,18,1,1,0,0,0,0,155.2,1,1,25.14,0
31.34,18,3,1,0,1,0,0,7.6,1,1,11.78,0
30.44,20,5,1,0,0,0,0,30.0,1,1,9.72,0
415.63,22,4,1,0,3,1,1,556.9,0,5,18.98,1
23.45,19,1,2,1,0,0,0,18.4,1,3,20.08,0
11.71,13,1,1,0,0,0,0,21.9,3,2,130.45,0
16.17,12,2,1,0,0,0,0,116.7,2,2,26.77,0
18.3,13,1,0,0,0,0,0,1.4,1,2,14.92,0
64.24,16,2,2,0,1,0,0,71.3,0,2,45.3,0
45.92,9,3,1,0,0,0,0,16.6,3,1,25.09,0
14.46,9,2,1,0,0,0,0,66.6,0,1,27.5,0
14.39,20,2,0,0,1,0,0,0.8,3,1,14.38,0
93.8,10,3,1,1,1,0,0,3.3,2,2,32.16,0
21.77,15,0,0,0,0,0,0,16.9,0,1,14.96,0
29.37,13,1,0,0,1,0,0,138.3,1,0,15.23,0
10.2,10,2,0,0,1,0,0,207.2,0,0,22.05,0
4.6,14,5,0,0,1,0,0,68.5,0,1,7.57,0
12.08,11,0,0,0,0,0,0,5.8,1,1,23.34,0
21.66,12,3,3,0,0,0,0,69.4,0,1,40.4,0
12.09,21,2,2,0,0,0,0,114.0,0,1,6.38,0
7.44,15,1,2,0,2,0,0,125.0,0,3,61.97,0
32.06,10,1,0,0,1,0,0,10.0,1,0,37.4,0
36.68,12,3,0,0,0,1,0,60.0,0,1,21.3,0
25.96,18,2,0,0,0,0,0,92.3,0,1,62.95,0
72.04,21,1,0,0,0,0,0,6.7,1,0,7.69,0
44.25,19,5,0,0,1,0,0,129.3,2,0,33.54,0
24.28,11,2,0,0,0,0,0,72.9,1,4,17.11,0
219.4,22,10,5,1,3,0,1,446.0,5,6,40.95,1
40.67,8,4,0,0,0,0,0,55.1,2,0,10.32,0
49.79,19,0,3,1,0,0,0,93.8,2,1,35.2,0
22.84,16,0,1,0,0,0,0,2.4,2,1,23.07,0
56.99,9,3,3,0,1,0,0,23.1,2,0,91.04,0
6.73,18,0,1,0,1,0,0,19.6,1,1,18.5,0
128.64,23,4,8,0,3,1,1,187.6,3,3,11.11,1
222.44,12,0,0,0,2,0,0,3.0,2,2,22.89,0
23.49,9,2,0,0,1,0,0,28.7,2,1,43.7,0
13.25,9,1,2,0,0,0,0,102.9,2,1,24.59,0
224.87,10,3,4,0,2,1,0,104.4,2,1,23.51,0
22.42,10,0,0,0,2,0,0,29.7,2,1,75.16,0
4.41,20,5,3,0,0,0,0,2.1,0,1,12.01,0
10.14,9,1,0,0,1,0,0,265.8,0,1,23.91,0
12.45,9,2,1,0,0,0,0,2.3,2,1,39.05,0
43.63,14,1,1,0,0,0,0,9.1,1,2,20.68,0
51.63,16,1,0,0,0,0,0,57.9,0,0,11.08,0
27.88,21,2,0,0,0,0,0,67.0,2,1,10.03,0
31.35,9,0,1,0,0,0,0,17.1,1,2,54.63,0
238.19,16,4,2,0,4,0,1,325.0,2,2,66.08,0
12.25,14,2,0,0,0,0,0,12.7,2,1,7.18,0
53.77,17,3,1,0,2,0,0,149.0,0,3,19.4,1
12.37,12,1,1,0,0,0,0,39.2,2,1,9.47,0
9.61,20,4,1,0,0,0,0,82.2,3,3,33.54,0
68.68,14,1,0,0,1,0,0,21.0,0,0,20.01,0
24.4,9,0,1,0,0,0,0,17.8,1,0,9.63,0
12.96,14,1,2,1,0,0,0,21.2,1,1,17.31,0
9.31,21,0,1,0,2,0,0,16.6,2,1,42.33,0
9.23,16,2,0,0,0,0,0,2.7,1,2,50.47,0
5.95,15,2,2,1,0,0,0,113.1,3,0,48.78,0
15.84,8,1,2,0,0,0,0,9.5,0,0,6.9,0
14.96,17,3,2,0,0,0,0,27.4,1,0,18.13,0
21.58,17,4,1,0,0,0,0,48.2,1,2,86.17,0
18.8,20,1,1,0,1,0,0,53.0,0,2,42.36,0
109.21,12,0,2,0,0,0,0,18.4,1,2,206.21,0
9.46,14,2,3,0,0,0,0,45.4,1,0,22.57,0
24.8,17,2,1,0,0,0,0,1.8,0,1,6.27,0
21.81,15,2,0,0,0,0,0,21.8,0,0,46.51,0
58.29,12,2,1,0,0,0,0,72.1,0,1,8.62,0
12.73,16,3,0,0,1,0,0,66.7,2,2,35.16,0
3.78,17,2,0,0,1,0,0,15.6,1,3,2.72,0
7.35,14,1,2,0,0,0,0,109.4,0,0,24.04,0
32.03,11,1,1,0,0,0,0,43.5,2,2,38.98,0
14.57,21,2,2,0,0,0,0,9.7,1,1,13.34,0
41.44,10,2,1,1,1,0,0,9.2,2,1,44.15,0
72.44,14,2,1,1,0,0,0,90.9,1,0,19.12,0
25.34,12,1,0,0,0,0,0,20.2,0,6,9.54,0
26.23,19,3,0,0,0,0,0,3.7,1,0,26.04,0
17.28,9,1,0,0,0,0,0,212.8,0,1,29.42,0
11.91,16,2,2,0,0,0,0,119.7,1,2,56.0,0
2.14,8,2,0,0,0,0,0,0.8,1,1,11.94,0
13.2,11,2,1,0,0,0,0,22.2,1,1,25.57,0
77.45,12,3,2,0,0,0,0,12.5,3,0,12.77,0
36.66,11,2,0,0,0,0,1,5.5,0,0,27.46,0
18.16,11,1,1,0,0,0,0,7.4,1,1,10.8,0
26.05,17,0,0,1,0,0,0,19.3,0,0,9.88,0
27.26,12,0,1,0,1,0,0,20.3,0,3,32.16,0
5.31,11,0,2,0,0,0,0,105.5,3,3,3.63,0
20.12,21,4,2,0,0,0,0,8.6,0,1,24.12,0
2.77,21,1,2,0,0,1,0,20.6,0,1,30.81,0
15.92,17,4,1,0,0,0,0,1.3,0,2,41.39,0
21.55,20,1,0,0,0,0,0,68.6,0,1,40.39,0
45.05,15,5,2,0,0,0,0,51.2,1,1,15.61,0
14.55,17,2,2,0,1,0,1,31.6,0,1,60.84,0
33.91,13,3,2,0,0,0,0,287.9,2,0,27.03,0
44.58,21,4,7,1,1,0,0,183.0,5,3,37.03,0
6.39,19,2,1,0,1,0,1,20.2,1,1,20.16,0
40.1,18,1,1,2,0,0,0,16.7,0,0,5.12,0
7.53,13,1,1,0,0,0,0,31.9,0,0,355.61,0
34.67,15,1,2,0,0,0,0,48.8,1,0,4.46,0
674.52,7,5,6,5,3,1,0,1226.9,1,4,31.71,1
10.85,9,3,0,0,0,1,0,16.8,0,2,7.01,0
29.26,17,4,0,0,1,0,0,190.7,2,2,106.66,0
41.76,9,1,2,0,0,0,0,40.5,0,1,45.3,0
37.56,15,1,0,0,0,1,0,10.1,1,3,90.57,0
137.56,16,1,1,0,1,0,0,6.8,2,1,98.21,0
6.28,19,2,0,0,1,0,0,120.2,2,1,10.04,0
26.63,16,0,0,0,0,0,0,53.1,3,0,31.23,0
11.41,10,3,1,0,0,0,0,29.7,5,0,49.38,0
248.56,10,2,5,1,0,0,0,115.3,4,3,16.25,0
13.62,14,0,0,0,0,0,0,125.8,1,4,13.35,0
56.42,19,0,1,0,0,0,0,96.0,0,1,9.16,0
11.31,10,1,2,0,0,0,0,17.6,2,2,10.87,0
20.78,13,0,1,0,0,0,0,1.8,1,0,19.98,0
29.58,18,1,0,0,1,0,1,2.9,2,0,17.86,0
34.97,19,1,1,0,1,0,0,17.7,0,0,35.34,0
112.6,12,6,1,0,0,0,0,8.3,1,1,33.62,0
11.85,9,2,0,0,0,0,0,57.5,2,0,22.22,0
101.89,19,4,0,0,0,0,0,26.3,2,1,52.32,0
50.12,15,2,1,0,0,0,0,97.7,2,1,4.31,0
21.34,9,2,1,0,0,0,0,36.2,2,1,5.84,0
166.84,14,3,0,0,1,0,0,39.4,1,2,17.48,0
14.94,8,1,1,0,0,0,0,49.7,3,1,75.07,0
9.78,15,3,1,0,0,0,0,1.7,4,0,18.27,0
21.54,17,1,2,0,0,0,0,14.2,1,0,21.88,0
3.92,8,0,0,0,0,0,0,14.1,2,1,16.82,0
9.26,20,2,0,0,2,0,0,154.7,0,0,28.6,0
7.61,8,1,3,0,0,0,0,248.0,3,2,14.31,0
5.42,10,4,2,0,0,0,0,20.2,1,1,40.98,0
11.95,17,1,2,0,1,0,0,48.6,1,4,5.1,0
48.94,18,0,1,0,0,0,0,137.3,1,0,68.04,0
12.94,13,3,0,0,0,1,0,51.8,0,2,40.32,0
94.86,7,3,6,0,5,1,1,165.1,1,3,20.98,0
53.28,10,2,0,0,0,1,0,14.4,0,2,221.9,0
9.75,19,1,0,0,0,0,0,14.5,3,5,38.7,0
37.88,18,0,0,0,0,0,0,12.8,0,1,48.04,0
33.83,8,2,0,0,0,0,0,64.6,1,0,56.41,0
16.38,14,3,0,0,0,0,0,16.2,1,0,66.3,0
18.01,13,2,4,0,0,0,0,62.7,1,1,8.65,0
115.87,23,4,4,0,4,0,0,26.8,2,4,23.5,0
26.49,16,3,2,0,1,0,0,71.8,3,1,151.65,0
48.79,17,5,1,0,1,0,0,5.7,2,3,197.7,0
180.47,16,7,2,1,0,0,1,24.9,4,3,146.49,0
16.44,10,2,2,0,0,0,0,9.5,2,5,53.07,0
13.85,13,1,2,0,0,0,0,13.5,1,0,43.7,0
35.65,21,3,0,0,1,0,0,18.5,1,1,31.19,0
2.18,12,0,1,0,0,0,0,7.2,1,1,17.14,0
4.55,19,2,2,0,1,1,0,17.5,2,2,32.88,0
117.15,11,3,4,0,2,0,0,35.0,2,3,35.15,0
23.93,20,2,1,0,0,0,0,93.6,2,3,13.59,0
27.22,20,3,0,0,1,0,0,41.5,1,0,11.83,0
174.72,12,1,3,0,0,0,0,53.6,0,2,15.35,0
7.78,17,4,1,1,1,0,0,57.9,1,1,35.83,0
13.56,10,2,3,0,0,0,0,18.2,1,1,90.25,0
22.86,13,2,1,0,1,0,0,37.0,1,1,52.58,0
17.3,19,2,1,0,0,0,0,9.0,0,1,42.7,0
32.32,14,2,0,0,0,0,0,43.1,4,3,5.9,0
36.33,14,1,0,0,1,0,0,76.1,1,1,55.07,0
9.68,12,2,0,0,0,0,0,26.1,1,2,55.05,0
210.43,11,4,0,0,0,0,0,30.9,0,1,25.28,0
15.52,9,11,3,0,0,0,0,242.3,2,4,13.69,0
49.76,19,2,2,1,0,0,1,10.4,2,0,81.6,0
44.02,15,4,4,0,0,0,0,675.2,2,1,39.52,0
37.66,19,1,3,0,0,0,0,108.7,0,0,17.6,0
39.35,12,0,3,0,0,1,0,79.2,0,0,20.64,0
14.72,11,1,2,0,1,0,0,24.5,0,2,2.87,0
11.03,13,0,2,0,0,0,0,7.0,0,1,19.51,0
61.18,10,2,1,0,0,0,1,55.6,1,1,24.43,0
47.03,0,4,4,1,5,1,1,1084.1,3,4,21.33,1
6.8,10,2,2,0,0,0,0,98.4,2,1,99.95,0
7.34,17,3,1,0,0,0,0,53.9,2,4,5.11,0
13.05,19,1,2,0,0,0,0,6.1,0,2,34.34,0
32.04,12,2,1,0,0,0,0,6.3,3,1,114.01,0
33.34,9,4,0,0,0,0,0,19.1,0,5,75.96,0
38.39,21,3,1,1,0,0,0,43.8,0,2,15.18,0
336.67,13,8,5,2,5,1,1,178.3,1,9,97.79,1
38.65,10,2,0,0,0,0,0,187.1,1,4,123.36,0
15.16,16,1,3,0,1,0,0,225.8,2,2,94.52,0
21.25,17,3,1,0,1,0,0,126.6,3,4,51.78,0
17.47,12,2,1,0,0,0,1,67.7,2,3,11.79,0
66.9,9,1,0,1,1,0,0,31.7,1,0,8.5,0
36.19,11,2,0,0,1,0,0,49.8,0,2,9.25,0
13.24,14,1,2,0,1,0,0,6.8,2,0,19.52,0
24.72,18,0,1,0,0,0,0,62.6,1,0,10.28,0
41.78,12,2,2,0,0,0,0,28.6,1,1,21.4,0
31.88,19,2,1,0,1,0,0,65.1,0,1,20.18,0
13.29,18,2,1,0,0,1,0,27.4,2,1,4.38,0
32.46,18,0,1,0,0,0,0,72.2,0,2,26.81,0
24.78,21,4,0,0,0,0,0,10.0,0,2,6.65,0
10.76,10,3,0,0,1,0,0,9.6,2,1,95.48,0
17.94,15,4,1,0,0,0,0,34.7,1,0,94.82,0
8.69,21,1,4,0,0,0,0,15.7,1,2,11.01,0
13.97,14,2,1,0,0,0,0,139.2,1,2,12.11,0
269.74,17,1,0,0,0,0,0,0.3,2,1,22.33,0
31.03,15,2,1,0,1,0,0,7.7,2,3,1.88,0
26.26,18,1,1,1,1,1,0,0.7,2,0,6.69,0
5.52,12,4,1,1,1,0,0,22.9,1,2,9.59,0
27.08,14,4,2,0,1,0,0,17.1,1,1,19.98,0
83.22,15,3,0,0,0,0,0,18.2,1,0,16.84,0
45.05,17,2,2,0,2,0,0,42.2,2,2,10.64,0
71.08,17,2,0,0,1,0,0,62.4,0,0,9.21,0
36.88,11,2,2,0,0,0,0,166.9,1,3,13.08,0
287.81,14,13,3,0,3,0,1,105.4,4,5,130.11,0
16.85,20,4,0,0,1,0,0,24.1,0,0,16.09,0
4.12,8,0,0,1,0,0,0,26.5,1,0,52.54,0
151.27,14,7,2,0,2,1,0,21.8,4,3,11.08,0
15.98,13,5,3,1,0,1,0,271.1,2,5,8.48,0
41.42,17,4,1,1,1,0,0,48.2,2,2,21.28,0
4.5,20,0,2,0,0,0,0,67.9,0,1,16.9,0
25.9,9,3,2,0,0,0,0,72.0,0,3,41.05,0
7.12,13,1,2,0,0,0,0,17.2,3,1,8.93,0
32.12,14,3,0,0,0,0,0,1.6,0,1,23.29,0
12.94,8,1,1,0,0,0,0,156.6,1,1,6.26,0
149.76,8,4,4,0,0,0,0,14.1,0,4,7.68,0
19.36,12,5,4,0,0,1,1,332.5,6,1,27.46,0
49.8,18,2,2,0,0,1,0,26.1,2,1,13.72,0
30.81,15,5,1,1,2,0,0,92.0,2,3,21.16,0
428.29,17,1,1,0,1,0,0,31.6,2,1,11.9,0
140.18,9,4,4,0,0,0,0,41.4,2,1,3.49,0
42.37,20,2,1,0,1,0,0,29.1,0,3,43.7,0
30.86,18,1,0,0,1,0,0,154.1,1,3,21.04,0
21.53,9,4,0,0,0,0,1,4.4,2,2,56.16,0
117.3,9,3,3,0,0,0,0,17.2,2,2,13.61,1
26.73,19,2,0,0,0,0,0,54.5,0,3,47.59,0
25.19,16,3,1,0,0,0,0,94.9,2,4,119.81,0
18.28,18,4,0,0,0,1,0,42.9,0,0,23.39,0
19.49,15,0,1,0,0,0,0,39.5,2,1,69.34,0
20.62,12,3,0,0,0,0,0,20.7,4,1,30.86,0
139.1,13,4,4,0,2,0,0,85.6,3,4,99.97,0
9.31,16,1,2,0,0,0,0,72.7,0,0,5.36,0
8.69,11,2,2,0,0,0,0,0.8,2,0,30.91,0
26.97,20,1,2,0,0,0,0,45.4,2,4,19.42,0
14.24,15,3,0,0,1,0,0,68.4,2,1,8.12,0
14.08,17,2,0,0,0,0,0,46.3,2,0,23.86,0
78.09,10,1,1,0,0,0,0,33.1,2,1,24.86,0
25.7,17,2,1,0,0,0,0,18.6,2,1,32.18,0
17.3,10,3,0,0,0,0,0,26.0,1,1,10.59,0
31.08,17,2,3,0,1,0,0,45.1,0,4,8.03,0
48.76,13,7,1,0,0,0,0,75.9,3,3,51.17,0
84.73,12,2,1,0,0,0,0,8.1,3,1,10.46,0
24.08,8,2,0,0,1,1,1,32.9,2,1,9.6,0
15.42,14,1,2,0,0,0,0,16.5,1,3,31.45,0
55.81,14,3,1,0,2,0,0,131.2,3,1,100.05,0
14.67,19,2,2,0,0,0,0,10.2,2,0,49.27,0
17.63,22,4,2,0,1,0,1,120.6,4,3,6.91,0
24.07,15,3,1,0,0,0,0,50.9,1,1,40.64,0
16.52,9,2,0,0,0,0,0,36.8,0,1,25.24,0
10.54,16,3,1,0,0,0,0,6.5,1,2,2.23,0
12.86,21,1,2,0,2,0,0,36.2,2,2,175.55,0
58.04,14,4,2,0,1,0,0,85.8,1,1,2.59,0
15.98,19,3,2,0,0,0,0,30.7,4,0,13.74,0
31.17,10,1,1,0,0,0,1,10.8,2,1,31.86,0
14.5,19,0,3,0,1,0,0,10.9,1,2,20.67,0
25.87,11,2,1,1,0,0,1,66.1,1,2,38.53,0
10.85,14,1,0,0,2,0,0,23.5,2,0,50.45,0
19.74,9,2,1,0,0,0,0,26.2,1,1,8.26,0
59.71,13,2,2,0,0,0,0,8.1,2,1,6.71,0
12.48,14,1,0,0,0,0,0,98.1,2,2,7.68,0
38.02,20,5,3,0,1,0,0,94.7,0,1,81.54,0
19.2,1,3,3,2,5,0,1,542.1,8,8,45.08,1
2.71,18,4,1,0,0,0,0,14.1,2,1,171.37,0
10.93,21,3,0,0,0,0,0,12.5,1,1,57.28,0
21.22,15,10,3,3,4,0,1,50.0,6,3,31.27,1
229.52,6,4,4,3,4,1,0,50.0,2,5,11.52,1
8.31,15,1,0,0,0,0,0,50.7,2,2,6.54,0
74.26,19,1,1,0,0,0,0,88.4,0,1,166.32,0
46.59,15,2,2,0,1,0,0,20.9,1,2,51.34,0
18.74,14,4,0,0,0,0,0,48.4,3,2,44.45,0
29.57,11,3,0,0,0,0,0,15.0,2,2,26.71,0
16.62,10,3,0,0,1,0,0,9.6,0,1,48.83,0
9.2,19,1,0,0,0,0,0,69.0,0,1,7.41,0
17.49,11,0,1,0,0,0,0,22.7,0,1,17.12,0
105.19,12,2,2,0,0,0,0,102.3,1,1,43.95,0
83.5,12,1,2,0,1,0,0,3.6,2,2,35.2,0
3.62,17,4,0,0,0,1,0,18.0,0,0,34.85,0
116.89,17,1,3,0,1,0,0,39.8,0,2,4.51,0
18.78,13,0,0,0,0,0,0,67.4,1,1,12.44,0
21.24,17,0,3,0,0,0,0,32.3,0,3,34.16,0
21.77,9,3,0,1,0,0,0,75.1,1,1,103.22,0
59.0,12,3,3,1,0,0,0,11.2,0,1,38.6,0
33.55,21,2,0,0,0,0,0,31.8,3,2,59.93,0
26.93,19,1,1,0,0,0,0,98.0,2,0,32.52,0
17.46,18,5,1,0,0,0,0,25.7,0,2,21.62,0
42.8,14,3,0,0,0,0,0,48.7,1,2,3.32,0
59.67,10,3,0,0,0,0,0,27.7,0,1,25.55,0
18.48,13,3,0,0,1,0,0,54.7,1,2,8.94,0
365.92,15,7,6,1,5,1,1,317.5,3,6,4.4,1
54.46,12,7,5,1,4,1,1,430.1,6,2,15.72,1
65.55,17,10,7,0,1,1,0,153.4,3,5,13.58,0
86.39,13,5,2,0,0,0,0,64.5,0,3,25.61,0
29.68,11,2,0,0,0,0,0,6.5,1,1,94.13,0
9.43,13,0,1,0,0,0,0,17.8,3,1,17.0,0
182.88,18,6,8,0,4,0,1,283.1,3,9,27.06,1
24.54,16,4,0,1,0,0,0,50.5,1,1,7.43,0
6.51,19,3,1,0,0,0,0,7.2,0,0,4.41,0
39.85,16,1,0,0,0,0,0,43.7,2,1,14.74,0
25.42,9,0,0,0,0,0,0,76.8,0,0,9.04,0
27.6,13,2,2,0,0,0,0,81.0,0,0,64.67,0
26.32,11,1,0,0,1,0,0,87.4,1,3,70.52,0
58.8,17,2,1,0,1,0,0,48.0,0,5,9.26,0
35.05,18,2,2,0,0,0,0,2.3,2,0,65.61,0
32.38,10,3,1,0,0,0,0,21.1,0,0,15.29,0
21.61,9,3,1,0,0,0,0,64.6,0,1,36.36,0
25.31,14,2,1,0,0,0,0,14.4,1,1,20.98,0
29.52,13,1,3,0,1,0,0,51.0,2,2,13.41,0
50.98,17,0,0,0,0,0,0,16.9,2,0,94.98,0
236.72,11,11,2,1,5,0,1,112.2,4,4,30.37,1
12.13,10,6,0,0,0,0,0,27.5,2,0,40.87,0
25.05,14,0,3,0,1,0,1,71.9,2,1,51.97,0
126.11,12,1,2,0,0,0,0,25.7,2,1,34.9,0
11.19,17,2,1,0,0,0,0,5.1,2,0,17.35,0
43.39,12,2,1,0,0,1,0,53.6,2,4,155.87,0
28.9,16,5,1,0,0,0,0,72.0,1,3,51.45,0
33.26,13,1,1,0,0,0,0,32.5,2,0,14.01,0
49.84,13,1,0,0,0,0,0,6.5,0,3,66.25,0
34.68,9,0,1,0,0,0,0,33.5,0,3,26.72,0
83.99,8,2,1,0,0,0,0,151.7,1,2,10.59,0
73.1,9,0,1,0,0,0,0,17.9,2,3,8.44,0
28.42,12,1,1,0,1,0,0,22.6,5,4,69.3,0
15.85,12,0,1,0,1,0,0,46.6,1,2,40.15,0
64.73,10,1,2,0,0,0,0,148.3,0,3,10.69,0
199.49,17,12,9,4,1,1,1,50.0,9,3,5.51,1
10.3,20,2,1,0,1,0,1,92.1,1,2,14.55,0
44.8,19,1,2,1,1,0,0,4.0,2,3,19.26,0
55.08,20,1,2,1,0,0,0,20.9,0,1,118.7,0
163.19,18,6,0,1,2,1,0,556.2,3,1,13.13,0
20.87,13,2,1,0,0,0,0,26.7,2,2,89.56,0
25.42,15,4,1,0,0,0,0,53.8,0,1,22.89,0
18.33,8,0,4,0,0,0,0,97.4,0,1,11.72,0
7.68,10,4,2,0,0,0,0,43.5,0,3,7.73,0
19.39,15,2,1,0,0,1,0,58.7,3,1,12.12,0
21.19,11,4,0,0,0,0,0,54.5,0,2,1.95,0
14.8,21,2,0,0,0,1,0,17.6,3,2,45.61,0
27.27,19,2,1,0,1,0,0,88.0,0,1,26.06,0
10.81,9,3,1,0,0,0,0,15.6,1,1,57.48,0
2.59,13,0,1,0,0,0,0,2.3,1,0,100.26,0
28.52,17,2,2,0,1,0,0,49.7,2,2,19.8,0
5.34,16,2,1,0,1,0,0,2.8,1,0,43.0,0
213.0,4,8,5,1,4,1,1,286.7,5,7,12.75,1
45.55,20,2,3,0,1,0,0,0.4,0,2,29.45,0
15.26,20,1,0,0,0,0,0,54.6,1,1,15.91,0
6.56,10,2,1,0,0,0,0,103.1,1,1,21.54,0
16.83,12,3,1,0,0,0,0,26.5,0,0,20.04,0
60.32,13,2,0,0,1,0,0,4.3,2,2,25.57,0
13.21,15,0,2,0,0,0,0,16.5,0,1,91.12,0
57.05,15,2,0,0,0,0,1,184.5,2,0,78.67,0
5.94,18,4,1,0,1,0,0,7.3,3,1,14.43,0
82.44,11,1,1,0,1,0,0,114.2,1,0,24.4,0
110.41,21,1,0,0,1,0,0,40.6,1,3,21.89,0
14.3,10,2,1,0,0,0,0,39.4,1,2,77.73,0
4.83,12,2,1,0,1,0,0,39.5,1,2,60.39,0
11.56,15,1,1,0,0,1,0,11.5,0,6,27.67,0
2.34,18,2,0,0,0,0,0,76.1,1,0,11.58,0
36.15,1,4,9,5,1,1,1,70.9,2,1,18.85,1
20.85,20,4,2,0,0,0,0,172.6,1,3,12.68,0
83.92,19,2,2,0,1,0,1,71.5,1,1,13.84,0
11.47,15,2,0,0,0,0,0,34.3,1,1,13.5,0
53.21,19,2,0,0,0,0,0,216.8,3,4,14.02,0
80.21,14,1,1,0,0,0,1,39.0,1,2,17.96,0
50.56,12,1,2,0,0,0,0,70.0,0,2,37.19,0
42.19,3,7,3,0,0,0,0,607.8,1,3,37.14,0
19.21,12,1,2,0,0,0,0,45.2,0,1,28.26,0
21.51,19,1,0,0,0,0,0,45.6,1,0,30.02,0
22.22,13,1,2,0,0,0,0,79.5,0,2,30.67,0
74.95,10,9,5,1,0,0,1,276.6,5,4,66.91,0
22.48,15,3,2,0,0,0,0,50.2,1,3,61.39,0
40.15,10,1,0,0,0,0,0,19.7,0,1,24.66,0
47.94,20,1,1,0,0,0,1,112.1,1,1,52.05,0
131.13,12,1,0,1,1,0,0,5.1,0,2,132.4,0
153.78,21,0,3,0,0,0,0,19.0,2,1,24.13,0
17.56,11,3,1,0,1,0,0,31.9,2,1,16.19,0
19.65,13,2,3,0,0,0,0,40.2,0,3,21.35,0
12.95,13,4,1,0,0,0,0,10.8,3,0,28.08,0
28.55,19,0,0,0,0,0,0,53.9,1,0,5.57,0
19.11,16,0,1,0,0,0,0,7.2,3,1,113.98,0
153.56,16,1,0,0,0,0,0,8.2,2,6,4.95,0
16.03,20,1,1,0,0,0,0,351.1,0,1,24.14,0
13.19,15,3,1,0,0,0,0,29.8,0,1,7.19,0
45.11,21,2,0,0,0,0,1,4.1,1,0,49.75,0
18.36,11,1,2,0,0,0,0,151.3,0,3,27.28,0
172.93,2,3,4,0,2,1,0,326.4,1,1,1.74,0
17.96,20,3,1,0,0,0,0,66.8,0,2,18.29,0
19.67,21,1,1,0,0,0,0,44.1,2,1,25.04,0
12.47,19,3,0,0,0,0,0,69.0,0,0,12.61,0
71.72,11,1,1,0,1,0,0,5.3,0,1,34.35,0
95.25,17,1,1,0,0,0,0,11.4,1,3,5.25,0
28.69,13,1,1,0,0,1,0,2.0,1,3,14.56,0
25.39,19,3,1,1,0,0,0,2.6,1,0,19.7,0
10.59,12,1,5,0,3,1,0,82.9,3,1,15.66,0
19.8,17,1,1,0,0,0,0,18.0,0,5,38.08,0
3.24,15,2,0,0,0,0,0,0.6,0,3,45.88,0
8.82,11,2,2,0,0,0,0,23.0,3,3,15.07,0
10.33,10,3,2,0,1,0,0,30.4,0,3,72.38,0
108.85,17,1,0,0,3,0,0,39.0,0,4,37.04,0
33.29,9,6,0,0,1,0,0,15.9,1,1,1.0,0
14.42,20,1,2,0,0,0,0,83.2,1,1,58.75,0
46.57,11,2,2,0,0,0,0,158.0,1,0,33.0,0
31.2,11,2,1,0,0,0,0,12.7,1,2,37.54,0
16.5,13,3,1,0,1,0,0,8.4,0,1,19.23,0
61.48,12,2,0,0,0,0,0,16.2,2,1,16.0,0
430.76,2,9,7,1,2,1,1,56.1,2,5,26.85,1
45.47,17,6,1,0,0,0,0,116.2,1,1,77.86,0
47.28,15,1,1,0,0,0,0,100.9,2,4,14.54,0
124.99,15,2,4,0,1,0,0,39.4,1,1,13.61,0
7.25,20,0,2,0,0,0,0,1.5,0,4,61.8,0
6.09,16,2,0,0,0,0,0,188.7,1,2,43.72,0
45.19,16,3,0,0,1,0,0,30.2,0,0,23.33,0
20.65,14,3,1,0,1,0,0,6.4,3,2,11.09,0
11.71,20,2,0,0,0,0,0,26.9,0,0,50.02,0
10.66,3,11,4,2,1,1,0,806.2,1,5,8.75,1
38.25,11,1,1,0,0,0,0,27.2,2,2,69.17,0
69.87,9,3,2,0,1,0,0,40.0,2,2,19.15,0
20.51,19,4,3,0,0,0,0,6.7,2,1,12.85,0
4.0,9,3,1,0,0,0,0,115.5,1,2,35.58,0
11.79,19,1,0,0,0,1,0,0.0,2,1,19.46,0
16.39,8,2,1,0,0,0,0,77.0,0,3,71.72,0
17.21,16,3,0,0,0,0,0,32.0,1,2,10.73,0
37.27,13,0,0,0,0,0,0,48.3,2,2,10.72,0
17.78,14,1,0,0,0,0,0,24.8,4,1,11.49,0
19.51,9,3,1,0,0,0,0,29.8,0,0,44.01,0
19.65,20,1,1,0,0,0,0,4.5,2,0,25.28,0
7.85,13,4,0,0,2,0,0,70.0,1,1,53.23,0
45.49,10,2,0,0,0,0,0,67.1,2,1,22.49,0
26.91,8,4,1,0,0,0,0,152.8,2,2,50.81,0
19.74,17,3,0,0,1,0,0,53.3,5,0,31.7,0
364.11,1,9,7,1,1,0,0,117.6,3,4,11.54,1
24.82,11,2,1,0,0,0,0,13.6,1,0,13.98,0
3.78,13,2,0,0,1,0,1,37.9,1,1,11.86,0
27.9,13,4,2,0,0,0,1,27.0,1,0,19.28,0
21.94,13,2,0,0,0,0,1,107.2,4,3,4.26,0
92.98,8,4,3,0,4,1,0,15.8,3,2,8.65,0
17.61,13,0,2,0,0,0,0,62.0,2,1,14.28,0
18.35,20,1,1,0,1,0,1,79.9,0,1,13.95,0
13.32,21,0,0,1,0,0,0,165.7,3,0,40.37,0
90.17,2,3,4,2,6,1,1,50.0,2,4,9.59,1
10.27,16,1,0,0,1,0,0,114.6,1,2,8.71,0
21.14,13,2,1,0,0,1,0,322.9,0,1,37.28,0
42.48,10,3,1,0,2,0,0,7.8,1,3,60.03,0
27.94,13,1,1,0,0,0,0,19.2,3,2,5.04,0
48.17,13,1,0,0,0,0,0,24.6,1,1,50.45,0
30.77,17,3,1,0,0,0,0,62.4,1,3,48.52,0
9.78,12,1,0,0,0,0,0,3.3,2,2,28.81,0
11.61,17,2,1,0,0,0,1,87.0,0,1,4.21,0
113.09,10,0,1,0,1,0,0,54.9,0,0,13.14,0
7.78,9,0,0,0,1,0,0,6.4,0,2,24.65,0
38.24,10,3,2,1,1,0,0,28.7,2,3,35.57,1
151.09,8,9,6,0,0,1,0,127.6,1,5,17.69,0
36.99,17,3,0,0,1,0,0,5.7,2,2,29.77,0
32.56,8,3,1,0,0,0,0,9.7,1,0,8.5,0
64.09,10,0,2,0,0,1,0,19.2,0,2,11.36,0
121.69,16,2,0,0,0,0,0,77.5,0,1,141.21,0
58.43,17,0,1,0,0,0,0,179.6,2,1,22.89,0
26.82,8,4,0,0,0,0,0,26.7,2,0,18.25,0
189.91,17,1,1,0,0,0,0,110.3,2,3,12.46,0
8.33,10,0,0,0,0,0,0,46.6,2,1,41.62,0
41.86,17,1,2,0,0,0,0,58.4,0,1,26.53,0
3.06,9,1,3,1,1,0,1,19.3,1,2,85.18,0
19.45,14,3,0,0,0,1,0,19.7,0,3,11.96,0
4.1,8,2,0,0,0,0,0,8.7,0,2,65.28,0
36.3,16,4,1,1,0,0,0,6.5,1,2,146.31,0
20.0,15,3,5,0,0,0,0,55.1,2,1,35.51,0
17.62,20,3,1,0,0,0,0,45.9,1,1,17.64,0
29.09,11,1,1,1,0,0,0,33.0,0,0,15.47,0
53.41,12,2,2,0,0,0,0,1.4,1,2,27.01,0
31.03,15,1,0,0,0,0,0,2.2,0,2,31.84,0
46.28,10,2,0,0,0,0,0,44.6,1,3,32.5,0
10.82,18,1,0,0,1,0,0,77.9,0,3,60.54,0
6.08,12,8,0,0,0,0,0,2.0,0,3,11.59,0
83.78,19,1,1,0,0,0,0,89.0,0,1,18.79,0
7.25,20,0,1,0,0,0,0,114.2,0,1,39.34,0
23.34,19,2,1,0,0,0,0,5.5,1,1,25.23,0
35.44,0,4,2,1,0,0,1,10.0,0,1,39.84,0
18.9,17,2,2,0,1,0,0,56.8,0,1,32.83,0
34.05,8,1,0,0,0,0,0,315.9,1,2,38.96,0
24.59,9,1,1,0,0,0,0,46.9,1,5,46.8,0
52.75,16,1,1,0,1,0,0,22.7,3,2,2.81,0
18.05,12,2,0,0,0,0,0,0.1,1,2,12.11,0
59.01,10,4,0,0,0,0,0,20.7,1,1,46.59,0
7.95,10,1,2,0,0,0,0,3.6,0,2,11.02,0
7.95,9,2,1,0,1,0,0,23.6,0,3,14.41,0
14.95,12,5,3,1,0,0,0,38.2,2,2,20.04,0
24.86,10,1,0,0,0,0,0,119.3,1,2,9.87,0
33.61,18,3,0,0,1,0,0,7.6,3,1,39.38,0
13.58,13,1,2,0,0,0,0,9.9,1,1,16.56,0
46.46,12,3,4,0,1,0,0,91.8,2,2,18.69,0
10.24,14,2,0,0,0,0,0,70.0,1,0,37.24,0
7.93,13,4,2,0,0,0,0,113.6,1,0,16.13,0
15.53,17,1,3,0,1,0,0,129.1,1,1,29.73,0
14.46,8,3,1,0,1,0,0,43.4,1,2,11.42,0
11.07,12,1,0,0,0,0,0,227.6,1,2,48.06,0
23.32,21,3,0,0,0,0,0,64.7,2,0,324.24,0
134.3,14,0,0,0,1,0,0,24.5,2,0,30.12,0
113.03,16,4,4,0,1,0,1,29.8,1,3,17.99,0
75.44,19,2,0,0,1,0,0,27.4,3,1,16.13,0
299.0,15,6,3,1,1,0,1,349.8,2,2,42.45,0
26.59,11,1,0,0,1,0,0,71.3,2,2,54.65,0
109.75,12,3,1,0,0,0,0,9.2,2,1,7.48,0
62.87,16,3,1,0,0,0,0,20.4,2,2,6.05,0
868.76,11,5,4,1,3,1,0,80.6,2,2,8.3,0
62.37,12,0,1,0,0,0,0,37.8,0,4,22.57,0
10.76,9,1,2,0,0,0,0,23.3,1,0,55.62,0
89.32,13,7,6,1,5,1,1,270.5,4,3,35.77,1
50.75,13,1,1,0,0,0,0,3.9,2,2,27.92,0
11.11,11,4,1,1,1,0,0,80.1,1,3,22.13,0
67.19,16,3,3,0,0,0,0,23.4,0,0,63.96,0
210.7,19,1,2,1,1,1,0,60.2,0,1,25.03,0
13.87,16,4,0,0,0,0,0,10.4,0,1,19.09,0
28.74,9,5,1,0,0,0,0,67.4,3,1,39.59,0
10.8,17,3,1,0,0,0,0,19.1,1,2,12.51,0
23.87,21,3,1,0,0,0,0,32.0,0,2,11.96,0
38.27,12,4,2,0,0,1,0,77.2,1,1,6.19,0
17.41,21,0,0,0,0,0,0,43.0,3,1,8.48,0
17.42,11,2,3,0,0,0,0,64.4,2,1,17.15,0
1.8,18,1,1,1,2,0,0,162.3,2,4,3.52,0
30.13,14,2,2,0,0,1,0,45.5,2,0,284.29,0
10.68,12,4,2,0,0,0,0,32.2,0,2,97.04,0
29.85,10,2,0,0,0,0,0,152.9,0,1,8.91,0
94.71,4,9,3,1,2,0,0,196.6,4,4,5.36,0
142.23,13,3,1,0,0,0,0,99.8,1,2,10.1,0
78.48,5,1,5,0,1,1,0,505.4,6,2,15.95,0
34.69,15,2,0,0,0,0,0,100.7,2,2,80.26,0
7.51,12,2,3,0,0,0,0,101.7,2,2,19.72,0
8.68,17,3,0,0,0,0,0,7.9,0,3,20.72,0
55.44,10,0,1,0,0,0,0,11.8,0,0,86.79,0
7.74,12,3,0,0,0,0,0,20.9,0,1,27.02,0
24.07,9,3,1,0,0,0,0,39.1,2,0,32.8,0
27.36,16,1,0,0,0,0,0,24.6,3,1,7.8,0
15.23,14,1,0,0,0,0,0,9.7,2,1,37.01,0
130.1,14,1,0,0,0,0,0,92.5,3,1,93.37,0
21.67,19,3,0,0,0,0,0,52.7,0,1,2.42,0
4.62,17,1,3,0,0,0,0,46.3,0,1,71.27,0
69.58,9,3,4,0,0,0,0,18.5,1,2,9.94,0
39.58,10,1,2,0,0,0,0,67.3,1,4,50.85,0
12.48,9,0,0,0,0,0,0,12.8,1,2,24.91,0
45.45,15,1,2,0,0,0,0,33.5,0,2,50.99,0
17.94,13,5,4,0,1,0,1,8.6,1,2,5.04,0
34.8,18,2,0,0,0,0,0,15.3,2,1,17.17,0
55.14,13,4,2,0,0,0,0,147.3,0,1,26.53,0
121.32,18,6,3,0,3,1,0,113.8,2,2,57.59,0
246.57,3,8,4,3,3,1,0,50.0,2,2,14.23,1
13.68,17,1,2,0,0,0,0,23.2,1,1,8.45,0
18.79,9,1,2,0,1,0,0,23.2,0,2,29.2,0
42.37,9,2,0,0,0,0,0,10.9,1,3,12.22,0
9.77,16,1,1,0,0,0,0,87.1,0,2,7.98,0
4.36,14,0,2,0,0,0,0,119.8,1,1,164.91,0
17.22,12,2,1,0,0,0,0,22.5,3,0,24.06,0
72.59,15,2,0,0,0,0,0,85.7,2,2,34.13,0
73.94,16,2,1,0,0,0,0,65.3,1,1,58.29,0
29.49,17,0,0,0,0,1,0,26.7,1,1,11.33,0
27.43,16,1,0,0,0,0,0,36.7,1,0,5.19,0
135.82,12,3,1,0,1,0,0,8.3,0,1,25.59,0
15.08,10,4,0,0,1,0,0,17.2,0,1,77.63,0
18.14,14,1,0,0,0,0,0,58.1,2,3,11.35,0
59.21,18,2,0,0,0,0,0,20.8,1,1,19.79,0
15.79,10,2,1,0,0,0,0,0.3,2,0,30.28,0
59.87,12,4,0,0,0,0,0,124.2,1,2,9.14,0
29.89,19,0,3,0,0,0,0,14.5,3,3,9.94,0
40.3,15,1,2,0,0,0,1,14.1,2,2,14.53,0
119.37,18,5,6,0,1,1,0,35.8,4,2,79.3,0
37.16,11,1,2,1,0,0,0,85.8,1,1,72.92,0
2.33,9,0,1,0,0,1,0,19.4,0,1,10.2,0
23.9,11,1,1,0,0,0,0,15.3,0,0,16.15,0
5.94,18,1,2,0,0,0,0,73.4,2,3,9.79,0
29.35,14,2,0,0,1,0,0,19.5,1,0,7.82,0
68.03,18,1,0,0,0,0,0,141.1,1,2,7.41,0
33.0,12,3,1,0,0,0,0,25.8,1,1,75.16,0
97.7,10,3,2,0,2,0,0,73.3,1,1,70.28,0
49.33,19,2,2,0,0,0,0,1.3,1,0,32.24,0
10.15,12,1,0,0,1,0,0,43.4,0,0,8.15,0
44.16,13,4,1,0,0,0,0,66.6,2,3,15.26,0
69.12,17,1,0,0,0,0,1,36.4,4,0,74.19,0
31.0,8,2,1,0,1,0,0,85.6,1,4,10.26,0
14.89,10,0,2,0,0,0,1,10.4,5,2,62.7,0
143.71,14,2,2,0,0,0,0,37.8,3,4,9.9,0
92.71,5,10,6,2,5,1,1,236.7,2,4,16.63,1
49.24,13,1,1,0,2,0,0,0.9,1,3,17.56,0
25.81,20,1,1,0,0,0,0,77.9,3,1,52.08,0
76.13,8,2,1,0,1,1,0,55.2,1,0,13.1,0
11.77,11,1,4,0,1,0,0,155.7,1,2,37.44,0
69.26,19,0,0,0,0,0,0,207.2,0,1,40.24,0
4.11,13,1,5,0,0,0,0,46.2,3,1,24.72,0
13.13,12,3,1,0,1,0,0,53.6,2,3,30.05,0
21.47,18,9,0,0,0,0,0,43.0,1,2,8.32,0
61.23,14,2,1,0,1,0,0,125.4,3,3,29.42,0
8.99,19,1,1,0,0,0,0,1.3,1,1,99.76,0
181.26,10,8,3,0,2,0,0,713.1,3,0,10.85,0
43.97,13,0,1,0,0,0,0,8.2,1,2,25.96,0
61.59,19,1,0,1,0,0,0,2.2,1,4,17.38,0
3.64,13,5,2,0,0,0,0,123.9,2,0,88.25,0
10.19,16,4,0,0,0,0,0,23.4,2,3,72.1,0
38.07,18,2,2,0,1,0,0,10.0,1,0,19.97,0
57.6,21,1,1,0,1,0,0,29.4,2,1,22.35,0
10.03,16,1,0,0,0,0,0,54.8,0,2,8.65,0
47.4,0,8,2,0,0,1,0,150.0,6,5,71.71,0
21.67,17,1,2,0,0,0,0,48.5,1,2,47.95,0
42.57,16,1,1,1,0,0,0,94.5,0,2,3.69,0
36.64,14,0,0,0,0,0,0,31.2,1,2,40.71,0
182.32,18,2,3,0,1,0,0,128.3,1,2,144.43,0
18.0,9,3,2,0,1,0,0,29.3,0,2,4.25,0
13.86,14,4,3,0,0,0,0,10.1,0,0,18.11,0
19.23,18,2,3,0,0,0,0,86.5,4,5,32.75,0
23.49,11,1,1,0,0,0,1,120.6,3,2,19.59,0
4.09,17,2,0,0,0,0,1,246.0,2,3,25.87,0
33.35,14,4,0,0,0,0,0,37.9,1,0,12.12,0
48.21,14,0,8,0,2,0,0,349.6,3,3,47.37,0
19.92,16,3,2,0,1,0,0,140.9,2,2,2.59,0
20.11,18,0,0,0,0,0,0,20.3,1,1,125.64,0
46.5,5,6,5,0,1,1,0,15.6,3,6,34.31,0
48.36,13,2,0,0,1,0,0,214.9,3,2,65.33,0
20.18,17,2,0,0,0,0,0,11.1,0,2,25.4,0
26.8,19,5,1,0,1,1,0,164.7,3,0,23.16,0
6.72,16,3,0,0,0,0,0,35.6,1,0,16.39,0
5.22,20,4,1,0,0,0,0,1.8,0,1,51.74,0
8.05,16,0,1,0,0,0,0,66.7,1,0,59.45,0
36.22,8,4,1,0,0,0,0,22.5,2,3,28.35,0
16.01,20,1,0,0,0,0,0,1.6,0,3,23.35,0
15.2,13,3,2,0,0,0,0,27.4,0,3,41.72,0
11.86,13,3,3,0,0,0,0,50.0,0,3,20.69,0
109.12,17,0,1,0,0,0,0,5.4,2,4,24.51,0
566.04,22,3,7,0,2,0,1,103.3,2,4,20.42,0
1059.95,11,11,8,2,6,0,1,238.4,2,6,18.43,1
18.11,11,0,1,0,0,0,0,122.5,1,2,20.39,0
10.8,14,2,2,0,0,0,0,77.8,1,1,31.32,0
31.8,18,1,0,0,0,0,0,220.8,0,1,7.25,0
188.24,21,3,1,0,0,0,0,83.3,1,0,63.93,0
85.8,15,1,1,0,0,0,0,13.7,0,1,45.85,0
97.73,13,3,1,0,1,0,0,179.6,3,2,63.97,0
18.18,20,1,1,0,0,0,0,6.3,0,0,12.29,0
28.44,11,1,1,1,0,0,0,41.6,0,0,9.08,0
9.19,17,2,3,0,1,0,0,27.8,1,4,29.49,0
24.53,17,1,0,0,1,0,0,15.8,0,1,10.57,0
25.27,19,2,1,0,0,0,0,8.8,3,2,20.11,0
19.35,14,3,0,0,0,0,0,114.8,2,0,47.4,0
9.75,15,0,0,0,0,0,0,13.3,0,2,58.7,0
109.45,21,3,2,0,0,0,0,82.9,0,2,26.32,0
20.82,15,2,0,0,0,0,0,25.8,3,3,21.11,0
27.64,8,4,0,0,0,0,1,38.0,1,1,8.46,0
46.91,9,4,1,0,0,0,0,55.3,1,0,93.19,0
98.55,21,3,2,1,1,0,0,0.6,0,0,72.32,0
13.43,19,3,2,0,0,0,0,2.1,2,1,9.7,0
11.73,19,1,0,0,0,0,0,82.2,2,4,24.22,0
148.28,9,1,0,0,0,0,0,64.6,2,5,25.94,0
7.57,13,4,3,0,1,0,0,31.0,0,2,48.62,0
12.64,19,1,2,0,0,0,0,102.4,3,2,79.92,0
12.97,20,0,1,0,1,0,0,11.4,1,2,28.11,0
110.74,18,2,1,0,0,0,0,0.4,1,1,52.17,0
30.13,16,2,0,0,1,0,0,9.7,1,3,37.1,0
31.03,14,3,0,1,0,0,0,125.7,2,2,24.32,0
14.99,19,1,0,0,0,0,0,47.8,1,3,10.68,0
18.59,12,4,1,0,0,0,0,52.1,1,1,32.71,0
14.76,8,0,1,0,0,0,0,65.4,1,0,23.57,0
24.23,14,0,2,0,0,0,0,35.3,0,3,36.37,0
14.59,12,0,0,0,0,0,1,3.5,1,0,7.39,0
8.63,17,2,2,0,0,0,0,22.7,0,0,39.91,0
7.89,17,2,0,0,0,0,0,26.5,2,0,16.42,0
10.98,18,2,2,0,0,0,0,16.2,0,0,31.0,0
8.98,18,2,3,0,0,0,0,39.3,3,0,28.99,0
17.69,13,2,1,0,0,0,0,122.3,1,2,23.34,0
69.22,21,2,1,0,0,0,0,115.6,0,0,7.07,0
53.2,14,5,1,0,0,0,0,28.1,2,0,94.64,0
37.13,17,1,2,0,0,0,0,36.9,2,0,31.71,0
24.31,11,1,1,0,0,1,0,2.0,1,0,30.33,0
39.26,23,6,2,0,0,1,1,71.1,1,8,77.35,0
37.8,10,1,2,0,0,0,0,47.7,2,1,57.37,0
20.8,15,4,0,0,1,0,0,14.5,0,3,87.19,0
162.7,10,1,1,0,0,0,0,96.6,4,1,68.33,0
22.12,9,2,0,0,1,0,0,50.4,0,5,3.93,0
9.78,19,1,0,0,1,0,0,23.9,1,2,47.04,0
14.14,21,4,1,0,0,0,0,45.1,1,4,40.8,0
37.17,17,2,1,0,0,0,0,120.6,2,1,12.19,0
2308.83,0,3,8,1,3,0,0,124.3,4,6,41.28,1
52.3,20,1,0,0,0,0,0,95.4,0,3,12.16,0
117.92,15,3,6,0,4,1,0,16.7,3,0,31.09,0
30.99,11,1,1,0,0,0,0,9.5,2,0,60.66,0
22.89,12,2,1,0,0,0,0,82.1,1,0,37.55,0
22.74,21,2,0,0,0,0,0,11.5,0,0,36.15,0
213.17,6,3,5,0,0,1,0,77.4,4,2,6.97,0
28.69,13,3,1,0,0,0,0,0.3,3,0,3.12,0
54.03,21,0,1,0,0,0,0,7.5,2,1,46.45,0
1.81,8,1,1,0,0,0,0,5.2,3,0,10.3,0
33.1,14,1,0,0,1,0,0,88.3,1,3,28.29,0
26.96,16,1,0,0,2,0,0,20.9,0,3,23.37,0
136.12,11,1,0,0,1,0,0,66.6,2,1,12.77,0
8.25,18,0,0,0,0,0,0,5.2,1,2,9.33,0
39.31,9,3,0,0,0,0,0,76.5,0,1,34.24,0
47.21,13,3,3,0,0,0,0,15.3,1,2,31.05,0
33.15,8,1,1,1,0,0,0,100.5,2,3,25.62,0
6.79,11,2,1,0,0,0,0,87.2,0,3,34.45,0
233.19,12,4,1,0,0,0,0,12.6,2,1,27.04,0
32.61,13,1,1,0,1,0,0,1.6,0,1,8.55,0
45.08,17,2,0,0,0,0,0,53.0,1,1,112.28,0
33.24,16,0,0,0,0,0,0,17.0,1,0,40.94,0
39.68,19,2,0,0,0,0,0,209.8,1,4,63.1,0
65.86,17,5,3,0,1,1,0,348.5,2,5,9.45,0
10.03,21,5,1,0,0,0,0,35.3,1,2,9.42,0
34.14,19,2,2,0,0,0,0,38.2,3,3,7.11,0
191.98,20,3,0,0,1,1,0,56.8,2,2,7.27,0
9.07,15,1,2,0,0,0,1,18.2,1,2,30.49,0
72.69,12,1,4,0,0,0,0,93.7,0,2,38.91,0
12.27,19,0,1,0,0,0,0,5.8,2,3,39.42,0
5.01,12,2,3,0,0,0,0,25.8,2,2,48.12,0
22.84,12,1,1,0,1,0,0,19.1,2,3,44.14,0
27.02,18,2,1,0,0,0,0,84.1,1,1,18.29,0
14.33,19,2,3,0,0,0,0,6.0,0,5,57.43,0
16.45,14,4,2,0,0,0,0,17.9,2,3,37.45,0
49.11,18,4,0,0,1,0,0,56.3,1,1,60.13,0
7.67,8,3,1,0,0,0,0,7.2,3,1,37.63,0
9.36,15,4,2,0,0,1,1,49.5,0,1,67.79,0
8.02,9,3,2,0,0,0,0,206.3,3,1,49.14,0
58.23,18,2,0,0,0,0,0,100.6,1,2,25.8,0
5.41,14,3,2,0,0,0,0,139.0,2,1,15.91,0
105.52,16,3,0,0,0,0,0,50.0,1,1,14.5,0
16.03,8,2,1,0,1,0,0,65.7,2,1,4.35,0
9.8,15,2,1,0,0,0,0,8.5,2,2,61.45,0
38.2,9,1,2,0,0,1,0,22.6,1,3,138.24,0
14.36,16,0,0,0,0,0,0,139.9,2,0,4.93,0
55.65,17,5,1,0,0,0,0,64.1,4,1,21.3,0
15.55,20,1,1,0,1,0,0,76.5,1,0,35.7,0
8.2,9,3,0,1,0,0,0,44.5,3,0,5.24,0
50.16,17,6,1,0,1,0,0,34.6,1,0,9.29,0
42.78,16,1,0,0,0,0,0,11.2,1,3,31.41,0
11.23,9,2,1,0,2,0,0,18.6,1,1,75.37,0
12.08,15,5,0,1,0,0,0,90.9,1,0,19.48,0
23.11,16,1,0,0,1,0,0,111.0,2,0,14.69,0
122.04,8,2,1,0,0,0,0,51.5,2,0,21.75,0
15.36,12,2,3,0,0,0,0,196.2,2,2,117.96,0
9.01,9,3,0,0,0,0,0,20.4,0,1,76.03,0
11.91,16,3,1,0,0,0,0,14.7,1,2,22.3,0
62.07,20,2,0,0,0,0,0,27.3,0,1,35.66,0
5.57,12,2,2,0,0,0,0,80.0,2,0,28.21,0
27.81,18,0,1,0,0,0,0,20.9,0,2,59.44,0
16.9,14,2,0,0,0,0,0,73.7,0,4,9.92,0
19.28,21,1,0,0,1,0,0,5.9,1,0,27.07,0
14.57,9,2,4,0,0,0,0,33.5,1,2,8.34,0
9.54,10,1,3,0,1,0,0,62.7,0,0,7.41,0
28.59,20,2,1,0,0,0,0,29.2,2,1,77.79,0
21.5,19,3,2,0,0,0,0,19.2,1,3,24.45,0
12.51,16,3,1,0,0,0,0,117.7,2,3,98.17,0
12.54,17,2,1,0,0,0,0,43.3,0,2,45.92,0
46.07,18,1,1,0,1,0,0,29.5,1,3,2.43,0
12.86,19,3,0,0,0,0,0,19.1,5,0,94.18,0
94.55,18,2,0,0,2,0,0,15.7,1,1,33.86,0
12.33,19,3,2,0,0,0,0,6.9,2,3,14.25,0
27.12,19,4,1,0,0,0,0,6.3,1,1,41.09,0
3.57,14,1,1,0,1,0,0,65.8,1,1,148.35,0
15.88,20,0,1,0,0,0,0,157.7,1,0,26.52,0
143.88,17,3,1,0,0,0,0,56.3,4,0,17.22,0
41.14,19,5,0,0,0,0,0,7.2,0,1,6.53,0
77.82,13,0,2,0,3,0,0,17.1,3,2,12.31,0
17.11,20,2,2,0,1,0,0,15.5,2,4,25.05,0
96.65,17,4,1,0,0,0,0,90.4,1,3,2.31,0
12.49,12,2,0,0,1,0,0,47.0,0,4,10.72,0
39.88,17,3,1,0,0,0,0,32.2,0,0,8.91,0
2.97,18,2,0,0,0,0,0,161.6,3,0,13.37,0
33.22,21,1,2,0,0,0,1,36.2,2,3,53.82,0
18.29,18,0,5,0,1,0,0,0.2,2,4,22.5,0
46.71,13,0,1,0,0,0,0,21.9,3,0,72.04,0
114.97,20,3,1,0,0,0,0,80.2,1,1,16.78,0
26.05,13,2,2,0,0,0,0,39.9,1,3,34.86,0
13.86,9,5,0,0,0,0,0,13.1,2,1,49.62,0
16.7,12,0,1,0,0,1,0,65.4,1,1,7.47,0
10.83,12,3,0,0,0,0,0,79.9,2,1,12.23,0
27.27,9,5,1,0,2,0,0,10.3,0,2,19.74,0
38.47,9,3,1,0,0,0,0,35.6,0,5,133.18,0
16.64,10,3,3,1,3,1,0,18.9,4,5,90.55,0
22.31,20,2,1,0,0,0,0,143.6,0,1,84.23,0
20.07,9,3,1,0,0,0,0,35.9,2,1,118.91,0
38.15,16,1,1,0,0,0,0,219.9,3,3,60.45,0
30.41,16,6,0,0,0,0,0,51.8,0,1,6.63,0
5.55,14,3,1,0,2,0,0,40.8,2,1,95.79,0
9.89,14,3,0,0,0,0,0,33.8,2,1,75.01,0
7.6,18,4,0,0,0,1,0,40.8,2,6,35.17,0
5.62,13,0,0,0,0,0,0,113.4,0,1,20.1,0
21.68,13,0,2,0,1,0,0,7.4,0,2,38.43,0
12.63,11,1,2,0,0,0,0,23.4,0,3,24.26,0
65.5,19,3,0,0,1,1,0,3.0,1,4,47.16,0
4.58,15,1,0,1,0,0,0,12.4,1,0,79.14,0
28.25,21,5,2,0,1,0,0,64.1,1,3,11.95,0
15.3,1,8,4,0,3,0,1,182.4,3,1,63.11,0
18.89,10,4,1,0,1,0,0,34.2,1,1,221.45,0
6.97,12,3,1,0,0,0,0,38.7,0,2,14.41,0
20.09,14,2,0,0,1,0,0,25.4,0,2,22.21,0
52.59,20,0,2,0,0,0,0,73.5,1,2,66.99,0
10.74,8,3,3,1,2,0,0,6.6,0,0,11.04,0
23.31,9,4,0,0,0,0,0,35.8,1,1,11.46,0
137.8,19,0,0,0,0,0,0,16.3,0,0,28.26,0
86.75,11,1,0,0,0,0,0,13.5,0,1,308.25,0
17.21,0,3,2,1,1,1,1,339.9,1,0,31.96,0
27.07,14,1,0,0,0,0,0,28.7,1,0,4.63,0
19.43,11,2,0,1,0,0,0,225.9,2,1,34.09,0
9.17,13,0,0,0,0,0,0,19.5,1,4,43.21,0
12.72,9,4,0,0,1,0,0,29.0,0,2,32.23,0
69.79,17,1,0,0,1,0,0,11.0,2,5,40.64,0
78.56,12,8,1,0,2,1,0,289.0,9,1,56.71,0
15.64,20,2,2,0,1,0,0,50.8,1,0,87.86,0
23.47,14,0,2,0,0,0,0,12.4,0,0,20.1,0
61.42,8,1,0,0,2,0,0,63.4,2,1,16.68,0
55.45,19,3,1,0,0,0,0,15.2,2,1,8.65,0
29.43,14,1,0,1,0,0,0,117.0,0,1,5.11,0
10.18,17,4,3,0,0,0,0,8.9,3,0,71.36,0
12.16,13,2,0,0,1,0,0,2.4,1,3,52.22,0
46.09,17,1,2,0,0,0,0,57.4,0,1,31.15,0
3.67,18,1,0,1,0,0,0,19.1,2,1,26.26,0
30.39,21,2,0,0,0,0,0,42.7,3,3,3.19,0
14.46,19,4,0,0,1,0,0,6.8,1,4,15.31,0
307.25,18,2,5,0,0,0,0,219.4,1,1,42.24,0
24.49,11,2,1,0,0,0,0,30.5,1,4,35.41,0
23.54,15,2,2,0,0,0,0,79.3,1,2,50.09,0
43.85,17,6,9,4,3,1,1,564.5,3,6,22.34,1
27.93,18,2,0,0,0,0,0,7.9,1,1,33.77,0
88.02,7,5,6,0,2,0,1,534.8,3,2,43.65,0
43.26,17,2,0,0,0,0,1,145.2,0,0,51.61,0
17.55,18,0,0,0,0,0,0,18.7,1,0,268.93,0
12.94,17,1,3,0,0,0,0,59.5,1,2,10.01,0
16.29,9,4,1,0,0,1,0,62.0,1,0,12.56,0
21.42,11,2,1,0,0,0,0,35.7,1,3,8.74,0
43.71,14,4,2,2,0,0,0,23.7,5,1,25.96,1
256.79,6,8,7,1,3,0,1,205.0,3,7,71.08,1
29.8,16,1,2,0,0,0,0,9.0,1,0,49.04,0
184.67,15,3,3,0,1,0,0,74.0,0,0,8.67,0
6.06,18,5,1,0,0,0,0,10.3,0,4,39.16,0
29.82,15,1,2,0,0,0,0,131.6,1,2,6.78,0
61.6,15,2,1,0,0,0,0,91.8,2,3,45.64,0
39.43,14,2,0,0,1,0,0,24.9,1,1,28.19,0
20.4,15,1,0,0,0,0,0,31.2,2,2,10.06,0
10.54,18,0,1,0,0,0,1,46.0,1,0,9.84,0
19.93,9,3,2,0,0,0,0,5.3,3,2,15.58,0
40.86,18,5,3,0,0,0,0,10.9,2,2,39.48,0
26.29,18,3,1,0,0,0,0,37.8,1,1,71.06,0
27.27,9,3,0,0,0,0,0,18.1,0,3,254.9,0
23.6,14,4,0,0,0,0,0,83.5,3,2,5.26,0
32.55,11,2,1,0,1,0,0,35.5,3,0,10.76,0
18.17,9,1,0,0,1,0,0,3.4,1,2,4.15,0
7.52,18,4,0,0,0,0,0,96.3,1,0,27.48,0
55.37,16,1,0,0,0,0,0,54.8,2,0,9.9,0
5.29,14,6,2,1,0,0,0,136.1,0,0,9.25,0
19.4,17,1,1,0,0,0,0,30.7,1,2,24.23,0
73.47,11,5,1,0,1,1,1,5.3,1,1,47.7,0
28.66,13,4,0,0,0,0,0,16.9,1,1,60.26,0
242.13,14,9,6,0,5,1,0,59.1,2,4,59.54,0
23.65,10,0,1,0,0,0,0,52.0,2,2,30.22,0
12.09,15,3,1,0,0,0,0,8.7,1,1,11.32,0
46.38,16,4,0,0,0,0,0,27.6,3,2,19.67,0
6.41,10,2,0,0,0,0,0,48.2,0,3,143.17,0
7.82,11,2,2,0,0,1,0,20.1,2,2,15.88,0
84.01,14,1,0,0,1,0,0,16.1,3,2,44.62,0
171.53,14,6,0,0,0,0,0,27.6,0,5,57.6,0
27.85,18,4,3,0,0,0,0,15.0,4,1,47.72,0
43.37,16,2,0,0,1,0,0,40.8,0,4,133.5,0
14.44,20,2,0,0,0,0,0,13.7,2,3,10.24,0
48.4,15,1,0,0,1,0,0,37.8,2,4,37.14,0
14.88,13,0,0,0,0,0,0,98.1,1,0,101.02,0
19.27,18,3,0,0,0,0,0,14.4,2,3,42.83,0
19.36,20,1,0,0,0,0,0,53.2,3,3,37.18,0
76.39,14,2,0,0,0,0,0,1.5,1,4,14.34,0
77.42,20,0,2,0,1,0,0,172.3,0,2,121.72,0
53.67,18,2,0,0,0,0,0,130.7,2,1,10.94,0
81.57,16,4,0,0,0,0,0,1.6,0,3,63.71,0
32.78,15,3,0,0,3,1,0,17.1,2,3,47.61,0
108.7,18,8,4,2,4,1,0,285.5,6,11,72.22,1
16.1,11,0,1,0,0,0,0,4.3,2,0,19.57,0
47.76,9,7,8,0,4,0,1,23.1,2,5,2.16,0
75.27,7,8,4,1,2,0,0,41.7,3,2,33.27,0
7.37,18,0,0,0,0,0,0,60.7,0,0,20.37,0
61.95,17,3,1,0,0,0,0,110.0,3,0,70.59,0
26.68,15,1,1,0,0,0,1,60.9,2,1,43.29,0
29.78,9,3,1,0,0,0,0,6.4,2,0,7.77,0
36.62,19,1,2,0,0,0,0,109.8,0,0,29.9,0
139.71,21,7,1,4,2,1,0,794.4,5,7,80.19,1
26.27,15,1,2,0,0,0,0,25.6,1,2,26.59,0
45.8,10,5,1,0,0,0,0,164.0,2,1,50.23,0
101.7,2,5,6,0,7,1,1,285.1,1,4,2.31,0
125.43,17,5,1,0,0,0,0,44.7,0,3,76.12,0
13.18,13,1,0,0,0,0,0,33.5,1,1,31.26,0
79.49,15,4,0,0,0,0,0,31.4,1,0,89.78,0
33.46,18,2,2,1,2,0,0,31.8,0,1,21.09,0
14.14,12,1,0,0,1,0,0,104.2,1,2,119.46,0
249.93,9,6,3,0,1,1,1,74.8,1,2,26.12,0
3.08,12,1,1,0,0,1,0,41.2,2,1,10.27,0
36.79,16,0,0,0,0,0,0,54.8,1,1,38.76,0
24.69,12,2,2,0,0,0,0,61.0,1,2,23.24,0
45.31,17,3,2,0,0,0,0,1.8,2,1,60.04,0
52.77,21,0,2,0,1,0,0,133.6,3,1,59.16,0
127.42,19,2,1,0,0,0,0,49.8,1,1,16.31,0
54.67,14,1,0,0,0,0,0,59.7,3,0,4.68,0
122.64,12,1,1,0,1,0,0,2.9,1,1,16.93,0
4.64,9,2,1,0,0,0,0,31.8,0,3,5.79,0
15.48,14,4,0,0,1,0,1,144.9,1,2,11.75,0
5.24,13,3,1,0,0,1,0,15.9,0,3,30.8,0
303.65,4,5,3,0,4,0,1,211.4,4,2,14.01,0
10.86,15,4,3,0,1,1,0,18.5,0,0,119.27,0
103.49,3,7,6,1,1,1,1,664.9,3,8,124.59,1
4.81,10,2,1,0,0,0,0,13.0,3,1,20.38,0
97.02,20,3,0,0,0,0,0,18.7,0,3,45.82,0
37.26,9,0,0,0,0,0,0,25.2,0,2,66.67,0
8.97,11,1,0,0,0,0,0,16.2,0,2,16.4,0
14.61,8,1,0,0,1,0,0,4.5,2,2,11.1,0
20.06,10,0,1,0,0,0,0,94.2,1,0,16.95,0
27.63,12,1,3,0,0,0,0,26.7,0,0,22.4,0
64.16,12,8,1,0,2,0,1,194.0,0,6,29.88,0
116.28,20,1,1,0,0,0,0,208.5,2,2,21.23,0
28.72,10,1,0,0,0,0,0,134.8,2,1,15.11,0
17.1,16,4,2,0,0,0,0,73.2,4,2,18.92,0
12.64,13,0,0,0,0,0,0,7.4,1,4,86.81,0
7.24,14,4,2,0,0,0,0,38.6,4,0,89.7,0
13.16,18,4,2,0,1,0,0,55.0,1,0,6.08,0
16.7,10,1,1,0,0,0,0,30.3,2,2,26.85,0
13.34,10,4,0,0,1,0,0,35.8,0,1,17.5,0
20.08,10,2,1,0,0,0,0,1.0,0,3,79.51,0
7.58,19,3,0,0,0,0,0,15.6,1,0,38.6,0
92.09,6,5,6,0,2,1,0,788.8,1,4,14.64,0
23.36,11,2,2,1,0,0,0,109.8,0,4,18.13,0
36.06,13,2,3,0,0,0,0,14.6,0,2,12.07,0
138.44,13,2,4,0,0,0,0,99.2,1,1,15.49,0
11.21,12,1,2,0,2,0,0,129.4,1,1,18.34,0
11.85,17,1,0,0,0,0,0,149.0,0,1,38.02,0
22.99,13,1,0,0,0,0,0,39.0,1,0,64.8,0
5.63,10,0,0,0,0,0,0,15.7,2,1,89.59,0
13.62,13,1,1,0,0,0,0,91.9,4,3,24.68,0
84.54,11,2,1,0,0,0,0,77.2,1,3,36.98,0
20.06,3,6,0,0,1,0,0,128.5,6,5,57.88,0
72.31,21,2,1,0,0,0,0,9.9,1,3,5.89,0
11.29,13,3,1,0,1,0,0,36.7,2,0,36.13,0
196.34,19,1,0,0,0,0,0,31.8,1,0,124.97,0
42.69,9,2,1,0,0,0,0,17.4,1,3,8.95,0
71.86,21,0,2,0,0,0,0,39.4,2,2,19.11,0
53.6,18,1,0,0,0,0,0,42.0,1,1,18.69,0
110.13,14,2,3,0,2,0,0,109.4,0,3,43.56,1
33.6,19,2,0,1,0,0,0,3.5,1,2,17.04,0
50.15,10,2,1,0,0,0,0,21.7,0,0,11.61,0
86.62,7,7,3,0,0,0,1,600.1,2,7,120.75,0
67.14,15,3,0,0,0,0,0,15.7,1,6,2.45,0
29.21,21,2,0,0,0,0,1,18.6,0,1,27.65,0
34.4,19,0,0,0,1,0,0,138.3,1,0,29.19,0
21.47,12,0,2,0,0,0,0,56.5,1,1,29.57,0
1917.77,3,9,11,1,6,1,1,617.8,3,3,9.71,1
6.58,21,2,3,0,0,0,0,10.2,2,2,93.43,0
86.54,15,2,3,0,0,0,0,19.0,3,0,34.1,0
29.38,20,1,0,0,0,0,0,49.4,3,1,51.92,0
28.42,18,3,2,0,0,0,0,147.0,2,3,28.4,0
760.65,2,3,5,0,4,0,0,213.7,5,3,47.85,0
122.38,11,2,1,0,0,0,0,98.3,0,1,9.41,0
53.89,18,0,1,0,0,0,0,64.6,2,6,43.45,0
36.34,22,5,1,0,4,1,1,31.6,2,4,9.46,0
17.03,15,0,2,0,0,0,0,4.0,0,0,20.87,0
14.38,17,1,3,0,0,0,0,16.6,0,1,24.1,0
99.17,8,2,1,0,0,0,0,62.3,1,1,32.89,0
9.73,18,3,2,0,0,0,0,13.3,0,3,10.64,0
44.07,15,0,1,0,0,0,0,78.6,2,2,16.7,0
35.79,9,1,0,0,0,1,0,12.0,2,2,9.72,0
18.3,12,2,3,0,1,0,0,68.1,1,3,209.7,0
51.68,16,5,2,0,2,1,0,10.0,4,2,18.93,0
35.09,19,5,1,0,1,0,0,31.8,1,2,109.07,0
19.79,12,2,2,0,1,0,0,54.6,2,1,80.16,0
20.84,20,3,1,0,2,0,0,25.2,1,3,13.45,0
22.88,16,1,4,0,1,0,0,0.1,1,1,47.89,0
3.21,12,0,0,0,0,0,0,70.4,2,2,10.41,0
59.03,3,6,8,1,3,0,1,390.5,6,5,15.34,1
44.11,21,0,0,0,0,0,0,3.2,2,0,7.06,0
112.17,17,2,1,0,1,1,0,0.4,1,1,2.84,0
21.45,12,5,0,0,1,0,0,2.2,1,1,30.12,0
11.66,21,0,0,1,0,0,0,13.8,3,1,5.45,0
7.98,11,3,0,0,0,0,0,65.1,1,2,29.4,0
7.66,17,1,0,1,2,0,0,187.9,2,0,50.65,0
32.79,15,0,1,0,0,0,0,78.9,6,2,10.77,0
77.67,11,4,1,0,0,0,1,68.8,2,4,19.66,0
31.59,18,2,2,0,0,0,0,6.6,1,4,16.24,0
7.34,13,0,2,0,0,0,0,63.8,3,3,149.91,0
131.92,20,3,2,0,0,0,0,13.8,1,2,21.17,0
124.7,19,4,1,0,0,0,0,29.3,1,0,39.8,0
43.31,15,1,0,0,0,0,0,120.6,0,2,23.54,0
7.7,15,1,0,1,0,0,0,215.8,2,0,44.4,0
11.46,18,2,2,0,0,0,0,23.7,3,0,38.19,0
22.5,19,0,1,0,0,0,0,17.7,2,1,6.01,0
45.12,14,0,1,1,1,0,0,55.4,1,0,9.6,0
51.14,12,1,1,0,1,0,0,15.9,1,0,11.94,0
5.16,10,2,0,0,1,0,0,15.6,0,0,32.13,0
202.58,16,1,2,0,2,0,0,59.1,2,4,49.21,0
21.37,12,1,1,0,1,0,0,32.0,3,2,13.35,0
130.23,17,0,2,1,0,0,0,6.2,2,1,96.46,0
12.89,14,3,0,0,0,0,0,31.1,1,4,10.39,0
78.25,11,1,1,0,1,0,0,62.6,2,0,7.32,0
25.5,14,1,3,0,0,0,0,25.5,1,4,41.15,0
42.16,16,1,1,0,0,0,0,15.1,2,1,20.66,0
8.29,14,1,0,0,0,0,0,17.0,1,1,51.76,0
92.97,14,0,0,0,0,0,0,18.2,1,0,20.24,0
11.74,15,1,2,0,0,0,1,63.3,0,0,40.41,0
30.59,16,1,0,0,0,1,0,22.2,2,2,12.35,0
25.53,12,3,0,0,0,0,0,1.2,0,3,29.86,0
5.89,13,2,1,0,0,0,0,10.0,0,2,85.14,0
143.7,4,8,7,3,5,1,1,2115.3,2,8,57.51,1
13.98,19,1,0,0,1,1,0,63.6,1,2,4.3,0
49.7,17,6,1,0,1,0,0,19.4,1,2,9.81,0
11.41,11,2,2,0,1,0,0,65.9,3,4,8.6,0
43.63,16,3,0,1,1,0,0,141.8,0,5,12.65,0
80.34,21,3,3,0,0,0,0,56.3,1,1,30.26,0
115.08,16,2,1,0,0,0,0,9.4,2,1,168.63,0
35.78,18,3,2,0,0,0,0,79.1,0,1,11.34,0
5.47,14,4,3,0,0,0,0,21.0,1,2,25.03,0
45.56,13,3,1,0,0,0,0,24.3,2,1,31.86,0
22.87,12,2,1,0,0,1,0,12.8,3,2,18.68,0
17.89,12,0,1,0,0,0,0,4.8,1,1,31.12,0
39.43,16,1,0,0,0,0,0,78.2,3,0,34.8,0
104.45,19,1,2,0,0,0,0,13.2,0,0,111.6,0
33.24,19,5,0,0,0,0,0,42.5,1,0,53.62,0
20.67,14,2,2,0,0,0,0,8.3,0,1,13.23,0
23.76,19,2,1,0,0,0,0,48.5,2,1,18.26,0
40.94,13,8,2,0,1,1,1,85.4,2,5,74.44,0
6.11,12,2,0,0,0,0,0,67.3,0,0,30.82,0
12.94,19,1,0,0,0,0,0,23.9,0,3,24.46,0
16.14,12,4,1,0,1,0,0,20.2,1,3,25.64,0
17.74,10,1,0,0,0,0,0,46.4,1,3,5.92,0
37.9,9,2,0,0,0,0,0,17.6,0,2,13.16,0
5.6,9,2,3,0,0,0,0,5.3,4,2,52.17,0
23.19,21,1,2,0,0,0,1,89.0,1,0,74.53,0
14.94,17,2,0,0,1,0,0,43.0,0,1,26.5,0
9.37,19,1,2,0,0,0,0,86.0,2,0,46.14,0
35.25,16,3,2,0,0,0,0,12.9,0,4,62.03,0
29.66,13,3,0,0,1,0,0,31.7,0,2,29.52,0
87.16,16,1,2,0,0,0,0,4.6,1,1,68.14,0
41.09,15,6,3,0,3,0,0,10.0,2,0,27.0,0
3.64,10,2,2,0,1,0,0,61.5,1,1,24.15,0
21.23,14,1,1,0,0,0,0,2.0,1,1,13.47,0
92.38,14,5,5,0,0,0,0,166.3,2,4,14.71,0
24.12,14,2,1,0,0,0,0,33.0,2,2,22.34,0
50.0,16,2,1,0,0,0,0,3.6,1,3,30.43,0
32.52,18,0,3,0,0,0,0,95.4,2,0,35.92,0
17.35,19,2,2,0,2,0,0,89.7,1,3,10.57,0
6.25,15,2,0,0,1,0,0,17.5,0,5,55.17,0
10.0,6,8,6,1,3,0,1,339.3,6,2,15.82,0
3.55,12,3,0,1,0,0,0,30.2,0,1,9.26,0
52.65,15,3,0,0,0,0,0,24.3,2,2,13.71,0
3.1,9,4,0,0,0,0,0,10.7,1,1,3.71,0
22.16,14,2,2,0,0,0,0,7.5,0,1,75.48,0
69.17,12,6,2,0,0,0,0,56.2,1,3,70.98,0
100.01,23,7,4,1,4,1,0,17.0,0,3,19.42,0
8.04,19,1,2,0,0,0,0,178.7,4,2,30.65,0
16.71,20,3,1,0,0,0,0,27.2,2,1,16.81,0
22.88,15,3,1,1,0,0,0,16.0,2,4,28.73,0
23.55,17,2,1,0,0,0,0,5.1,0,3,12.58,0
9.32,13,0,3,0,0,0,0,145.8,1,2,8.42,0
58.91,16,1,1,0,0,0,0,13.9,2,2,57.24,0
39.77,15,3,0,0,1,0,0,21.5,2,2,3.16,0
28.65,16,5,1,0,0,0,1,42.6,2,2,15.94,0
3.45,16,2,0,0,0,0,0,72.6,2,1,15.02,0
27.04,15,3,1,0,1,0,0,69.9,2,3,13.6,0
24.8,13,1,2,0,0,0,0,107.3,3,0,17.25,0
21.96,13,1,0,0,1,0,0,29.9,0,3,4.53,0
30.59,10,0,2,0,0,0,0,26.7,0,2,24.06,0
81.9,11,1,1,0,0,0,0,101.6,2,2,33.86,0
13.54,12,1,2,0,1,0,0,33.7,3,4,4.85,0
81.87,19,5,4,0,3,1,0,143.9,3,5,12.0,0
94.56,19,4,0,0,0,0,0,13.1,0,2,27.08,0
16.61,13,3,0,0,0,0,0,19.9,0,0,18.47,0
42.54,13,5,2,0,1,0,1,15.1,4,3,58.62,0
18.77,17,2,1,0,0,0,0,137.3,1,3,42.35,0
17.7,18,4,0,0,0,1,0,55.5,2,1,45.85,0
455.41,19,6,3,0,4,1,0,187.5,2,6,53.78,0
240.95,21,3,6,0,1,1,0,71.9,1,4,79.5,0
9.29,9,5,0,0,0,0,0,7.3,0,1,13.82,0
1.81,16,1,1,0,0,0,0,46.9,2,4,29.75,0
51.99,19,1,1,0,1,0,0,16.3,1,0,134.92,0
36.43,15,1,1,0,0,0,0,65.0,2,0,15.91,0
26.79,16,4,1,0,0,0,0,29.8,2,1,61.34,0
45.61,18,3,1,0,1,0,0,50.9,3,4,191.59,0
112.33,18,3,1,0,0,0,0,0.4,2,3,173.78,0
7.58,18,1,2,0,0,0,1,40.0,2,2,2.25,0
44.36,11,3,2,0,0,0,0,36.9,3,0,57.93,0
12.42,8,4,0,0,0,0,0,75.8,1,1,31.23,0
42.43,13,1,0,0,0,0,0,12.3,2,2,32.06,0
41.64,18,1,0,0,0,0,0,71.8,2,1,86.12,0
13.92,16,2,2,0,1,0,0,42.7,0,2,27.46,0
8.61,9,3,0,0,0,0,0,109.7,1,0,12.82,0
10.78,18,2,0,0,0,0,0,0.5,2,2,36.28,0
7.03,18,2,0,0,1,0,0,3.1,3,0,15.04,0
19.85,13,0,1,0,0,0,0,57.8,0,1,15.64,0
12.21,11,3,2,0,1,0,0,46.6,1,1,20.58,0
13.08,13,2,1,0,0,0,0,28.8,1,2,20.27,0
70.8,14,2,2,1,0,0,0,19.6,0,3,32.95,0
10.71,17,2,1,0,0,0,0,54.7,1,1,27.51,0
81.86,20,3,0,0,2,0,0,22.6,3,3,44.74,0
4.67,9,1,0,0,1,0,0,4.0,1,2,9.92,0
58.16,19,2,0,0,0,0,0,0.9,3,1,60.71,0
12.48,21,1,0,0,0,0,0,7.2,1,1,16.39,0
16.26,9,2,1,0,0,0,1,1.1,0,0,60.28,0
57.13,17,0,1,0,0,0,0,29.2,4,2,50.55,0
41.74,14,3,2,0,0,0,0,22.2,1,0,8.33,0
10.41,16,3,0,1,0,0,0,31.2,2,0,16.19,0
46.53,13,2,1,0,1,0,0,91.4,2,0,52.07,0
94.82,14,1,1,0,1,0,0,21.6,6,2,44.78,0
25.05,14,1,0,0,0,0,0,104.3,1,0,6.54,0
7.93,9,2,1,0,0,0,0,19.8,2,0,24.4,0
10.88,18,1,1,0,3,0,0,31.5,1,1,9.39,0
27.75,2,9,4,0,2,0,0,908.1,3,3,6.13,0
181.81,11,1,1,0,1,0,0,52.7,0,2,6.61,0
8.82,17,6,1,0,0,0,0,7.7,2,5,158.21,0
156.25,11,2,1,0,0,1,0,70.0,1,2,23.85,0
88.54,11,3,2,0,0,0,0,7.8,2,1,29.78,0
112.08,2,2,5,1,2,0,1,326.1,4,5,25.8,0
15.88,12,2,2,0,1,0,0,174.6,1,2,29.76,0
15.15,18,2,2,0,0,0,0,22.1,0,1,26.57,0
23.95,20,2,3,0,1,0,0,155.7,2,1,19.47,0
8.28,12,2,1,0,1,0,0,76.5,1,3,11.87,0
13.64,15,5,1,0,0,0,0,100.3,1,1,32.38,0
15.46,12,1,0,0,0,1,0,23.8,1,2,21.07,0
30.65,21,2,2,0,0,0,0,23.6,1,1,47.15,0
39.76,12,5,1,0,0,0,0,11.0,2,1,14.63,0
10.04,15,3,2,0,0,0,0,73.6,3,1,34.77,0
35.97,12,2,2,0,1,0,0,137.3,1,1,58.51,0
15.19,20,5,0,0,1,0,0,1.5,1,3,56.53,0
10.0,15,4,3,0,2,0,0,107.5,6,4,11.09,0
63.41,10,1,0,0,2,0,0,29.3,2,2,59.57,0
28.13,14,2,0,0,0,0,1,24.7,2,0,48.98,0
77.24,18,2,2,0,0,0,0,24.4,1,2,25.62,0
30.36,17,1,3,0,0,0,0,333.9,1,0,46.93,0
8.79,20,4,1,0,0,0,0,105.8,2,1,26.97,0
29.16,16,1,0,0,1,0,0,17.6,1,0,19.8,0
99.27,17,0,0,0,0,0,0,49.5,1,1,19.84,0
58.28,10,1,1,0,1,0,0,14.6,0,1,8.0,0
16.04,19,3,3,0,0,0,0,70.3,1,1,3.88,0
19.93,8,2,2,0,0,0,0,7.6,1,2,24.05,0
26.08,20,2,2,0,0,0,0,57.7,3,1,78.43,0
24.03,17,4,0,0,1,0,0,117.0,1,2,25.71,0
35.25,16,3,0,0,0,0,0,17.6,0,0,6.0,0
69.95,11,1,0,1,0,0,0,31.4,1,0,44.92,0
18.26,18,2,3,0,0,0,0,50.7,1,2,26.7,0
18.73,15,4,0,0,0,0,0,159.8,3,1,17.76,0
14.7,17,0,2,1,0,0,0,32.2,0,0,32.48,0
47.04,19,2,0,0,0,0,0,86.7,2,2,15.78,0
226.83,8,3,7,0,4,1,0,502.9,2,1,68.03,0
76.8,13,2,0,0,0,0,0,4.3,2,1,24.23,0
116.08,19,1,0,0,1,0,0,1.3,1,1,6.07,0
26.77,11,6,9,1,2,0,0,368.1,1,3,108.91,0
88.62,3,4,6,1,1,1,0,550.0,3,1,42.37,0
21.37,10,3,0,0,1,0,0,27.7,1,3,37.5,0
84.02,18,2,0,0,1,0,0,27.8,0,0,29.8,0
196.96,15,6,5,0,2,0,1,255.5,2,3,12.72,0
58.79,8,6,2,0,0,0,0,221.3,2,2,9.14,0
77.98,16,0,2,0,2,0,0,25.4,2,1,2.94,0
55.64,11,6,3,0,0,0,0,5.1,5,0,47.97,0
44.65,15,5,0,0,1,0,0,9.5,0,2,50.28,0
9.57,17,2,0,0,0,1,1,11.7,1,1,15.02,0
44.09,10,2,0,0,0,0,0,187.5,0,2,48.94,0
144.49,5,5,8,0,2,0,1,107.3,3,3,52.53,0
40.14,10,3,1,0,0,0,0,58.3,2,2,81.16,0
10.41,8,2,0,0,0,0,0,36.8,3,1,54.9,0
10.0,7,0,3,0,1,1,0,235.8,5,4,31.53,0
21.66,13,2,0,0,0,0,0,182.1,2,1,11.07,0
47.29,10,3,1,0,0,0,0,27.1,1,1,16.68,0
28.38,16,5,1,0,0,1,0,11.0,3,3,57.09,0
30.38,16,2,1,0,1,0,0,50.6,1,1,6.52,0
78.81,10,2,2,0,0,0,0,13.9,0,1,6.65,0
21.26,21,3,2,0,1,0,0,71.5,1,1,77.04,0
32.29,20,0,1,0,2,0,0,0.9,2,4,25.58,0
16.43,14,2,1,0,0,0,0,33.1,1,1,41.8,0
22.88,19,1,3,0,0,0,0,36.9,4,1,49.98,0
2.9,9,1,1,0,0,0,0,149.0,0,1,14.99,0
25.57,16,4,1,0,1,0,0,16.7,1,1,80.49,0
59.57,20,2,1,0,1,0,0,122.7,0,1,103.25,0
24.91,10,2,1,0,0,0,0,8.8,1,2,25.06,0
30.23,11,2,0,0,0,0,0,50.2,2,3,74.76,0
18.6,9,3,2,0,1,0,0,10.9,2,4,67.37,0
15.15,19,3,2,0,0,0,0,26.7,2,0,19.37,0
8.36,10,4,1,0,0,0,0,65.3,0,1,51.14,0
10.22,12,1,1,0,0,0,0,20.0,0,2,8.35,0
169.82,15,3,1,0,0,0,0,16.3,0,2,30.2,0
177.4,12,2,2,0,1,0,0,69.8,1,1,38.84,0
2.95,19,1,1,1,0,0,0,57.0,1,0,23.43,0
51.09,11,2,0,0,0,0,0,13.9,0,0,21.49,0
3.63,11,1,1,0,0,1,0,39.2,1,2,20.77,0
292.66,1,7,3,0,0,0,0,224.0,6,5,212.25,0
15.48,15,1,0,0,1,0,0,98.6,1,0,81.27,0
10.61,19,3,0,0,0,0,0,0.2,1,0,54.7,0
42.71,15,1,1,0,0,0,0,55.8,0,3,46.51,0
65.43,10,2,0,0,0,0,0,13.5,1,3,12.0,0
56.09,12,3,0,0,2,0,0,115.1,1,1,24.21,0
16.49,12,1,0,0,0,0,0,31.8,0,0,96.38,0
17.6,10,2,6,0,1,0,1,52.3,2,2,18.52,0
29.63,15,2,3,0,0,0,0,7.0,1,3,94.6,0
7.99,16,2,1,0,0,0,0,28.0,0,1,38.63,0
18.25,18,2,1,0,0,0,0,95.2,2,1,10.97,0
61.44,15,3,0,0,0,1,0,17.1,2,2,22.82,0
157.02,18,0,2,0,1,0,0,89.0,3,1,20.71,0
7.4,11,1,0,0,0,0,0,79.3,0,3,18.83,0
15.32,17,3,1,0,1,0,0,44.0,1,0,71.89,0
13.65,15,1,0,0,1,0,0,28.3,0,3,16.07,0
22.04,15,3,0,0,0,0,0,13.4,0,2,5.77,0
10.95,18,1,1,0,0,0,0,53.8,2,1,43.78,0
79.15,20,2,0,0,0,0,0,41.8,0,0,57.27,0
39.94,21,2,1,0,1,0,0,4.3,1,2,36.91,0
51.16,16,4,1,0,0,0,0,44.7,0,1,19.47,0
20.11,18,2,2,0,0,0,0,64.1,1,2,114.69,0
38.58,10,1,2,0,2,0,0,24.7,0,0,5.1,0
16.49,10,1,0,0,0,0,0,28.7,2,2,20.98,0
74.91,14,2,2,0,0,0,0,90.6,0,5,33.66,0
24.39,19,3,2,0,1,0,0,45.7,2,2,11.09,0
43.33,19,1,0,0,0,0,0,69.9,0,0,16.84,0
19.41,20,1,0,0,1,0,0,66.6,1,4,6.73,0
102.0,16,2,1,0,0,0,0,85.2,5,2,26.93,0
44.66,13,1,1,0,0,0,0,9.3,3,1,11.57,0
28.78,14,2,1,0,0,0,0,8.6,0,2,42.93,0
40.24,8,1,1,0,1,0,0,29.9,0,1,8.25,0
138.01,0,9,11,2,5,1,1,138.5,2,3,32.29,1
29.75,16,0,0,0,1,0,0,69.4,1,0,68.19,0
16.7,17,1,1,0,1,0,0,8.5,2,1,28.76,0
4.26,20,2,0,0,0,0,0,22.2,4,1,92.4,0
38.26,19,1,3,0,0,0,0,5.2,1,1,12.85,0
30.27,5,5,6,1,1,0,0,75.5,1,2,23.16,0
16.92,13,5,0,0,0,0,0,14.6,1,2,3.93,0
4.11,20,2,1,0,0,0,0,13.4,0,1,13.38,0
8.18,19,2,1,0,0,0,0,45.4,4,2,60.76,0
63.71,20,0,0,0,0,0,0,18.9,2,1,22.15,0
21.81,11,2,1,0,1,0,0,39.5,0,3,21.48,0
23.75,9,0,2,0,0,0,0,77.7,0,2,7.84,0
14.14,8,2,0,0,0,0,0,67.5,2,3,44.68,0
51.65,19,0,1,0,0,0,0,56.3,1,2,63.85,0
12.54,4,10,4,0,3,0,1,633.9,6,2,21.53,1
44.7,13,2,1,0,0,0,0,40.9,2,1,51.01,0
128.93,9,6,2,0,1,0,0,17.2,1,1,44.46,0
50.44,22,8,5,0,6,1,1,669.3,2,0,6.85,1
35.54,10,1,1,0,0,0,1,2.2,2,0,14.9,0
76.9,14,1,0,0,0,0,0,11.4,0,1,60.03,0
84.74,17,2,1,0,0,0,0,160.4,1,1,15.77,0
18.94,16,0,2,0,0,0,0,1.0,1,1,17.72,0
18.1,10,3,0,0,0,0,0,123.3,2,3,11.56,0
3.59,21,2,0,0,0,0,0,40.6,1,2,28.33,0
6.81,12,3,3,0,0,0,0,39.6,3,1,50.32,0
161.57,14,2,0,1,0,0,0,4.4,3,1,12.23,0
26.12,9,5,2,0,1,0,0,108.1,1,2,38.79,0
26.38,15,3,2,1,0,0,0,28.8,0,1,17.48,0
13.38,13,3,2,0,0,0,0,21.3,2,4,5.04,0
8.87,13,3,0,0,0,0,0,41.8,0,0,76.36,0
250.88,23,2,6,0,2,1,0,303.4,3,2,37.21,0
577.24,7,8,5,4,1,1,0,244.6,3,4,9.75,1
38.68,17,3,1,0,0,0,0,5.2,2,2,105.24,0
16.36,14,1,0,0,0,0,0,31.5,0,0,10.44,0
7.56,10,2,1,0,0,0,0,7.7,1,1,16.42,0
73.93,20,4,1,0,0,0,0,66.8,1,1,28.23,0
19.68,17,6,0,0,0,0,0,56.3,0,4,15.41,0
23.48,11,1,0,0,0,0,0,16.0,2,1,23.15,0
38.86,16,2,3,0,0,0,0,9.1,2,0,13.71,0
85.61,9,2,1,0,0,0,0,6.4,2,1,86.89,0
14.88,10,1,0,0,1,0,0,47.5,1,2,22.64,0
15.29,12,2,1,0,0,1,0,22.6,0,2,19.12,0
28.69,9,0,1,0,0,0,1,44.3,1,0,19.41,0
14.85,13,2,0,0,0,0,0,26.3,0,2,10.09,0
28.75,21,1,1,0,0,0,0,133.6,1,4,128.62,0
16.35,8,0,2,0,1,0,0,5.8,1,2,3.9,0
90.58,9,2,0,0,0,0,0,40.0,1,2,6.02,0
56.05,18,1,0,0,0,1,1,8.4,1,2,15.13,0
14.43,21,0,0,0,0,0,0,203.8,1,3,13.28,0
137.45,18,2,4,0,0,0,0,8.7,0,2,37.43,0
23.89,19,0,2,0,0,0,0,12.0,0,3,36.16,0
13.71,15,2,1,1,0,0,0,45.1,1,1,28.87,0
5.01,16,2,1,0,0,0,0,20.7,2,0,22.9,0
57.42,16,3,2,0,0,0,0,20.4,2,2,21.46,0
19.43,18,4,1,0,1,0,0,136.3,1,0,14.62,0
15.77,10,2,2,0,0,0,0,4.6,2,2,37.89,0
57.6,13,2,4,0,1,0,0,95.7,0,1,33.86,0
20.54,10,2,0,0,0,0,0,23.2,1,2,39.26,0
35.71,21,4,2,0,0,1,0,94.4,1,1,4.14,0
243.63,23,9,4,0,2,1,0,115.1,1,4,42.16,0
38.47,20,4,3,0,0,0,0,14.2,0,2,5.9,0
23.61,18,2,0,0,0,0,0,28.5,2,1,9.5,0
72.13,19,2,0,0,0,0,0,6.5,1,1,14.69,0
33.37,17,2,2,0,0,1,0,15.9,0,0,2.06,0
7.3,13,3,2,0,0,0,0,10.9,1,1,17.71,0
24.13,17,4,0,0,0,0,0,4.9,2,1,27.85,0
9.48,12,1,1,0,1,0,0,62.2,1,2,25.78,0
23.2,13,1,0,0,0,0,0,2.3,2,1,50.79,0
94.82,19,3,1,0,0,0,0,39.7,0,3,19.63,0
8.53,21,4,1,0,0,1,0,3.9,1,1,12.77,0
38.54,8,6,1,0,0,1,0,127.9,1,0,49.15,0
2.34,20,2,2,0,0,0,0,43.3,2,4,34.2,0
22.08,20,3,0,0,0,0,0,26.1,0,2,25.88,0
3.36,10,0,1,0,0,0,0,13.2,2,2,56.89,0
9.58,19,1,1,0,1,0,0,66.6,0,1,49.15,0
20.94,17,4,2,0,0,0,0,32.3,1,1,33.77,0
15.09,15,2,1,1,1,0,0,2.7,2,1,12.81,0
91.71,17,3,0,0,1,0,0,303.0,1,1,16.26,0
4.57,14,0,2,0,0,0,0,6.7,2,3,25.18,0
39.74,12,2,3,0,0,0,0,43.1,0,1,74.52,0
41.85,11,4,1,0,0,0,0,9.9,1,4,4.23,0
8.16,17,1,0,0,0,0,0,14.9,0,0,23.37,0
18.91,13,1,1,0,0,0,0,34.7,1,1,28.93,0
53.35,20,1,1,0,0,0,0,57.8,1,1,71.08,0
43.62,14,4,0,0,2,0,0,0.9,1,0,11.91,0
31.61,14,3,0,0,1,0,0,4.4,1,4,29.4,0
18.27,19,0,0,0,0,0,0,96.9,0,2,79.53,0
10.46,11,4,2,0,0,0,0,10.4,0,2,47.06,0
28.0,16,2,2,0,0,0,0,3.5,4,3,174.68,0
6.7,14,2,1,0,0,0,0,19.7,4,1,16.14,0
23.17,15,3,2,0,0,0,0,0.2,0,1,27.48,0
173.11,6,5,3,0,1,0,1,107.9,3,1,63.17,0
3.88,17,1,0,0,0,0,0,43.0,0,2,12.64,0
13.87,12,1,0,1,1,0,0,41.9,1,4,40.03,0
19.52,16,2,1,0,0,0,0,83.3,0,2,50.32,0
6.28,10,2,0,0,0,0,0,88.1,2,3,197.63,0
8.13,19,2,1,0,0,0,0,92.1,2,0,9.59,0
30.53,11,3,0,0,0,0,0,17.0,0,2,7.64,0
19.91,9,3,0,0,0,0,0,7.0,2,0,263.58,0
61.65,13,3,2,0,0,0,0,6.1,3,3,14.22,0
36.1,18,4,1,0,0,0,0,22.2,1,3,34.18,0
9.91,16,2,0,0,2,0,0,71.5,3,1,39.7,0
9.09,19,1,0,0,1,0,0,88.9,2,3,53.99,0
5.07,10,3,1,0,0,0,0,77.3,2,1,11.0,0
34.12,21,1,1,0,0,0,0,8.0,2,2,36.08,0
34.19,17,4,0,0,0,0,0,68.2,0,1,52.48,0
41.97,14,1,1,0,0,0,0,22.3,1,0,15.44,0
40.89,17,1,0,0,0,0,0,1.8,1,0,22.36,0
72.33,17,3,1,0,1,0,0,2.1,0,1,12.0,0
11.16,11,2,0,0,0,0,0,20.6,1,1,42.12,0
16.64,10,0,2,0,0,0,0,13.6,2,3,21.5,0
31.57,12,3,1,0,1,0,0,74.8,1,3,23.34,0
14.86,14,1,1,0,0,0,0,31.1,3,3,19.78,0
2.7,14,1,1,0,0,0,0,48.8,3,1,13.33,0
25.4,17,2,1,0,0,0,1,64.1,0,0,155.98,0
34.48,13,2,1,0,0,0,0,19.3,2,0,5.27,0
57.42,20,2,1,0,0,0,0,21.9,2,0,51.51,0
32.33,10,1,1,0,0,0,0,2.0,0,1,10.36,0
73.13,9,1,1,0,1,1,0,35.9,0,4,17.09,0
3.2,11,5,1,0,0,0,0,13.8,1,2,6.41,0
22.99,11,1,2,0,1,0,0,12.1,2,4,13.02,0
806.69,19,3,6,0,1,0,0,518.2,0,3,18.15,0
95.92,2,8,1,0,3,0,1,158.7,2,4,10.35,0
50.8,17,3,0,0,0,0,0,11.0,0,2,19.3,0
7.5,17,5,0,0,0,0,0,102.9,3,2,32.43,0
8.5,13,0,0,0,0,0,0,12.4,0,1,5.06,0
43.36,19,3,0,0,0,0,0,19.4,1,3,49.84,0
13.8,21,4,3,0,2,0,0,59.0,3,2,46.02,0
33.49,10,8,3,0,2,0,1,82.9,1,0,12.72,0
10.97,11,2,1,0,1,0,0,36.5,0,1,5.81,0
31.06,14,0,0,0,2,0,0,48.1,0,0,30.61,0
19.97,20,2,0,0,1,0,0,37.7,1,2,52.63,0
49.06,12,1,1,0,1,0,0,92.1,1,2,11.49,0
147.05,22,4,3,0,0,1,1,615.4,3,7,70.37,0
34.97,11,1,1,0,1,0,0,67.8,1,2,15.09,0
18.51,19,1,0,0,3,0,1,2.2,1,5,3.87,0
29.66,13,3,1,0,0,0,0,104.4,2,2,65.0,0
44.16,23,5,1,0,4,1,1,744.4,5,4,41.68,0
20.95,13,1,1,0,0,0,0,39.7,2,1,22.75,0
23.96,9,3,0,0,1,0,0,60.7,1,2,59.63,0
15.42,9,0,1,0,0,0,0,35.2,2,2,45.73,0
11.28,16,1,0,0,0,0,0,50.7,2,1,18.57,0
7.7,16,2,0,0,0,0,0,16.9,0,2,33.15,0
50.61,12,3,2,0,2,0,0,29.6,0,1,19.39,0
14.01,19,2,0,0,0,0,0,15.4,1,4,86.42,0
24.17,18,1,3,0,0,0,0,45.1,1,5,28.34,0
22.86,10,4,2,0,0,0,0,95.9,0,1,18.82,0
25.48,18,2,0,0,0,0,0,104.1,1,0,43.89,0
37.55,16,3,1,0,1,0,0,68.8,1,1,207.76,0
10.13,8,0,0,0,0,0,0,54.9,1,5,4.93,0
147.95,2,7,6,0,2,0,0,266.7,5,2,8.98,0
66.85,19,2,0,0,0,0,1,3.5,2,1,7.39,0
7.96,19,3,2,1,0,0,0,17.9,1,2,89.8,0
8.53,13,2,1,0,1,0,0,53.9,1,1,166.63,0
17.59,10,1,1,0,0,0,0,11.4,3,0,28.62,0
11.63,9,1,0,0,1,0,0,5.5,3,4,2.15,0
22.46,17,0,0,0,0,0,0,65.2,1,1,22.97,0
49.28,18,1,0,0,0,0,0,24.2,0,1,9.68,0
12.28,9,4,1,0,0,0,0,81.3,2,1,53.3,0
11.58,19,1,2,0,0,0,0,15.2,0,0,61.06,0
235.01,21,2,0,0,1,0,0,4.1,4,3,10.49,0
56.83,14,0,2,0,0,0,0,49.2,0,3,11.42,0
9.14,12,1,0,0,0,0,0,86.8,0,3,11.31,0
34.49,15,3,1,0,0,0,0,51.4,0,2,16.35,0
38.82,18,1,2,0,0,0,0,59.5,1,2,10.96,0
9.12,14,2,0,0,1,0,0,56.6,2,1,18.52,0
12.2,9,0,1,0,0,0,0,15.9,0,4,13.23,0
86.29,12,4,4,0,3,0,0,218.6,1,2,97.35,0
36.8,17,1,1,1,0,0,1,87.5,1,2,19.97,0
37.0,21,4,2,0,0,0,0,37.3,2,1,78.47,0
19.82,20,2,0,0,0,0,0,5.7,2,2,29.05,0
60.27,11,3,1,0,0,0,0,171.4,1,4,16.21,0
124.78,10,3,0,1,0,0,0,59.2,1,3,111.89,0
20.89,20,3,0,0,0,0,0,24.1,0,1,14.07,0
13.38,21,0,0,0,0,0,0,32.0,1,1,25.63,0
177.27,12,2,2,0,0,0,0,9.0,1,2,49.26,0
28.23,18,1,0,0,0,0,0,81.0,2,2,43.43,0
60.19,19,1,2,0,0,0,0,78.0,3,0,51.98,0
39.65,16,5,0,0,0,0,0,27.4,2,1,24.55,0
12.91,18,0,2,0,1,0,0,27.2,2,2,35.55,0
190.88,14,8,2,1,2,1,0,257.5,2,1,23.32,0
44.25,20,3,0,1,0,0,0,9.0,2,2,16.43,0
262.68,16,10,5,3,5,1,1,741.9,7,3,109.48,1
16.36,14,2,0,0,0,0,0,209.7,1,0,24.48,0
25.86,14,4,0,0,0,0,0,10.9,0,0,13.98,0
21.57,13,3,1,0,0,0,0,51.3,0,3,70.41,0
6.43,9,1,1,0,1,0,1,38.2,0,1,14.84,0
14.76,16,0,1,0,0,0,0,11.0,1,2,12.75,0
56.33,13,2,1,0,0,0,0,53.5,2,1,108.54,0
8.91,9,3,1,0,2,0,0,8.4,1,1,15.56,0
11.34,9,1,0,0,0,0,0,141.1,1,2,3.21,0
20.41,10,1,0,0,0,0,0,32.5,0,1,21.02,0
62.66,17,2,2,0,0,0,0,63.8,3,1,31.91,0
102.82,11,1,0,0,0,0,0,38.7,0,0,23.15,0
32.24,15,1,0,0,0,0,0,31.1,1,0,54.74,0
46.96,10,2,1,0,0,0,0,60.4,1,2,20.65,0
39.17,15,3,0,0,0,0,0,36.3,3,3,48.08,0
30.31,11,1,0,0,0,0,0,24.3,1,1,28.4,0
244.81,2,7,7,4,4,1,0,212.2,3,4,27.99,1
12.04,17,4,1,0,1,0,0,9.2,0,1,48.38,0
72.01,0,2,5,1,3,1,1,94.7,2,2,29.91,0
134.9,14,3,1,0,0,0,0,9.6,0,2,30.49,0
72.2,18,2,0,0,0,0,0,84.6,0,1,23.05,0
11.65,11,3,0,0,1,0,0,3.9,0,1,54.35,0
39.1,10,1,0,1,2,0,0,52.4,0,0,82.62,0
20.13,15,3,0,0,0,0,1,64.4,2,1,16.03,0
25.0,20,1,0,0,0,0,0,88.7,0,0,82.71,0
38.75,9,2,0,0,1,0,0,55.5,1,5,14.19,0
91.61,8,1,2,0,1,0,0,36.7,2,0,28.74,0
22.47,21,3,2,0,0,0,0,92.6,0,3,68.9,0
6.03,8,2,1,0,1,0,0,23.9,0,2,16.38,0
45.59,12,3,0,0,0,0,0,34.1,1,2,9.22,0
17.89,8,2,0,0,0,0,1,35.5,0,1,19.76,0
12.84,15,1,2,0,0,0,0,89.8,0,2,56.67,0
23.27,9,1,1,1,0,0,0,50.8,1,2,15.24,0
1.82,21,0,0,0,0,0,0,6.9,1,1,9.25,0
12.04,8,0,1,0,0,0,0,48.0,2,1,182.22,0
38.47,10,1,0,0,1,0,0,95.2,2,1,116.36,0
51.98,20,2,2,0,1,0,0,15.8,2,2,46.69,0
34.28,14,4,1,0,0,0,0,197.5,2,1,6.89,0
7.66,17,3,1,0,0,0,0,173.9,0,0,12.38,0
14.57,11,2,2,0,0,0,0,145.3,3,3,38.42,0
20.28,10,1,2,0,0,0,0,2.5,0,1,30.46,0
11.92,14,0,0,0,0,0,0,41.2,2,1,42.78,0
12.19,9,2,4,2,4,0,0,61.8,1,3,48.61,0
10.67,11,3,0,0,0,0,0,33.1,0,2,11.62,0
13.15,8,2,2,0,0,0,0,170.1,2,3,7.4,0
114.15,15,1,0,0,0,0,0,24.1,2,2,48.04,0
71.16,8,2,0,0,0,0,0,7.5,0,2,61.37,0
29.01,18,1,0,0,1,0,0,46.8,1,1,32.27,0
13.17,14,3,2,0,1,0,0,7.6,1,1,1.3,0
10.11,14,0,1,0,0,0,0,71.0,0,3,15.38,0
18.5,14,4,0,0,1,0,0,21.2,0,3,18.73,0
16.62,19,1,0,0,1,1,0,79.8,0,1,21.64,0
34.71,15,2,1,0,0,0,1,55.9,0,3,131.4,0
26.57,12,3,1,0,0,0,0,126.8,1,2,5.55,0
48.96,20,7,7,3,3,1,1,88.0,3,3,17.39,1
30.26,15,2,0,0,0,0,0,111.0,3,1,60.62,0
169.05,16,3,3,0,0,0,0,54.1,0,2,9.5,0
35.23,17,1,4,0,0,0,0,141.5,1,3,3.78,0
19.99,21,0,2,0,1,0,0,9.8,0,1,22.91,0
20.62,10,1,1,0,0,0,0,59.8,3,3,20.53,0
18.77,17,2,1,0,0,0,0,1.9,1,0,34.6,0
112.05,0,3,8,0,4,0,0,10.0,2,1,28.48,0
9.34,19,6,0,0,0,0,0,43.0,1,1,36.42,0
6.05,18,2,2,0,1,0,0,3.1,0,1,3.65,0
14.03,12,2,1,0,0,0,0,7.6,1,1,7.89,0
39.26,20,1,0,0,0,0,0,19.6,3,1,9.82,0
55.85,11,2,1,0,1,0,0,97.5,2,1,46.12,0
15.07,18,1,1,0,0,1,0,24.8,2,3,60.41,0
22.52,10,3,1,0,0,0,0,75.6,1,2,98.4,0
8.27,17,0,0,0,0,0,0,9.0,1,1,15.54,0
6.95,18,3,0,0,1,0,0,2.3,0,1,45.53,0
48.4,17,0,4,0,0,0,0,14.6,4,0,68.41,0
70.52,2,8,9,0,4,1,0,146.5,1,2,6.56,1
14.18,20,5,0,0,0,0,0,45.6,1,1,54.32,0
24.77,12,1,1,0,0,0,0,80.7,1,1,34.16,0
91.13,8,0,1,0,0,0,0,3.8,1,1,31.27,0
43.58,20,3,1,0,0,0,0,51.1,1,0,140.96,0
16.17,16,1,0,0,0,0,0,90.6,0,1,39.13,0
38.92,11,2,2,0,1,0,0,135.5,0,2,13.65,0
10.81,16,4,1,0,0,0,0,22.6,1,3,32.89,0
33.95,15,1,0,0,0,0,0,19.4,2,1,7.55,0
4.53,18,2,0,0,0,0,0,14.4,2,2,11.66,0
114.38,19,1,3,0,0,0,0,68.8,1,3,27.34,0
38.2,19,3,0,0,0,0,0,27.5,1,2,38.82,0
106.29,8,1,1,0,0,0,0,16.7,3,2,2.95,0
34.78,10,3,1,0,1,0,0,22.0,2,1,26.86,0
44.25,12,0,4,0,0,0,1,29.1,1,2,12.55,0
17.34,12,2,0,0,0,0,0,25.6,1,1,15.61,0
11.45,18,3,0,0,0,0,0,82.0,2,0,43.53,0
8.24,12,0,0,0,0,0,0,7.4,0,1,16.92,0
40.74,19,0,3,0,2,0,0,193.1,1,0,15.25,0
76.85,17,0,1,0,1,0,0,35.6,1,0,19.22,0
14.22,9,2,1,0,0,0,0,49.5,1,1,17.2,0
32.8,12,2,1,0,0,0,0,10.7,1,3,3.64,0
23.52,20,0,3,0,0,0,0,230.8,0,4,12.69,0
1021.55,5,4,7,1,1,0,1,63.6,3,4,12.91,0
5.34,18,0,1,0,0,0,0,106.9,1,0,4.66,0
142.68,3,8,8,1,3,0,0,521.9,3,3,20.14,1
31.08,9,2,0,0,0,0,0,82.1,1,2,29.97,0
11.56,20,2,1,0,1,0,1,35.8,2,1,16.02,0
38.21,15,1,1,0,0,0,0,18.4,2,1,3.39,0
13.33,21,1,0,0,0,0,0,3.5,1,4,19.86,0
7.86,17,3,3,0,1,0,0,16.7,1,1,22.83,0
38.86,11,5,0,0,0,0,0,43.9,2,3,16.02,0
38.36,22,5,3,1,1,0,0,10.0,2,2,49.2,0
65.27,9,1,1,0,0,0,0,37.7,1,1,63.96,0
10.68,21,3,3,0,1,0,0,48.8,0,1,50.46,0
24.7,18,0,1,1,0,0,0,45.4,0,0,6.22,0
52.75,14,0,2,0,0,0,0,33.1,0,2,24.64,0
26.75,16,0,0,0,1,0,0,149.9,1,4,6.51,0
24.3,18,3,0,0,1,0,0,33.5,1,3,23.63,0
29.32,17,2,2,0,1,1,0,11.5,1,1,14.83,0
68.86,20,4,0,0,1,0,0,13.3,1,3,13.17,0
6.75,8,0,2,0,1,0,0,44.1,1,2,92.51,0
19.45,19,0,1,0,0,0,0,6.3,1,0,14.78,0
8.24,9,1,1,0,1,0,0,43.1,0,0,13.06,0
65.24,11,1,1,0,0,0,0,4.2,0,0,41.13,0
31.23,9,1,0,0,0,0,1,203.5,1,1,77.29,0
132.6,8,5,1,0,0,0,0,25.7,2,1,12.67,0
12.23,12,4,1,0,0,0,0,187.0,1,0,9.61,0
149.45,4,2,4,1,1,0,0,278.8,4,4,48.36,0
52.33,9,2,2,0,1,1,0,8.5,0,0,19.54,1
129.66,18,0,1,0,0,0,1,11.2,4,2,15.44,0
11.79,9,2,2,0,0,0,0,167.5,2,2,12.49,0
18.91,20,1,1,0,0,0,0,10.0,0,2,89.56,0
17.19,17,4,3,0,0,0,0,12.1,0,1,13.98,0
14.44,20,4,0,1,0,0,0,27.3,0,1,8.97,0
25.94,10,2,0,0,0,0,0,24.9,0,2,16.45,0
2.11,11,1,1,0,0,0,0,21.0,2,1,58.34,0
137.54,9,1,1,0,0,0,1,7.8,1,0,24.77,0
20.99,14,1,0,0,0,0,0,4.2,0,1,40.88,0
27.51,10,2,0,0,1,0,0,49.9,1,2,11.74,0
17.57,20,2,2,0,0,0,1,5.1,1,1,13.96,0
31.16,20,0,0,0,1,0,0,0.1,0,1,35.57,0
94.41,19,3,0,0,0,0,0,83.0,1,3,25.87,0
19.02,17,1,2,0,0,0,0,72.3,2,4,25.1,0
31.06,11,2,1,0,0,0,0,69.9,1,4,70.2,0
36.59,18,2,1,1,0,0,0,7.2,0,1,10.61,0
19.09,19,3,0,1,0,0,0,57.3,2,4,151.26,0
80.84,12,4,3,0,0,0,0,65.1,0,1,22.15,0
11.74,14,2,1,0,0,0,1,11.3,1,0,5.69,0
4.91,21,1,4,0,0,0,0,41.0,3,0,13.75,0
21.56,20,2,1,0,0,0,0,207.0,1,1,43.35,0
49.51,21,4,0,0,1,0,0,36.0,1,0,16.73,0
171.0,17,5,0,0,0,0,0,61.4,2,2,4.34,0
19.11,17,1,0,0,0,0,0,93.3,0,1,23.4,0
36.5,19,0,2,0,0,0,0,61.6,2,2,10.38,0
22.93,12,5,1,0,1,0,0,77.7,2,2,47.89,0
36.58,11,13,7,0,3,0,1,301.5,3,2,11.89,0
86.97,20,2,1,0,0,0,0,158.0,0,1,36.96,0
38.77,13,1,2,0,0,0,0,62.2,1,0,29.68,0
22.04,18,6,1,0,0,0,0,19.4,1,2,52.17,0
179.21,19,0,0,0,0,0,0,161.3,1,1,42.93,0
19.83,13,2,1,0,0,0,0,72.6,1,2,27.66,0
25.53,19,1,1,1,0,0,1,150.3,2,1,21.92,0
39.26,14,3,2,0,1,0,0,117.2,1,0,21.63,0
28.64,18,3,0,0,0,0,0,5.3,4,1,46.99,0
34.63,12,1,1,0,0,0,0,56.1,2,0,5.89,0
6.32,19,3,1,0,1,0,0,174.7,3,0,58.1,0
16.94,14,0,3,1,0,0,0,125.3,0,1,48.94,0
71.31,9,1,2,0,0,0,0,32.7,0,1,16.03,0
45.16,14,2,3,0,2,0,0,43.7,3,3,21.17,0
20.47,18,1,3,0,1,0,0,36.8,0,0,33.37,0
12.25,13,3,0,0,0,0,0,145.8,3,2,19.54,0
14.99,9,1,1,0,0,0,0,132.6,2,1,21.19,0
29.49,11,2,0,0,2,0,0,104.2,1,1,32.29,0
43.13,14,3,0,0,0,0,0,10.6,0,0,5.51,0
29.02,21,2,3,0,0,0,0,49.9,0,1,83.36,0
48.83,17,1,3,0,1,0,0,162.1,1,1,3.13,0
15.03,16,2,0,0,0,0,0,13.1,2,0,60.75,0
37.88,14,2,1,0,1,0,0,7.3,0,0,63.2,0
17.2,19,2,2,0,0,0,0,57.1,2,1,36.91,0
27.71,20,0,1,0,0,0,0,4.5,2,2,57.11,0
63.19,19,2,3,1,0,0,0,61.7,0,0,4.55,0
40.81,18,1,1,0,2,0,0,77.8,2,2,30.74,0
60.5,18,1,1,0,0,0,0,14.9,0,1,53.96,0
19.02,10,2,3,0,0,1,0,35.3,0,1,116.51,0
10.33,17,1,2,0,1,0,0,107.9,2,0,3.76,0
28.32,16,2,0,0,1,0,0,104.3,0,1,14.54,0
15.02,14,1,1,0,0,0,0,43.9,1,1,28.92,0
46.58,21,0,1,0,0,0,0,7.6,2,2,62.26,0
19.43,8,0,1,0,1,0,0,274.8,2,1,14.11,0
281.31,18,2,2,0,0,0,0,7.8,4,2,49.18,0
12.4,8,1,3,0,0,0,0,3.8,0,4,70.52,0
4.65,19,4,1,0,0,0,0,18.2,0,5,14.57,0
6.31,9,1,0,0,0,0,0,0.4,2,0,21.63,0
20.27,10,2,0,0,0,0,0,25.3,1,5,5.8,0
42.58,20,1,1,1,0,0,0,165.6,0,0,92.2,0
43.65,15,3,2,0,0,0,0,17.8,1,1,10.69,0
221.98,12,7,7,1,4,0,0,189.3,3,3,31.65,0
131.73,20,3,1,0,0,0,0,19.9,0,0,32.99,0
49.56,18,3,3,0,0,0,0,42.9,1,0,8.93,0
56.63,15,3,3,0,0,0,0,73.5,2,1,25.17,0
11.33,13,4,0,0,1,0,0,5.2,0,0,44.77,0
35.88,9,3,0,0,1,0,0,59.0,0,1,11.39,0
38.19,12,4,4,0,2,0,0,70.6,3,2,15.92,0
63.73,16,4,3,0,2,0,0,41.5,2,2,7.62,0
17.64,12,4,0,0,0,0,0,17.7,2,1,18.54,0
13.48,9,2,0,0,0,0,0,6.6,1,2,29.77,0
37.82,13,2,0,0,0,0,0,19.8,0,2,16.75,0
65.22,8,3,1,1,0,0,0,156.4,1,2,10.97,0
85.09,0,5,4,1,2,1,0,30.6,5,3,5.91,0
11.6,14,1,2,0,0,0,0,20.3,1,2,9.75,0
8.41,12,1,1,0,0,0,0,4.8,1,1,25.43,0
43.8,12,0,1,0,0,0,0,17.0,1,2,82.22,0
26.35,19,2,0,0,0,0,0,18.8,3,1,10.4,0
14.51,8,1,3,0,1,0,0,4.9,1,0,6.59,0
50.45,15,2,0,0,0,0,1,71.5,3,2,13.11,0
4.53,10,2,0,0,0,0,0,37.8,0,2,16.61,0
14.07,9,1,0,0,1,0,0,23.6,1,1,19.97,0
35.02,13,0,2,0,0,0,0,25.9,1,0,3.39,0
23.87,9,3,0,0,1,0,0,42.3,4,1,52.09,0
49.65,17,3,0,0,1,0,0,60.2,4,3,37.89,0
33.0,17,1,0,0,0,0,0,0.1,0,2,12.89,0
21.39,9,2,0,0,0,0,0,115.1,2,1,14.66,0
144.58,19,5,6,1,1,0,0,158.8,4,2,16.7,0
62.18,12,1,1,0,0,0,0,1.8,1,0,21.11,0
81.76,7,8,6,2,7,1,1,225.7,1,3,3.51,1
76.96,17,4,4,0,2,0,0,54.1,4,4,56.34,0
100.88,19,3,1,0,0,0,0,6.4,0,0,12.27,0
52.32,20,3,1,0,0,0,0,23.0,0,2,13.35,0
11.37,11,3,1,0,1,1,0,123.7,3,2,27.01,0
66.12,23,3,3,1,4,0,0,133.3,4,4,6.94,0
6.46,9,2,0,0,0,0,0,6.2,1,1,26.81,0
6.82,8,1,2,0,1,0,0,76.5,0,1,43.98,0
4.25,18,0,0,0,0,0,1,2.1,4,0,28.11,0
63.11,11,1,2,0,0,0,0,16.6,1,3,10.65,0
27.2,12,4,2,0,1,1,0,104.5,4,3,33.03,0
85.58,10,2,0,1,1,1,0,30.5,1,4,27.26,0
62.19,19,1,2,0,0,0,0,23.0,1,4,59.03,0
79.08,9,4,0,0,0,0,0,33.9,2,4,97.06,0
12.54,16,5,2,0,2,0,0,19.6,2,1,22.71,0
10.56,19,1,1,1,0,0,0,8.5,2,2,82.3,0
5.32,13,1,0,0,0,0,0,38.3,1,1,40.39,0
17.96,17,2,0,0,1,0,0,66.4,2,2,32.65,0
3.82,13,0,1,0,0,0,0,54.5,0,2,55.46,0
27.31,9,3,1,0,0,0,0,3.8,1,0,7.96,0
24.13,8,2,1,0,1,0,0,10.9,0,3,68.37,0
1.8,18,3,3,0,1,0,0,21.8,0,2,224.51,0
77.66,19,0,1,0,0,0,0,25.4,0,2,7.44,0
35.63,9,4,0,0,0,0,0,10.2,1,2,7.84,0
6.33,18,0,1,0,0,0,0,50.6,0,1,30.01,0
108.62,12,2,0,0,0,0,0,69.5,0,2,49.73,0
2.9,8,1,1,0,0,0,0,215.3,1,0,15.31,0
29.89,16,3,1,0,1,0,0,1.6,0,0,13.29,0
47.87,18,2,2,0,0,0,0,139.8,1,3,93.94,0
11.79,14,3,1,0,0,0,0,40.0,1,2,96.45,0
79.5,17,2,1,0,0,0,0,79.1,1,0,133.37,0
9.47,15,4,0,0,0,0,0,62.8,0,0,46.52,0
12.55,9,0,2,0,0,1,0,14.2,0,2,14.92,0
47.8,1,11,7,0,6,0,1,106.4,3,5,10.4,1
18.99,18,3,4,0,2,0,1,16.3,1,1,3.47,0
21.5,21,1,4,0,1,0,0,63.1,5,3,4.63,0
72.47,18,2,0,0,0,0,0,72.6,1,0,27.06,0
124.86,0,4,6,1,6,1,1,684.7,1,8,8.89,1
29.03,21,3,0,0,0,0,0,100.1,2,1,16.76,0
9.46,9,1,1,0,0,0,0,68.9,1,1,28.69,0
87.54,12,2,0,0,0,0,0,2.6,2,1,19.57,0
30.82,14,0,0,0,0,1,0,16.1,2,1,15.55,0
57.46,8,3,0,0,0,0,0,3.1,2,1,16.33,0
94.59,13,1,0,0,1,0,0,12.2,1,1,17.23,0
23.92,18,4,1,0,0,0,0,2.3,1,2,49.39,0
40.91,9,1,0,0,0,0,0,25.7,0,3,33.41,0
18.37,12,3,0,0,0,0,0,16.6,0,0,35.58,0
6.13,12,2,3,0,1,0,0,53.9,1,1,19.91,0
13.33,18,5,0,0,0,0,0,60.7,1,1,22.66,0
111.78,9,0,3,0,1,0,0,17.1,1,2,68.49,0
75.77,11,0,1,0,0,0,0,5.7,1,2,40.87,0
16.42,17,0,1,0,0,0,0,192.8,1,2,14.24,0
9.18,18,6,1,0,1,0,0,73.5,0,1,87.58,0
105.07,15,1,1,0,0,0,0,59.0,0,2,52.17,0
15.99,10,2,0,0,0,0,0,97.2,0,1,56.49,0
14.73,10,7,0,0,0,0,0,315.5,2,3,48.55,1
43.72,13,0,0,1,0,0,1,2.8,0,1,16.19,0
37.44,20,3,1,0,0,0,1,44.8,1,1,11.54,0
5.08,12,1,1,0,0,0,0,42.1,1,1,20.79,0
11.53,19,3,2,0,0,1,0,53.5,0,2,15.94,0
24.14,15,4,0,0,1,0,0,2.5,0,0,6.77,0
20.16,13,4,2,0,0,1,0,72.9,0,1,30.28,0
49.32,14,0,1,0,0,0,0,68.5,2,0,8.45,0
98.77,10,4,1,0,0,0,0,2.6,0,0,12.68,0
20.49,15,3,0,0,1,0,0,34.9,2,3,37.61,0
14.43,18,3,1,1,0,0,0,305.8,0,0,51.67,0
36.68,9,2,1,0,2,0,0,26.6,1,3,7.71,0
16.0,16,3,0,0,1,1,0,11.8,1,2,15.31,0
125.3,20,1,3,0,0,0,0,160.5,0,1,214.25,0
29.52,15,1,1,0,1,0,0,30.1,3,0,43.36,0
7.87,14,0,1,0,1,0,0,102.7,1,1,20.51,0
23.67,11,2,2,0,0,0,0,216.2,0,3,49.75,0
5.64,16,1,1,0,1,0,0,157.5,2,4,14.61,0
11.42,9,1,1,0,1,0,0,6.7,0,1,12.34,0
14.51,19,1,0,0,0,0,0,2.5,0,1,9.0,0
10.57,19,1,1,0,0,0,0,26.2,2,3,7.34,0
51.54,17,3,1,0,2,0,0,46.7,0,3,10.57,0
28.62,14,1,2,1,0,0,0,55.0,0,2,147.33,0
38.33,11,8,1,0,0,0,0,109.0,0,0,15.02,0
99.16,21,1,0,0,0,0,0,59.6,1,0,100.54,0
5.65,14,1,1,0,1,0,0,13.5,3,1,16.6,0
46.37,19,4,1,0,0,0,0,129.7,2,2,9.65,0
14.4,13,0,2,1,0,0,0,33.9,0,1,116.1,0
14.33,16,1,1,0,0,0,0,65.3,1,1,34.28,0
63.58,18,2,1,0,1,0,1,59.4,2,0,135.55,0
31.6,15,1,1,0,0,0,0,98.6,1,1,37.46,0
18.55,9,0,1,0,0,0,0,41.9,0,0,37.7,0
7.46,12,2,0,0,0,0,0,1.8,1,0,8.48,0
21.63,12,2,1,0,0,0,0,13.5,1,0,7.22,0
21.09,18,2,3,1,0,0,0,152.7,2,2,23.89,0
53.32,18,5,5,0,1,0,0,398.1,1,5,411.65,0
15.51,18,1,1,0,0,0,0,69.3,1,3,109.33,0
18.15,16,1,2,1,1,0,0,101.8,2,2,15.85,0
22.35,19,2,0,0,0,0,0,3.9,1,2,92.53,0
77.9,12,1,0,0,0,0,0,88.2,2,4,28.19,0
70.7,19,2,0,0,0,0,0,54.2,0,4,74.88,0
8.68,13,2,1,0,0,0,0,3.2,2,1,30.91,0
9.35,11,3,1,0,0,0,0,150.9,2,2,51.84,0
8.51,12,4,0,0,0,0,0,77.8,1,1,20.39,0
10.16,14,3,1,0,2,0,0,67.2,3,4,52.16,0
29.22,13,2,1,1,0,0,0,2.7,0,2,12.01,0
25.71,9,2,1,0,0,0,0,8.6,1,1,4.3,0
26.86,17,1,0,0,1,0,0,6.0,0,1,23.9,0
2.78,20,6,2,0,0,0,0,3.3,0,2,41.75,0
11.87,19,5,4,0,0,0,0,6.7,3,0,3.37,0
81.03,11,5,0,0,0,0,0,32.9,2,1,36.84,0
107.64,8,1,0,0,0,0,0,193.7,0,0,11.22,0
658.78,12,9,5,1,1,0,1,479.0,3,1,116.16,0
58.06,15,0,0,0,0,0,0,46.9,1,0,67.21,0
11.38,15,2,1,0,0,1,0,48.4,1,4,38.66,0
5.01,11,1,0,0,2,0,0,8.8,0,0,12.2,0
33.05,18,1,1,0,0,0,0,22.8,2,0,39.32,0
6.44,16,2,0,0,0,0,1,11.2,4,3,34.84,0
51.71,17,2,0,0,0,0,0,120.7,0,2,11.68,0
22.73,9,0,0,0,0,0,0,58.3,1,1,54.14,0
7.07,20,0,0,0,1,0,0,143.0,1,0,130.15,0
27.2,19,2,0,0,0,0,0,10.6,1,0,39.53,0
13.21,10,0,0,0,0,0,0,83.8,1,4,15.34,0
40.38,19,2,2,0,0,0,0,34.9,3,1,68.8,0
64.59,13,5,3,0,0,0,0,553.3,1,5,19.31,0
4.34,21,0,0,0,0,0,0,253.7,2,1,37.59,0
14.53,13,0,3,0,1,0,1,24.7,3,2,12.03,0
27.59,12,1,0,0,0,0,0,13.9,2,3,44.06,0
22.31,9,1,0,1,1,0,0,109.1,0,1,12.21,0
52.56,11,0,0,0,0,0,0,75.6,3,3,5.93,0
13.16,20,0,0,0,1,0,0,9.5,0,1,15.99,0
97.64,18,0,1,0,0,0,0,11.5,2,3,51.62,0
23.96,15,2,0,0,1,1,0,93.1,1,2,11.32,0
59.64,10,1,1,0,1,0,0,58.6,0,1,17.4,0
4.39,12,1,0,0,0,0,0,9.9,0,0,16.57,0
44.7,20,3,0,0,0,0,0,93.5,4,1,7.84,0
35.06,18,0,0,0,0,0,0,95.0,0,2,59.48,0
60.98,13,1,1,0,0,0,0,28.3,0,1,52.32,0
73.78,11,1,2,0,0,0,0,24.2,2,0,6.24,0
20.07,7,4,2,1,4,1,0,21.0,1,5,167.85,0
42.7,12,5,1,0,0,0,0,26.0,0,2,19.73,0
696.39,18,1,4,1,0,0,0,129.2,1,4,15.22,0
46.42,9,2,0,0,1,0,0,33.0,1,0,27.17,0
27.6,10,1,1,0,0,0,0,35.2,0,2,17.11,0
63.65,12,6,1,0,1,0,0,9.2,1,2,19.44,0
53.19,13,0,0,0,0,0,0,56.9,0,5,20.25,0
41.22,8,3,0,0,1,0,0,92.3,1,1,5.89,0
62.05,18,0,1,0,0,0,0,37.9,0,1,18.83,0
8.7,15,3,1,0,1,0,0,138.5,0,3,9.96,0
16.89,9,1,2,1,0,0,0,70.1,2,2,12.91,0
26.76,19,2,2,0,0,0,0,14.0,0,1,115.45,0
173.97,8,3,1,0,0,0,0,7.7,2,0,29.13,0
13.61,20,2,0,0,1,0,0,216.8,1,2,32.11,0
65.42,17,2,1,0,1,0,0,2.3,0,2,27.46,0
28.74,11,2,1,0,0,0,0,1.8,1,2,57.76,0
37.24,20,2,0,1,0,0,0,0.7,0,0,20.83,0
118.21,12,1,1,0,1,0,0,48.4,0,3,98.25,0
34.9,10,1,0,0,1,0,0,95.1,1,0,32.05,0
65.48,12,2,2,0,0,0,0,22.5,1,4,37.44,0
17.11,13,4,1,0,0,0,0,38.7,0,1,26.39,0
18.39,18,4,2,0,1,0,0,13.3,1,1,29.57,0
21.43,21,0,1,0,0,0,0,2.3,3,1,11.33,0
15.42,17,2,1,0,0,0,0,39.1,2,1,10.11,0
9.07,15,4,1,0,1,0,0,25.8,1,0,12.4,0
26.91,11,1,0,0,0,0,0,0.2,0,2,13.87,0
41.84,16,2,1,0,0,0,0,21.1,2,1,11.79,0
151.6,14,2,0,0,1,0,0,3.4,0,2,21.08,0
67.93,18,1,0,0,0,0,0,11.7,4,3,11.31,0
237.56,10,5,2,0,0,0,0,28.2,1,3,309.73,0
9.37,19,2,1,0,1,0,0,46.6,1,1,20.97,0
76.96,13,3,0,0,1,0,0,29.3,1,2,75.15,0
48.43,20,3,2,0,0,0,0,162.8,1,1,40.97,0
32.42,10,1,0,0,1,0,0,49.2,0,1,23.43,0
12.81,13,2,0,0,1,0,0,49.0,0,0,42.17,0
16.89,12,6,6,2,3,1,1,229.0,2,5,12.62,0
16.94,18,2,2,0,0,0,0,34.2,1,2,22.85,0
7.61,14,3,3,0,1,0,0,126.3,0,0,19.43,0
11.23,15,2,0,0,1,0,0,31.9,1,0,14.67,0
145.54,20,2,2,0,0,0,0,24.2,1,2,19.82,0
60.36,17,3,6,1,1,0,0,17.5,2,2,16.65,0
16.43,14,2,1,0,0,0,0,26.7,2,2,7.51,0
40.49,20,2,2,0,1,0,1,81.2,1,0,80.36,0
116.25,21,2,2,0,0,0,0,3.1,0,1,28.26,0
24.04,10,3,0,0,0,0,0,58.3,1,1,8.77,0
29.37,8,1,0,0,1,0,0,37.9,4,3,17.64,0
5.77,12,3,1,1,1,0,0,6.4,0,3,72.7,0
3.45,10,0,1,0,0,0,0,59.8,1,2,16.86,0
36.64,11,1,1,0,0,0,0,26.9,0,3,30.93,0
24.22,11,2,0,0,1,0,0,23.1,1,1,17.64,0
45.52,11,4,1,0,0,0,0,14.1,0,2,14.1,0
241.81,23,4,4,0,5,0,1,486.9,0,3,18.88,0
39.03,2,6,3,0,6,0,0,10.0,3,2,12.95,0
125.02,15,0,2,0,1,0,0,81.3,2,1,5.98,0
29.69,14,4,0,0,1,0,0,41.1,2,2,64.01,0
13.1,19,2,1,0,0,0,0,24.2,1,1,25.88,0
27.14,11,0,1,0,0,0,0,22.4,1,1,23.53,0
91.23,21,5,0,0,0,0,0,59.6,1,1,13.97,0
121.1,14,1,2,0,2,0,0,45.2,2,2,32.58,0
8.49,18,2,3,0,0,0,0,24.5,1,2,35.89,0
69.13,18,4,2,0,1,0,1,12.1,0,1,39.62,0
40.25,12,1,1,0,0,0,0,13.7,1,0,6.1,0
22.58,9,2,1,0,1,0,0,67.7,3,1,17.76,0
9.93,14,4,0,0,0,0,0,43.9,1,7,7.89,0
13.53,10,2,0,0,1,0,0,74.8,2,0,47.59,0
16.92,11,3,1,0,1,0,0,24.7,1,0,96.78,0
9.25,19,3,0,0,0,0,0,9.5,0,1,44.9,0
32.44,9,1,0,0,0,1,1,69.9,2,2,27.35,0
26.54,13,1,0,0,0,0,0,112.6,1,2,53.09,0
104.46,20,3,2,1,1,0,0,42.8,1,1,10.35,0
79.35,20,1,0,2,0,0,0,125.5,0,2,200.06,0
57.85,18,0,3,0,3,1,1,10.0,2,3,46.95,0
189.16,7,10,3,1,1,0,0,109.2,1,1,19.89,0
2.33,9,1,0,0,1,0,0,2.0,1,0,9.36,0
64.5,20,2,6,0,0,0,1,93.6,3,0,17.45,0
31.45,20,0,0,0,4,0,0,19.3,1,0,42.54,0
10.0,9,5,3,0,2,1,1,282.7,4,4,9.89,0
144.88,0,11,5,1,3,0,1,432.2,2,3,41.18,1
89.05,5,11,4,1,2,0,0,10.0,5,2,9.14,0
8.26,16,2,1,0,0,0,0,21.8,3,3,7.7,0
30.89,11,4,2,0,0,0,0,7.8,1,1,12.37,0
23.8,19,0,1,0,1,0,0,13.4,2,0,25.91,0
9.26,16,0,0,0,0,0,0,155.2,3,3,8.98,0
17.56,16,1,1,0,0,1,0,13.2,3,0,45.85,0
12.55,14,1,1,0,1,0,0,42.7,1,3,51.06,0
42.62,9,1,1,0,0,0,0,137.5,1,2,31.89,0
64.98,17,2,0,0,0,0,0,1.1,2,1,117.47,0
12.19,15,1,1,0,0,0,0,45.7,0,2,11.5,0
3.32,21,1,0,0,2,0,1,7.0,1,1,4.04,0
43.25,18,3,0,0,0,0,0,23.1,0,1,12.17,0
10.41,11,2,1,0,0,0,0,1.9,1,3,35.9,0
103.26,16,1,1,1,0,1,0,2.7,1,1,56.44,0
62.8,19,3,2,0,0,0,0,101.4,0,6,25.22,0
8.12,14,3,0,0,0,0,0,44.6,0,0,34.18,0
39.7,21,0,0,0,0,0,0,6.7,1,1,123.43,0
61.73,20,2,0,0,0,0,0,19.6,0,1,12.78,0
6.61,11,3,1,0,1,1,0,9.7,2,1,26.88,0
37.15,15,1,1,0,1,0,0,22.9,0,2,24.08,0
32.46,14,3,0,1,0,0,0,95.8,4,2,14.87,0
34.04,14,2,0,0,2,0,0,110.4,0,2,19.36,0
8.16,9,3,1,0,1,0,0,3.1,0,1,4.65,0
75.57,12,9,6,2,6,0,0,809.5,5,6,86.3,1
55.62,19,2,1,0,0,0,0,65.4,1,1,67.83,0
30.41,17,1,1,0,0,0,0,2.5,2,1,79.29,0
7.33,11,1,2,0,0,0,0,106.0,0,3,3.31,0
125.01,21,5,0,0,0,0,0,21.6,1,2,55.87,0
7.83,8,3,1,0,0,0,0,30.3,2,1,5.1,0
146.92,11,5,5,1,3,0,1,405.8,5,2,97.83,0
7.15,8,3,2,0,0,0,0,6.6,0,0,129.07,0
19.83,14,0,2,0,0,0,0,42.8,2,2,26.58,0
67.34,9,3,0,0,0,0,0,30.2,2,1,12.5,0
24.21,11,2,0,0,0,0,0,8.1,0,1,4.59,0
15.64,9,3,3,0,1,0,0,120.9,0,1,54.56,0
24.01,15,5,1,0,0,0,0,4.8,2,2,7.37,0
17.03,18,1,1,0,1,0,0,51.2,3,3,37.82,0
21.48,15,0,1,0,0,0,0,4.2,2,3,132.49,0
27.53,18,3,1,0,0,0,0,47.1,1,1,35.68,0
35.56,11,1,0,0,1,0,0,18.0,1,2,32.08,0
27.03,14,3,1,0,0,0,0,127.6,0,3,23.19,0
16.63,12,1,1,0,0,0,0,47.0,0,2,15.03,0
30.03,15,2,1,0,1,0,0,9.8,0,4,13.63,0
125.24,15,2,2,0,0,0,0,10.0,2,0,13.28,0
19.96,15,2,1,0,1,0,0,28.5,0,2,71.33,0
6.23,13,1,1,0,0,0,0,78.7,1,2,20.81,0
28.12,9,4,2,0,0,0,0,16.6,0,0,67.75,0
70.16,10,3,0,0,0,0,0,1.4,0,0,20.8,0
23.64,21,3,0,0,0,0,0,32.8,1,2,17.1,0
14.61,9,2,1,0,1,0,0,4.0,1,2,6.04,0
33.34,21,3,0,0,0,0,0,8.1,1,1,45.12,0
40.62,15,3,1,0,0,1,0,10.8,0,1,56.02,0
61.56,12,2,3,0,2,0,0,137.5,1,2,9.56,0
273.69,11,3,1,0,1,1,0,634.9,3,2,42.77,0
8.25,21,3,2,1,0,0,0,9.5,3,1,19.33,0
30.81,13,1,1,0,0,0,0,0.3,0,0,10.19,0
5.8,17,4,0,0,1,0,0,40.2,1,3,4.64,0
12.29,16,0,2,0,0,0,0,10.8,2,1,52.48,0
26.12,16,0,0,0,0,0,0,88.8,3,1,35.23,0
225.17,16,0,2,0,0,0,0,49.8,0,3,17.91,0
22.98,15,8,1,0,2,0,0,85.2,4,2,61.45,0
36.82,5,8,6,0,1,1,1,220.3,4,3,10.41,0
7.6,16,1,1,0,0,0,1,29.1,2,1,22.68,0
16.0,19,3,0,0,0,0,0,62.7,1,2,126.86,0
24.92,13,3,2,0,0,0,0,122.6,1,1,13.89,0
20.63,13,0,1,1,0,0,0,37.6,1,0,65.5,0
6.44,9,2,3,0,0,0,0,13.1,2,1,20.34,0
14.69,19,3,0,0,0,0,0,67.2,1,1,19.84,0
36.87,10,1,4,0,0,0,0,79.1,4,6,10.01,0
8.33,19,3,2,1,1,0,0,1.8,2,0,4.57,0
12.29,18,3,1,0,0,0,0,123.8,0,3,35.15,0
50.0,20,2,1,0,0,0,0,57.2,1,3,17.48,0
34.73,15,2,2,0,0,0,0,127.2,2,0,21.72,0
40.06,18,2,1,0,0,0,0,1.6,2,0,7.09,0
55.94,14,0,3,0,1,0,0,130.1,0,0,59.26,0
16.33,10,0,0,0,0,0,0,245.5,1,1,32.11,0
5.51,18,1,0,0,0,0,0,64.1,1,1,17.2,0
242.11,23,4,3,0,3,0,1,89.9,2,0,47.95,0
11.25,16,2,1,0,0,0,0,14.0,0,2,59.78,0
35.09,21,3,2,0,0,0,0,101.9,1,1,13.89,0
40.81,15,0,2,0,0,0,1,4.6,2,1,24.99,0
38.43,18,2,1,0,1,0,0,44.8,1,0,6.82,0
19.06,19,2,0,0,0,0,0,161.3,2,0,186.92,0
16.04,15,5,1,0,1,0,0,32.9,1,1,48.2,0
57.98,17,2,0,0,0,0,0,1.5,2,3,25.59,0
20.14,16,3,2,0,0,0,0,55.3,1,0,119.28,0
55.62,9,2,0,0,0,0,0,33.7,0,3,17.86,0
23.47,11,1,0,0,0,0,0,65.9,0,1,83.68,0
110.83,1,12,4,5,6,1,0,71.5,6,1,9.42,1
17.26,15,1,2,0,0,0,0,27.3,2,0,48.96,0
120.11,18,3,5,0,3,1,0,121.7,2,7,49.65,0
36.03,12,0,0,0,0,0,0,59.3,2,2,9.96,0
296.52,15,2,1,0,1,0,0,68.1,1,4,30.13,0
10.22,11,1,2,0,0,0,0,13.3,2,3,17.82,0
119.96,7,3,9,0,1,1,0,89.0,1,3,34.32,0
14.03,19,6,6,0,1,0,1,253.5,1,7,14.6,0
35.1,9,1,0,0,0,0,0,9.9,0,2,10.25,0
122.32,20,3,0,0,0,0,0,68.7,2,3,20.16,0
83.62,23,13,5,2,8,1,1,614.4,4,10,11.41,1
24.99,16,2,1,0,0,0,0,89.3,2,1,20.7,0
26.9,8,2,0,0,1,0,1,188.7,0,1,6.07,0
11.91,9,3,2,0,0,0,0,47.0,0,2,35.54,0
50.65,19,0,2,0,0,0,0,116.0,1,0,49.71,0
61.81,20,4,5,0,0,0,0,176.4,2,3,15.09,0
45.22,9,4,1,0,0,0,1,27.2,1,2,27.78,0
89.41,17,1,1,0,0,0,0,132.2,1,3,23.74,0
8.34,10,2,0,0,0,0,0,23.4,0,0,26.39,0
264.58,20,7,6,3,1,1,0,50.0,7,4,33.72,1
67.31,12,4,3,2,2,0,0,221.2,2,1,39.38,0
51.94,13,0,0,0,0,0,0,103.3,1,1,12.66,0
17.54,19,1,2,0,0,0,0,1.9,5,0,63.79,0
440.55,2,3,2,0,1,0,0,42.0,3,5,48.4,0
12.85,15,3,1,0,0,0,0,36.2,0,1,15.4,0
22.82,14,2,2,0,1,0,1,74.7,2,2,90.02,0
40.23,14,0,0,0,0,0,0,21.7,3,2,38.45,0
111.38,19,1,0,0,0,0,0,41.0,1,1,52.33,0
34.15,12,1,3,0,0,0,0,38.7,1,2,3.67,0
23.59,20,1,3,0,0,0,0,1.2,0,1,12.73,0
56.14,18,2,3,0,0,0,0,14.2,0,0,15.0,0
12.02,18,3,0,0,0,0,0,32.7,0,1,17.05,0
23.58,21,2,0,0,0,0,0,12.1,3,3,25.09,0
43.99,17,2,0,0,2,0,0,74.4,5,0,77.2,0
11.04,16,1,4,0,0,0,0,4.0,2,2,9.91,0
146.56,9,1,0,0,1,0,1,76.5,0,1,51.46,0
134.9,12,6,4,0,1,0,0,461.4,1,2,30.08,0
36.23,15,5,1,0,0,0,0,12.9,1,2,18.32,0
16.29,15,2,0,0,1,0,0,4.4,1,0,46.58,0
8.43,18,3,0,0,0,0,0,74.5,2,1,14.66,0
7.18,14,3,1,0,1,1,0,6.3,2,0,11.2,0
120.25,10,5,0,0,1,0,0,31.7,0,2,40.97,0
60.98,7,7,3,0,1,0,1,115.4,3,0,11.27,0
44.23,22,1,7,0,3,0,1,80.5,2,5,39.32,0
1745.71,23,4,4,1,0,1,1,270.8,0,1,13.73,0
8.3,17,2,0,0,0,0,0,18.5,0,1,41.34,0
53.65,11,3,0,0,0,0,0,105.2,0,0,118.69,0
33.59,11,0,0,0,1,0,0,13.3,1,1,37.7,0
17.05,13,2,2,0,0,0,0,48.0,1,1,42.65,0
123.07,21,1,3,0,0,0,0,88.5,3,2,3.13,0
15.33,14,2,0,0,0,0,0,3.0,1,1,73.48,0
35.15,10,4,1,0,0,1,0,51.2,3,3,4.36,0
71.57,10,2,0,0,0,0,0,0.8,3,2,6.57,0
13.69,21,2,0,0,0,0,0,88.2,0,2,26.22,0
8.42,15,0,2,0,0,0,0,36.5,0,1,126.59,0
5.5,13,1,1,1,1,0,0,9.6,2,3,15.38,0
14.16,15,2,1,0,0,0,0,31.4,1,0,4.83,0
31.13,13,1,2,0,0,0,0,46.4,1,1,55.17,0
8.39,14,2,1,0,1,0,0,14.5,2,3,10.19,0
9.21,9,2,2,0,0,0,0,67.9,2,2,5.89,0
28.21,15,1,0,0,0,0,1,17.4,1,0,57.53,0
20.96,14,3,0,0,0,0,0,66.9,0,0,6.5,0
28.77,13,2,2,0,0,0,0,83.8,1,1,9.13,0
75.96,19,1,4,0,1,0,0,53.8,0,1,47.01,0
54.67,11,2,1,0,0,0,0,124.6,1,1,3.61,0
10.56,21,5,3,0,1,0,0,74.7,1,2,44.81,0
644.37,23,10,9,0,5,0,0,607.9,3,2,30.08,0
33.9,20,4,3,0,0,0,0,17.3,1,2,71.61,0
11.88,16,2,1,0,0,0,0,15.3,0,1,9.7,0
499.52,5,7,7,2,6,0,1,168.9,4,7,13.33,1
30.77,18,2,2,0,0,0,0,20.3,0,1,21.53,0
22.42,17,0,1,0,1,0,0,62.3,0,3,16.67,0
7.83,17,3,0,0,0,0,0,5.8,0,0,12.41,0
47.56,12,1,0,0,0,0,1,66.3,1,1,40.11,0
12.48,16,1,0,0,0,0,0,24.7,3,1,8.69,0
201.9,21,1,0,0,0,0,0,328.9,0,1,11.29,0
45.82,13,3,1,0,0,0,0,10.2,1,3,4.76,0
221.98,5,7,9,0,3,0,1,64.2,2,5,28.39,0
46.08,20,2,0,0,0,0,0,100.6,0,2,45.94,0
32.53,10,1,2,0,0,0,0,2.4,1,0,26.36,0
19.8,18,0,2,0,0,0,0,18.3,1,0,97.06,0
54.31,19,1,1,0,0,0,0,68.9,0,3,22.24,0
81.48,9,2,0,0,0,0,0,139.6,0,1,34.29,0
95.67,20,3,1,0,0,0,0,9.3,3,2,115.46,0
34.24,8,2,1,0,0,0,0,2.8,1,0,24.8,0
54.0,14,1,1,0,0,0,0,83.3,2,3,8.51,0
27.71,15,9,2,1,2,1,0,28.7,1,3,5.69,0
43.01,16,3,1,1,0,0,0,73.7,1,0,21.89,1
59.67,17,3,0,0,0,0,0,7.8,0,0,5.97,0
12.46,17,3,1,0,0,0,0,12.9,1,0,88.77,0
70.3,19,4,0,0,0,0,0,64.2,1,2,31.56,0
8.4,15,0,0,0,0,0,0,29.8,2,2,32.66,0
27.78,19,1,1,0,0,0,0,58.2,0,2,17.05,0
25.62,20,5,2,0,0,0,0,39.4,2,1,8.26,0
53.27,17,0,0,0,0,0,0,197.9,1,1,62.09,0
6.28,20,2,2,0,0,0,0,4.7,1,2,3.22,0
52.5,19,0,0,0,1,0,1,45.6,1,3,29.35,0
17.23,20,1,0,0,0,0,0,11.2,1,2,13.15,0
66.34,18,3,1,0,0,0,0,50.4,0,0,15.73,0
13.32,20,1,0,0,0,0,0,20.3,2,4,8.89,0
186.51,15,6,0,0,0,0,0,31.9,1,2,21.05,0
37.14,12,1,3,0,1,0,0,58.8,3,0,93.34,0
10.02,20,3,1,0,1,0,0,251.4,3,0,32.08,0
7.15,15,2,0,0,0,0,0,3.2,0,0,2.85,0
26.44,19,2,0,0,0,0,0,59.2,1,1,42.58,0
9.12,15,6,0,0,0,0,0,5.8,1,1,17.16,0
13.74,14,0,2,0,0,0,0,43.0,2,2,11.59,0
11.85,13,2,0,0,2,0,0,2.7,1,2,67.74,0
4.05,9,2,2,0,0,0,0,51.7,0,1,4.24,0
83.09,10,5,1,0,2,0,0,30.4,3,1,23.97,0
25.23,16,0,1,0,0,0,0,6.0,1,2,18.86,0
12.03,14,1,2,0,1,0,0,28.3,1,0,4.26,0
3.36,12,1,0,0,2,0,0,30.4,0,1,5.36,0
40.33,12,1,0,0,0,0,0,18.8,0,3,3.36,0
24.18,20,1,0,1,0,0,0,19.8,2,1,24.22,0
47.15,13,3,2,0,0,0,0,18.2,0,2,19.6,0
69.59,15,2,1,0,1,1,0,5.2,2,1,69.49,0
28.5,20,6,0,0,0,0,0,163.5,1,3,36.36,0
34.74,19,4,2,0,0,0,0,131.3,0,2,40.71,0
119.28,9,3,0,0,0,0,0,43.8,1,3,9.87,0
65.84,9,2,0,0,0,0,0,6.0,1,2,10.98,0
16.8,15,2,3,0,0,1,0,30.8,4,1,54.69,0
20.59,19,4,3,0,0,0,0,40.7,2,2,67.55,0
18.73,18,4,0,0,0,0,0,16.9,1,2,37.54,0
14.77,17,3,2,0,0,1,0,105.3,2,3,39.75,0
20.51,11,1,1,0,0,0,0,38.1,0,0,37.09,0
68.07,20,3,0,0,0,0,0,12.7,1,0,13.11,0
37.79,14,2,1,0,0,0,0,5.5,0,1,18.48,0
14.74,17,1,0,0,0,0,0,34.4,0,2,28.43,0
40.6,13,1,1,0,0,0,0,23.4,1,1,12.02,0
49.27,16,0,0,0,0,0,0,56.1,1,1,4.22,0
59.62,15,3,0,0,0,0,0,47.5,1,1,98.5,0
50.21,12,3,0,0,0,0,0,36.5,3,1,13.7,0
20.06,11,1,1,0,0,0,0,0.3,3,3,24.57,0
55.21,20,0,0,0,0,0,0,50.3,1,0,32.58,0
16.12,18,0,1,0,0,0,0,1.3,1,4,18.31,0
20.43,14,2,1,0,0,0,0,125.3,0,3,14.93,0
14.46,11,2,0,0,0,0,0,38.8,0,0,32.89,0
31.83,21,0,1,0,0,0,0,0.3,1,2,62.84,0
32.55,18,1,1,0,0,0,0,10.6,0,1,17.17,0
27.95,16,0,0,0,0,1,0,64.4,1,2,30.73,0
34.99,17,1,1,0,0,0,0,89.6,1,0,66.45,0
71.48,9,1,1,0,0,0,0,58.9,0,3,311.18,0
24.1,15,1,1,0,1,0,0,134.2,1,1,19.72,0
116.53,18,2,0,0,0,0,0,133.0,0,0,35.56,0
16.8,18,1,0,0,0,0,0,17.4,0,1,17.66,0
141.93,19,1,0,0,1,0,0,28.0,3,2,11.65,0
17.43,9,2,4,0,0,0,0,20.8,3,2,39.71,0
21.31,18,1,1,1,0,0,1,28.7,0,1,22.03,0
18.17,17,1,2,0,0,0,0,5.5,0,1,18.6,0
25.41,14,0,2,0,2,0,0,111.6,2,1,39.29,0
68.15,18,3,0,0,0,0,0,34.6,0,4,17.06,0
20.62,10,2,1,0,0,0,0,67.1,3,1,43.62,0
46.88,10,5,2,0,0,0,0,37.5,3,2,54.83,0
17.1,9,2,1,0,0,0,0,47.3,1,1,35.44,0
10.63,21,1,1,0,0,0,0,61.9,0,1,3.49,0
33.15,14,2,1,0,0,0,0,18.6,1,0,15.7,0
13.2,12,1,1,0,1,0,0,4.9,1,1,9.45,0
45.27,16,2,2,0,0,0,0,76.3,1,0,60.58,0
21.21,18,0,1,0,0,0,0,45.0,3,2,12.87,0
32.6,13,2,1,0,0,0,0,51.2,1,1,33.95,0
388.65,16,7,9,4,4,1,1,120.9,5,2,31.13,1
9.06,11,2,3,0,0,0,0,23.0,0,2,18.36,0
30.21,11,3,1,0,0,0,0,63.6,0,0,23.58,0
22.91,10,1,1,0,0,0,0,73.5,1,1,28.23,0
10.35,12,2,1,1,1,0,0,62.7,2,2,27.88,0
37.19,9,3,2,0,0,0,0,20.0,1,3,41.94,0
122.53,13,3,0,0,0,0,0,94.0,0,1,65.78,0
14.91,10,1,0,0,0,0,0,26.6,0,2,61.39,0
44.64,14,0,0,0,0,0,0,3.4,0,2,4.75,0
21.17,10,0,1,0,2,0,0,39.5,2,0,32.5,0
42.87,15,4,0,1,0,0,0,6.6,0,1,17.74,0
92.35,18,2,1,0,0,0,0,10.5,1,3,18.77,0
12.17,8,1,2,0,0,0,0,77.7,1,2,13.7,0
25.02,12,1,0,0,0,0,0,94.7,1,0,31.93,0
147.5,11,6,3,0,1,0,1,281.6,1,2,32.4,0
12.31,18,1,1,0,1,0,0,5.8,0,2,156.69,0
40.18,9,2,1,0,0,0,0,88.3,1,1,146.0,0
10.66,14,3,0,0,0,0,1,124.8,1,0,9.25,0
171.6,9,1,1,0,0,0,0,68.5,0,2,104.12,0
52.93,18,1,0,0,0,0,0,59.5,3,2,49.2,0
243.75,0,0,5,0,1,1,0,311.4,4,2,23.45,0
17.48,15,2,3,0,0,0,0,2.5,2,1,22.22,0
10.55,18,0,1,0,0,0,0,27.6,1,0,76.42,0
44.24,16,2,2,0,0,0,0,4.0,1,2,19.85,0
18.42,13,1,3,0,0,0,0,36.5,0,1,16.48,0
12.31,9,2,0,0,1,0,0,10.0,1,3,28.29,0
47.67,14,2,0,0,0,0,0,4.5,2,3,8.68,0
9.08,20,3,1,0,1,0,0,39.8,1,3,35.37,0
38.15,10,0,5,0,0,0,0,7.1,0,1,13.02,0
83.01,11,1,2,0,0,0,0,56.0,0,0,22.99,0
71.9,16,0,2,0,0,0,0,121.3,3,0,13.28,0
9.29,14,3,3,0,0,0,0,36.6,0,0,21.96,0
43.61,17,4,0,0,0,0,0,20.4,0,1,15.7,0
23.61,16,3,0,0,1,0,0,23.3,1,2,6.24,0
32.09,9,0,2,0,0,0,0,29.2,1,3,27.07,0
136.83,11,3,1,0,0,0,0,12.7,1,1,33.89,0
93.24,16,3,2,0,0,0,0,1.8,2,2,4.75,0
37.37,12,1,3,0,0,0,0,73.9,2,0,16.91,0
19.0,19,4,2,0,0,0,0,70.5,3,0,7.67,0
71.59,21,2,1,1,0,1,0,59.5,1,0,6.54,0
29.12,20,2,0,0,0,0,0,4.1,0,3,13.93,0
16.74,18,1,0,0,1,0,0,80.5,0,3,30.14,0
9.49,9,1,2,0,0,0,0,4.4,2,1,19.75,0
34.8,13,5,2,0,2,0,0,11.3,1,1,41.0,0
11.23,16,3,0,0,0,0,0,64.6,0,0,52.26,0
18.13,19,1,0,0,1,0,0,52.2,2,1,55.97,0
11.25,9,2,1,0,1,1,0,7.3,2,0,48.8,0
120.7,21,5,6,0,2,0,0,95.3,3,1,34.56,0
71.01,13,2,0,0,0,0,0,43.2,1,1,7.25,0
1.78,19,2,0,0,0,0,0,4.3,1,2,64.98,0
11.68,17,4,1,0,0,0,0,2.8,3,4,44.6,0
43.24,19,4,1,0,0,0,0,25.6,3,2,6.33,0
41.29,18,2,1,0,3,0,0,2.3,1,2,40.82,0
33.93,9,0,0,0,0,1,0,4.3,1,4,6.36,0
16.68,18,5,0,0,1,0,0,16.2,2,1,33.34,0
27.54,9,2,2,0,1,0,0,22.4,1,1,14.7,0
21.68,10,3,1,0,0,0,0,24.4,0,1,475.33,0
3.49,19,1,1,0,1,0,0,4.9,4,1,10.73,0
47.19,9,0,1,0,0,0,0,38.8,1,1,5.33,0
12.89,13,5,1,0,0,0,0,6.8,2,2,26.46,0
6.32,15,3,2,0,0,1,0,19.2,1,3,20.27,0
12.23,18,2,0,0,0,0,0,73.8,0,1,42.88,0
12.95,13,3,1,0,0,0,0,73.2,2,1,29.16,0
46.55,19,1,2,0,0,0,0,31.3,1,2,25.38,0
24.75,20,3,0,0,1,0,1,10.6,1,0,10.78,0
13.77,10,2,1,0,0,0,1,136.4,2,2,58.29,0
23.87,14,3,3,0,0,0,1,27.0,1,1,25.42,0
28.37,9,1,0,0,0,0,0,10.3,1,2,113.44,0
14.85,21,2,0,0,0,0,0,14.8,1,1,16.28,0
133.87,9,6,6,3,2,1,1,279.9,2,6,11.52,1
28.47,17,3,1,0,0,0,0,20.8,1,1,11.31,0
38.98,18,0,1,0,0,0,0,69.7,1,3,16.23,0
6.93,18,2,3,0,0,0,0,20.3,3,3,29.29,0
26.0,14,0,0,0,0,0,0,7.0,1,1,51.88,0
49.58,15,4,1,0,0,0,0,91.9,0,2,4.86,0
8.64,12,1,0,0,0,0,0,51.3,0,1,73.23,0
5.68,17,3,0,0,2,0,0,15.7,1,3,12.53,0
52.17,20,2,1,0,0,0,0,5.4,3,0,26.06,0
30.73,9,1,1,0,0,0,0,7.1,1,1,9.64,0
4.8,18,1,1,0,1,0,1,4.7,0,1,31.86,0
16.02,17,1,0,0,0,0,0,11.3,0,1,149.49,0
7.2,11,1,1,0,0,0,0,35.9,0,2,15.57,0
29.1,19,1,0,0,0,0,0,2.0,1,2,59.44,0
23.6,9,1,1,0,1,0,0,2.2,0,2,24.85,0
12.47,14,1,0,0,0,0,0,27.6,1,3,52.65,0
12.04,18,3,1,0,0,0,0,47.1,2,1,13.79,0
8.67,18,3,1,0,0,0,0,85.3,1,3,16.43,0
39.44,16,3,1,0,0,0,0,28.0,2,3,15.54,0
32.52,20,2,1,0,1,0,0,0.4,1,4,62.34,0
7.39,21,0,3,0,0,0,0,52.1,4,3,15.03,0
29.09,19,2,2,0,0,0,0,45.8,0,3,16.29,0
19.72,18,6,3,0,3,1,1,149.6,2,3,16.89,0
35.88,16,3,0,0,0,0,0,16.7,2,1,8.28,0
25.71,9,3,2,0,0,0,0,5.4,1,3,218.62,0
29.11,16,1,0,0,0,0,0,65.0,2,2,126.85,0
12.24,14,0,0,0,2,0,0,47.8,2,0,12.58,0
48.5,12,3,1,0,0,0,0,18.3,1,1,20.88,0
14.17,13,0,0,1,0,0,0,15.3,4,4,13.05,0
30.43,9,3,0,0,0,0,0,23.1,4,1,35.65,0
11.9,19,0,0,0,1,0,0,80.0,2,1,10.71,0
13.61,12,2,0,0,1,0,0,140.5,3,2,21.83,0
20.45,15,2,0,0,0,0,0,33.3,3,3,41.05,0
24.23,14,1,0,0,0,0,0,58.1,1,0,28.19,0
19.69,21,2,2,0,1,0,0,42.9,1,0,5.89,0
13.0,20,11,9,1,3,0,0,950.7,4,4,59.6,1
7.86,21,3,2,0,0,0,0,5.4,4,1,31.96,0
42.78,19,1,1,0,0,0,1,47.3,0,1,89.83,0
17.22,8,3,0,0,0,0,0,42.7,0,4,17.5,0
63.49,16,1,0,0,1,0,0,31.9,2,2,7.53,0
70.46,20,1,1,0,1,0,0,206.5,3,0,10.9,0
62.52,14,4,0,1,0,0,0,241.5,1,1,38.84,0
42.74,12,5,1,0,0,0,0,58.3,1,1,198.18,0
19.42,9,2,0,0,0,0,0,7.7,0,2,65.12,0
12.94,9,2,1,0,0,0,0,35.7,0,0,6.86,0
67.28,11,6,3,1,0,0,1,36.4,1,2,31.7,0
13.37,9,2,2,0,0,0,0,127.6,3,1,20.45,0
15.08,17,0,0,0,1,0,1,52.3,0,2,13.27,0
289.01,14,3,3,3,2,1,0,201.5,1,3,18.94,0
46.06,16,3,0,0,0,0,0,18.1,1,1,6.45,0
26.29,8,2,2,0,1,0,0,148.7,0,2,190.33,0
17.79,12,4,0,0,1,0,0,111.6,2,2,8.59,0
15.65,16,1,1,0,0,0,0,18.4,1,1,9.64,0
40.58,10,0,1,0,0,0,0,19.2,3,0,32.19,0
10.37,18,2,1,0,0,0,0,18.7,0,4,20.07,0
7.43,20,2,1,0,0,0,0,24.4,2,5,57.49,0
25.63,20,1,0,0,0,0,0,37.5,4,0,7.31,0
31.52,15,3,1,0,0,0,0,40.6,0,2,3.38,0
20.59,21,4,0,0,0,0,0,80.0,0,1,11.44,0
20.54,3,7,5,0,0,0,0,190.7,2,0,17.18,0
38.73,20,3,1,0,0,0,0,37.5,3,1,106.96,0
23.97,17,1,0,0,1,0,0,47.3,0,0,8.16,0
6.73,12,1,2,0,0,0,0,98.5,0,0,12.22,0
13.66,19,3,1,0,0,0,0,46.1,0,4,22.37,0
48.52,16,4,1,0,2,0,0,49.8,0,0,37.27,0
48.67,12,2,0,0,0,0,0,119.8,1,2,45.55,0
10.67,14,0,1,0,0,0,0,23.8,1,4,11.15,0
48.33,10,1,6,0,0,0,0,53.5,1,2,10.22,0
6.79,15,1,2,0,0,0,0,0.3,1,0,71.26,0
31.49,14,3,1,0,0,0,0,63.3,1,0,9.33,0
23.8,9,2,1,0,1,0,1,56.1,2,2,65.82,0
141.91,17,4,1,0,0,0,0,58.8,2,1,6.93,0
16.41,9,2,4,0,0,0,0,63.1,0,1,63.11,0
295.51,16,2,1,0,0,0,0,55.5,1,1,40.98,0
10.89,20,1,0,0,0,0,0,9.3,0,4,27.25,0
323.35,16,2,0,0,0,0,0,99.0,0,3,5.05,0
55.85,15,2,0,0,0,0,0,9.0,1,0,43.53,0
8.4,16,2,1,0,1,0,0,15.6,2,1,8.88,0
100.25,19,1,0,0,1,0,0,2.0,0,3,46.37,0
34.38,12,1,3,0,0,1,0,33.4,0,1,16.1,0
115.65,14,6,5,0,2,0,0,94.4,1,3,5.56,0
126.98,20,3,0,0,1,0,0,72.5,3,2,82.79,0
51.58,18,1,2,0,1,0,0,18.2,0,3,47.63,0
9.99,16,5,3,0,1,0,0,19.3,3,1,23.77,0
13.19,19,1,2,0,0,0,0,117.0,0,1,72.34,0
54.59,8,1,1,0,0,0,0,32.4,1,1,35.61,0
22.23,9,1,0,0,0,0,0,23.9,0,2,17.82,0
11.9,10,4,2,0,0,0,0,26.2,1,0,31.42,0
32.71,3,8,5,1,1,0,0,297.0,1,2,63.52,0
10.8,20,3,1,0,1,0,0,119.3,1,1,15.77,0
4.6,12,3,1,0,1,0,0,18.6,2,3,52.01,0
17.33,12,1,1,0,0,0,0,58.5,3,2,23.9,0
85.15,8,0,1,0,0,0,0,34.8,1,1,55.04,0
12.13,18,4,0,0,0,0,0,65.9,1,2,33.13,0
53.53,20,3,3,0,1,0,0,33.3,2,0,15.25,0
17.63,16,2,1,0,1,0,0,25.2,1,1,17.93,0
42.98,9,2,1,0,0,0,1,42.0,2,3,11.46,0
304.81,5,9,5,1,5,0,1,205.8,1,8,34.39,1
99.5,17,1,1,0,1,0,0,115.6,1,2,24.18,0
16.18,13,2,1,0,0,0,0,10.7,3,1,35.17,0
31.14,15,0,0,0,2,0,0,154.9,0,1,18.39,0
46.45,17,1,1,0,1,0,0,24.7,0,0,10.41,0
21.02,16,3,0,0,0,0,0,52.1,2,1,42.25,0
19.08,20,4,2,0,0,0,0,103.1,2,3,16.05,0
3.29,11,1,1,0,0,0,0,1.7,5,1,30.6,0
5.31,16,2,1,0,0,0,0,5.6,0,3,12.38,0
16.66,14,2,0,0,1,0,0,21.7,0,1,12.04,0
27.38,17,0,0,0,0,0,0,2.7,0,1,10.88,0
18.21,14,0,0,1,0,0,0,82.0,0,1,11.01,0
381.22,16,1,1,0,0,0,0,7.4,3,3,22.7,0
13.83,11,2,0,0,0,0,0,45.5,0,1,21.25,0
17.45,15,0,0,0,0,0,0,6.3,1,2,8.16,0
109.74,12,2,1,0,0,0,0,1.3,1,1,31.5,0
67.91,10,1,1,0,0,0,0,77.7,1,3,46.77,0
18.55,14,2,2,0,0,0,0,85.9,0,0,62.64,0
21.13,12,2,3,0,1,1,0,8.9,0,2,5.52,0
17.9,20,3,1,0,0,0,0,13.4,0,5,28.13,0
10.12,2,7,5,1,1,0,0,310.1,4,3,233.77,0
24.98,12,1,0,0,0,0,0,67.2,1,4,58.58,0
110.98,8,1,0,0,0,1,0,100.5,0,3,7.77,0
67.1,9,2,1,0,0,0,0,45.6,2,1,15.26,0
20.84,13,2,2,0,0,0,0,7.1,2,0,25.62,0
14.9,14,3,2,0,0,0,0,48.5,1,1,6.13,0
8.79,19,2,3,0,0,0,0,78.3,1,2,27.66,0
8.72,18,2,0,0,1,0,1,101.3,2,2,13.36,0
12.01,15,1,2,0,0,0,0,43.3,0,3,278.0,0
54.71,9,1,3,0,1,0,0,85.9,1,5,46.09,0
3.31,17,1,3,0,0,0,0,12.2,1,1,234.22,0
28.12,19,3,1,0,0,0,0,2.8,1,0,48.96,0
13.19,18,6,3,0,0,0,0,29.3,4,2,35.31,0
6.91,19,2,1,0,0,0,0,261.9,1,2,15.17,0
63.15,18,5,0,0,0,0,0,41.8,3,1,151.55,0
14.0,9,2,0,0,0,0,0,13.4,3,3,17.51,0
55.86,8,0,2,0,1,0,0,3.1,0,2,33.32,0
41.39,21,3,0,0,0,0,0,31.1,2,2,23.86,0
85.92,16,2,0,0,1,0,0,25.8,1,1,51.5,0
5.12,11,3,1,0,0,0,0,14.0,3,1,46.5,0
42.29,17,5,2,0,0,0,0,23.2,0,2,30.76,0
5.47,20,1,0,0,0,0,0,56.7,1,2,8.48,0
41.25,10,0,0,0,1,0,0,0.3,3,3,64.33,0
20.23,12,3,1,0,0,0,0,7.0,2,1,11.2,0
5.86,10,3,2,0,0,0,0,6.8,0,0,5.69,0
78.71,16,1,0,0,0,0,0,9.6,1,2,11.36,0
37.74,19,2,0,0,0,0,0,18.8,3,1,51.63,0
94.94,13,2,1,0,3,1,0,671.2,0,6,13.21,0
8.16,18,2,2,0,0,0,0,52.8,0,2,81.36,0
10.49,10,1,1,0,0,0,0,222.9,1,1,153.95,0
103.76,19,0,1,0,0,0,0,20.8,1,0,20.58,0
15.38,16,3,0,0,0,0,0,20.3,1,1,8.75,0
18.9,11,4,0,0,0,0,0,34.8,3,2,15.27,0
16.63,20,1,1,0,1,0,0,60.9,0,2,27.68,0
13.17,18,3,2,0,0,0,0,86.1,2,0,6.37,0
94.34,7,3,2,0,2,0,1,49.4,0,4,56.24,0
12.19,17,3,0,0,2,0,0,12.9,1,3,7.48,0
16.3,9,0,2,0,1,0,0,24.1,0,0,55.33,0
12.14,19,0,2,0,0,0,0,16.5,1,2,44.14,0
26.56,9,3,1,0,1,0,0,108.0,3,4,2.14,0
14.72,9,3,0,0,0,0,0,56.2,2,2,63.73,0
135.64,21,5,0,0,0,0,0,2.2,0,1,6.4,0
12.76,13,2,1,0,0,0,0,109.8,2,0,19.66,0
40.21,20,1,1,0,0,0,0,77.7,2,2,9.75,0
131.69,20,3,1,1,1,0,0,38.8,1,1,9.03,0
109.99,20,8,4,0,0,1,1,15.2,2,2,54.75,0
12.81,20,5,2,0,0,0,0,2.6,2,3,6.04,0
9.81,11,1,1,0,0,0,0,35.7,2,1,101.74,0
16.62,9,1,1,0,0,0,0,38.8,1,4,69.85,0
38.47,20,2,1,0,0,0,0,102.0,1,4,74.33,0
86.72,18,1,1,0,0,0,0,6.8,0,1,9.29,0
26.26,13,2,2,0,0,0,0,14.0,1,0,17.96,0
26.92,9,1,0,0,0,0,0,99.9,1,1,14.81,0
20.14,9,3,0,0,0,0,0,15.4,3,1,39.87,0
3.18,12,5,1,0,0,0,0,82.3,1,2,5.99,0
15.75,20,1,0,0,0,0,0,49.8,1,1,38.46,0
19.64,8,0,2,0,0,0,0,86.1,3,1,38.54,0
59.74,19,4,1,0,0,0,0,14.8,0,1,80.09,0
29.71,9,3,0,0,0,0,0,135.0,1,1,81.92,0
332.89,4,7,4,0,3,0,0,72.3,6,5,3.65,1
47.41,13,1,1,0,3,0,0,115.9,1,1,11.14,0
84.66,17,3,1,0,0,0,0,25.5,4,1,29.47,0
72.22,9,1,1,1,0,0,0,82.7,1,0,73.92,0
141.62,19,3,0,0,1,0,0,47.1,2,4,41.3,0
12.08,20,1,0,0,0,0,0,105.3,2,2,26.36,0
94.99,21,6,1,0,3,0,1,195.6,2,3,25.45,0
9.22,13,2,0,0,0,0,0,75.7,0,0,32.21,0
75.41,20,2,2,0,0,1,0,91.6,0,4,19.86,0
126.71,18,11,3,2,4,1,1,287.5,1,2,55.98,1
34.37,11,1,2,0,0,0,0,35.3,3,3,25.36,0
127.32,8,6,9,1,1,0,0,171.2,1,1,21.22,0
34.38,12,2,1,0,0,0,1,32.6,0,2,108.53,0
49.06,9,2,1,0,1,0,0,40.6,1,1,20.31,0
29.29,19,2,0,0,0,0,1,124.1,1,2,200.91,0
19.03,18,3,0,0,0,0,0,52.2,2,2,73.75,0
7.89,20,3,2,0,1,0,0,83.3,0,3,10.57,0
532.72,5,9,5,0,3,1,1,201.2,3,3,11.05,1
52.69,13,2,1,0,0,0,0,17.6,0,3,78.67,0
7.76,9,2,3,0,0,0,0,90.4,1,0,14.14,0
25.84,16,0,1,0,0,0,0,9.0,0,1,64.71,0
12.07,19,4,1,0,0,0,0,28.3,1,3,32.67,0
30.52,16,1,1,0,1,0,0,29.5,2,0,139.18,0
11.45,9,2,0,1,0,0,1,237.3,0,0,5.02,0
22.1,12,4,3,0,0,0,0,77.8,5,4,9.32,0
1658.71,7,7,4,0,1,0,0,297.8,0,1,62.26,0
42.39,8,1,2,0,1,0,0,95.3,0,3,9.31,0
31.49,21,2,0,0,1,0,0,53.0,5,1,16.88,0
10.05,15,2,5,0,0,0,0,35.4,2,2,8.11,0
6.73,19,3,0,0,0,0,0,1.2,0,1,37.71,0
13.41,20,0,0,0,0,0,0,42.8,1,2,25.71,0
94.95,13,0,0,0,0,0,1,28.9,2,1,10.81,0
10.15,18,1,0,1,0,0,0,6.5,0,0,5.9,0
17.24,14,2,0,0,0,0,0,98.1,3,3,27.3,0
14.67,13,1,0,0,1,0,0,21.6,1,0,176.58,0
18.23,13,3,0,0,0,0,0,106.4,2,0,35.82,0
31.5,9,2,0,0,0,0,0,72.7,0,0,7.19,0
19.91,20,3,1,0,0,0,0,22.7,2,1,27.57,0
17.0,8,1,0,0,0,0,0,12.2,0,0,54.93,0
61.23,19,1,0,0,0,0,0,4.2,0,0,20.7,0
79.96,12,3,1,0,0,1,0,65.5,1,3,5.55,0
52.1,13,2,0,0,2,0,0,2.7,1,2,1.57,0
31.31,12,1,2,0,0,0,0,101.5,0,4,33.03,0
10.83,10,2,3,0,0,1,0,23.7,2,2,10.24,0
12.02,8,5,0,0,0,0,0,135.3,2,3,7.93,0
29.64,19,8,1,0,0,0,0,8.5,0,3,9.59,0
26.5,14,2,3,0,0,0,0,102.8,1,2,10.63,0
30.32,10,7,3,0,6,0,0,10.0,0,1,16.9,0
85.14,10,2,0,0,0,0,0,35.8,1,1,8.73,0
94.76,9,3,4,0,0,0,0,7.5,0,4,29.03,0
119.65,21,1,3,0,0,1,0,152.9,6,2,74.39,0
14.43,11,1,2,0,0,0,0,22.5,2,0,21.21,0
40.27,18,5,2,0,0,0,0,34.0,1,4,23.64,0
8.6,8,2,0,0,1,0,0,90.0,1,3,11.65,0
11.85,14,1,2,0,0,0,0,42.1,3,0,6.73,0
33.12,20,3,1,0,1,0,0,30.7,0,1,37.6,0
10.83,13,2,1,0,0,0,0,28.7,0,2,9.23,0
18.83,20,4,0,0,1,0,0,30.1,0,2,119.58,0
29.5,9,0,1,0,1,0,0,67.8,1,2,7.88,0
25.67,19,3,0,0,0,0,0,45.1,0,0,12.28,0
46.47,18,1,0,0,1,0,0,25.6,0,0,5.87,0
18.39,19,1,3,0,1,0,0,157.3,2,2,26.93,0
73.88,11,4,0,0,0,0,0,10.2,2,2,11.73,0
10.57,19,0,0,0,1,0,0,40.2,2,1,13.39,0
19.1,12,2,1,0,0,0,0,137.6,2,1,38.48,0
56.81,8,1,3,0,0,0,0,11.6,2,1,22.52,0
2.97,19,1,1,0,0,0,1,39.7,1,4,36.35,0
30.25,20,4,1,0,1,0,0,70.0,1,0,119.88,0
16.38,12,2,4,0,0,0,0,28.4,0,0,23.04,0
21.93,10,3,1,0,0,0,0,63.6,0,2,10.82,0
12.48,18,1,1,0,0,0,0,16.9,1,2,23.39,0
22.75,13,0,1,0,1,0,0,59.9,4,1,13.72,0
85.48,17,1,1,0,0,0,0,38.1,0,0,65.48,0
21.43,19,1,0,1,0,0,0,67.2,0,1,62.36,0
10.46,15,1,0,0,1,0,0,49.1,2,2,15.37,0
37.63,19,0,0,0,1,0,0,15.1,1,1,1.93,0
38.61,20,1,1,0,1,0,1,36.7,2,0,168.39,0
18.51,11,2,0,0,2,0,0,23.4,1,1,14.39,0
44.36,12,1,2,0,1,0,0,8.2,0,1,8.84,0
29.18,13,2,0,0,1,0,0,61.8,1,1,14.95,0
204.69,11,0,4,0,1,0,0,93.4,0,2,51.02,0
27.22,15,2,1,0,0,0,0,39.2,1,2,8.88,0
29.76,12,4,3,0,0,0,0,32.0,0,0,193.22,0
56.19,5,3,14,1,5,1,1,888.5,4,6,41.95,1
8.26,18,3,3,0,2,0,1,30.2,0,2,55.01,0
93.05,19,2,1,0,0,0,0,32.8,1,0,13.08,0
33.66,9,2,3,0,0,0,1,165.6,2,3,14.84,0
15.12,12,0,1,0,0,0,0,4.5,4,4,65.29,0
38.66,19,4,4,0,1,0,0,65.2,3,1,32.09,0
9.2,11,4,2,0,0,0,0,78.5,1,5,21.79,0
7.66,20,2,0,0,0,0,0,61.0,0,2,39.78,0
11.58,20,0,0,0,0,0,0,17.7,1,1,31.04,0
66.7,16,3,1,0,0,0,0,17.0,2,5,7.81,0
16.71,21,0,0,0,2,0,0,46.7,1,0,100.33,0
13.11,10,2,1,0,0,0,0,90.5,1,1,12.78,0
28.27,15,4,3,0,0,0,1,21.7,0,0,40.82,0
17.72,21,2,2,0,1,0,0,11.9,1,1,42.86,0
5.55,19,1,1,0,0,0,0,9.0,0,1,18.34,0
11.02,13,2,2,1,1,0,0,70.1,0,1,8.66,0
25.98,22,5,3,0,0,0,0,236.9,6,2,11.96,0
26.16,18,3,2,0,1,0,0,18.1,2,3,11.57,0
39.42,13,3,3,0,2,1,0,464.8,2,5,65.11,0
8.94,13,1,1,0,0,0,0,210.6,1,1,25.6,0
65.13,13,2,0,0,0,1,0,30.8,1,1,93.1,0
43.05,21,2,0,0,0,1,0,29.6,1,1,19.97,0
87.98,13,1,1,0,0,0,1,3.3,0,0,28.88,0
10.85,19,2,0,0,0,0,0,86.4,0,2,100.91,0
60.11,7,8,2,0,1,0,1,24.5,1,4,10.57,0
43.04,18,2,0,1,0,0,0,59.6,0,4,67.74,0
76.85,18,2,0,0,0,0,0,3.3,3,4,13.19,0
135.03,17,2,0,0,0,0,0,211.0,0,2,92.17,0
137.55,14,2,0,0,0,1,0,78.2,1,1,10.13,0
10.64,20,0,0,0,0,0,0,19.0,1,1,8.79,0
10.26,19,0,1,0,0,0,0,32.3,3,2,14.85,0
69.16,10,5,3,0,1,0,0,1.9,0,1,123.37,0
15.33,10,1,0,0,0,0,0,50.7,2,2,21.36,0
9.07,17,4,2,0,0,0,0,36.6,0,0,60.79,0
7.74,18,1,1,0,1,0,1,112.2,1,2,4.88,0
81.75,12,3,4,0,1,0,0,64.0,2,3,19.89,0
29.39,10,2,1,0,0,1,0,59.0,2,2,89.71,0
29.06,9,1,1,0,0,0,0,5.6,0,0,71.26,0
84.63,20,1,1,0,0,0,0,19.7,1,2,32.64,0
11.06,12,3,4,0,0,0,0,41.4,1,1,22.85,0
13.33,21,2,1,0,0,0,0,28.7,1,1,50.61,0
101.09,10,8,5,0,2,0,0,350.8,0,4,41.54,0
35.62,8,2,1,0,1,0,0,54.5,0,2,11.43,0
42.8,9,1,1,0,0,1,0,80.9,2,2,204.91,0
94.46,18,6,2,0,0,0,0,38.1,2,1,30.95,0
294.87,1,7,3,0,0,0,0,39.6,2,4,23.7,0
33.75,20,2,1,0,1,0,0,63.6,0,2,47.45,0
29.52,15,5,1,0,0,0,0,106.9,1,0,38.15,0
45.51,17,2,0,0,0,0,1,62.3,1,1,43.42,0
12.2,19,0,1,0,0,0,0,12.2,2,4,23.42,0
5.8,20,2,2,0,1,0,0,30.1,1,0,203.66,0
37.64,14,1,2,0,1,0,0,65.2,1,2,16.73,0
103.73,11,7,5,1,2,0,0,47.3,2,4,27.86,0
23.43,12,3,0,0,0,0,0,205.8,2,2,24.98,0
51.52,19,1,2,0,0,0,0,159.5,2,1,48.13,0
41.9,12,2,0,0,0,0,0,2.2,0,0,34.82,0
10.0,4,6,7,1,3,0,0,500.6,2,2,27.01,0
4.02,18,1,1,0,0,0,0,12.9,1,1,15.31,0
19.4,17,5,0,0,0,0,0,12.3,0,3,87.86,0
10.97,18,2,1,0,0,0,0,116.6,0,0,29.35,0
35.83,14,2,1,0,0,0,0,3.7,2,3,41.43,0
7.44,20,1,1,1,0,0,0,32.5,1,3,82.3,0
14.3,9,2,1,0,0,0,0,66.2,2,4,9.55,0
32.12,15,2,0,0,0,0,0,184.0,0,3,33.26,0
6.98,15,2,1,0,0,0,0,115.1,1,2,17.05,0
29.94,14,1,1,0,0,0,0,43.9,1,2,40.8,0
32.78,13,2,1,0,0,0,0,107.6,2,2,47.21,0
179.47,17,2,0,0,0,0,0,47.9,0,2,30.04,0
42.2,19,1,2,0,1,0,0,43.5,1,1,24.52,0
12.05,8,1,1,0,0,0,0,31.7,3,2,22.42,0
32.7,11,0,1,0,0,0,0,95.4,1,2,5.36,0
48.47,13,3,1,0,1,1,0,77.5,0,3,20.79,0
82.86,19,4,2,0,1,0,0,26.3,2,0,13.41,0
20.61,18,2,0,0,0,0,0,12.1,2,2,55.98,0
19.56,13,3,1,0,0,0,0,28.4,3,1,19.28,0
39.82,12,2,0,0,1,0,0,19.5,1,0,13.75,0
38.64,14,4,1,0,0,0,0,8.2,0,4,42.11,0
5.15,11,2,0,0,0,0,0,11.8,0,1,41.32,0
64.03,11,0,0,0,0,0,0,58.2,1,1,90.86,0
55.97,12,7,3,0,0,0,0,35.9,0,4,79.04,0
40.37,15,0,2,0,1,0,0,31.5,0,1,14.41,0
42.63,9,3,2,0,1,0,0,68.4,2,0,48.66,0
13.56,11,0,0,0,0,0,0,259.0,2,1,107.71,0
57.73,15,0,0,0,0,0,0,151.0,1,4,14.4,0
44.82,14,4,2,0,0,0,0,40.4,1,2,29.99,0
11.21,14,1,1,0,0,0,0,3.4,2,0,75.17,0
5.21,20,1,2,0,0,0,0,55.6,3,2,8.21,0
104.57,12,1,0,0,2,0,0,61.3,1,2,23.77,0
14.19,16,2,0,0,0,0,0,198.0,0,2,4.56,0
28.47,13,0,1,0,0,0,0,51.2,3,1,15.57,0
127.63,22,9,4,0,5,0,1,92.9,6,2,30.78,0
19.96,10,7,2,0,0,0,1,49.3,2,2,7.95,0
57.49,16,1,0,0,1,0,0,9.8,0,0,12.57,0
85.6,10,1,1,0,0,0,0,120.8,3,3,4.97,0
864.68,12,1,1,0,1,0,0,8.1,2,2,50.46,0
141.52,12,0,1,0,1,0,0,14.7,0,2,42.73,0
7.96,19,3,2,0,0,0,0,33.3,1,1,8.91,0
64.32,16,1,1,0,0,0,0,144.5,0,0,6.44,0
117.74,10,1,1,0,0,0,0,176.7,0,0,19.01,0
82.74,11,3,1,0,1,0,0,16.4,2,1,52.65,0
7.78,15,1,0,0,1,0,0,39.7,2,1,13.27,0
82.96,19,3,0,0,0,1,0,6.1,1,4,30.09,0
45.59,4,0,6,0,2,0,0,53.4,5,3,29.55,0
22.59,11,1,0,0,0,0,0,15.3,2,1,29.81,0
67.5,14,1,1,0,1,0,0,69.5,1,1,6.38,0
40.62,17,0,0,0,0,0,0,6.1,3,1,23.68,0
9.97,11,0,0,0,0,0,1,2.5,1,4,9.57,0
7.5,21,1,0,0,0,0,0,15.2,1,2,19.09,0
24.14,12,4,4,0,3,0,1,57.3,4,0,2.75,0
53.13,18,1,3,0,1,0,0,49.3,1,0,27.61,0
5.7,8,1,0,0,0,0,0,13.5,0,2,50.92,0
39.95,19,3,4,0,0,0,0,133.5,1,0,56.65,0
32.85,13,1,7,0,4,0,0,186.9,2,1,83.09,0
10.32,19,4,1,0,0,0,0,94.5,0,1,6.67,0
149.78,21,7,8,3,5,0,1,50.0,3,4,14.28,1
20.78,8,3,4,0,2,0,1,369.0,3,3,22.61,0
21.35,8,3,0,0,0,0,0,98.4,2,3,72.69,0
126.86,15,0,0,0,0,0,0,13.5,2,4,10.26,0
7.79,13,2,1,0,0,0,0,23.5,0,4,11.29,0
9.94,16,2,1,0,0,1,0,27.2,1,1,23.81,0
30.2,15,1,1,1,0,0,0,15.4,4,0,72.43,0
19.55,20,3,1,0,0,0,0,171.6,0,2,17.54,0
161.7,12,2,0,0,1,0,0,29.0,2,1,18.98,0
26.86,15,2,0,0,0,0,0,19.3,0,1,18.46,0
19.05,17,2,1,0,1,0,1,48.7,0,1,66.81,0
62.02,13,2,1,0,1,0,0,72.4,2,5,5.12,0
5.37,19,1,1,0,0,0,0,21.5,0,3,26.35,0
69.17,17,1,1,0,0,0,1,19.6,2,1,33.63,0
7.78,13,2,0,0,0,0,0,52.9,0,3,19.61,0
48.84,3,6,1,1,2,1,0,346.2,5,4,37.65,1
31.8,21,3,2,0,0,0,0,56.3,2,1,18.51,0
3.18,20,3,2,0,0,0,0,51.2,2,2,125.85,0
22.9,18,2,0,0,0,0,0,8.5,1,2,19.09,0
21.42,13,1,1,0,1,0,0,88.3,1,3,3.13,0
26.29,11,1,2,0,1,0,1,5.0,3,1,19.38,0
30.51,16,0,1,0,0,1,1,8.9,2,1,24.86,0
34.95,16,2,1,0,0,0,0,23.6,1,4,28.65,0
16.01,17,1,2,0,1,0,0,52.5,5,0,65.4,0
31.66,11,5,0,0,1,0,1,128.3,1,0,2.4,0
75.43,20,2,0,0,0,0,0,4.2,0,1,37.08,0
49.14,6,5,2,0,1,0,0,10.0,3,0,39.01,0
37.31,21,4,1,0,2,0,0,81.9,2,1,100.05,0
65.07,21,0,1,0,0,0,0,24.0,3,1,74.55,0
12.23,11,3,3,0,0,0,0,41.9,1,0,27.82,0
13.26,20,4,2,0,0,0,0,39.3,0,1,19.27,0
24.23,16,3,2,0,0,0,0,74.0,2,2,60.47,0
61.23,12,2,2,0,1,0,0,10.7,3,2,35.68,0
11.11,20,2,0,0,0,0,0,13.6,0,1,7.03,0
13.47,21,3,0,0,0,0,0,10.1,1,5,45.38,0
22.4,14,1,0,0,0,0,0,21.0,0,2,46.23,0
17.91,12,1,1,0,0,0,0,6.9,0,2,27.7,0
6.43,14,4,1,0,1,0,0,57.9,3,2,26.85,0
19.89,19,2,0,0,0,0,0,32.9,2,5,21.84,0
22.29,14,2,2,0,0,0,0,8.5,3,1,53.57,0
29.6,10,3,1,0,0,0,0,9.7,3,4,7.26,0
15.12,15,1,0,0,0,0,0,13.9,4,2,9.38,0
15.62,20,1,1,0,1,0,0,27.2,0,2,96.13,0
76.07,18,3,0,0,0,0,0,6.8,1,3,71.71,0
78.15,12,1,0,0,0,0,0,42.8,2,1,12.68,0
27.81,16,1,2,0,0,0,0,105.6,2,0,21.39,0
88.98,8,1,0,0,0,0,0,55.5,0,0,23.76,0
39.35,14,1,1,0,0,0,0,0.1,0,1,6.79,0
38.57,10,1,2,0,1,0,0,1.6,1,0,33.9,0
708.43,19,9,5,2,3,1,0,452.5,6,3,11.55,1
35.72,16,2,0,0,0,0,0,59.7,3,1,13.8,0
18.06,16,1,1,0,0,0,0,14.0,1,2,41.65,0
7.62,20,4,0,0,0,0,0,2.2,0,3,69.87,0
146.24,18,1,0,0,0,0,0,19.1,2,0,18.2,0
18.92,15,1,0,0,1,0,0,60.6,1,1,7.5,0
18.21,16,1,0,0,0,0,0,55.3,2,1,5.3,0
20.39,11,4,2,0,0,0,0,17.9,1,1,18.22,0
42.92,9,2,2,0,0,0,0,69.6,1,1,33.18,0
43.76,10,3,2,0,2,0,0,43.7,0,1,36.58,0
5.96,12,1,1,0,0,0,0,4.5,2,2,24.05,0
121.34,18,11,12,2,4,1,1,73.5,5,5,26.99,1
160.24,9,1,0,0,0,0,0,14.8,0,2,15.29,0
108.99,9,4,3,0,1,1,0,10.0,2,2,54.76,0
12.41,17,1,1,0,0,0,0,53.1,1,0,145.7,0
27.0,19,3,0,0,0,0,0,10.6,0,2,19.03,0
4.07,14,1,0,0,1,0,0,192.4,1,1,625.28,0
8.23,12,7,1,1,0,0,0,5.4,2,2,28.48,0
17.9,17,5,0,0,0,0,0,3.0,0,1,24.34,0
20.66,16,0,1,0,0,0,0,66.4,0,0,54.4,0
53.47,14,0,1,0,0,0,0,221.1,1,0,34.65,0
9.24,18,3,0,0,0,0,0,46.3,0,3,8.97,0
172.21,14,3,1,0,1,0,0,14.6,1,2,13.23,0
137.06,11,1,1,0,0,0,0,37.3,2,0,12.54,0
68.26,13,2,1,0,0,0,0,13.5,2,1,4.37,0
14.1,15,2,2,0,0,0,0,59.9,1,2,41.73,0
87.03,17,4,2,0,0,0,0,40.9,1,2,76.27,0
26.51,17,2,0,0,0,0,0,71.5,0,1,33.08,0
67.64,16,1,1,0,0,0,0,24.6,0,4,128.09,0
5.33,13,1,1,1,1,0,0,147.9,0,2,29.45,0
36.04,9,1,1,0,0,0,0,1.2,2,0,70.36,0
27.41,11,2,1,0,0,0,0,0.2,1,2,7.67,0
378.69,11,6,1,0,1,0,0,26.9,1,3,158.13,0
296.0,9,2,2,0,1,0,0,7.7,2,2,18.2,0
30.09,12,1,0,0,0,0,0,3.0,4,2,77.52,0
38.46,18,2,1,0,0,0,0,16.3,0,1,23.52,0
10.82,14,2,1,0,0,0,0,13.2,3,2,12.14,0
60.09,14,1,1,0,0,1,0,37.1,0,1,57.96,0
13.37,20,3,1,0,1,0,0,1.2,0,3,12.31,0
40.82,17,2,2,0,0,0,0,65.1,2,1,14.83,0
215.3,2,14,4,2,6,1,0,50.0,5,5,48.63,1
39.7,16,0,0,0,0,0,0,21.2,0,0,103.9,0
9.18,10,1,1,0,0,1,0,77.5,1,3,17.01,0
35.8,14,1,1,0,1,0,0,49.7,1,1,27.4,0
36.25,20,2,0,0,0,1,0,40.2,2,2,8.52,0
33.28,17,2,3,0,0,0,0,44.0,2,1,73.83,0
13.42,16,3,0,0,1,0,0,34.2,0,2,6.89,0
42.24,20,3,2,0,0,0,0,24.1,0,2,52.38,0
11.58,13,2,2,0,1,0,1,28.0,0,1,57.74,0
29.6,18,3,1,0,0,0,0,14.9,0,4,125.38,0
11.93,9,0,1,0,0,0,0,32.1,1,2,13.47,0
35.53,11,1,2,0,0,1,0,3.8,2,1,51.45,0
96.37,13,0,1,0,0,0,0,39.8,1,0,21.6,0
18.46,13,1,0,0,0,0,0,15.7,0,2,55.05,0
138.51,10,11,6,0,2,0,1,180.6,3,3,15.08,0
15.74,8,2,1,0,0,0,0,162.4,2,1,28.1,0
72.92,20,2,3,0,0,0,0,64.8,1,1,19.95,0
14.31,18,0,0,0,0,0,0,50.4,0,1,65.39,0
31.12,20,4,1,1,1,0,0,3.5,0,1,276.45,0
12.8,20,1,1,0,0,0,0,24.8,1,1,35.28,0
81.74,11,0,0,0,0,0,0,7.1,1,1,4.06,0
11.03,18,1,1,0,0,0,0,7.8,2,1,24.36,0
133.64,12,1,2,0,1,0,0,11.7,1,0,18.32,0
234.81,3,7,5,0,0,1,0,100.0,5,3,7.41,0
159.02,22,4,6,0,0,0,0,25.6,3,1,47.02,0
16.9,14,3,0,0,0,0,0,24.4,2,1,110.61,0
13.62,9,2,0,0,0,0,0,8.1,2,0,42.91,0
87.23,16,5,0,0,0,0,0,78.7,0,4,24.31,0
8.11,20,2,3,0,0,0,0,6.0,0,1,13.34,0
71.84,19,2,2,0,0,0,0,14.5,1,1,23.73,0
29.38,12,3,0,0,0,0,0,8.9,3,3,37.99,0
30.34,21,2,1,0,0,0,0,184.6,0,3,71.61,0
30.74,13,3,1,0,1,0,0,1.3,1,1,6.56,0
21.17,21,0,3,0,0,0,0,16.2,2,1,23.12,0
5.16,13,2,0,0,0,0,0,69.5,3,5,25.19,0
17.76,21,4,0,0,0,0,0,102.5,0,1,185.83,0
84.31,11,1,2,0,1,0,0,58.7,2,1,141.81,0
18.25,14,0,0,0,0,0,0,55.7,0,3,30.19,0
40.41,16,2,0,0,0,0,0,49.7,1,1,23.14,0
95.11,11,2,2,0,0,0,1,30.9,0,0,67.62,0
26.59,17,2,1,0,0,0,0,18.1,1,2,39.13,0
1.99,17,2,1,0,1,0,0,10.8,0,0,81.5,0
14.42,13,1,0,1,1,0,0,35.9,1,2,10.24,0
63.2,12,6,1,1,1,0,0,47.9,1,2,121.19,1
20.49,15,3,1,0,1,0,0,39.1,4,1,18.3,0
32.64,16,1,1,0,0,0,0,8.1,1,0,11.39,0
33.83,21,2,0,0,1,0,0,79.4,1,3,86.74,0
87.72,14,4,1,0,0,0,0,7.8,1,1,6.77,0
16.54,16,5,0,0,0,0,0,27.4,1,0,49.09,0
9.99,19,4,2,0,0,0,0,30.5,0,2,58.0,0
22.94,12,4,0,0,0,0,0,74.7,1,1,8.84,0
26.54,11,3,2,0,1,0,1,71.6,1,3,15.13,0
15.65,18,2,2,0,0,0,0,22.4,2,2,30.25,0
74.28,13,4,0,0,1,0,0,51.3,0,2,8.4,0
21.64,13,2,0,0,0,0,0,56.3,1,2,158.86,0
10.43,10,0,1,0,0,0,0,61.1,0,2,19.16,0
7.04,10,3,1,0,0,1,0,1.7,1,1,41.64,0
8.65,20,4,2,0,0,0,0,9.9,0,1,15.8,0
19.09,18,1,1,0,0,0,0,142.8,1,1,21.59,0
95.38,12,1,2,0,0,0,0,1.0,2,1,19.92,0
63.03,18,0,4,0,0,0,0,142.2,1,1,141.05,0
20.89,13,3,0,0,0,0,0,15.0,3,2,14.23,0
45.95,21,3,2,0,0,0,0,48.4,0,0,56.35,0
42.53,13,3,2,0,0,0,0,143.3,1,0,16.85,0
66.8,14,1,2,0,0,0,0,13.1,1,3,5.73,0
16.21,14,2,1,0,0,0,0,34.4,2,2,19.37,0
14.29,8,2,0,0,0,0,0,94.3,2,3,7.34,0
18.04,21,0,2,1,0,0,0,34.9,3,2,44.58,0
23.46,10,4,0,0,1,0,0,22.5,2,2,23.23,0
30.31,14,1,0,0,0,0,0,101.6,2,0,10.52,0
52.8,11,0,2,0,0,0,0,84.7,1,6,13.59,0
70.54,16,3,0,0,0,0,0,78.5,0,4,27.62,0
72.2,16,2,1,0,1,0,0,88.1,2,1,19.57,0
54.06,18,2,0,0,0,0,0,5.0,2,0,38.76,0
336.59,0,7,4,0,4,1,1,143.8,5,5,13.23,1
55.89,17,2,1,0,1,0,0,50.9,0,1,32.18,0
193.08,11,1,1,0,3,1,0,103.3,2,4,29.36,0
9.4,12,2,0,0,0,0,0,18.2,4,0,16.39,0
37.31,13,1,0,0,0,1,0,57.0,0,1,27.92,0
215.98,11,1,1,0,0,0,0,35.6,2,2,97.71,0
8.2,15,2,1,0,2,1,0,63.9,2,0,5.58,0
8.16,17,5,0,0,0,0,0,0.4,1,1,20.85,0
94.82,7,2,1,0,2,0,0,47.9,1,5,22.38,0
27.0,15,3,1,0,0,0,0,4.8,1,3,24.14,0
25.7,15,7,1,0,3,1,1,119.9,2,4,20.93,0
9.6,12,1,0,0,1,0,0,164.5,1,1,10.33,0
9.27,10,0,1,0,1,0,0,17.9,3,4,37.63,0
14.13,8,1,2,0,0,0,0,145.6,3,0,59.74,0
29.23,11,3,1,0,0,0,1,38.9,2,1,10.29,0
8.48,12,3,1,0,0,0,0,58.0,0,1,10.33,0
80.26,14,2,1,0,0,0,0,8.7,1,1,28.44,0
11.53,13,2,0,0,1,0,0,94.1,0,1,25.41,0
27.57,19,1,0,0,1,0,0,188.2,0,2,43.02,0
4.44,11,2,2,0,0,0,0,85.6,1,2,10.27,0
12.07,11,3,1,0,0,0,0,6.5,2,2,3.55,0
5.51,17,0,1,0,0,0,0,23.9,2,2,78.61,0
48.51,11,2,4,0,0,0,0,56.3,2,1,14.29,0
19.33,11,2,1,0,0,0,0,37.9,0,2,37.45,0
255.87,18,14,5,2,4,1,1,74.5,4,1,25.15,1
14.89,9,3,0,0,0,0,0,14.7,1,2,19.83,0
111.53,11,7,6,0,1,0,0,82.8,2,3,25.45,0
61.61,21,2,0,0,0,0,0,3.0,1,0,20.44,0
27.92,11,3,2,0,0,0,0,15.1,1,2,10.26,0
21.68,8,3,1,0,1,0,0,128.2,0,0,12.79,0
114.08,10,2,3,0,1,0,0,0.5,3,3,14.11,0
53.99,22,8,1,1,4,0,1,128.3,4,6,11.25,0
26.45,21,2,0,0,0,0,0,44.7,0,2,54.1,0
15.51,17,1,0,0,1,0,0,25.2,1,2,36.18,0
26.31,17,2,1,0,0,0,0,23.1,1,2,31.8,0
29.81,12,0,1,0,1,0,0,48.0,1,0,8.74,0
64.83,10,3,3,0,0,0,0,50.5,0,0,18.09,0
27.06,17,1,2,0,0,1,0,11.6,2,1,6.96,0
3.38,8,2,0,0,0,0,0,30.1,3,1,49.82,0
18.06,13,2,0,0,0,0,0,135.8,0,1,42.84,0
7.69,14,2,0,0,1,0,0,14.5,1,1,8.27,0
17.22,20,4,1,0,1,0,0,26.3,1,0,18.8,0
17.58,11,0,0,0,0,0,0,16.7,0,1,29.89,0
29.89,15,2,1,0,1,1,0,9.9,2,0,15.67,0
14.81,10,1,1,0,0,0,0,29.7,1,3,17.83,0
34.12,10,6,1,0,0,0,0,6.0,0,1,44.09,0
10.28,11,4,0,0,0,0,0,10.2,1,1,25.41,0
12.06,17,1,1,0,0,0,0,14.6,1,1,15.58,0
87.9,13,1,0,0,0,0,0,72.2,1,2,44.79,0
55.62,10,4,1,0,1,0,0,332.4,2,3,63.62,0
67.46,21,1,2,0,0,0,0,55.6,3,0,21.32,0
7.61,18,6,0,0,0,0,0,4.3,0,0,26.94,0
763.46,19,9,4,2,7,0,1,1198.9,6,6,11.02,1
90.96,13,2,1,0,1,0,0,99.9,1,3,8.08,0
87.3,15,4,3,0,0,0,0,83.0,1,3,20.75,0
89.12,11,3,1,0,0,0,0,50.4,1,0,22.38,0
77.22,17,3,1,0,0,0,0,13.9,2,2,70.19,0
215.87,17,3,3,0,0,0,1,211.4,0,2,9.01,0
19.86,14,1,0,0,0,0,0,7.7,0,4,36.05,0
11.02,14,0,2,0,0,0,0,40.2,0,1,11.36,0
15.62,15,4,1,0,0,0,0,6.7,0,0,45.03,0
56.18,13,2,0,0,1,0,0,5.4,1,2,112.99,0
4.18,20,3,0,0,2,1,1,22.4,0,2,31.78,0
140.18,19,0,1,0,0,0,0,7.5,1,1,113.2,0
9.77,9,4,1,0,1,0,0,65.7,1,0,27.62,0
13.09,10,4,0,0,0,0,0,57.0,0,0,62.61,0
12.91,14,4,3,0,0,0,0,15.9,0,0,81.97,0
18.76,16,2,1,0,1,0,0,27.4,0,1,24.49,0
44.14,13,1,0,0,0,0,0,175.2,0,1,58.45,0
83.14,2,2,6,0,5,0,0,64.2,1,3,46.39,0
4.26,8,3,0,0,0,0,0,33.0,0,2,10.14,0
43.36,10,1,1,0,0,0,0,29.5,0,1,68.24,0
37.91,14,2,0,0,0,0,0,1.5,0,2,13.97,0
41.15,7,7,11,0,3,0,1,50.0,6,4,13.95,1
26.4,9,5,2,0,1,1,0,41.4,1,2,46.72,0
111.3,18,0,1,0,0,0,0,9.1,0,0,178.72,0
21.34,18,3,0,0,0,0,0,34.7,1,1,32.38,0
51.05,20,3,0,0,0,0,0,127.6,1,2,72.47,0
12.12,20,0,0,0,0,0,0,30.3,1,2,6.69,0
57.77,13,2,2,0,0,0,0,24.1,2,0,37.39,0
8.76,15,1,1,0,1,1,0,55.7,1,0,10.53,0
84.13,17,4,0,0,1,0,0,26.1,2,0,16.05,0
32.96,13,2,0,0,0,0,0,12.3,0,2,14.86,0
62.79,12,1,2,0,1,0,0,33.8,3,0,7.72,0
35.6,10,3,0,0,0,0,0,52.4,2,0,24.21,0
27.36,12,0,1,0,0,0,0,21.8,2,1,36.88,0
12.58,9,2,1,0,0,0,0,15.5,1,0,14.13,0
183.09,16,0,1,0,0,0,0,39.5,0,2,9.93,0
60.87,12,2,0,0,2,0,0,18.0,1,1,14.53,0
26.64,16,0,5,0,2,0,0,73.4,2,1,17.96,0
28.17,21,1,1,0,0,0,0,36.3,2,1,14.65,0
8.01,17,3,0,0,0,0,0,2.9,1,1,44.85,0
13.34,9,1,0,0,0,0,0,1.1,0,2,13.57,0
112.84,7,5,3,0,1,1,0,26.4,3,4,50.07,0
58.52,16,1,3,0,1,0,0,80.7,1,2,5.36,0
17.46,10,0,2,0,0,0,0,72.1,2,0,7.69,0
39.23,17,4,1,0,0,0,0,9.0,1,0,10.63,0
122.84,10,1,1,0,0,0,0,76.8,1,4,51.41,0
75.51,8,2,0,0,0,0,0,19.6,1,0,44.05,0
16.29,13,5,1,1,1,1,0,45.8,0,1,33.12,0
32.13,13,4,1,0,0,0,0,48.6,0,1,8.68,0
16.21,14,0,0,0,0,0,0,28.0,0,2,8.29,0
204.54,10,6,8,0,2,0,0,81.4,7,5,139.4,0
22.11,10,3,2,0,2,0,0,109.4,4,1,21.46,0
65.5,14,1,3,0,0,0,1,19.1,1,3,9.15,0
21.19,11,2,0,0,1,0,0,12.4,1,1,21.93,0
6.34,13,1,2,0,0,0,0,36.6,2,1,23.71,0
157.71,3,6,2,1,0,1,0,67.1,1,1,43.48,0
9.61,19,3,1,0,0,0,0,10.0,3,1,5.45,0
27.93,11,6,5,0,1,0,1,69.2,2,3,9.38,0
16.16,11,4,0,0,0,0,0,44.0,5,2,78.39,0
87.08,20,0,1,0,0,0,0,27.5,2,2,11.78,0
3.5,20,1,0,1,0,0,0,80.1,0,2,22.03,0
9.0,10,3,0,0,0,0,0,22.6,0,1,7.74,0
5.75,10,2,1,0,0,0,0,69.9,0,3,73.95,0
46.55,19,1,0,0,0,0,0,7.3,1,0,14.03,0
75.06,21,0,1,0,1,0,0,25.1,1,4,4.62,0
14.83,16,6,1,0,0,0,0,43.7,3,1,10.09,0
15.97,18,3,0,0,0,0,0,36.8,1,0,22.75,0
7.66,12,2,1,0,0,0,1,4.4,0,1,15.48,0
8.31,18,1,2,0,0,0,0,19.6,1,3,31.74,0
12.95,19,2,1,0,0,0,0,225.1,0,3,11.61,0
11.28,10,2,2,0,0,0,0,324.9,1,2,18.13,0
88.21,21,1,0,0,0,0,0,16.6,0,5,34.02,0
26.44,19,0,2,0,0,0,0,20.5,1,0,57.32,0
54.72,20,0,0,0,1,0,0,124.3,1,2,12.81,0
85.13,12,8,7,0,3,1,0,114.9,1,4,31.93,0
28.0,18,2,0,0,0,0,0,98.2,0,1,26.03,0
6.92,10,1,2,0,0,0,0,32.1,1,0,22.82,0
114.02,15,2,0,0,0,0,0,16.2,3,0,9.28,0
144.04,19,3,2,0,0,0,0,12.7,2,3,34.64,0
269.6,6,8,4,2,3,1,0,284.4,5,6,29.27,1
27.76,9,4,0,0,0,0,0,52.4,2,2,68.02,0
153.88,16,4,1,0,0,0,0,135.1,1,2,4.9,0
27.18,13,2,1,0,1,0,0,29.5,0,1,7.43,0
96.77,14,2,2,1,0,0,0,4.1,0,1,44.27,0
15.5,15,2,3,0,1,0,0,49.0,4,2,52.26,0
20.61,13,0,1,0,0,0,0,102.9,0,0,35.67,0
44.59,20,0,1,0,0,0,0,34.1,3,2,40.24,0
98.15,9,4,0,0,0,0,1,50.3,1,0,3.41,0
20.47,14,1,0,0,0,0,0,21.6,1,4,8.82,0
12.13,9,5,6,1,0,0,1,149.2,3,3,61.69,0
56.23,18,1,1,0,1,0,0,57.4,2,1,65.02,0
51.17,15,1,0,0,0,0,0,64.5,2,3,10.42,0
25.73,19,2,0,0,1,0,0,38.9,0,2,35.41,0
3.85,19,2,0,0,0,0,0,19.2,2,0,103.38,0
18.01,14,2,2,0,2,1,0,51.9,1,3,21.53,0
191.13,17,4,1,0,1,0,0,146.6,1,1,36.68,0
5.08,11,2,1,0,1,0,0,16.1,2,0,62.95,0
21.16,12,0,0,0,0,0,0,38.7,2,0,62.5,0
21.82,10,8,3,0,0,0,0,47.7,1,0,10.76,0
3.7,20,4,1,0,0,0,1,6.3,3,1,7.42,0
47.11,11,1,1,0,0,0,1,9.7,2,0,10.36,0
15.34,9,3,1,0,0,0,0,77.5,1,4,10.4,0
37.57,14,3,1,0,1,0,1,175.4,3,4,13.4,0
24.84,20,0,2,0,0,0,0,7.1,1,0,27.33,0
7.46,19,1,1,0,0,0,0,14.0,1,2,60.52,0
14.11,12,2,0,0,0,0,0,3.2,1,0,10.19,0
17.09,18,0,0,0,0,0,0,50.0,1,4,5.03,0
18.7,14,4,1,0,1,0,1,66.0,2,0,15.1,0
85.78,9,8,7,2,2,0,1,410.0,6,6,31.48,1
15.16,17,5,4,0,0,0,0,24.4,1,2,22.44,0
49.72,17,3,0,1,0,0,0,68.5,0,1,25.92,0
46.68,17,1,0,0,1,0,0,22.4,1,0,49.21,0
68.13,10,2,3,0,0,0,0,56.6,1,2,10.45,0
66.98,21,1,0,0,0,0,0,45.4,3,1,45.34,0
30.76,12,4,0,0,0,0,0,38.3,0,0,43.02,0
16.81,16,4,0,0,2,1,0,47.9,1,2,113.9,0
9.58,14,0,2,1,1,0,0,53.6,3,5,14.67,1
27.37,20,2,0,0,1,0,1,82.6,2,1,22.19,0
74.63,10,2,1,0,0,0,0,105.2,1,2,10.12,0
9.95,14,5,2,0,0,0,0,22.5,1,2,4.07,0
4.24,17,2,1,0,1,0,0,73.6,1,0,4.85,0
1183.78,22,3,8,3,4,0,0,50.0,1,3,18.04,1
8.3,13,2,0,0,0,0,0,192.2,0,2,47.81,0
27.81,21,1,1,0,0,0,0,36.9,1,0,5.16,0
8.14,9,2,0,0,0,0,0,10.8,0,1,34.95,0
3.35,20,5,1,0,0,0,0,37.3,2,1,27.38,0
48.09,15,5,2,0,1,0,0,2.2,1,3,29.64,0
29.17,15,2,0,0,1,0,0,61.4,1,1,66.56,0
84.53,20,4,1,0,1,0,0,13.0,2,0,44.52,0
24.65,1,4,5,1,3,1,0,126.2,2,4,8.34,0
55.19,7,4,1,0,1,0,1,297.2,2,3,31.9,0
14.1,9,5,0,0,0,0,0,0.2,0,1,16.79,0
26.68,17,2,0,0,0,1,0,23.0,1,1,57.22,0
12.48,16,2,1,0,1,0,0,19.0,0,2,14.39,0
19.34,8,2,2,1,0,1,0,6.7,1,1,53.35,0
5.98,9,4,2,0,0,0,0,139.1,0,0,43.03,0
77.47,15,1,1,0,0,0,0,5.7,2,2,15.24,0
42.88,9,4,0,0,0,0,0,29.6,1,2,32.4,0
8.53,11,3,2,0,0,0,0,100.5,2,1,17.33,0
24.9,18,4,0,0,0,0,0,39.9,1,2,29.53,0
149.94,11,3,0,0,0,0,0,7.2,0,1,17.46,0
86.88,18,2,2,0,0,0,0,8.1,0,1,19.76,0
14.85,19,3,0,0,0,0,0,116.5,0,2,56.37,0
24.17,16,1,0,0,0,0,0,7.1,3,0,18.67,0
54.79,21,2,1,0,0,0,0,278.6,1,1,37.16,0
96.39,8,1,0,0,0,0,0,3.6,1,5,17.31,0
23.87,8,0,0,0,0,0,0,12.8,1,2,9.86,0
40.22,9,1,0,0,0,0,0,0.5,1,1,20.85,0
31.36,11,4,0,0,1,0,0,1.2,2,0,8.79,0
31.73,12,2,1,0,0,0,0,3.9,1,3,8.58,0
24.16,15,1,2,0,0,0,0,18.2,2,0,26.66,0
38.38,4,6,5,5,10,1,1,398.8,2,4,43.59,1
13.91,12,1,0,0,0,0,0,149.8,2,1,15.66,0
127.9,11,3,0,0,0,0,0,71.8,1,2,30.49,0
11.94,19,2,0,0,0,0,0,50.9,1,3,50.91,0
22.22,17,4,0,0,0,0,0,158.9,0,1,48.23,0
10.84,19,4,1,1,1,0,1,249.9,1,4,27.78,1
15.98,16,2,0,0,0,0,0,22.8,1,3,42.16,0
41.78,10,9,7,0,1,0,0,94.0,1,2,42.56,0
12.17,16,7,0,0,2,0,0,40.5,0,0,26.44,0
13.42,18,3,2,0,1,0,0,24.6,2,1,205.74,0
68.81,19,2,0,0,0,0,0,57.2,4,2,46.31,0
14.71,12,2,1,0,0,0,0,9.5,2,0,25.68,0
100.71,11,4,2,0,0,0,0,100.4,2,2,27.85,0
13.69,11,4,2,1,0,0,1,10.4,1,1,166.78,0
69.07,10,1,0,0,1,0,0,7.6,1,1,133.37,0
14.13,13,1,2,0,1,0,0,13.6,0,3,31.84,0
19.34,14,3,1,0,0,0,0,66.4,1,5,35.49,0
13.66,11,1,0,0,0,0,0,1.4,0,0,24.28,0
104.2,18,1,2,0,1,0,0,3.6,1,4,45.68,0
12.9,18,0,1,0,0,0,0,49.3,0,1,80.32,0
10.05,16,2,2,0,0,0,0,183.8,0,0,18.64,0
84.42,12,3,4,0,0,0,0,7.9,1,2,8.52,0
50.8,23,8,6,1,1,1,0,179.6,3,3,17.78,1
5.26,15,4,1,0,0,0,0,6.5,1,2,20.44,0
66.08,15,1,2,0,0,0,0,89.1,3,4,71.35,0
242.82,5,6,2,0,1,0,0,187.9,1,1,10.31,0
14.44,13,3,1,0,1,0,0,33.1,3,1,12.22,0
12.28,10,1,2,1,0,0,0,27.2,0,2,15.87,0
4.04,9,1,0,0,0,0,0,0.4,1,4,28.1,0
28.99,13,2,2,0,1,0,0,1.7,1,1,16.72,0
39.91,15,0,0,0,0,0,0,43.4,0,1,48.88,0
29.53,16,1,2,0,0,1,0,187.6,0,2,47.17,0
17.6,16,3,1,0,1,0,0,35.5,0,1,24.66,0
22.62,17,1,0,1,0,0,0,9.6,0,2,27.06,0
7.04,21,3,0,0,1,0,0,120.5,0,2,38.63,0
34.55,14,0,2,0,1,0,0,94.0,1,2,13.97,0
5.75,9,3,1,0,0,0,0,17.4,1,1,32.71,0
124.67,14,1,1,0,2,0,0,39.5,1,3,37.32,0
21.01,19,1,0,0,0,0,0,98.8,1,0,105.07,0
15.53,21,1,0,1,0,0,0,13.7,2,3,103.8,0
16.46,10,2,0,0,2,0,0,111.2,1,1,60.83,0
5.66,9,1,2,0,0,0,0,38.4,1,0,35.67,0
34.81,14,0,1,0,1,0,0,17.4,2,1,9.19,0
27.74,16,3,1,0,0,0,0,114.2,3,1,9.52,0
30.3,17,3,1,0,2,0,0,114.0,0,2,9.03,0
46.5,20,4,0,0,2,0,0,19.0,0,1,17.63,0
38.46,9,1,0,0,0,0,0,33.5,0,0,35.55,0
22.56,11,3,0,0,0,0,0,133.9,1,3,10.76,0
22.12,13,3,2,0,0,0,1,27.6,1,2,17.17,0
6.65,19,2,0,0,0,0,0,22.3,1,1,20.01,0
8.27,11,1,0,0,1,1,0,248.0,2,3,39.76,0
32.95,13,3,2,0,0,0,0,110.3,2,2,45.66,0
71.52,19,1,1,0,0,0,0,130.9,1,1,6.16,0
70.05,4,5,2,0,4,0,1,177.0,1,4,44.8,0
21.82,11,2,2,0,1,0,0,3.3,0,3,29.26,0
24.38,14,2,2,0,0,0,0,7.0,1,3,41.56,0
13.22,17,0,2,0,1,0,0,58.1,3,0,84.46,0
31.51,14,5,0,0,0,0,0,132.4,2,2,87.33,0
38.49,18,0,1,0,0,0,0,38.3,0,1,10.32,0
86.63,12,1,0,0,0,0,0,19.0,0,1,34.99,0
61.18,20,2,1,0,0,0,0,24.8,1,0,138.18,0
66.13,8,5,0,0,0,0,0,146.5,0,0,33.81,0
21.06,17,1,3,0,0,0,0,18.8,0,1,56.02,0
45.51,20,3,0,0,1,1,0,116.2,5,1,44.02,0
32.21,5,10,3,1,7,1,0,325.3,2,4,16.47,1
16.06,16,1,1,0,0,0,0,8.2,2,2,56.55,0
33.34,10,2,1,0,0,0,0,21.2,0,0,7.07,0
12.51,13,3,1,0,0,1,1,79.8,1,1,15.2,0
8.91,19,2,1,0,1,0,0,21.5,1,2,3.74,0
100.74,11,0,1,0,1,0,0,126.1,0,0,54.01,0
43.0,13,5,1,0,1,0,0,75.6,1,4,31.64,0
36.1,8,3,0,0,1,0,0,16.4,2,1,52.3,0
22.78,19,1,0,0,0,0,0,41.4,2,3,35.8,0
140.86,8,1,1,0,0,0,0,71.4,1,0,17.27,0
11.44,8,2,1,0,0,1,0,111.7,2,1,140.59,0
166.01,20,3,1,0,2,0,0,11.5,2,1,10.4,0
1762.1,6,6,5,0,1,1,1,236.6,3,5,85.37,0
69.81,13,3,1,0,0,0,0,21.0,1,1,167.88,0
20.61,15,1,0,0,0,0,0,8.5,2,2,13.29,0
16.59,5,3,4,0,2,1,0,110.9,1,0,21.53,0
100.22,3,11,7,0,5,0,1,262.1,2,4,10.89,0
10.02,17,5,1,0,0,0,0,6.5,8,0,33.56,0
41.11,10,1,1,0,0,0,0,8.9,2,1,12.14,0
31.22,16,2,0,0,0,0,0,6.3,1,2,33.33,0
162.55,9,4,0,0,0,0,0,103.9,1,1,24.77,0
124.74,8,5,1,0,1,0,0,14.1,2,0,10.79,0
144.05,9,2,2,0,0,0,0,91.6,1,2,23.59,0
35.54,12,0,1,0,1,0,0,25.1,1,1,10.29,0
8.68,14,3,2,0,0,0,0,67.1,0,1,8.91,0
21.47,14,2,0,0,0,0,0,16.2,1,1,406.31,0
14.01,16,5,1,0,0,0,0,2.6,0,2,17.96,0
41.88,20,3,0,0,1,0,0,3.1,3,1,21.79,0
16.32,20,1,0,0,0,0,0,82.0,1,0,12.09,0
15.81,15,2,0,0,0,0,0,20.0,1,0,9.13,0
31.93,21,2,1,0,0,0,0,17.2,0,0,14.77,0
38.41,9,2,1,1,0,0,0,16.6,1,2,31.62,0
52.32,9,6,2,0,0,0,0,6.1,2,3,89.45,1
24.44,17,3,2,0,0,1,1,42.0,3,0,52.69,0
9.56,15,1,1,0,1,0,0,47.7,1,1,89.1,0
16.51,9,0,0,0,0,0,0,17.1,1,0,15.97,0
4.22,9,1,0,0,0,0,0,46.9,2,0,90.25,0
173.22,16,1,1,0,0,0,0,71.0,2,1,19.06,0
25.73,18,4,2,0,0,0,0,20.5,2,2,64.34,0
6.55,17,0,0,0,0,0,0,15.3,3,2,45.33,0
40.21,12,3,5,1,3,1,0,399.9,2,7,38.66,0
20.45,18,2,1,0,0,0,0,32.1,1,1,70.65,0
27.04,21,2,0,0,1,0,0,73.2,0,0,36.03,0
124.46,20,6,1,0,0,0,0,15.6,0,0,15.19,0
15.71,17,5,2,0,2,0,0,18.8,2,1,16.02,0
69.89,18,2,2,0,1,0,0,32.2,2,3,19.96,0
12.55,15,3,4,0,0,0,0,31.0,2,3,23.17,0
11.81,14,3,0,0,0,0,0,28.1,2,4,55.74,0
108.11,12,4,0,0,1,0,0,52.0,1,1,453.98,0
22.93,20,0,0,0,0,0,0,0.2,2,0,8.55,0
6.86,13,2,1,0,0,0,0,52.1,2,0,88.29,0
105.16,2,4,8,4,3,1,0,537.6,1,8,6.56,1
51.35,16,7,3,0,0,0,0,36.2,1,1,175.79,0
54.62,20,0,3,0,0,0,0,2.7,2,2,87.56,0
27.69,14,1,1,0,0,0,0,102.7,1,2,14.36,0
16.72,0,6,9,2,3,1,1,87.6,4,7,20.41,1
61.45,17,1,1,0,0,0,0,16.8,0,0,10.41,0
13.51,19,3,1,0,0,0,0,121.2,3,1,13.94,0
76.33,18,2,0,0,0,0,0,68.2,2,1,3.75,0
25.33,19,3,0,0,0,0,0,5.5,3,1,17.58,0
5.95,20,4,1,0,0,0,0,7.5,3,2,76.86,0
27.97,12,1,3,0,0,0,0,21.8,4,2,39.97,0
31.77,20,3,2,0,1,0,0,81.8,1,1,40.05,0
28.15,16,1,2,0,0,0,0,22.7,3,2,18.49,0
46.92,19,2,2,0,0,0,0,13.7,1,2,6.27,0
30.08,9,3,1,0,1,0,0,85.7,2,2,17.71,0
45.11,13,8,0,0,1,0,0,47.3,0,5,34.58,0
12.17,19,6,1,0,0,0,0,6.7,1,2,40.6,0
58.9,8,2,3,0,0,0,0,0.6,2,1,10.31,0
38.29,15,3,2,0,0,0,0,20.0,1,1,35.55,0
43.76,9,1,2,0,0,0,0,42.6,1,0,7.52,0
13.28,14,2,1,0,0,0,0,31.0,0,3,16.73,0
4.76,10,2,0,0,0,0,0,6.7,2,1,40.29,0
29.17,13,3,1,0,0,0,0,14.7,1,1,40.95,0
172.59,9,4,6,0,1,1,1,194.6,4,1,53.36,0
36.01,15,3,3,0,0,0,0,78.9,0,3,37.82,0
18.2,14,1,0,0,0,0,0,18.4,3,2,4.61,0
45.65,14,1,4,0,0,0,0,39.8,0,2,178.06,0
17.2,19,2,0,0,0,0,0,180.6,3,3,17.69,0
17.42,9,0,0,0,0,0,0,141.7,2,0,16.8,0
17.09,13,1,1,0,0,0,0,13.9,1,2,89.66,0
34.17,19,3,3,0,0,0,0,11.4,0,4,13.47,0
101.12,10,3,1,0,0,0,1,33.2,1,2,4.26,0
137.56,14,2,1,0,0,0,0,24.9,3,1,23.57,0
17.27,21,1,0,0,1,0,0,9.9,0,2,44.79,0
11.75,17,2,1,0,1,0,0,35.1,1,2,151.15,0
107.56,1,12,4,1,7,1,1,57.1,7,1,41.49,1
17.88,16,1,3,0,0,0,0,29.9,0,2,86.01,0
53.04,15,3,0,0,0,0,0,92.7,0,2,39.75,0
14.24,10,4,2,0,0,0,0,7.3,0,1,12.11,0
48.29,17,4,1,0,0,0,0,9.8,1,0,16.68,0
77.0,22,8,2,0,1,0,1,333.8,6,5,29.68,0
26.93,9,2,2,0,1,0,1,0.8,1,4,13.49,0
51.79,15,3,1,0,0,0,0,59.9,1,4,38.09,0
43.97,16,1,2,0,0,1,0,14.2,1,1,66.65,0
18.03,12,3,1,0,0,0,0,13.3,2,1,36.22,0
33.24,20,1,1,0,0,0,0,21.1,3,1,26.11,0
43.19,18,2,0,0,0,0,0,107.7,2,1,42.1,0
5.55,19,3,0,0,0,0,0,68.4,0,3,39.19,0
104.3,18,6,6,0,2,1,1,71.4,2,4,11.76,0
9.25,18,3,0,0,0,0,0,72.2,0,1,5.13,0
17.32,18,1,1,0,0,0,0,14.0,0,1,46.64,0
175.87,11,2,0,0,0,0,0,318.1,1,1,9.08,0
61.13,19,2,2,0,0,0,0,7.5,2,1,23.91,0
2.01,18,3,1,0,0,0,0,16.9,0,2,3.61,0
19.92,11,3,0,0,0,0,0,24.5,2,2,22.86,0
17.31,19,0,0,0,0,0,0,77.5,1,0,42.01,0
40.79,17,2,1,0,0,0,0,11.5,0,2,61.83,0
12.99,16,0,2,0,0,0,0,57.1,1,0,5.01,0
15.05,15,4,3,0,0,0,0,1.7,1,1,18.93,0
28.95,12,4,1,0,0,0,0,103.0,0,0,66.44,0
27.93,17,3,2,0,0,0,0,84.7,1,2,12.93,0
26.53,17,1,0,0,0,0,0,30.9,2,0,65.38,0
95.7,0,2,5,2,5,1,1,457.6,6,5,5.11,1
151.01,15,7,6,0,6,1,0,147.8,2,4,28.22,0
108.85,21,3,6,1,2,0,0,110.3,4,1,75.2,0
12.39,11,1,1,0,1,0,0,32.4,2,1,38.21,0
101.1,10,6,4,0,0,1,1,60.8,3,1,18.59,0
8.33,17,3,0,0,0,0,0,37.2,0,1,26.68,0
20.69,15,8,5,0,3,0,1,136.2,2,1,82.58,0
34.61,11,2,2,0,0,0,0,148.5,2,2,41.4,0
84.3,16,5,5,1,4,0,0,536.3,3,0,5.3,0
8.22,19,3,2,0,0,0,0,18.5,1,1,23.88,0
36.76,18,0,4,0,0,0,0,134.4,2,3,13.45,0
137.68,15,0,2,0,0,0,0,47.2,0,0,20.68,0
8.37,11,2,2,1,2,0,0,102.8,0,1,59.95,0
9.87,18,2,2,0,0,1,0,49.1,1,1,12.43,0
13.43,16,2,1,0,0,0,0,26.3,0,0,23.29,0
91.63,11,2,3,1,1,0,0,54.2,1,1,23.68,0
70.17,18,2,1,0,0,0,0,0.7,1,4,14.36,0
97.4,10,3,2,1,0,0,0,205.0,2,2,8.18,0
8.78,17,2,1,0,0,0,0,47.6,0,0,41.36,0
13.32,15,2,2,0,0,0,0,81.5,2,3,183.71,0
53.09,10,1,3,0,0,0,0,31.6,2,3,73.07,0
69.79,12,1,1,0,1,0,0,110.2,1,3,8.42,0
53.8,16,1,2,0,1,0,0,146.2,2,1,41.3,0
27.34,20,0,0,0,0,0,0,47.9,0,3,28.92,0
42.75,1,1,2,0,3,1,0,326.6,1,3,7.93,0
4.38,19,2,2,0,0,0,1,5.9,1,2,17.02,0
147.6,18,7,7,0,3,0,1,10.2,1,2,6.1,0
7.65,12,3,0,0,1,0,0,5.4,3,0,12.73,0
57.8,14,0,1,0,0,0,0,59.6,2,2,42.74,0
60.6,16,6,4,1,2,1,1,283.8,3,3,27.99,1
18.23,17,0,2,0,1,0,0,125.3,2,0,33.95,0
15.23,13,3,1,0,1,0,0,54.2,0,0,43.54,0
63.54,20,0,3,0,0,0,0,5.7,1,3,33.51,0
49.58,20,1,1,0,1,0,0,52.7,1,0,52.06,0
29.09,18,1,1,0,0,0,0,54.6,0,1,41.9,0
21.7,17,3,0,0,2,0,0,2.0,3,0,302.99,0
13.82,10,4,1,0,2,0,0,50.4,1,0,55.18,0
22.22,18,2,0,0,0,0,0,11.9,2,3,52.04,0
2.08,19,2,1,0,0,0,0,13.5,1,0,12.55,0
14.01,15,4,0,0,0,0,0,8.0,1,3,6.97,0
18.38,5,6,1,2,2,0,0,35.3,4,6,105.64,0
26.65,19,0,1,0,0,0,0,7.7,0,2,2.77,0
25.82,15,7,4,1,2,0,0,222.7,3,5,18.55,0
22.6,10,3,3,0,0,0,0,12.7,1,2,54.36,0
5.71,9,4,0,0,0,0,0,118.4,1,2,14.45,0
17.95,18,0,2,0,0,0,0,63.2,0,6,4.26,0
9.91,18,1,4,1,0,0,0,52.0,1,1,42.13,0
42.51,19,2,0,0,0,0,0,45.2,0,0,24.75,0
29.82,12,0,1,0,0,0,0,46.0,2,2,66.93,0
141.28,9,0,0,0,0,0,0,9.1,1,3,25.41,0
93.92,13,3,0,0,0,0,0,100.5,1,2,14.27,0
647.4,13,3,3,0,0,1,0,33.7,2,4,18.6,0
49.58,13,4,1,0,0,0,0,40.8,4,0,25.26,0
199.46,9,3,4,0,5,0,0,35.8,2,6,56.23,0
25.04,20,4,0,0,0,0,0,74.5,1,2,52.14,0
124.69,10,3,1,0,1,0,1,10.0,0,0,57.7,0
30.73,19,3,1,0,0,0,0,20.6,1,0,4.7,0
13.22,17,1,0,0,1,0,0,5.8,1,1,8.33,0
38.15,17,2,1,0,4,0,0,316.5,2,4,37.0,0
8.72,11,1,0,0,0,0,0,86.9,1,1,10.73,0
176.17,15,12,6,1,1,0,0,101.2,1,4,34.8,0
19.06,13,1,0,0,1,0,0,15.2,1,2,19.21,0
54.32,17,2,1,0,0,0,0,73.6,1,1,82.13,0
11.7,11,2,0,0,0,0,0,12.7,3,0,13.11,0
97.76,11,4,1,0,1,0,1,30.2,2,1,19.49,0
19.9,11,5,1,0,0,0,0,17.7,0,2,4.46,0
17.22,19,1,2,0,0,0,0,29.2,0,1,18.98,0
9.3,12,0,0,0,0,0,0,3.1,4,2,32.19,0
24.95,13,0,1,0,0,0,0,14.6,0,1,161.2,0
51.66,16,1,2,0,2,0,0,9.7,2,2,11.33,0
15.47,21,1,0,0,0,0,0,7.5,0,0,25.7,0
274.97,10,3,0,0,2,0,0,10.1,1,0,14.85,0
28.13,17,4,1,0,0,0,0,49.8,1,2,9.81,0
4.64,19,2,1,0,0,0,0,9.1,3,0,22.83,0
18.11,10,2,6,0,3,0,0,327.7,4,2,12.93,0
12.99,9,2,0,0,0,0,0,18.6,1,0,10.38,0
30.11,11,2,2,0,1,0,0,14.1,2,3,38.18,0
12.03,12,2,1,0,0,0,0,21.9,2,2,31.93,0
27.12,21,0,0,0,2,0,0,48.7,1,1,36.02,0
29.25,9,7,1,0,0,0,0,2.1,0,2,49.86,0
61.37,16,3,0,0,0,0,0,105.5,0,1,164.58,0
564.33,10,5,6,0,2,0,1,203.2,3,1,16.38,0
5.47,15,1,1,0,1,1,0,86.6,1,0,52.12,0
33.98,11,1,0,0,0,0,0,4.2,1,3,25.27,0
9.71,18,4,2,0,1,0,1,2.9,2,2,80.58,0
37.81,11,0,0,0,0,0,0,58.5,0,1,20.97,0
41.92,16,3,0,0,0,0,0,89.2,2,1,62.45,0
51.98,12,1,2,0,0,0,0,79.3,1,1,43.77,0
62.25,21,0,2,0,1,0,0,58.5,0,0,47.69,0
10.18,17,4,0,1,1,0,0,24.7,0,2,29.58,0
137.11,9,3,0,0,0,0,0,17.4,2,4,40.53,0
24.55,15,0,1,0,0,0,0,24.7,1,0,16.44,0
3.34,20,3,1,0,0,0,0,9.6,1,2,11.61,0
3.45,20,0,2,0,0,0,0,78.1,1,2,3.08,0
3.78,10,0,0,0,1,0,0,4.8,1,1,25.61,0
18.6,12,1,3,0,0,0,1,10.8,2,3,8.65,0
42.68,17,3,0,0,0,0,0,133.3,2,2,41.75,0
6.91,15,2,0,0,1,0,0,43.0,2,2,242.75,0
1.11,12,0,1,0,0,0,0,17.9,1,2,22.55,0
19.19,12,1,1,0,0,0,0,130.2,1,1,35.75,0
8.42,10,2,0,0,0,0,0,76.0,1,3,42.27,0
70.31,11,2,2,0,0,0,0,29.2,3,3,75.69,0
68.22,16,2,2,0,0,0,0,29.6,0,0,9.09,0
3.39,13,3,4,0,0,0,0,12.2,2,2,46.0,0
42.43,11,1,1,0,0,0,1,82.8,1,3,9.48,0
26.65,16,1,0,0,1,0,0,15.0,0,2,15.48,0
100.98,8,2,1,0,2,0,0,33.4,0,1,45.58,0
122.05,19,2,0,0,0,0,0,150.6,1,1,17.82,0
43.11,12,2,2,0,2,0,0,88.1,2,2,33.54,0
4.83,9,2,0,0,0,0,1,9.4,0,1,10.33,0
13.86,20,2,2,0,0,0,0,136.4,0,1,412.97,0
121.4,6,8,7,0,1,0,0,77.8,2,4,31.07,0
62.64,14,2,0,0,0,0,0,7.7,0,1,35.96,0
17.48,14,3,2,0,0,0,0,55.4,0,1,27.71,0
11.91,18,0,3,0,0,0,0,15.7,1,2,19.52,0
18.19,8,2,0,0,0,0,0,44.4,2,0,89.8,0
34.2,22,4,4,0,1,1,0,199.7,0,2,28.84,0
75.34,16,1,1,0,1,0,0,17.6,2,3,77.84,0
129.56,11,0,1,0,0,0,0,226.9,0,0,17.31,0
26.16,9,0,1,0,0,0,0,9.2,0,0,31.27,0
14.91,13,1,1,0,0,0,0,56.2,1,2,17.15,0
29.73,12,2,2,0,0,0,0,4.3,0,1,48.96,0
4.74,19,1,2,0,0,0,0,305.9,3,2,24.4,0
26.45,10,3,2,0,0,0,0,86.9,1,1,7.72,0
47.99,15,1,0,0,0,0,0,8.7,0,3,46.54,0
32.02,19,0,1,0,0,0,0,8.1,2,2,71.36,0
28.08,11,1,0,0,0,0,0,7.7,1,2,40.68,0
35.98,12,3,1,0,0,0,0,53.5,0,4,8.07,0
29.63,9,1,1,0,0,0,0,80.0,3,2,29.28,0
53.9,16,5,0,0,1,0,0,71.5,2,1,32.46,0
30.08,19,1,0,1,1,0,0,59.0,0,2,24.73,0
26.77,14,1,0,0,0,0,0,3.0,1,2,90.55,0
17.67,13,1,0,0,0,0,0,94.9,0,0,56.5,0
44.82,13,3,0,0,1,0,0,53.0,1,1,4.21,0
167.08,18,1,2,0,0,0,0,8.3,1,1,50.97,0
15.3,14,5,0,0,1,0,0,14.7,1,1,85.45,0
234.66,20,0,0,0,0,0,1,97.8,0,1,56.49,0
11.9,14,2,1,0,0,0,0,36.2,1,1,100.55,0
6.18,20,3,2,0,0,0,0,1.3,1,1,11.37,0
38.43,10,2,1,0,0,0,0,8.6,0,0,11.56,0
29.98,17,3,2,0,0,0,0,12.4,1,0,11.59,0
14.68,13,2,0,0,0,0,0,57.2,2,1,29.4,0
5.63,17,0,2,0,1,0,0,28.7,2,0,22.6,0
190.05,11,7,5,0,5,0,1,157.3,3,1,8.72,0
91.34,20,2,2,0,0,0,0,64.6,3,1,32.71,0
21.07,10,1,3,0,0,0,0,44.9,4,1,3.26,0
142.71,9,2,1,0,0,0,0,27.5,1,1,64.6,0
30.05,12,1,1,0,0,0,0,86.9,2,0,81.24,0
24.27,15,3,2,0,1,0,0,29.2,1,1,31.72,0
3.85,21,0,0,0,0,0,0,263.1,1,4,12.57,0
8.22,13,1,2,0,0,0,1,68.8,1,2,38.89,0
150.82,13,7,6,3,6,1,1,78.9,4,4,7.49,1
27.43,19,3,0,0,0,0,0,71.9,1,0,28.15,0
34.64,13,1,1,0,1,0,0,39.0,1,0,50.65,0
8.14,11,1,1,0,2,0,0,17.7,1,1,30.13,0
15.2,19,1,0,0,1,0,0,8.3,0,1,3.48,0
367.59,16,8,5,0,2,0,0,362.6,3,2,18.18,0
42.85,15,2,1,0,0,0,0,2.1,3,2,2.53,0
44.98,9,0,0,0,0,0,0,26.3,1,2,9.78,0
29.03,15,2,0,0,0,0,0,42.0,4,0,18.73,0
114.23,14,2,0,0,1,0,0,63.8,3,1,24.49,0
16.62,9,1,1,0,0,0,0,39.3,0,1,21.0,0
32.15,13,2,0,0,0,0,0,18.2,0,2,24.81,0
2.09,19,2,1,0,0,0,0,44.7,1,1,21.12,0
140.82,16,1,0,0,0,0,0,124.4,1,0,21.94,0
18.91,8,0,2,0,0,0,0,25.2,0,1,110.19,0
23.78,19,4,0,0,1,0,0,40.8,4,5,14.2,0
199.58,12,7,3,0,3,1,1,111.6,3,3,22.11,0
17.56,14,0,1,0,0,0,0,23.0,1,1,22.88,0
196.92,7,8,6,0,1,0,0,494.2,5,3,7.39,0
30.42,14,0,1,0,0,0,0,98.6,3,2,24.28,0
52.5,20,0,1,0,1,0,0,142.0,1,4,35.87,0
7.76,9,1,1,1,0,0,0,8.3,0,0,21.69,0
4.49,18,5,3,1,0,0,0,54.3,1,0,50.11,0
32.34,20,2,0,0,1,0,0,98.3,1,2,50.15,0
160.08,19,0,3,0,0,0,0,8.3,1,2,95.51,0
47.24,20,2,0,0,0,0,0,46.4,0,3,11.54,0
12.14,16,1,0,0,0,0,0,2.3,0,0,26.67,0
15.72,21,3,3,0,1,0,0,29.6,3,0,26.4,0
86.98,5,7,1,0,1,1,1,78.5,0,2,16.87,0
39.42,3,5,3,0,2,0,0,31.3,2,0,38.98,0
70.58,14,5,0,0,0,1,0,65.6,1,1,29.08,0
28.04,18,4,1,0,0,0,0,7.9,1,3,6.08,0
6.02,15,0,0,0,0,0,0,151.1,1,2,15.6,0
17.05,17,3,1,1,0,0,0,73.0,0,1,13.26,0
7.35,11,3,0,0,0,0,0,7.2,4,2,62.9,0
10.87,9,3,0,0,0,0,0,166.5,1,1,16.68,0
33.32,11,2,0,0,0,0,0,19.5,0,1,41.21,0
14.44,16,2,2,0,0,0,0,159.0,3,3,4.25,0
76.42,15,3,0,0,0,0,0,10.5,3,1,50.5,0
31.7,19,3,1,0,0,0,0,294.2,3,3,21.29,0
8.21,17,1,2,0,0,0,0,8.0,1,1,48.58,0
39.98,19,0,0,0,0,0,0,6.8,2,0,5.06,0
19.86,13,0,1,0,1,0,0,28.9,0,4,12.57,0
28.0,8,2,1,0,0,0,0,141.9,0,3,65.72,0
66.81,15,3,2,0,1,0,0,37.5,4,2,36.43,0
15.48,9,3,0,0,0,0,0,40.3,1,3,18.97,0
107.81,7,5,1,0,3,0,0,145.7,5,4,15.98,0
4.09,16,1,2,0,0,0,0,36.1,0,3,12.91,0
53.94,10,3,1,0,0,0,0,6.4,1,3,72.9,0
44.81,1,5,6,0,1,0,1,816.6,2,6,60.21,1
10.72,21,5,7,0,2,1,1,123.6,1,3,41.67,0
10.98,19,2,2,0,0,0,0,39.0,3,1,23.84,0
2.91,14,2,0,0,0,0,0,4.1,4,1,11.95,0
15.19,13,0,1,0,1,0,0,21.6,1,2,43.31,0
8.66,12,1,0,0,0,0,0,71.9,1,2,17.68,0
122.4,2,17,7,1,4,0,0,579.3,4,8,41.35,1
10.43,15,3,1,0,1,0,0,156.5,3,1,20.36,0
18.39,14,3,2,0,0,0,0,60.9,2,1,66.46,0
34.68,11,2,0,0,0,0,0,78.8,0,2,19.41,0
143.83,18,0,1,0,0,0,0,50.2,1,1,71.39,0
39.33,20,2,0,0,0,0,0,27.7,0,1,8.15,0
7.08,20,1,1,0,0,0,0,21.4,3,4,19.76,0
18.51,15,1,1,0,1,0,0,8.7,1,1,75.54,0
16.87,16,2,1,0,1,0,0,21.2,1,0,24.58,0
12.11,10,1,0,0,0,0,0,36.4,0,0,22.08,0
38.69,17,4,1,0,0,0,1,56.0,1,1,54.12,0
48.86,14,4,3,0,4,0,0,156.3,1,2,15.52,0
3.51,11,4,4,0,0,0,0,29.6,2,4,22.53,0
127.13,21,6,4,0,0,0,0,189.0,1,4,10.04,0
43.87,11,5,1,0,0,0,0,112.6,3,2,13.29,0
4.82,16,2,1,0,1,0,0,41.5,2,3,9.81,0
10.79,12,4,1,0,0,0,0,21.5,1,0,11.11,0
37.59,12,1,1,0,0,0,0,0.2,2,2,76.93,0
10.12,12,1,0,0,0,0,0,63.9,1,1,27.17,0
6.04,13,3,3,0,1,0,0,40.4,1,0,18.63,0
35.35,21,6,0,0,1,0,0,81.6,1,1,21.97,0
7.45,17,0,0,0,0,0,0,45.8,0,2,78.24,0
21.62,20,1,0,0,0,0,0,1.6,5,0,26.56,0
41.53,9,4,3,0,0,0,0,148.8,1,4,13.73,0
39.36,13,0,2,0,1,1,0,23.6,1,1,44.4,0
17.38,9,3,1,0,1,0,0,11.4,0,3,38.81,0
37.49,14,4,0,0,0,0,0,140.2,1,2,41.49,0
460.1,9,2,3,1,0,0,1,17.8,4,3,70.73,0
235.96,16,4,6,0,3,0,0,12.8,1,3,92.33,0
56.08,8,3,5,0,0,0,0,35.9,1,2,51.74,0
83.3,15,2,0,0,0,0,0,59.9,2,3,31.75,0
47.38,10,5,0,0,1,0,0,25.9,0,2,8.98,0
17.13,13,3,2,0,0,0,0,31.9,1,1,27.53,0
8.97,15,1,3,0,1,0,0,137.6,2,1,9.86,0
124.13,13,3,0,0,0,0,0,36.8,2,3,13.63,0
11.01,10,0,0,0,0,0,0,5.0,0,1,37.76,0
55.89,17,1,2,0,0,0,0,7.6,0,3,27.09,0
28.3,18,3,4,0,0,0,0,15.1,1,2,135.05,0
54.62,19,1,0,1,0,0,0,8.8,3,1,4.47,0
134.38,16,0,0,0,1,0,1,54.2,4,1,5.85,0
6.54,18,0,2,0,1,0,0,25.8,0,1,14.52,0
58.2,13,2,1,0,0,0,0,13.0,1,1,47.32,0
313.83,18,4,2,0,0,1,0,29.4,0,1,11.5,0
19.24,17,2,3,0,0,0,0,41.1,1,3,46.7,0
44.13,9,3,1,0,0,0,0,14.1,1,2,9.11,0
93.07,0,8,3,0,1,0,1,264.8,0,3,6.79,0
180.09,13,3,0,0,0,0,0,9.2,0,0,12.81,0
74.84,18,2,1,0,0,0,0,102.3,0,1,17.51,0
16.45,12,1,1,0,0,0,0,23.2,1,0,32.38,0
48.94,17,1,1,0,1,0,0,19.2,1,1,90.29,0
38.96,13,2,0,0,0,0,0,4.7,0,0,27.38,0
6.33,12,1,0,0,0,1,0,5.1,0,2,8.08,0
43.68,13,5,1,0,1,0,0,12.0,0,1,16.37,0
118.12,19,2,1,1,0,0,0,72.1,2,0,10.17,0
20.0,17,1,0,0,0,0,0,1.5,0,1,27.53,0
19.31,17,1,2,0,0,0,0,1.5,2,0,3.51,0
22.46,11,2,0,0,1,0,0,76.3,2,1,16.53,0
10.22,8,6,3,0,0,0,0,63.1,0,0,22.8,0
66.98,16,1,1,0,0,0,0,10.0,1,3,138.65,0
58.49,11,2,1,0,0,0,0,99.3,0,1,11.34,0
51.32,16,1,2,0,0,0,0,5.2,1,0,75.98,0
19.06,9,1,1,0,0,0,0,66.1,0,3,3.97,0
44.64,8,2,1,0,0,0,0,77.6,1,0,13.12,0
27.83,15,0,0,1,1,0,0,14.9,0,1,11.58,0
16.43,9,2,1,0,0,0,0,8.5,1,0,8.33,0
20.26,16,1,0,0,0,0,0,49.5,1,3,17.42,0
46.59,13,2,3,0,0,0,0,27.6,1,1,14.4,0
25.86,16,2,4,0,0,0,0,0.2,2,1,102.95,0
31.1,20,4,2,0,0,0,0,141.6,1,2,17.05,0
37.59,16,2,1,0,0,0,0,139.3,1,2,30.3,0
22.6,15,1,0,0,1,0,1,19.8,1,1,3.74,0
20.46,10,0,1,0,0,0,0,102.1,1,1,6.37,0
41.54,20,2,2,0,0,0,1,16.7,1,3,12.61,0
9.1,15,1,1,0,0,0,0,9.1,0,2,92.1,0
86.02,10,3,6,0,2,0,0,10.0,2,4,114.85,0
40.21,10,3,1,0,1,0,0,17.4,2,2,14.73,0
3.43,11,2,1,0,1,0,0,70.6,0,0,7.51,0
61.73,15,2,0,0,1,0,0,70.8,0,1,54.5,0
3.93,20,0,3,0,0,0,0,4.7,0,2,66.83,0
25.47,20,1,2,0,1,1,0,151.9,2,1,5.89,0
16.26,18,4,1,0,0,0,0,56.9,3,1,7.83,0
11.44,15,2,1,0,0,0,0,34.6,2,1,7.08,0
123.22,17,1,2,0,1,0,1,50.0,2,1,26.0,0
32.74,14,4,2,0,0,0,0,75.5,4,1,104.11,0
19.48,17,1,1,0,0,0,0,146.1,0,0,63.36,0
24.36,14,2,1,0,0,0,0,13.2,3,2,16.88,0
18.01,18,3,1,0,0,0,0,54.0,1,2,18.9,0
8.77,8,2,1,0,1,0,0,13.2,0,1,16.68,0
17.8,16,4,2,0,0,0,0,9.7,0,4,18.37,0
46.56,17,3,1,0,0,0,0,2.7,0,1,8.44,0
9.37,18,1,1,0,1,0,0,8.4,0,0,9.48,0
90.56,13,1,2,0,0,0,0,11.6,0,0,27.05,0
121.48,8,10,5,0,0,0,0,48.0,3,5,62.02,0
32.56,12,5,1,0,0,0,0,56.4,1,2,4.59,0
20.83,10,2,3,0,0,0,0,108.6,0,1,16.4,0
6.22,15,3,1,0,0,0,0,96.3,2,1,20.79,0
38.44,13,3,0,0,0,0,0,38.5,1,3,81.87,0
33.58,11,3,0,0,0,0,0,29.7,0,1,44.24,0
160.58,8,4,1,0,0,0,0,9.0,3,7,5.2,0
47.07,9,0,4,0,1,0,0,12.0,0,0,19.12,1
6.42,21,5,2,0,0,0,0,67.0,6,0,12.94,0
23.93,9,1,1,0,0,0,0,11.0,2,3,33.16,0
82.19,3,2,4,1,4,0,0,236.5,1,3,53.45,0
22.3,10,1,1,0,0,0,0,89.1,0,2,39.95,0
1.88,19,2,1,0,0,0,0,33.8,0,1,59.62,0
38.41,13,4,0,0,0,0,0,29.9,1,0,85.21,0
17.95,19,1,2,1,0,0,0,32.2,1,1,32.11,0
39.08,14,1,1,0,1,0,0,52.7,1,1,15.04,0
29.11,12,5,1,0,2,0,0,54.0,1,1,50.72,0
154.83,16,0,0,0,2,0,0,17.5,0,1,16.25,0
19.25,18,3,1,0,0,0,0,70.0,1,4,20.6,0
34.46,20,4,1,0,0,0,0,9.2,0,0,73.93,0
29.6,20,2,0,0,0,0,0,13.4,1,0,146.38,0
8.27,10,0,2,0,0,0,0,52.8,2,3,133.11,0
92.91,21,0,2,0,0,0,0,33.0,0,3,41.47,0
53.76,13,0,1,0,0,0,0,66.9,2,2,20.44,0
6.42,21,2,0,0,0,0,0,10.7,2,0,70.47,0
74.39,19,1,1,0,0,0,0,25.3,3,1,12.48,0
58.73,11,4,2,0,0,0,0,92.5,3,1,20.65,0
34.3,20,3,0,0,0,1,0,14.4,1,2,98.2,0
117.89,17,10,11,0,3,0,1,24.3,2,4,8.68,0
14.24,14,1,3,0,2,0,0,105.2,2,3,9.77,0
18.0,16,3,0,0,0,0,0,13.2,1,1,12.47,0
36.25,18,2,2,0,0,0,0,25.5,2,1,13.04,0
33.87,12,0,2,0,1,0,0,114.3,2,2,49.97,0
8.36,14,1,4,0,0,0,0,107.3,1,3,12.25,0
4.78,9,3,1,0,2,0,0,107.3,2,1,62.59,0
58.18,21,1,0,0,0,0,0,47.9,1,2,7.22,0
9.45,8,1,1,0,0,0,0,32.9,1,1,39.12,0
27.57,11,1,1,0,0,0,0,11.0,2,3,9.53,0
2.01,20,2,1,0,0,0,0,5.4,0,0,20.4,0
57.26,20,2,1,0,0,0,0,75.1,0,1,29.68,0
62.49,11,4,1,0,0,0,0,37.3,2,1,15.52,0
26.12,14,5,0,0,0,0,0,57.7,1,0,12.36,0
64.86,16,1,3,0,0,0,0,15.3,3,3,96.82,0
99.58,17,2,1,0,0,0,0,6.5,0,0,83.25,0
7.02,17,1,1,0,1,0,0,196.8,0,0,45.97,0
36.86,19,3,1,0,0,0,0,12.9,1,1,22.9,0
76.68,20,2,2,1,0,1,0,10.3,1,0,22.09,0
338.29,18,10,6,1,2,1,0,21.6,0,4,33.41,0
11.95,4,8,2,0,3,0,0,113.0,4,1,16.49,0
24.3,9,1,2,0,1,0,0,173.4,2,0,55.64,0
62.04,13,4,0,0,0,0,0,15.1,0,1,20.84,0
12.78,21,3,1,0,0,0,0,33.7,4,1,99.76,0
8.91,14,1,1,0,0,0,0,100.3,1,1,98.47,0
731.94,21,5,2,0,1,1,0,252.6,2,5,13.43,0
74.89,10,1,1,0,0,0,0,29.6,0,1,24.37,0
24.42,20,0,1,0,0,0,0,43.6,2,0,64.7,0
5.03,16,1,2,0,0,0,0,23.3,4,0,14.42,0
73.2,22,10,4,1,3,1,0,788.5,2,8,40.12,1
27.25,19,4,1,0,0,0,0,22.3,4,1,25.14,0
33.9,9,1,0,0,1,0,0,29.9,1,0,21.89,0
44.55,17,2,1,0,0,0,0,5.5,1,0,5.45,0
174.56,13,2,2,0,0,0,0,58.9,1,1,5.0,0
18.33,20,0,1,1,1,1,0,44.1,2,0,41.16,0
68.98,18,0,2,0,0,0,0,57.8,4,2,102.58,0
15.58,20,3,2,0,0,0,0,56.2,1,1,21.03,0
16.06,18,3,0,0,1,0,0,21.9,0,0,10.72,0
12.76,3,4,4,1,2,0,0,578.1,1,3,110.57,0
16.5,14,3,2,0,0,0,0,18.6,1,1,31.46,0
28.14,21,2,1,0,0,0,0,197.8,1,0,36.59,0
15.28,19,2,1,0,0,0,0,8.2,1,3,122.99,0
138.87,9,2,1,0,0,0,0,210.0,0,2,84.98,0
54.39,13,2,1,0,0,0,0,1.6,2,1,23.15,0
24.62,15,2,0,0,1,0,0,48.0,3,0,15.1,0
396.93,21,4,4,1,2,0,0,1199.7,0,2,94.44,0
126.69,20,1,1,0,0,0,0,40.9,1,2,12.1,0
40.93,13,4,1,0,0,0,0,92.9,0,0,36.12,0
26.65,19,1,0,0,2,0,0,168.9,0,2,9.56,0
38.14,19,1,2,0,0,0,0,12.9,3,3,12.0,0
15.12,16,0,1,0,0,0,0,138.0,0,2,70.26,0
89.85,11,1,1,0,1,0,0,60.9,1,2,115.77,0
49.3,20,1,0,0,0,1,0,13.1,2,1,83.73,0
17.78,17,2,2,1,3,0,1,19.8,0,3,42.92,1
39.1,3,5,1,1,4,0,0,213.8,1,2,5.99,0
139.53,9,1,0,0,0,0,1,166.4,2,1,14.68,0
25.77,19,1,0,1,0,0,0,9.1,3,1,5.57,0
132.22,19,0,2,0,0,0,0,5.4,1,0,17.09,0
40.47,15,1,0,0,0,0,0,11.7,1,3,82.15,0
136.92,17,0,0,0,0,0,0,1.1,0,0,15.43,0
21.93,13,0,0,0,0,0,0,45.2,1,0,83.22,0
47.32,13,1,0,0,0,0,0,37.9,1,2,32.18,0
131.34,8,10,11,1,4,1,1,469.3,4,4,11.99,1
17.64,19,0,0,0,0,0,0,23.0,1,0,13.07,0
20.02,13,3,1,0,0,0,0,18.6,3,1,61.04,0
20.26,11,2,2,0,0,0,0,35.4,0,1,9.16,0
105.13,16,1,1,0,0,0,0,34.8,1,0,94.52,0
5.06,15,4,0,0,1,0,1,320.3,2,3,13.76,0
103.7,4,8,5,0,0,0,0,59.2,2,2,17.97,0
38.81,16,2,1,0,1,0,0,64.3,0,4,5.17,0
4.93,19,0,4,0,0,0,0,189.3,2,2,25.75,0
19.7,18,1,6,1,1,0,0,27.3,4,4,17.82,0
32.99,18,2,0,0,0,0,0,14.0,0,2,23.96,0
46.13,20,3,2,0,0,0,0,4.7,1,2,39.66,0
6.44,17,2,1,0,0,0,1,15.5,2,0,32.56,0
23.99,17,2,1,0,1,0,0,67.5,4,3,39.64,0
30.81,21,4,1,0,0,0,0,96.2,3,1,16.97,0
15.0,18,3,0,0,0,0,0,34.4,1,3,8.1,0
24.19,8,2,2,0,0,0,0,69.3,1,4,60.39,0
14.36,11,0,1,0,1,0,0,273.9,1,2,7.39,0
24.0,0,6,8,1,2,0,1,381.0,5,5,16.59,1
82.04,16,2,3,0,0,0,0,106.9,1,1,9.29,0
26.81,2,5,5,0,5,1,0,799.8,3,4,29.16,0
26.27,18,5,4,0,1,1,0,87.9,4,1,64.22,0
23.15,13,1,0,0,0,0,0,9.0,2,0,53.24,0
18.21,14,2,3,0,0,0,0,81.3,1,3,35.24,0
19.82,13,1,1,0,0,0,0,20.5,1,2,16.22,0
133.67,9,1,1,0,0,0,0,31.8,0,4,7.15,0
148.67,23,7,8,0,6,1,1,50.0,6,6,42.64,1
138.22,10,5,2,0,0,1,0,632.1,7,2,57.39,0
247.81,4,10,10,0,4,1,1,236.0,2,6,275.78,1
57.84,17,1,2,0,0,0,0,34.1,1,2,83.8,0
24.67,11,5,0,0,2,0,0,0.8,0,0,19.53,0
16.99,16,2,2,0,0,0,0,60.1,0,1,37.18,0
23.75,13,1,1,0,0,0,0,23.5,1,3,14.49,0
8.28,16,6,0,0,1,0,0,0.8,0,1,70.96,0
17.04,19,2,0,0,0,0,0,63.1,1,0,6.73,0
174.27,4,10,9,4,4,0,0,297.5,6,7,15.16,1
14.74,10,4,2,0,0,1,0,77.6,0,1,15.04,0
9.79,12,3,1,0,0,0,0,17.5,1,3,50.4,0
24.51,17,1,0,0,2,0,0,28.8,2,1,10.45,0
6.59,15,1,1,0,0,0,0,142.2,2,1,28.5,0
28.19,15,3,1,0,1,0,0,5.3,0,1,78.41,0
4.27,8,0,3,0,0,0,0,19.3,1,0,41.5,0
35.92,18,4,4,0,0,0,0,6.7,0,1,31.78,0
32.24,16,5,1,0,0,0,0,8.3,2,2,56.45,0
1760.02,7,9,5,1,1,0,0,10.0,9,1,7.42,0
16.48,19,4,0,0,0,0,0,4.9,1,6,24.71,0
8.1,16,3,0,0,0,0,0,29.8,2,2,3.87,0
17.24,19,1,3,0,0,0,0,22.2,0,2,68.09,0
12.88,16,2,2,0,1,0,0,90.2,0,2,3.93,0
18.75,19,3,2,1,0,0,0,66.5,1,1,44.63,0
46.34,18,3,0,0,0,0,0,18.8,1,1,17.21,0
12.72,9,1,0,0,0,0,0,8.4,3,3,60.3,0
20.75,9,2,2,0,0,0,0,117.1,0,1,50.55,0
12.05,14,2,3,0,0,0,0,28.4,3,3,77.74,0
76.7,10,4,1,0,0,0,0,21.4,1,1,15.32,0
27.03,20,2,1,0,1,0,0,76.3,0,1,21.2,0
8.99,11,3,1,0,0,0,0,32.9,1,0,22.64,0
71.54,16,2,1,0,0,0,0,47.4,2,0,5.5,0
5.34,11,4,0,0,0,0,0,8.3,1,2,14.06,0
27.08,14,2,1,0,0,0,0,2.1,2,0,81.44,0
3.94,12,3,1,0,0,0,0,14.6,0,2,5.43,0
13.31,18,7,3,1,0,1,0,40.5,2,3,16.54,0
38.13,19,3,4,0,1,0,0,171.4,2,1,67.95,0
169.61,21,3,1,0,2,0,0,22.9,0,1,112.39,0
4.39,15,2,3,0,1,0,0,48.3,0,1,15.41,0
34.1,17,0,0,0,1,0,0,14.5,3,3,19.51,0
14.08,9,2,1,0,1,0,0,25.1,1,2,9.64,0
6.07,9,1,3,0,1,0,0,33.7,2,0,53.65,0
138.91,15,1,2,0,0,0,0,16.8,2,2,66.36,0
128.59,14,2,2,0,0,0,0,20.6,2,0,15.74,0
12.49,9,1,1,0,0,0,0,107.8,0,0,29.18,0
34.42,20,1,1,0,1,0,0,39.4,1,0,12.27,0
35.73,9,1,0,0,2,0,0,20.3,0,2,56.35,0
55.25,15,2,0,0,0,0,0,7.4,2,1,15.34,0
104.53,18,9,6,1,5,1,1,571.9,4,2,33.63,1
2.98,16,3,0,0,0,0,0,26.4,1,4,52.24,0
8.05,21,2,1,0,1,0,0,55.9,2,0,25.46,0
5.14,14,1,1,0,0,0,0,47.7,1,1,51.96,0
26.21,18,1,1,0,0,0,0,30.0,1,0,59.49,0
10.46,13,4,6,0,1,1,1,67.1,1,4,33.19,0
23.69,12,0,4,0,0,0,0,9.7,3,0,13.96,0
43.4,11,3,3,0,0,0,0,5.3,0,2,28.89,0
26.7,13,2,1,0,0,0,0,81.3,1,5,73.85,0
19.41,14,2,1,0,1,0,0,144.2,1,2,54.39,0
51.95,16,3,3,0,0,0,0,44.4,1,2,20.24,0
10.4,15,1,1,0,1,0,0,245.0,2,2,39.17,0
35.92,15,3,1,0,0,0,0,27.9,0,0,26.94,0
28.04,10,1,3,0,0,0,0,110.9,0,3,13.52,0
11.04,19,1,0,0,1,0,0,30.3,0,2,15.56,0
39.82,12,2,1,0,1,0,1,5.6,4,1,74.89,0
34.67,9,2,1,0,0,0,0,26.2,3,2,39.09,0
50.66,11,1,1,0,0,0,0,43.9,1,2,24.8,0
2.57,20,4,1,0,1,0,0,4.4,1,2,12.13,0
28.44,12,1,1,0,0,0,0,49.4,2,2,29.97,0
6.39,11,6,1,0,0,0,0,58.9,1,1,68.44,0
3.76,17,2,3,0,0,0,0,18.2,2,2,1.51,0
30.33,17,1,1,0,1,0,0,25.5,1,2,35.48,0
12.21,12,1,1,0,0,0,0,62.7,0,2,12.84,0
40.43,19,0,2,0,0,0,0,110.3,0,2,29.84,0
181.84,16,1,0,0,0,0,0,25.5,1,2,95.57,0
10.99,13,0,1,0,0,0,0,3.3,1,0,37.73,0
305.0,6,3,5,1,4,0,0,11.3,2,1,23.05,0
69.88,13,4,1,0,0,0,0,23.3,1,0,30.05,0
79.57,11,7,4,0,0,0,0,81.9,2,4,7.5,0
13.36,14,4,1,0,0,0,0,14.3,1,3,14.79,0
22.28,12,3,2,0,0,0,0,7.9,2,1,19.54,0
22.97,11,1,0,0,0,0,0,57.5,0,1,8.48,0
12.29,17,1,2,0,1,0,0,48.7,2,2,9.59,0
13.59,4,3,4,0,3,0,1,470.7,4,0,10.59,0
22.09,19,2,4,0,4,0,0,34.2,2,2,24.6,0
14.4,21,2,0,0,1,0,0,113.6,0,0,46.35,0
18.19,14,5,4,0,0,0,0,3.3,0,2,128.82,0
107.85,12,2,0,0,0,0,0,9.6,2,3,17.59,0
9.02,17,2,0,0,0,0,0,45.2,1,5,8.13,0
14.92,11,1,1,0,0,0,0,7.7,1,2,78.36,0
14.44,19,1,0,0,0,0,0,48.0,2,0,7.58,0
16.48,14,1,2,1,0,1,0,29.8,0,2,9.33,0
12.32,8,3,2,0,0,0,0,1.9,3,2,57.6,0
32.43,20,3,0,0,0,0,0,3.6,1,3,6.37,0
23.33,12,0,3,0,0,0,0,90.2,0,2,2.51,0
84.48,16,1,1,0,0,0,1,20.6,1,0,21.78,0
18.92,19,0,0,0,0,0,0,91.2,1,3,5.17,0
163.69,18,1,1,0,0,0,1,17.4,0,0,37.89,0
18.58,14,1,0,0,0,0,0,26.4,3,1,46.44,0
695.77,23,6,4,1,1,1,0,68.1,4,2,30.56,0
4.98,12,3,2,0,1,0,0,95.6,1,1,16.24,0
18.12,17,2,5,1,0,0,0,101.7,0,2,20.87,0
16.97,16,0,1,0,0,0,0,16.5,3,2,64.29,0
20.41,14,3,0,0,0,0,0,21.7,0,0,43.98,0
1.27,8,3,1,0,0,0,0,54.2,1,1,103.35,0
4.49,18,1,1,0,0,0,0,9.1,2,3,21.55,0
14.14,9,2,1,0,0,0,0,33.9,0,3,22.99,0
60.26,0,11,8,2,5,0,1,50.0,10,5,18.81,1
24.52,16,4,3,1,1,0,0,23.4,2,2,42.53,0
19.38,19,2,2,0,0,0,0,4.3,0,3,70.39,0
45.72,18,4,1,0,0,0,0,18.9,2,0,39.96,0
10.35,12,3,2,0,1,0,0,240.5,0,2,16.21,0
9.34,10,0,1,0,1,0,0,9.0,1,2,3.4,0
34.29,15,4,1,0,1,0,0,161.4,0,2,36.94,0
38.86,19,0,0,0,1,0,0,11.5,2,1,15.16,0
26.13,10,1,0,0,0,0,0,45.9,2,1,49.11,0
37.57,1,6,5,0,1,0,1,13.1,3,4,65.72,0
28.36,13,3,2,0,0,0,0,1.3,0,1,51.02,0
12.38,8,4,0,0,0,0,0,122.0,1,2,16.15,0
97.85,8,3,0,0,0,0,0,17.2,1,1,23.43,0
74.93,13,0,2,0,0,0,0,11.2,3,2,160.75,0
7.93,13,2,0,0,0,0,0,34.1,1,0,75.62,0
31.12,20,3,2,0,1,0,0,54.2,0,1,10.15,0
55.95,10,1,4,0,2,0,1,38.1,2,2,30.22,0
146.79,22,8,3,0,5,0,0,96.5,4,2,53.33,0
14.17,10,0,1,0,0,0,0,6.5,3,1,53.77,0
984.67,13,12,9,1,4,1,1,528.7,5,3,12.3,1
25.91,17,2,0,0,2,0,1,84.8,2,2,17.02,0
64.42,11,2,1,0,0,0,0,15.9,0,0,5.92,0
18.07,12,0,1,0,0,0,0,9.0,0,1,23.79,0
28.6,14,3,3,0,0,1,0,2.7,0,1,29.28,0
24.29,14,1,0,1,0,0,0,38.7,0,1,17.27,0
9.34,20,3,0,0,0,0,0,91.4,0,0,10.79,0
21.38,10,4,0,0,0,0,0,21.4,0,1,25.72,0
104.75,10,3,1,0,0,0,1,1.0,0,2,34.95,0
49.7,19,0,1,0,0,0,0,69.3,2,2,10.33,0
13.14,10,2,3,0,0,0,0,27.5,1,2,20.08,0
490.68,11,7,8,2,4,1,1,457.5,6,4,91.26,1
6.7,12,1,0,0,0,0,0,77.3,3,0,33.51,0
9.36,18,3,1,0,0,0,0,54.4,0,0,30.55,0
66.99,17,2,4,0,1,0,0,20.5,1,2,34.53,0
13.35,20,1,3,0,0,0,0,17.7,1,4,65.57,0
66.54,13,1,2,0,1,0,0,8.8,1,3,25.51,0
28.48,15,1,0,1,0,0,0,10.7,2,0,20.66,0
25.68,9,1,1,0,0,0,0,15.6,2,0,33.47,0
5.58,15,2,0,0,0,0,0,10.3,1,1,27.05,0
35.27,18,2,0,0,0,0,0,41.0,2,2,37.73,0
11.4,19,1,2,0,0,0,0,100.5,1,4,28.94,0
234.16,22,4,2,0,0,0,1,116.0,3,1,41.51,0
22.97,16,1,0,0,1,0,0,20.8,0,3,12.73,0
9.21,8,3,1,0,0,0,0,73.3,0,1,11.73,0
29.33,18,2,0,0,0,0,0,6.0,1,2,9.38,0
34.14,9,1,0,0,0,0,0,52.1,0,1,11.64,0
36.12,18,4,0,0,0,0,0,66.4,0,2,16.7,0
64.13,13,0,1,0,0,0,0,62.9,1,1,14.67,0
322.23,13,4,3,2,1,0,0,119.5,2,4,22.34,0
449.4,1,6,5,0,1,1,1,36.5,1,5,28.36,0
25.06,10,2,1,0,0,0,0,31.0,0,2,24.02,0
28.63,17,2,0,0,1,0,0,46.8,1,3,18.28,0
27.64,11,2,0,0,0,0,0,29.7,1,2,182.45,0
37.76,14,2,1,0,0,0,0,142.4,1,3,86.2,0
44.7,11,3,0,0,1,0,0,80.3,1,0,14.57,0
23.38,19,1,0,0,0,0,0,21.8,2,2,21.86,0
34.39,12,1,3,1,1,0,0,34.2,3,1,175.23,0
7.37,19,1,2,0,1,0,0,98.7,1,2,54.37,0
69.1,20,2,3,0,1,0,0,49.2,2,2,15.37,0
123.7,17,3,1,0,0,0,0,1.9,2,2,25.07,0
266.44,12,10,3,0,2,0,0,207.0,2,3,35.66,0
17.69,12,4,1,0,0,0,0,47.7,1,5,23.46,0
335.64,9,0,2,0,1,0,0,14.4,0,1,27.53,0
15.53,12,3,0,0,0,0,1,27.7,1,0,12.25,0
14.14,9,2,3,0,1,0,0,34.5,0,0,47.0,0
43.54,13,1,1,0,1,0,0,23.5,1,0,48.66,0
70.94,2,7,4,0,3,0,1,34.1,1,3,13.91,0
5.45,12,4,1,0,1,1,0,57.6,0,1,41.95,0
42.26,17,0,0,0,2,0,0,129.2,0,0,19.83,0
36.97,18,4,2,0,1,0,0,89.9,2,4,17.57,0
76.79,15,2,3,0,0,0,0,85.4,1,1,100.2,0
18.88,8,3,1,0,1,0,0,14.5,0,4,5.87,0
92.66,10,5,3,0,0,0,0,70.1,2,3,61.95,0
295.39,8,4,0,0,0,1,0,60.3,0,1,6.71,0
19.09,9,2,2,0,0,0,0,142.2,2,1,12.11,0
10.87,12,2,0,0,1,0,0,40.1,0,0,23.99,0
20.55,11,3,0,0,0,0,0,68.6,1,3,21.05,0
6.3,12,1,1,0,1,0,0,7.6,0,0,66.57,0
12.53,12,4,0,0,0,0,0,32.0,4,1,33.74,0
79.54,10,0,2,0,0,0,0,68.3,0,1,48.06,0
6.34,9,1,1,0,1,0,0,4.4,0,1,9.99,0
39.09,9,4,1,0,1,0,0,46.3,0,1,36.61,0
30.82,8,0,2,0,0,1,0,5.1,2,2,65.08,0
204.12,22,7,7,2,5,1,1,645.0,2,5,17.7,1
27.56,19,4,0,0,0,0,0,54.0,0,3,10.39,0
9.32,13,4,0,0,0,0,0,2.1,0,2,15.9,0
356.94,8,3,4,0,3,0,0,190.4,3,5,68.22,0
28.84,13,0,1,0,0,0,0,23.7,2,1,337.41,0
2.5,12,3,1,1,0,0,0,27.0,1,0,18.29,0
3.22,15,4,1,0,1,0,0,27.3,2,0,6.43,0
41.75,19,2,2,0,0,0,0,43.3,1,1,25.65,0
2.6,20,1,0,0,1,0,0,82.5,0,2,28.91,0
16.84,15,1,1,0,1,1,0,25.9,1,2,30.35,0
9.06,12,0,0,0,1,0,0,7.3,1,2,70.14,0
2.73,14,1,0,0,1,0,0,22.2,2,1,12.24,0
14.4,9,3,1,0,0,0,0,62.9,0,1,31.51,0
8.24,9,4,0,0,0,0,0,10.4,1,2,25.09,0
10.62,10,1,0,0,0,0,0,46.3,1,1,10.62,0
64.49,16,1,0,0,1,0,0,7.6,1,2,50.87,0
5.0,18,2,0,0,1,0,0,14.3,2,1,90.25,0
10.62,13,4,0,0,0,0,0,0.1,0,0,12.18,0
10.77,19,0,0,0,0,1,0,36.5,1,1,17.97,0
33.88,10,1,1,0,0,1,0,1.1,1,2,21.46,0
41.45,19,1,0,0,0,0,0,164.1,0,0,96.42,0
7.15,16,2,1,0,0,0,0,44.1,1,0,28.74,0
26.57,15,1,1,0,0,0,0,99.2,2,2,22.7,0
60.71,14,3,3,0,0,0,0,24.4,0,1,5.71,0
34.83,19,7,0,0,2,0,0,23.2,3,2,18.79,0
18.68,15,2,1,0,0,0,0,19.9,2,0,31.89,0
22.29,12,6,2,0,0,0,0,50.5,0,2,13.46,0
22.01,17,3,2,0,0,0,0,17.2,1,2,5.06,0
14.31,17,1,1,0,0,0,0,149.1,2,1,10.42,0
58.61,7,5,5,1,0,1,0,198.7,3,3,23.43,0
33.42,8,4,0,0,0,0,0,174.8,4,3,46.03,0
16.91,14,3,1,0,0,0,0,114.7,2,0,47.06,0
53.35,10,0,0,0,0,0,1,15.3,0,2,71.04,0
236.31,11,2,0,0,0,0,0,191.6,2,0,25.41,0
36.36,15,2,3,0,0,0,0,177.4,2,3,40.5,0
25.11,22,9,4,1,3,0,0,80.6,0,4,68.97,0
9.52,12,0,2,0,0,0,0,78.0,4,2,56.65,0
31.57,11,1,2,0,0,1,0,2.8,1,2,19.36,0
622.72,6,3,3,0,1,1,0,51.3,3,1,15.11,0
15.13,19,4,0,0,0,0,0,31.9,0,0,5.6,0
17.94,12,2,2,0,0,0,0,12.9,2,1,5.58,0
28.21,10,1,0,0,0,0,0,19.2,1,2,3.9,0
21.92,16,2,2,0,0,0,0,151.0,4,2,5.07,0
486.5,3,7,2,0,5,0,0,76.8,2,1,28.88,0
80.03,8,0,2,0,2,0,0,86.8,2,2,115.24,0
46.27,17,3,3,0,0,0,0,16.3,2,1,36.06,0
9.9,8,2,2,0,0,0,0,32.9,0,0,18.14,0
44.31,16,2,0,0,1,0,0,16.3,5,1,45.06,0
6.6,19,3,1,0,0,0,0,59.3,1,3,2.85,0
18.57,18,1,1,0,0,0,0,5.4,1,2,17.81,0
57.12,13,3,1,0,0,0,0,66.5,1,3,96.11,0
45.73,15,0,1,1,0,0,0,46.2,2,2,78.87,0
31.57,12,2,1,0,0,0,0,7.1,2,0,7.12,0
18.58,12,4,0,0,0,0,0,131.5,1,5,5.36,0
17.59,19,1,1,0,0,0,0,135.0,1,2,16.32,0
23.05,13,3,2,0,0,0,0,57.7,2,0,41.72,0
45.77,14,1,1,0,0,0,0,13.1,2,0,27.39,0
116.75,19,4,0,0,0,0,0,44.3,2,0,24.62,0
9.23,14,6,0,0,1,0,0,36.5,1,2,41.69,0
15.2,8,3,2,0,0,0,0,54.5,1,4,11.96,0
17.63,2,3,3,1,0,0,0,135.2,3,6,10.56,0
25.37,19,2,2,0,1,0,0,23.8,0,0,12.42,0
31.82,9,2,1,0,1,0,0,8.1,1,0,9.0,0
40.12,13,2,2,0,0,0,0,291.5,1,1,57.69,0
49.63,9,3,2,0,0,0,0,23.6,1,1,48.11,0
57.82,20,0,1,0,0,1,0,143.4,0,1,13.57,0
41.2,8,2,1,0,1,0,0,73.3,1,2,213.84,0
16.33,14,1,1,0,0,0,0,206.2,0,1,147.26,0
11.51,20,0,3,0,1,0,0,9.0,0,1,28.91,0
374.71,14,3,1,0,0,0,0,1.1,0,3,35.4,0
39.29,11,0,0,0,0,0,0,15.7,1,2,15.22,0
135.0,23,6,2,0,1,0,1,125.0,3,5,19.94,0
25.63,11,4,1,0,1,0,0,21.4,1,1,9.87,0
14.4,18,1,1,1,0,0,0,113.6,1,2,10.18,0
156.13,13,6,5,0,0,0,0,75.6,3,0,4.97,0
29.24,21,2,1,0,0,0,0,27.2,0,1,44.04,0
47.95,19,1,2,1,0,0,0,6.4,2,1,22.66,0
15.2,16,0,1,0,0,0,0,2.6,1,0,36.88,0
33.11,8,7,6,0,1,1,0,10.0,3,5,46.34,0
6.88,11,0,1,0,0,0,0,7.5,4,1,114.03,0
18.19,9,2,2,0,0,0,0,21.3,1,0,9.43,0
17.66,15,1,1,0,0,0,0,29.7,2,3,42.8,0
4.14,18,1,1,0,1,0,0,21.9,0,2,6.1,0
32.16,11,2,3,0,0,0,0,0.6,0,2,36.75,0
144.41,21,3,0,0,0,0,0,27.8,2,1,23.19,0
10.57,12,2,0,0,0,0,0,29.2,1,1,56.23,0
89.96,15,0,0,0,1,0,0,104.3,1,0,30.15,0
8.55,15,2,0,0,1,1,0,190.5,0,1,26.77,0
84.93,13,2,1,0,0,0,0,67.4,2,2,12.64,0
3.78,9,3,1,0,0,0,0,134.1,2,3,12.01,0
11.14,16,2,1,0,1,0,0,75.5,1,1,21.25,0
19.62,13,4,0,0,0,0,0,27.8,2,1,9.85,0
10.95,15,2,0,0,0,0,1,34.8,1,2,33.44,0
16.63,11,3,0,0,1,1,0,95.8,3,5,1.46,0
67.88,9,2,2,0,0,0,0,12.4,1,2,22.07,0
206.17,9,1,2,0,2,0,0,1.4,0,1,55.41,0
12.23,12,0,0,0,0,0,0,31.2,0,0,58.89,0
25.68,12,3,2,0,0,0,0,80.1,0,2,13.06,0
12.79,17,5,0,0,0,0,0,69.6,2,2,6.2,0
34.29,18,2,1,0,0,1,0,95.1,1,1,29.44,0
20.15,9,1,0,0,1,0,0,67.7,2,4,33.67,0
36.54,16,2,1,0,0,0,1,118.2,2,1,11.49,0
67.98,18,2,0,1,0,0,0,131.5,3,2,63.06,0
49.64,12,5,2,0,0,0,0,35.0,2,0,216.4,0
20.88,13,1,0,0,1,0,0,13.1,3,2,44.34,0
9.04,13,2,1,0,2,0,0,128.1,1,2,38.85,0
60.24,17,4,0,0,0,0,0,10.0,0,1,46.58,0
18.18,12,3,1,0,1,0,0,61.7,3,1,153.84,0
20.84,14,2,1,0,0,0,0,129.2,1,2,12.57,0
3.56,12,0,3,0,0,0,0,112.5,2,0,29.0,0
5.94,11,2,2,0,0,0,0,34.3,1,1,39.32,0
17.98,11,2,2,0,0,0,0,25.8,2,1,8.07,0
6.09,10,1,0,1,0,0,1,4.7,1,0,9.96,0
14.32,5,7,7,1,1,0,0,120.8,1,4,160.96,0
39.48,10,3,3,0,3,1,0,234.9,3,0,18.57,0
933.64,16,4,5,0,1,0,0,46.7,2,3,22.02,0
51.37,9,2,1,0,0,0,0,116.2,0,4,22.34,0
9.73,9,1,1,0,0,0,0,28.8,1,2,8.76,0
15.79,13,3,0,0,0,0,0,10.1,1,1,27.64,0
12.3,16,2,1,0,0,0,1,183.5,0,3,11.37,0
29.85,17,1,0,0,0,0,0,18.4,0,2,166.82,0
37.36,12,2,0,0,0,0,0,71.1,0,3,29.31,0
3.99,10,0,1,0,0,0,0,10.0,0,1,67.31,0
75.08,14,1,1,0,1,1,0,34.3,1,2,52.12,0
24.61,16,1,1,0,2,0,1,156.2,1,2,28.23,0
21.75,10,4,3,0,1,0,0,45.5,1,2,29.8,0
13.01,18,3,2,0,1,0,0,0.2,0,2,29.01,0
15.74,17,5,1,0,1,0,0,5.0,1,1,9.99,0
12.78,15,3,1,0,1,0,0,12.8,0,1,47.67,0
16.23,16,6,1,0,1,0,0,9.0,1,0,12.58,0
22.1,16,2,0,1,0,0,0,176.2,0,1,36.85,0
134.59,9,1,2,0,0,0,0,22.1,1,1,29.32,0
19.18,10,1,1,0,0,0,0,0.7,0,3,36.35,0
10.38,16,2,0,0,0,0,0,150.0,2,1,195.88,0
69.31,14,3,0,0,2,0,0,121.1,0,1,10.89,0
12.98,8,2,0,0,0,0,0,78.5,2,0,17.65,0
34.11,15,1,1,0,1,0,0,54.5,1,0,43.72,0
429.55,13,4,4,0,2,1,0,17.1,2,1,20.99,0
30.06,20,2,0,0,0,0,0,39.9,0,4,14.51,0
18.33,13,1,2,0,1,0,0,19.0,3,1,14.33,0
512.79,22,2,2,0,1,0,1,35.5,1,3,14.51,0
53.22,13,3,2,0,1,0,0,300.1,1,2,96.85,1
31.77,17,1,1,0,1,0,0,63.6,1,0,48.32,0
10.41,18,4,1,0,1,1,0,1.7,0,0,30.75,0
22.94,9,2,1,0,1,0,0,49.6,0,1,7.03,0
17.48,17,3,2,0,0,0,0,21.5,2,2,12.19,0
58.41,9,3,0,1,0,0,0,43.3,0,2,13.65,0
30.44,10,2,3,0,0,0,0,46.8,0,1,23.94,0
62.45,11,3,2,0,0,0,0,6.8,3,2,29.31,0
23.23,19,4,1,0,0,1,0,174.0,4,2,17.5,0
38.06,18,5,2,0,0,0,0,82.7,1,3,10.48,0
7.85,19,3,1,0,0,0,0,91.0,2,2,8.77,0
46.98,13,2,3,0,0,0,0,96.7,2,2,7.57,0
29.5,19,1,1,0,0,0,0,7.9,1,3,85.9,0
15.91,9,4,1,0,1,0,1,114.6,2,2,5.04,0
19.36,14,1,0,0,0,0,0,7.0,0,1,4.63,0
30.9,18,2,0,0,0,1,0,10.4,1,1,54.09,0
18.54,20,2,1,0,1,0,0,22.0,2,0,23.81,0
58.67,16,0,3,0,2,0,0,10.4,0,0,25.4,0
5.32,17,0,0,0,0,0,0,33.8,1,1,22.93,0
9.98,16,1,1,0,0,0,0,99.5,4,2,2.13,0
46.33,11,1,1,0,2,0,1,34.2,0,2,93.67,0
148.41,14,6,5,0,3,0,1,46.5,2,4,26.14,0
10.23,8,1,3,0,0,0,0,78.6,3,1,6.06,0
32.82,19,2,0,0,0,0,0,13.4,0,1,89.32,0
76.06,11,2,0,0,0,0,0,48.8,1,0,8.83,0
31.46,17,1,0,0,0,0,0,14.5,1,0,24.42,0
65.09,12,5,4,0,2,0,0,10.0,2,0,82.4,0
63.05,15,1,1,0,0,0,0,89.5,3,0,34.27,0
25.94,17,0,1,0,0,0,0,11.7,2,4,26.76,0
26.09,18,1,0,0,0,0,0,79.0,2,1,40.11,0
6.14,10,3,1,0,0,0,0,91.1,1,3,65.76,0
42.61,5,3,4,0,3,1,1,54.6,2,7,38.92,0
33.45,20,3,1,0,0,0,0,203.6,2,2,19.57,0
157.47,22,6,6,2,2,0,1,76.4,3,4,10.71,1
81.12,18,3,0,0,0,0,0,173.4,0,2,18.38,0
183.05,13,7,6,1,4,1,1,254.0,7,6,43.47,1
38.34,21,0,0,0,0,0,1,106.6,1,1,25.51,0
28.21,15,2,0,0,0,1,0,108.1,1,2,31.87,0
18.21,16,1,0,0,0,0,0,34.6,2,3,31.55,0
122.69,6,4,3,1,3,0,0,123.2,0,0,6.39,0
13.13,8,5,2,0,1,0,0,68.5,0,0,26.89,0
66.05,14,1,1,0,0,0,0,31.3,1,6,9.74,0
4.9,16,2,1,0,0,0,0,20.6,2,2,11.85,0
80.59,20,1,2,0,0,0,0,18.6,3,1,8.0,0
39.74,11,3,1,0,0,0,0,29.3,2,2,89.42,0
23.16,9,1,1,0,0,0,0,127.5,3,0,22.54,0
14.67,13,1,1,0,0,0,0,25.0,2,0,11.81,0
35.42,11,2,3,0,0,0,0,20.9,1,4,91.43,0
73.32,19,5,0,0,0,0,0,5.2,3,1,27.8,0
32.09,18,2,2,0,0,0,0,28.8,2,0,7.1,0
24.07,1,10,3,0,1,0,1,51.9,2,4,45.84,0
12.17,10,1,0,0,0,0,1,110.4,0,1,43.58,0
88.42,9,2,0,0,0,1,0,25.8,2,0,67.9,0
17.39,16,2,2,0,0,0,0,125.6,2,1,27.76,0
16.37,17,3,0,0,1,0,0,17.6,1,3,15.39,0
233.91,20,2,2,0,0,0,1,46.6,1,0,18.48,0
44.26,10,2,3,0,0,0,0,139.2,1,2,40.87,0
192.72,9,2,1,0,1,0,0,14.1,0,2,31.07,0
30.37,12,2,1,0,0,0,0,92.8,0,4,11.56,0
8.87,17,3,1,0,1,1,0,16.6,1,0,9.58,0
18.42,10,0,0,0,0,0,0,10.5,0,2,7.97,0
124.07,10,1,0,0,0,0,0,59.5,1,1,42.96,0
15.66,20,1,2,0,0,0,0,33.2,1,2,8.09,0
29.61,19,2,1,0,0,0,0,110.4,2,1,6.49,0
55.41,16,1,1,0,0,0,1,24.3,2,1,114.77,0
74.1,11,1,1,0,0,0,0,56.9,2,2,15.5,0
80.27,13,2,0,0,0,0,0,33.0,1,1,14.51,0
36.09,9,4,2,0,2,0,0,56.7,1,1,46.78,0
8.06,13,1,3,0,0,0,0,30.7,2,4,48.74,0
7.39,19,1,1,0,0,0,0,2.1,0,5,20.24,0
18.32,15,2,2,0,0,0,0,53.9,2,2,58.6,0
40.53,17,3,0,0,0,0,0,37.2,1,6,20.83,0
30.16,20,2,2,1,0,0,0,28.0,0,1,43.16,0
123.8,16,3,1,0,0,0,0,16.6,0,1,13.45,0
42.31,14,3,0,0,0,0,0,117.1,1,3,21.23,0
42.15,17,1,2,0,0,0,0,27.3,0,3,9.93,0
14.84,12,2,0,0,1,0,0,21.2,2,1,19.41,0
11.05,16,1,4,0,2,0,0,31.7,0,2,6.96,0
17.99,10,3,0,0,0,0,0,53.8,4,1,48.3,0
27.56,18,5,2,0,1,0,0,46.8,2,3,47.49,0
94.42,11,0,2,0,1,0,0,27.4,1,5,16.55,0
5.31,18,1,0,0,3,0,0,20.6,0,1,45.12,0
62.9,20,1,1,0,1,0,0,175.9,3,1,38.76,0
4.48,9,1,0,0,0,0,0,46.7,1,1,92.58,0
29.18,17,2,1,0,1,0,0,62.1,2,0,13.06,0
66.15,22,6,5,0,2,1,0,211.8,3,1,12.01,0
56.94,16,1,1,0,0,0,0,32.6,0,1,34.3,0
11.92,18,2,2,0,0,0,0,7.1,1,1,8.59,0
5.06,17,2,1,0,1,0,0,126.9,2,2,46.99,0
20.63,0,2,3,0,5,1,0,1016.1,5,1,28.33,0
15.44,16,5,2,0,2,0,0,32.2,2,4,50.12,0
84.98,15,1,0,0,0,0,0,3.4,1,1,41.63,0
73.01,19,4,1,0,0,0,0,21.2,4,1,6.86,0
21.34,19,2,0,0,0,0,0,254.4,4,0,18.55,0
117.41,16,4,1,0,0,0,0,17.9,0,0,44.36,0
33.64,12,0,0,0,0,0,0,10.3,0,0,2.79,0
523.84,9,2,6,2,0,1,0,189.4,4,2,54.74,0
78.19,18,1,0,0,1,0,0,3.8,1,2,58.41,0
38.18,10,1,0,0,0,1,0,58.0,1,3,2.94,0
31.15,19,5,4,0,2,1,0,35.3,4,2,106.23,0
10.88,10,2,2,0,1,0,0,5.6,1,3,3.26,0
10.07,14,3,0,0,0,0,0,0.3,1,1,175.01,0
62.71,0,2,7,0,2,0,1,10.0,1,4,42.22,0
51.24,20,5,1,0,1,0,0,61.0,1,2,11.25,0
10.05,13,3,0,0,0,0,0,31.4,1,3,21.76,0
23.02,16,5,2,0,0,0,0,58.8,2,1,11.6,0
40.98,11,2,0,0,0,0,0,15.3,0,0,39.99,0
9.88,20,3,0,0,0,0,0,52.7,0,1,12.57,0
118.21,19,1,0,0,0,0,0,30.5,2,0,18.0,0
10.0,8,5,5,0,3,0,0,15.8,2,5,132.07,0
24.72,15,3,3,0,1,0,0,15.6,2,1,14.98,0
8.84,15,1,1,0,0,0,0,13.1,0,3,12.65,0
1.51,14,3,0,0,1,1,0,148.4,4,0,25.59,0
49.32,12,0,2,0,0,0,0,1.4,3,1,31.24,0
4.74,16,3,2,0,0,0,0,16.2,0,3,70.31,0
28.06,13,2,0,0,1,0,0,157.9,0,1,11.03,0
17.82,15,2,0,0,1,0,0,66.4,0,1,15.84,0
45.85,21,3,2,0,0,0,0,51.3,0,1,5.38,0
29.67,9,4,2,0,0,0,0,60.6,0,3,84.87,0
88.57,10,2,1,0,0,0,0,8.0,0,2,61.36,0
34.55,15,3,1,0,0,0,0,2.1,2,2,19.81,0
12.59,15,2,3,0,1,0,0,138.1,3,3,41.4,0
93.81,13,3,3,0,0,0,0,37.2,0,1,31.71,0
76.84,15,0,1,1,1,0,0,55.8,0,1,8.57,1
19.51,11,0,2,0,0,0,0,138.6,1,1,16.44,0
37.41,20,4,0,0,0,0,0,49.0,1,1,5.36,0
5.45,17,1,0,0,0,0,0,10.2,0,2,21.07,0
8.37,19,1,1,0,0,0,0,10.8,1,3,13.2,0
48.77,12,4,1,0,1,0,0,28.3,0,2,152.06,0
30.76,19,2,1,0,0,0,0,37.4,0,0,35.62,0
72.68,12,0,1,0,0,0,0,48.2,1,1,30.53,0
27.9,9,3,2,0,0,0,1,30.1,5,0,17.41,0
8.27,21,5,2,0,1,0,0,46.0,3,1,8.94,0
13.5,17,1,2,0,0,0,0,55.4,4,0,8.49,0
17.18,9,3,2,0,0,1,0,2.0,1,0,16.78,0
14.66,9,3,1,1,0,0,0,19.6,2,2,27.54,0
35.92,5,10,6,2,5,0,1,385.2,2,7,15.14,1
16.44,17,3,0,0,0,0,0,15.0,1,0,87.01,0
25.18,16,2,0,0,0,0,0,17.4,1,1,24.15,0
28.13,12,5,2,0,0,0,0,119.7,1,2,194.54,0
430.61,9,9,3,0,2,0,0,327.1,2,3,12.3,0
24.38,10,3,0,0,0,0,1,36.8,1,4,29.2,0
20.31,15,1,2,0,0,0,0,7.5,0,2,35.86,0
299.61,22,6,3,0,2,1,0,84.3,3,4,14.13,0
10.89,15,4,2,0,0,0,0,16.2,1,1,32.97,0
58.31,8,5,1,0,3,0,0,29.4,0,1,17.09,0
36.6,11,3,2,0,0,0,0,2.8,1,2,3.92,0
10.74,10,2,2,0,0,1,0,27.8,1,0,7.42,0
10.67,16,1,0,0,0,0,0,56.7,4,1,90.0,0
149.2,17,2,2,1,0,0,0,33.8,1,2,11.99,0
1589.13,3,6,6,0,1,1,1,33.6,1,6,48.32,0
36.12,16,4,0,0,2,0,0,25.8,0,0,26.55,0
13.51,12,0,0,0,1,0,0,59.9,0,1,11.94,0
43.95,15,2,1,0,2,0,0,17.2,0,1,57.06,0
32.24,18,0,2,0,0,0,0,0.8,1,2,13.61,0
32.83,12,2,2,0,0,0,1,22.3,0,1,26.79,0
19.6,13,3,1,0,1,0,0,35.7,1,1,111.34,0
18.77,14,1,2,0,1,0,0,88.4,0,3,73.38,0
29.44,19,1,0,0,0,0,0,48.1,3,1,41.35,0
25.7,20,4,0,0,0,1,0,40.4,2,2,33.44,0
28.63,20,3,0,0,0,0,0,27.8,0,1,34.05,0
26.39,20,3,0,0,0,0,0,25.4,0,2,9.48,0
11.26,14,1,1,0,0,0,0,19.2,1,0,89.85,0
9.11,18,2,1,0,2,0,0,119.8,0,2,31.45,0
8.1,14,1,1,0,0,0,0,17.0,0,5,31.62,0
13.57,13,1,1,0,0,0,0,22.1,1,0,117.84,0
14.63,12,2,0,1,0,0,0,47.5,0,1,12.39,0
40.98,13,4,2,0,1,0,0,5.2,1,0,20.31,0
17.7,19,6,1,0,1,0,0,120.4,0,1,15.5,0
170.39,20,4,5,0,3,1,0,383.0,3,2,26.63,0
12.38,20,0,3,0,0,0,0,37.3,1,1,14.7,0
35.22,19,0,4,1,0,0,0,66.7,0,1,15.07,0
8.19,17,1,1,0,0,0,0,32.8,1,2,60.43,0
75.62,4,1,10,0,7,1,1,65.5,3,7,67.83,1
51.65,8,1,0,0,0,0,0,7.2,2,2,16.31,0
53.59,12,4,0,0,0,0,1,119.2,1,0,37.88,0
9.57,17,0,1,0,1,1,0,18.7,3,2,14.61,0
21.97,9,0,1,0,0,0,0,0.8,2,2,7.53,0
164.09,13,5,4,0,2,1,0,410.6,6,4,40.58,0
14.84,13,2,1,0,0,0,0,43.1,1,2,114.27,0
23.49,11,2,0,0,2,0,0,81.8,0,0,7.7,0
39.04,8,1,1,0,0,0,0,20.6,4,2,10.74,0
295.45,0,2,1,0,2,1,0,139.5,1,3,4.66,0
44.59,8,5,1,0,1,0,0,10.8,2,1,37.03,0
29.28,14,0,1,0,0,0,0,111.7,1,2,32.38,0
31.97,12,3,3,0,0,0,0,3.8,2,0,242.2,0
22.25,19,1,3,0,0,0,0,93.2,2,2,13.23,0
39.29,18,0,0,0,0,0,0,13.4,2,1,42.84,0
16.51,13,1,0,0,0,0,0,85.8,0,3,5.82,0
18.06,13,3,0,0,0,0,0,32.1,0,2,107.58,0
63.8,17,1,2,0,0,0,0,20.3,0,2,15.09,0
20.3,11,1,0,0,0,0,0,12.5,1,0,43.09,0
33.79,10,1,1,0,1,0,0,35.7,0,2,106.68,0
77.37,13,3,0,0,0,0,0,141.6,1,3,36.53,0
8.79,20,1,2,0,1,0,0,37.3,1,1,6.28,0
3.93,18,2,2,0,0,0,0,142.6,1,1,6.13,0
47.52,16,0,0,0,0,0,0,71.9,0,1,50.99,0
31.02,8,1,1,0,0,0,0,84.3,1,0,60.98,0
32.24,18,1,3,0,1,0,0,35.6,1,1,141.14,0
76.11,19,2,2,0,0,0,0,96.2,2,1,11.62,0
29.32,13,3,0,0,0,0,0,47.2,2,2,24.71,0
498.34,17,10,8,2,5,0,1,240.5,1,3,8.47,1
15.02,9,1,0,0,0,0,0,66.2,1,0,31.93,0
56.36,11,3,2,0,0,0,0,27.5,0,1,32.56,0
143.22,20,3,0,0,0,0,0,19.2,1,1,39.01,0
29.66,19,3,0,0,1,0,0,53.7,1,1,153.6,0
45.15,19,1,1,0,0,0,0,193.6,0,2,2.99,0
31.6,17,1,0,0,0,0,0,49.6,4,0,41.13,0
53.66,15,1,0,0,0,0,0,100.3,1,2,22.85,0
42.27,11,3,3,0,1,0,1,82.1,1,1,19.69,0
29.45,17,1,0,0,0,0,0,51.4,0,1,11.53,0
16.45,8,0,0,0,0,0,0,113.0,2,0,66.13,0
165.38,5,4,5,2,4,0,0,57.5,3,0,13.68,1
74.34,18,4,0,0,0,0,0,41.7,2,1,8.12,0
50.15,15,1,4,0,0,0,0,23.6,1,1,25.86,0
35.6,9,0,1,0,0,0,0,38.0,0,0,16.6,0
20.49,19,10,5,0,0,1,0,216.6,1,2,47.1,0
81.14,9,3,2,0,0,0,0,3.1,2,0,14.43,0
41.69,12,1,0,0,0,0,0,10.0,2,3,5.63,0
47.17,12,2,1,0,0,0,0,88.0,0,0,72.06,0
55.91,11,3,0,0,0,0,0,26.6,4,6,33.07,0
8.78,11,1,3,0,0,0,0,27.2,6,2,15.66,0
10.56,9,4,1,0,0,0,0,29.3,3,2,82.43,0
15.6,10,0,1,0,0,0,0,94.2,1,2,30.56,0
28.5,7,3,1,0,1,0,0,41.1,0,3,49.55,0
15.83,10,3,0,0,0,0,0,15.5,2,1,27.31,0
49.22,2,7,4,0,3,0,0,36.1,4,2,15.83,0
15.51,19,6,1,0,0,1,0,27.4,0,1,26.62,0
13.35,9,4,0,0,0,1,0,45.8,1,3,26.21,0
5.09,11,3,1,0,0,0,0,151.6,1,0,3.69,0
40.78,17,1,1,0,0,0,0,122.4,0,0,25.23,0
31.18,14,4,1,0,1,0,0,11.8,2,0,54.02,0
3.61,21,0,2,1,1,0,0,35.4,2,1,10.78,0
53.56,10,1,0,0,1,0,0,3.4,0,1,41.43,0
121.68,10,8,6,1,0,0,1,630.6,4,3,25.67,0
37.21,20,3,1,0,0,0,0,110.4,1,4,14.02,0
50.84,12,5,5,0,5,1,0,10.0,4,5,31.01,0
16.02,14,0,0,0,0,0,0,118.7,3,1,57.63,0
45.14,17,1,1,0,0,0,1,9.8,3,1,35.16,0
11.3,15,0,2,0,0,0,0,12.4,0,1,29.88,0
15.23,9,1,1,0,1,0,0,37.6,1,0,45.82,0
31.82,11,2,2,0,1,0,0,12.6,1,3,171.37,0
10.46,9,2,1,0,1,0,0,18.2,2,2,162.89,0
7.18,16,2,2,0,0,0,0,50.5,1,1,21.3,0
7.82,12,1,0,0,0,0,0,154.2,2,0,29.9,0
37.93,11,0,0,0,0,0,0,2.7,0,2,76.32,0
47.26,3,6,4,0,4,1,1,175.6,2,4,20.87,0
23.15,8,2,0,0,1,0,0,18.6,0,3,7.65,0
31.82,10,2,0,0,3,0,1,34.6,0,1,288.89,0
28.91,18,1,1,0,0,0,0,23.1,1,1,5.91,0
54.25,20,3,0,0,0,0,0,32.1,1,1,44.84,0
22.23,8,1,3,0,1,0,0,63.1,1,2,26.42,0
13.5,12,2,1,0,0,0,0,45.4,1,2,90.35,0
29.6,12,3,0,0,0,1,0,141.2,2,1,43.27,0
66.16,11,0,0,0,0,0,0,24.1,1,5,23.02,0
7.44,13,3,1,0,0,1,0,0.2,2,1,3.55,0
38.44,19,2,2,0,2,0,0,19.5,1,2,4.36,0
33.7,13,3,2,0,0,0,0,31.1,0,4,35.15,0
26.23,9,9,6,0,4,1,1,461.9,8,2,3.0,0
52.53,14,2,2,0,0,0,1,26.7,1,3,27.21,0
46.28,21,2,0,0,0,0,0,18.6,2,2,18.3,0
49.76,12,4,2,0,0,0,0,26.9,3,2,69.18,0
79.6,11,4,4,0,0,0,1,47.2,1,1,9.53,0
4.27,10,1,0,0,1,0,0,134.6,0,2,13.95,0
24.08,20,2,1,1,0,0,0,87.7,1,4,6.67,0
34.64,11,4,1,0,0,0,0,63.0,0,2,27.75,0
13.42,2,6,4,0,0,0,0,588.7,1,3,81.49,0
15.29,7,4,3,1,2,1,0,101.6,5,10,110.43,0
24.07,20,2,0,0,0,0,0,10.1,2,2,23.79,0
19.93,18,2,1,0,0,0,0,16.9,2,3,85.5,0
10.26,14,2,1,0,0,0,0,21.1,2,1,115.84,0
13.44,13,2,0,0,0,0,0,6.4,1,1,11.61,0
72.8,19,1,1,1,0,0,0,28.3,1,2,6.97,0
56.05,11,3,2,0,2,0,0,60.8,2,1,10.28,0
18.19,12,1,1,0,2,0,0,217.5,2,0,47.27,0
44.07,17,1,1,0,0,0,0,23.3,1,6,28.51,0
244.19,17,7,5,0,4,0,1,67.4,3,2,17.33,0
28.0,20,2,2,0,0,0,0,32.4,2,2,11.31,0
81.89,13,4,2,0,1,0,0,6.8,0,2,54.4,0
22.28,9,7,4,1,3,1,0,441.3,0,2,31.92,0
58.32,17,1,2,0,0,1,0,41.0,0,0,16.75,0
46.11,22,5,3,0,5,0,0,184.5,3,2,34.02,0
5.58,12,2,0,0,0,0,0,267.5,0,2,8.93,0
75.22,17,4,1,0,0,0,0,36.9,1,1,16.35,0
3.09,13,1,0,1,0,0,0,2.9,0,1,23.38,0
17.74,10,2,3,0,0,0,0,0.4,1,1,84.24,0
27.86,11,1,2,0,1,0,0,3.5,6,1,109.18,0
31.08,13,0,0,0,1,0,0,50.8,3,4,10.31,0
25.18,20,2,0,0,0,0,0,1.6,1,2,60.33,0
74.13,18,5,2,0,0,0,0,111.7,1,0,133.81,0
8.68,19,3,2,0,0,0,0,30.0,1,2,9.23,0
6.57,21,1,0,0,0,0,0,23.9,1,1,24.15,0
106.3,6,8,2,0,1,0,0,16.0,1,4,4.16,0
80.65,11,1,0,0,0,0,0,55.1,1,1,45.87,0
16.68,17,0,1,0,0,1,0,19.1,0,4,12.56,0
41.16,18,5,2,0,0,0,0,192.1,0,0,17.14,0
64.57,11,2,2,0,1,0,0,4.8,1,2,58.96,0
17.6,14,2,1,0,0,0,0,19.5,1,4,19.54,0
22.47,9,2,1,0,0,0,0,8.1,3,1,5.84,0
40.08,10,4,2,0,0,0,0,52.3,1,3,50.01,0
33.36,18,3,1,0,2,0,0,39.5,0,2,39.02,0
14.91,20,1,2,0,0,0,0,11.2,0,1,17.49,0
11.04,18,4,2,0,1,0,0,24.8,0,5,20.07,0
5.02,20,0,0,0,0,0,0,106.5,1,0,6.1,0
8.6,14,1,0,0,0,0,0,11.1,0,2,10.84,0
16.85,17,2,1,1,0,1,0,66.7,3,2,82.53,0
14.14,16,1,0,0,0,0,0,53.0,0,0,142.72,0
109.11,23,6,3,2,2,1,0,29.2,3,4,29.07,0
151.21,2,3,6,0,3,1,1,88.9,4,1,19.5,0
33.85,15,3,0,0,0,0,0,28.7,0,3,28.39,0
8.32,10,2,0,0,2,0,0,75.7,1,1,61.33,0
22.88,20,0,1,0,0,0,0,25.0,3,0,10.45,0
24.87,10,1,2,0,2,0,0,6.0,1,1,11.15,0
227.43,22,10,3,2,3,1,1,348.4,4,6,35.64,1
22.34,11,3,2,0,1,0,0,5.6,1,0,2.64,0
22.86,17,0,4,0,0,0,1,0.4,0,3,3.27,0
75.31,15,5,0,0,0,0,0,12.8,0,1,19.15,0
37.88,21,0,1,0,1,0,1,44.2,1,2,21.23,0
31.0,12,2,0,0,0,0,0,101.5,2,0,16.98,0
55.07,10,2,1,1,1,0,0,39.8,2,3,23.38,0
10.0,21,4,3,0,1,0,0,153.5,2,3,95.27,0
4.22,19,4,0,0,0,0,1,68.9,0,1,13.7,0
43.93,20,2,0,1,0,0,0,11.0,1,2,134.52,0
26.67,16,2,1,0,0,0,0,71.1,1,0,110.19,0
132.09,9,0,0,0,1,0,0,0.1,1,0,20.3,0
111.5,10,7,4,0,3,0,0,39.8,3,0,27.95,0
54.35,14,1,1,0,0,0,0,31.4,1,3,11.9,0
40.32,16,2,3,0,1,0,0,0.4,1,0,35.1,0
9.85,11,2,0,0,0,0,0,68.5,2,2,7.4,0
23.04,11,4,0,0,0,0,0,75.6,1,2,34.56,0
18.67,14,2,2,0,1,0,0,5.0,0,1,59.33,0
20.34,18,2,3,0,0,0,0,10.1,3,2,20.88,0
88.54,16,5,4,0,0,0,0,152.5,1,5,3.85,0
6.97,14,0,2,0,0,0,0,55.8,2,0,136.64,0
16.19,18,0,1,1,0,0,0,4.6,3,3,31.38,0
15.32,20,2,1,0,0,0,0,5.9,0,1,73.87,0
4.99,14,4,2,0,0,0,0,76.2,2,1,35.82,0
11.83,16,3,1,0,0,0,0,22.3,0,0,58.32,0
19.28,9,2,2,0,0,0,0,4.6,2,1,92.4,0
88.37,17,1,0,0,0,0,0,22.9,4,2,65.72,0
16.55,15,4,0,0,0,0,0,13.4,1,3,21.48,0
11.04,18,1,1,0,0,0,0,21.1,2,0,91.47,0
25.71,10,4,0,0,1,0,0,0.8,0,2,45.04,0
12.84,9,2,0,0,0,0,0,6.4,0,1,19.82,0
45.39,17,2,1,0,0,0,0,42.1,1,0,49.02,0
8.1,19,5,0,0,0,0,0,106.3,1,2,55.69,0
22.85,12,1,0,0,0,0,0,8.7,0,1,8.1,0
107.3,5,4,1,0,5,1,0,45.6,3,5,24.57,0
17.27,19,3,3,0,1,0,0,32.4,1,4,19.72,0
48.22,14,2,1,0,1,0,0,39.5,2,0,13.9,0
4.48,21,4,0,0,0,0,0,15.1,0,2,12.1,0
125.0,21,3,2,1,3,1,0,163.5,0,5,61.07,0
59.96,17,1,1,0,0,0,0,18.8,1,2,37.83,0
37.01,9,2,4,0,0,0,0,201.3,1,1,22.2,0
26.96,14,7,3,0,1,0,0,783.5,2,4,23.75,0
25.31,20,2,2,0,0,0,0,48.2,0,1,22.29,0
100.86,10,3,5,0,4,0,0,389.7,1,1,154.14,0
13.13,10,2,2,0,0,0,0,2.7,2,3,11.3,0
56.01,20,2,1,0,0,0,0,23.3,0,2,5.16,0
23.31,20,2,2,0,2,0,0,35.7,1,3,33.34,0
5.46,10,1,2,0,2,0,0,84.9,0,2,17.97,0
3.81,12,1,1,0,0,0,1,44.7,1,3,27.71,0
66.35,12,2,2,0,0,0,0,155.4,1,0,12.7,0
16.19,15,6,3,0,4,1,1,313.0,5,6,14.75,0
9.6,13,3,0,0,0,0,0,9.1,1,2,12.8,0
12.9,21,3,1,0,1,0,0,30.1,2,1,13.33,0
9.53,17,2,0,0,1,0,0,18.5,1,2,26.4,0
17.35,12,2,0,0,0,1,0,56.9,1,0,10.32,0
368.02,3,9,5,4,2,1,1,357.2,3,1,24.84,1
13.45,13,3,0,0,1,0,0,81.8,2,0,26.56,0
5.18,17,4,0,0,0,0,0,20.5,3,0,189.98,0
45.79,16,1,1,0,0,0,0,41.2,1,0,78.35,0
19.3,15,2,1,0,0,0,0,42.4,0,1,34.98,0
29.12,19,3,0,0,0,0,0,49.4,0,1,1.95,0
23.09,18,2,0,0,0,0,0,15.2,2,1,112.03,0
36.19,11,2,3,0,2,0,0,24.1,1,1,24.92,0
17.6,17,2,2,0,2,0,0,0.6,2,0,12.48,0
10.23,13,2,1,0,0,1,0,13.9,3,3,13.21,0
61.63,12,1,1,0,1,0,0,125.0,3,1,15.44,0
38.08,17,1,1,0,0,0,0,11.7,1,1,17.75,0
10.39,17,2,1,0,0,0,0,4.6,1,1,13.68,0
88.98,9,7,5,1,2,0,1,10.0,3,1,15.9,0
82.48,19,2,2,0,0,0,0,6.6,2,3,40.19,0
45.97,9,2,2,0,0,1,0,62.9,1,4,5.72,0
14.48,15,2,0,0,0,0,0,3.5,1,1,33.91,0
1157.8,13,2,2,0,2,0,1,20.2,1,8,22.49,0
19.6,11,2,0,0,2,0,0,25.4,2,1,81.65,0
15.04,8,4,1,0,0,0,0,8.6,3,1,97.73,0
123.99,18,5,1,0,1,0,0,38.1,0,1,15.72,0
62.01,12,2,1,1,1,0,0,207.0,0,0,200.74,0
5.47,12,2,3,0,0,0,0,6.2,0,1,18.5,0
39.47,13,0,1,0,0,0,0,5.3,1,0,12.96,0
36.62,20,5,4,0,5,0,1,10.0,2,2,5.64,0
9.17,11,6,4,0,0,0,0,101.1,2,2,39.96,0
49.59,16,1,1,0,1,0,0,28.3,2,1,8.84,0
11.58,15,4,1,0,0,0,0,21.9,1,0,30.41,0
19.0,13,7,7,1,4,0,0,191.4,0,3,24.62,0
8.32,9,2,0,0,0,0,0,16.3,0,0,16.91,0
75.47,12,0,0,0,0,0,0,40.7,1,3,25.68,0
58.25,15,1,1,0,0,0,0,76.9,1,3,9.94,0
115.27,17,1,3,0,0,0,0,74.4,1,2,48.72,0
8.83,10,0,1,0,0,0,0,11.3,1,3,39.93,0
10.0,11,4,2,0,0,0,0,7.9,0,0,22.13,0
49.31,18,0,5,0,0,1,0,58.0,0,2,14.29,0
29.61,11,1,0,0,0,0,0,16.5,1,2,19.63,0
33.89,14,1,1,0,0,0,0,3.4,0,1,45.07,0
21.82,13,1,1,0,1,0,0,33.7,3,0,18.75,0
11.99,20,2,2,0,0,0,0,43.9,0,1,7.07,0
33.78,9,1,0,0,0,0,0,64.2,0,1,18.35,0
63.16,17,2,0,0,0,0,0,41.1,1,0,68.34,0
37.66,4,4,3,4,1,1,0,853.5,4,4,48.22,1
31.15,19,2,1,0,1,0,0,157.9,0,2,6.32,0
8.44,20,4,0,0,0,0,0,127.0,0,2,30.26,0
12.65,13,2,1,0,0,0,0,10.0,1,0,9.04,0
33.65,19,3,1,0,1,0,0,54.5,1,1,34.42,0
16.87,21,3,0,0,1,0,0,38.6,2,1,6.88,0
18.58,16,2,5,0,0,0,0,0.1,1,0,1.25,0
79.78,7,4,6,0,2,0,0,174.0,6,4,23.19,0
71.87,12,0,3,0,1,0,0,8.5,1,2,88.06,0
1.79,9,2,1,0,0,0,0,4.7,0,1,96.28,0
56.65,19,7,1,0,0,0,0,33.6,2,2,10.05,0
11.36,8,3,1,1,3,0,0,1.2,1,2,122.87,1
60.49,18,2,0,0,1,1,0,45.7,1,0,2.86,0
14.12,21,2,2,0,0,0,0,89.9,1,1,32.09,0
18.8,19,2,0,0,0,0,0,39.1,6,3,24.75,0
9.09,21,3,0,0,1,0,0,30.8,0,1,15.03,0
18.48,11,2,0,0,0,0,0,56.9,2,3,31.83,0
37.13,16,1,0,0,0,0,0,8.8,2,1,109.72,0
13.31,22,4,2,0,2,0,0,365.1,3,1,26.49,0
39.49,10,1,2,0,0,0,0,164.0,0,3,19.53,0
17.08,14,0,0,0,0,0,0,15.9,1,2,7.36,0
43.75,12,3,2,0,0,0,0,11.4,1,3,67.67,0
46.02,16,0,0,0,2,0,0,4.8,1,0,279.38,0
11.33,8,1,0,0,0,0,0,102.0,0,1,7.49,0
27.22,18,0,1,0,1,0,0,5.9,2,0,42.15,0
108.3,17,1,1,0,0,0,0,74.7,2,1,25.84,0
4.67,15,2,0,0,0,0,0,39.1,0,3,6.83,0
12.9,11,2,0,0,0,0,0,107.3,3,1,42.17,0
19.29,10,3,1,0,0,0,1,96.2,0,0,11.8,0
52.93,20,2,1,0,0,0,0,27.3,2,2,37.67,0
34.78,19,2,0,0,0,0,0,5.5,0,0,14.47,0
11.13,11,0,1,0,1,0,0,73.3,1,0,68.8,0
17.62,17,1,2,0,0,0,0,11.8,1,3,86.45,0
33.07,10,1,0,0,0,1,0,41.3,2,0,43.1,0
33.8,15,2,0,0,1,0,0,12.8,1,0,90.78,0
13.25,14,1,2,0,0,0,1,44.5,1,0,22.46,0
339.65,13,2,3,0,0,0,1,144.5,1,0,13.94,0
11.49,14,3,3,0,0,0,0,33.9,0,1,5.48,0
18.1,15,4,0,0,0,0,0,154.8,1,0,9.76,0
70.34,9,2,0,1,0,0,0,31.2,0,1,29.36,0
8.3,16,4,1,0,0,0,0,4.4,2,1,13.02,0
11.72,12,0,0,0,0,0,0,17.1,3,3,18.71,0
22.87,9,1,0,0,0,0,1,12.3,1,0,7.0,0
27.45,16,1,1,0,1,0,0,87.3,0,0,21.59,0
33.82,19,0,1,0,0,1,0,97.3,0,2,92.22,0
65.64,12,2,0,0,0,0,1,94.9,3,1,143.92,0
22.27,19,1,2,0,0,0,0,73.3,1,1,33.8,0
25.03,9,1,1,0,0,0,0,104.7,2,2,6.32,0
8.48,11,1,1,0,0,0,0,34.4,0,1,79.76,0
2.6,20,2,1,0,0,0,0,17.8,1,1,43.25,0
41.41,16,2,2,0,0,0,0,19.4,1,1,12.48,0
57.42,18,2,1,0,0,0,1,82.6,1,2,8.53,0
27.23,16,4,1,0,0,0,0,64.6,2,2,44.23,0
103.65,18,1,2,0,0,0,1,41.7,0,2,69.96,0
33.64,8,1,1,0,0,0,0,108.1,2,3,45.27,0
19.22,19,2,0,0,1,0,0,8.9,2,2,74.98,0
7.3,14,2,0,1,0,0,0,147.4,0,2,44.77,0
32.12,13,6,1,0,0,0,0,6.1,1,1,5.91,0
2.43,10,3,1,0,0,1,1,46.9,0,1,4.89,0
30.36,11,1,0,0,0,0,0,16.0,3,4,10.29,0
14.44,19,1,2,0,0,0,0,37.1,0,1,13.56,0
9.39,12,2,3,1,0,0,0,52.2,3,0,28.9,0
7.54,9,1,0,0,0,0,0,31.9,0,1,91.11,0
40.5,14,2,1,0,0,0,0,3.3,1,2,20.54,0
8.12,19,3,1,1,3,0,0,108.0,2,3,53.0,0
13.21,11,0,1,0,0,0,0,40.2,0,1,9.05,0
12.87,15,1,0,1,0,0,0,174.3,1,1,44.22,0
14.8,19,0,1,0,0,0,0,12.7,0,1,46.31,0
145.87,14,5,1,0,0,0,0,87.7,2,2,10.06,0
17.18,16,1,0,0,0,0,0,117.9,1,3,24.66,0
21.24,8,4,1,0,0,1,0,24.0,2,2,37.75,0
8.18,16,7,0,0,0,0,0,83.3,1,2,3.54,0
42.36,11,1,0,0,0,0,0,134.1,2,1,65.6,0
55.26,18,1,1,0,0,0,0,30.5,1,1,28.24,0
36.11,15,0,1,0,0,0,0,45.3,1,1,28.67,0
56.19,18,0,2,0,0,0,0,124.1,1,1,21.53,0
23.97,19,3,1,0,0,0,0,29.4,2,1,15.21,0
13.73,15,3,1,0,1,0,0,14.4,1,4,28.41,0
39.45,15,2,3,0,0,0,0,8.3,0,1,13.53,0
46.21,12,4,1,0,0,0,0,39.3,0,1,64.31,0
84.19,19,1,1,0,0,1,0,242.5,0,4,8.67,0
25.41,15,3,1,0,0,0,0,14.3,2,2,23.69,0
8.79,9,1,1,1,0,0,0,58.5,2,2,10.48,0
29.99,8,1,0,0,0,0,0,17.4,1,0,61.96,0
13.2,11,3,1,0,0,0,0,51.5,0,1,38.01,0
109.04,14,1,0,1,2,0,0,160.2,0,0,15.14,0
29.07,12,1,0,0,1,0,0,44.0,3,2,4.63,0
3.71,13,1,1,0,1,0,0,31.5,2,1,26.14,0
9.42,16,4,1,0,1,0,0,0.2,2,0,8.53,0
90.86,13,2,2,0,0,1,0,19.6,0,1,6.54,0
8.61,14,2,2,0,1,0,0,16.9,1,2,92.71,0
89.45,0,5,1,0,1,0,1,59.6,5,1,26.15,0
9.26,20,1,0,0,0,0,0,1.6,1,0,9.81,0
8.64,16,5,1,0,0,0,0,5.8,3,1,1.48,0
21.26,20,2,1,0,0,1,0,6.8,0,3,14.34,0
2.95,18,4,0,0,1,0,0,0.1,1,1,7.91,0
248.7,17,5,2,0,2,0,0,19.8,2,5,92.9,0
9.95,10,1,1,0,0,0,0,22.8,1,3,34.71,0
14.3,14,5,0,0,0,0,1,65.8,1,0,19.49,0
54.92,17,1,0,0,0,0,0,129.4,0,1,7.99,0
282.01,12,2,1,0,0,0,0,18.7,0,0,89.67,0
61.67,15,3,0,0,0,0,0,180.5,0,0,19.84,0
20.86,12,3,0,0,0,0,0,31.7,0,2,4.47,0
26.29,5,12,4,2,3,0,1,350.6,5,5,17.67,1
13.04,18,0,0,0,0,0,0,2.0,2,2,53.76,0
457.21,4,9,6,0,6,1,1,444.0,3,7,6.99,1
77.04,11,2,0,0,0,0,0,13.6,2,6,11.49,0
54.89,11,2,1,0,0,0,0,11.2,1,1,33.5,0
9.51,12,1,0,0,0,0,0,32.6,2,1,20.03,0
49.4,11,3,1,0,0,0,0,55.5,3,2,42.35,0
8.29,17,2,2,0,0,0,0,34.8,2,3,20.6,0
39.35,20,0,1,2,2,0,0,68.2,1,3,37.85,0
13.56,10,4,0,0,0,0,0,18.6,1,4,13.4,0
25.07,18,2,1,0,0,0,0,16.4,0,1,116.87,0
124.59,14,3,0,0,0,0,0,4.4,0,2,20.28,0
9.83,12,3,0,0,0,0,0,66.0,0,2,109.11,0
16.92,17,4,1,0,0,0,0,45.8,2,1,100.39,0
34.87,16,0,0,0,0,0,0,32.8,1,0,99.02,0
79.7,17,4,1,0,0,0,0,111.4,0,2,4.29,0
24.2,17,3,1,0,0,0,0,41.8,0,0,26.56,0
149.31,21,7,9,3,7,1,1,306.3,4,2,44.56,1
29.87,18,0,0,0,0,0,1,11.2,0,3,48.11,0
8.52,8,3,2,0,0,0,0,50.3,1,1,71.95,0
5.79,16,1,1,0,0,0,0,18.1,1,3,13.26,0
382.6,10,7,5,0,1,0,1,32.2,2,6,189.67,0
6.88,16,3,1,0,0,0,0,66.3,2,3,7.28,0
381.9,3,2,5,0,1,0,0,10.4,1,2,24.19,0
9.81,8,2,0,0,0,0,1,63.9,0,3,27.19,0
16.44,10,4,5,0,0,0,0,118.2,2,4,30.59,0
11.82,11,1,1,0,0,0,0,12.4,2,0,15.03,0
33.53,15,2,3,0,0,0,1,128.0,2,2,19.06,0
31.13,14,0,1,0,0,0,1,0.3,4,0,84.44,0
154.38,10,1,0,0,0,0,0,22.2,1,3,4.91,0
135.31,18,3,2,0,0,0,0,8.4,1,0,35.99,0
13.88,15,2,0,0,0,0,0,31.0,1,1,13.2,0
203.08,3,4,2,0,0,1,1,79.6,3,6,22.53,0
36.13,18,1,2,0,2,0,0,201.1,0,0,9.15,0
16.86,15,0,3,0,0,0,0,51.5,0,2,25.77,0
13.61,14,3,2,0,0,0,0,9.6,3,2,11.17,0
62.0,9,4,3,0,1,0,1,170.0,4,0,39.45,0
38.89,9,5,0,0,0,0,0,1.4,4,1,65.59,0
4.58,16,0,1,0,0,0,0,90.8,1,1,77.35,0
19.41,9,4,1,0,0,0,0,65.7,2,3,58.04,0
36.97,20,2,0,0,0,0,1,13.7,2,0,14.36,0
10.76,13,1,1,0,0,0,0,12.0,2,1,26.47,0
28.13,13,5,0,0,1,1,0,11.5,2,0,11.33,0
113.69,21,4,0,0,0,0,0,47.3,1,1,8.17,0
6.75,20,1,1,0,0,0,0,25.2,0,2,50.08,0
43.0,15,2,1,0,0,0,0,68.0,2,1,4.85,0
32.42,12,2,0,0,1,0,0,52.0,2,0,18.18,0
26.14,20,1,0,0,0,0,0,55.6,1,1,18.8,0
19.97,15,2,1,0,0,0,0,219.6,1,1,11.88,0
31.73,18,1,1,0,1,0,0,122.6,3,1,20.99,0
32.93,21,2,3,0,2,0,0,74.7,3,0,16.16,0
18.64,17,3,1,0,0,0,0,7.5,2,0,23.72,0
27.12,12,4,2,0,0,0,0,16.3,2,0,23.76,0
28.93,12,2,0,0,0,0,0,21.0,1,0,59.05,0
18.07,18,2,0,0,0,0,0,4.8,1,2,11.93,0
27.17,10,5,0,0,0,0,0,38.4,1,1,29.2,0
241.39,9,11,6,5,3,1,1,689.5,3,5,86.71,1
79.85,12,2,1,0,0,0,0,68.0,3,2,13.38,0
6.45,16,0,1,0,0,0,0,31.4,1,1,18.35,0
29.46,19,0,0,0,0,0,0,176.9,2,0,36.09,0
82.89,16,3,1,0,1,0,0,7.7,1,4,35.37,0
16.61,13,1,0,0,0,0,0,142.3,0,2,37.97,0
31.54,18,4,1,0,0,0,0,1.8,2,1,7.18,0
39.48,13,2,0,0,0,0,0,38.1,0,1,21.87,0
71.04,8,1,1,0,1,0,0,126.8,1,1,7.79,0
27.03,14,2,0,0,1,0,0,52.9,0,1,25.57,0
34.06,1,6,3,0,2,0,0,511.4,5,3,45.99,0
18.14,10,1,2,1,0,0,1,50.8,1,1,14.37,0
88.49,13,5,2,0,4,0,1,208.2,4,2,5.7,0
77.9,10,0,0,1,0,0,0,115.5,0,1,22.48,0
7.25,15,3,2,0,0,0,0,19.3,0,1,153.07,0
20.41,18,2,0,0,0,0,0,28.3,2,1,91.61,0
16.09,19,2,0,0,1,0,0,54.5,1,4,24.51,0
16.1,19,3,1,0,1,0,0,26.0,3,0,14.79,0
38.66,16,1,1,0,0,0,0,55.9,0,2,7.67,0
25.14,20,1,0,0,1,1,0,48.0,2,3,15.65,0
13.16,8,2,1,0,0,0,0,17.9,1,0,155.08,0
41.62,9,5,0,0,1,0,1,54.7,4,1,23.52,0
11.55,2,0,6,0,2,0,0,76.1,1,3,25.09,0
90.94,13,1,1,0,1,0,0,40.7,0,0,8.28,0
11.05,17,1,2,0,0,0,0,52.4,0,0,29.85,0
26.67,13,1,1,0,0,0,0,1.6,0,1,88.68,0
22.11,16,1,3,0,0,0,1,49.6,1,1,23.93,0
8.26,14,2,2,0,1,0,0,321.0,1,1,13.49,0
25.82,14,3,1,0,2,0,0,10.4,1,2,4.9,0
34.71,14,1,1,0,0,0,0,44.8,2,1,24.8,0
117.36,12,3,0,0,1,0,0,108.0,0,2,17.45,0
49.19,12,0,1,0,0,1,0,2.9,0,2,19.16,0
14.7,10,3,3,0,0,1,0,42.2,2,1,62.04,0
5.91,10,3,0,0,1,0,0,53.1,2,1,16.01,0
39.22,13,0,0,0,0,0,0,290.9,1,0,34.06,0
31.56,2,8,6,1,5,0,1,241.3,2,5,165.32,1
82.25,10,1,2,0,0,0,0,2.5,1,0,23.29,0
32.07,9,3,1,0,0,0,0,0.4,0,1,6.31,0
5.58,10,1,2,0,0,0,0,11.9,0,1,9.3,0
9.81,16,4,1,0,1,0,0,107.5,3,0,17.18,0
11.55,13,2,0,0,1,0,0,1.8,0,1,45.33,0
126.9,11,3,3,0,1,0,0,110.3,1,2,8.0,0
20.27,20,1,0,0,1,0,0,3.3,1,1,27.08,0
90.4,17,3,3,0,0,0,0,8.6,1,1,18.53,0
21.19,11,1,3,0,1,0,0,272.0,2,0,8.76,0
15.62,10,2,1,0,1,0,0,73.8,2,1,11.32,0
132.52,7,5,2,0,4,0,0,86.8,3,4,14.09,0
10.05,18,0,0,0,0,0,0,96.6,2,2,12.76,0
105.29,14,2,3,0,1,0,0,64.8,0,4,17.01,0
35.64,18,3,2,0,0,0,0,22.8,0,2,24.28,0
29.27,9,2,1,0,1,0,0,36.6,1,1,54.49,0
20.67,11,0,0,0,0,0,0,13.2,0,1,18.43,0
7.54,16,0,1,0,0,0,0,1.2,1,2,9.76,0
50.46,16,0,1,0,0,0,0,18.8,1,1,7.41,0
133.38,22,4,5,1,1,0,0,137.8,1,2,22.45,0
78.03,15,2,0,0,0,0,0,37.0,1,3,41.16,0
28.08,20,3,0,0,0,0,0,36.9,0,5,9.88,0
38.03,18,3,0,1,0,0,0,60.0,0,1,18.36,0
15.72,15,3,2,0,0,0,0,86.4,2,0,55.36,0
38.81,9,1,0,0,0,0,0,61.2,0,3,39.15,0
82.23,16,2,2,0,0,0,0,52.3,2,1,12.2,0
9.96,16,3,3,0,1,0,0,14.0,0,0,88.03,0
11.16,11,2,2,1,0,0,0,121.7,1,3,4.71,0
28.91,11,3,1,0,0,0,0,115.1,0,0,6.46,0
17.32,14,3,1,0,0,0,0,155.6,1,4,28.51,0
67.43,14,0,0,0,1,0,0,65.3,1,0,40.16,0
306.53,1,7,6,2,8,1,1,612.0,5,6,1.22,1
29.75,14,4,2,0,1,0,0,7.7,2,2,18.32,0
70.36,20,3,0,0,0,0,0,61.0,3,1,304.13,0
46.33,18,2,1,0,0,0,0,12.2,1,3,53.28,0
14.8,15,1,2,0,1,0,0,29.1,1,2,34.74,0
143.02,15,0,3,0,0,0,0,50.1,4,1,21.97,0
25.39,12,1,0,0,0,0,0,25.5,1,1,6.71,0
48.84,9,1,0,0,0,0,1,125.0,1,3,15.94,0
8.39,17,2,2,0,0,1,0,180.8,0,0,12.24,0
162.44,18,1,0,0,0,0,0,6.9,0,1,38.32,0
23.59,16,2,1,0,1,0,0,18.9,0,1,6.9,0
36.47,16,1,3,0,0,0,0,64.6,0,0,38.89,0
42.13,11,2,0,0,0,0,0,21.1,2,2,59.2,0
7.14,10,0,1,0,1,0,0,102.9,2,2,19.74,0
14.7,12,0,0,1,0,0,0,36.2,1,0,22.22,0
25.24,18,0,2,0,1,0,0,6.0,0,0,22.11,0
80.28,18,2,1,0,1,0,0,29.8,0,6,4.49,0
7.47,20,2,1,0,1,0,0,13.9,0,3,21.34,0
27.76,12,1,0,0,0,0,0,106.8,0,0,6.25,0
23.82,21,1,2,0,1,0,0,24.8,3,0,14.71,0
6.35,9,4,2,0,0,0,0,24.0,1,0,5.51,0
9.0,11,2,0,0,0,0,0,81.0,0,2,20.13,0
7.11,15,0,0,0,0,0,0,101.0,3,2,25.78,0
5.24,19,1,1,0,0,0,0,7.1,2,1,55.81,0
38.84,10,4,1,0,0,0,0,9.7,1,2,156.27,0
5.67,14,3,2,1,0,0,0,4.4,2,4,6.98,0
16.78,12,3,2,0,0,0,0,107.8,1,1,12.95,0
60.57,17,3,3,0,0,0,0,145.9,1,1,36.33,0
6.27,12,0,2,0,0,0,0,52.4,0,2,19.72,0
25.22,10,2,1,0,0,0,0,18.2,2,1,42.16,0
17.9,13,4,2,0,0,0,0,29.1,0,1,23.42,0
92.05,11,3,1,0,0,0,0,11.8,1,2,12.26,0
21.4,21,1,0,0,2,0,0,8.6,1,1,16.14,0
30.12,10,2,2,0,0,0,0,30.3,0,0,89.35,0
12.25,9,1,0,0,1,1,0,0.4,1,2,6.06,0
11.34,12,4,0,0,2,0,0,14.2,1,2,8.88,0
14.02,14,1,1,0,1,0,0,66.1,0,4,16.62,0
21.32,15,1,0,0,0,0,0,140.4,0,4,118.53,0
22.48,10,3,1,0,1,0,0,171.7,1,3,71.83,0
36.88,15,4,2,0,0,0,0,3.4,1,0,17.52,0
16.69,16,2,3,0,0,0,0,33.7,4,0,12.99,0
8.18,20,2,0,0,0,0,0,110.1,1,3,9.54,0
48.29,20,1,2,0,0,0,0,49.0,2,2,14.32,0
139.53,21,5,1,1,2,0,0,180.2,2,3,11.64,0
8.85,11,2,2,0,1,0,0,3.5,2,4,3.45,0
10.0,6,6,3,0,3,0,1,97.1,3,4,52.47,0
27.58,9,3,0,0,0,0,1,169.6,3,1,21.32,0
55.93,8,4,0,0,0,0,0,85.5,0,2,8.44,0
192.39,9,1,2,0,0,0,0,15.8,1,4,45.72,0
11.17,10,2,1,0,0,0,0,62.2,1,1,9.47,0
64.65,19,2,0,0,0,0,0,90.0,1,4,4.97,0
26.97,15,2,1,0,0,0,0,27.1,0,0,24.97,0
16.1,13,1,1,0,1,0,0,7.2,1,2,29.76,0
10.51,15,2,1,0,0,0,0,10.9,1,1,25.15,0
855.22,4,4,8,3,3,1,1,341.3,8,3,16.09,1
21.01,21,1,0,0,0,0,0,4.5,1,0,14.14,0
48.93,19,2,2,0,0,1,0,8.5,0,0,12.89,0
14.76,13,3,3,0,0,0,0,10.2,1,3,30.3,0
6.79,13,2,2,0,1,0,0,5.1,0,2,31.98,0
54.53,18,3,1,0,0,0,0,6.6,2,1,25.46,0
58.07,20,2,1,0,0,0,0,9.5,1,0,9.15,0
99.21,10,1,0,0,0,0,0,26.7,0,0,22.06,0
6.27,10,1,1,3,1,0,0,54.3,0,4,27.19,0
317.04,19,0,1,0,0,0,0,175.2,1,2,12.16,0
485.18,15,3,0,0,1,0,0,3.1,0,2,33.26,0
5.43,10,4,1,0,0,0,0,20.7,3,0,27.9,0
10.6,18,6,2,0,0,0,0,43.3,0,2,48.38,0
38.09,17,3,1,0,0,0,0,18.4,0,3,49.98,0
2.98,19,1,0,0,0,0,1,166.4,0,2,58.27,0
45.41,11,1,1,0,0,0,0,2.3,0,2,30.94,0
9.19,16,2,0,1,0,0,0,34.5,0,1,28.05,0
37.77,12,4,0,0,0,0,1,30.0,3,2,4.6,0
14.49,0,7,5,0,0,0,0,25.4,1,5,53.1,0
73.82,14,2,2,0,1,0,0,13.2,0,2,10.61,0
24.67,15,2,1,0,1,0,1,64.6,0,5,208.79,1
10.47,15,3,2,0,0,0,0,42.9,0,1,37.57,0
19.92,19,0,2,0,0,0,0,37.0,1,1,16.75,0
3.0,13,4,0,0,0,0,0,31.8,1,0,8.7,0
8.33,14,1,0,0,1,0,0,54.7,1,1,36.27,0
11.05,16,3,2,0,0,0,0,52.6,1,0,26.79,0
22.26,20,4,1,0,0,0,0,18.6,1,1,6.58,0
24.06,16,2,1,0,0,0,0,18.1,2,0,32.6,0
133.71,11,5,4,0,4,0,0,92.9,0,6,25.79,0
61.88,20,2,1,0,0,0,0,10.8,2,1,134.34,0
25.0,11,1,2,0,1,0,0,84.5,0,4,28.04,0
3.67,9,3,0,0,0,0,0,51.0,0,0,13.25,0
27.37,13,1,0,0,0,0,0,17.3,0,0,26.7,0
56.46,18,2,1,0,0,0,0,50.6,3,3,6.59,0
29.17,16,3,2,0,0,0,0,42.4,2,1,25.03,0
93.41,6,6,5,2,6,1,1,2137.9,7,5,74.56,1
33.05,17,1,1,0,0,0,1,16.8,3,4,72.45,0
28.34,16,1,1,0,1,0,0,12.6,4,2,10.13,0
26.07,12,0,2,0,3,0,0,12.9,1,1,11.21,0
34.59,17,1,0,0,0,0,0,80.0,4,1,18.75,0
150.53,21,8,4,0,3,0,1,639.2,4,1,17.28,1
5.83,14,1,1,0,0,0,0,205.9,1,2,20.28,0
15.89,4,3,5,1,2,0,0,60.2,5,2,12.6,0
15.81,16,2,2,0,0,0,0,8.8,1,2,93.2,0
44.02,15,2,0,0,0,0,0,46.6,4,3,44.57,0
5.41,9,1,1,0,0,0,0,52.1,2,2,19.76,0
264.45,14,7,3,0,2,0,0,423.2,5,4,45.09,0
9.93,14,3,1,0,0,0,0,16.0,2,1,8.42,0
12.91,21,1,1,0,1,0,0,34.0,3,1,38.31,0
14.45,13,1,1,0,0,0,0,130.1,0,4,29.9,0
34.27,14,4,1,0,0,0,0,13.9,0,0,15.54,0
16.68,20,3,2,0,1,0,0,51.8,0,1,28.44,0
22.27,8,3,2,0,0,0,0,2.1,1,2,31.99,0
6.42,19,1,0,0,0,0,0,31.8,1,0,18.64,0
19.29,15,2,0,0,1,0,0,81.0,1,1,56.03,0
36.2,19,2,7,1,1,1,1,970.0,5,2,45.47,0
22.8,8,1,0,0,1,0,0,27.6,3,0,34.82,0
17.26,14,4,1,0,0,0,0,143.8,0,1,54.21,0
16.91,20,0,1,0,0,0,0,22.5,0,0,42.67,0
13.07,18,4,2,0,1,0,0,52.8,3,1,78.98,0
9.13,17,3,2,0,1,0,0,21.6,1,0,26.32,0
29.39,15,1,0,0,0,0,0,75.3,0,2,26.61,0
176.91,18,0,0,0,1,1,0,154.3,1,2,9.45,0
88.55,21,3,2,1,0,1,0,54.5,0,1,35.81,0
18.49,17,3,2,0,0,0,0,6.9,1,2,48.79,0
23.31,9,2,2,0,0,0,0,50.8,0,1,22.61,0
8.68,13,4,0,0,0,0,0,32.3,2,0,5.07,0
79.98,19,4,0,0,0,0,0,26.2,3,1,17.78,0
50.9,18,2,1,0,1,0,0,86.4,0,1,7.94,0
238.36,2,11,3,0,5,1,1,76.4,9,5,155.18,1
17.67,20,2,1,0,1,0,0,30.1,0,1,6.56,0
77.36,14,1,0,0,0,0,0,22.4,1,2,17.89,0
20.54,0,6,1,0,1,1,0,42.3,4,3,5.17,0
101.96,13,7,0,1,4,1,1,315.6,5,3,40.49,1
33.05,20,2,2,0,0,0,0,18.4,0,0,10.72,0
74.66,9,0,1,0,1,0,0,203.3,2,4,59.0,0
64.95,18,3,2,0,1,0,0,57.5,2,1,29.56,0
21.62,19,0,1,0,0,0,0,16.5,1,1,3.36,0
35.72,13,1,1,0,0,0,0,27.0,0,2,28.34,0
18.36,8,3,0,0,1,0,0,16.8,0,1,16.85,0
16.55,19,3,0,0,0,0,0,65.6,1,0,16.78,0
65.18,18,3,0,0,0,0,0,29.7,0,2,34.26,0
22.91,17,2,2,0,1,0,0,32.2,2,0,33.94,0
67.41,15,4,2,0,0,1,0,313.8,0,1,17.97,0
42.07,21,2,1,0,0,0,0,29.8,1,1,18.28,0
45.7,17,6,5,1,2,0,0,192.3,5,3,31.72,0
15.72,21,3,1,0,0,0,0,128.8,1,5,20.74,0
73.18,15,1,0,0,1,0,0,69.3,2,2,15.84,0
6.41,20,0,0,0,1,0,0,55.8,0,2,6.39,0
103.05,16,0,0,0,0,0,0,19.6,1,0,31.67,0
36.74,12,1,1,0,0,0,0,67.7,0,2,2.2,0
13.66,9,0,1,0,1,1,1,7.9,5,2,8.61,0
32.21,17,2,3,0,0,0,0,31.6,4,1,11.35,0
34.85,16,2,1,1,0,0,0,155.2,2,0,64.84,0
22.24,18,4,3,0,0,0,0,3.3,1,0,37.56,0
45.52,17,2,1,0,0,1,0,9.0,1,3,21.88,0
35.44,17,1,0,0,0,0,0,187.8,0,0,3.6,0
36.48,21,3,1,0,0,0,0,12.9,0,1,24.26,0
30.7,12,0,0,0,0,0,0,30.0,1,2,6.83,0
85.02,14,0,1,0,0,0,0,52.0,2,2,5.51,0
49.57,17,2,0,0,0,0,1,187.2,1,0,34.02,0
31.02,15,1,1,0,0,0,0,8.9,2,1,7.67,0
5.64,15,2,1,0,2,0,0,19.8,1,0,26.12,0
17.04,13,3,2,0,1,0,0,25.4,1,1,10.12,0
41.19,19,1,2,0,0,0,0,103.3,1,1,99.28,0
41.56,19,1,0,0,0,1,0,273.7,0,3,172.94,0
31.98,12,4,4,0,0,0,0,48.1,0,0,8.09,0
17.92,12,1,0,0,0,0,1,103.6,2,1,47.95,0
133.89,8,10,3,0,1,0,1,199.3,1,4,61.14,0
17.18,11,4,0,0,1,0,0,215.5,2,1,90.36,0
44.57,12,4,7,0,3,0,1,475.7,2,1,17.06,0
30.21,18,4,0,0,1,0,0,85.3,1,1,7.52,0
60.16,10,1,3,0,0,0,0,119.7,0,1,26.32,0
45.27,18,1,2,0,0,0,0,29.0,1,1,9.61,0
48.65,13,2,1,0,0,0,0,105.7,2,0,46.18,0
9.04,20,2,1,0,1,0,0,26.8,2,2,24.5,0
8.34,16,3,0,0,1,0,0,51.5,0,1,14.67,0
97.35,0,5,2,0,3,1,1,227.8,2,5,29.73,0
33.42,16,4,1,0,0,0,0,57.8,0,3,76.05,0
8.47,16,2,1,0,1,0,1,49.7,3,1,194.04,0
40.2,18,7,2,0,4,0,1,290.1,1,7,14.61,0
42.43,16,1,0,0,0,0,1,27.2,2,3,54.76,0
78.13,12,0,4,0,0,0,0,81.2,0,3,19.83,0
46.37,20,2,1,0,0,0,0,105.6,1,3,32.64,0
45.84,15,2,0,0,0,0,0,72.0,2,3,18.0,0
9.74,20,1,0,0,0,0,0,24.5,3,4,8.47,0
28.87,8,5,0,0,0,0,0,65.4,0,2,15.41,0
25.32,20,2,0,0,0,0,0,13.0,2,2,9.03,0
44.2,10,1,2,0,1,0,1,24.1,1,0,19.56,0
19.61,18,5,0,0,0,0,0,2.8,0,0,11.62,0
13.35,19,3,1,0,0,0,0,16.2,1,3,62.65,0
95.25,19,1,2,0,0,0,0,10.6,4,2,17.45,0
692.56,11,3,4,0,2,0,0,57.4,3,4,67.09,0
3.04,20,4,0,0,0,0,0,86.8,2,2,24.75,0
238.39,20,2,2,0,0,0,0,131.6,0,0,21.69,0
273.14,2,9,5,3,4,1,1,209.1,8,6,5.53,1
52.26,16,4,2,0,0,0,0,7.3,1,0,14.04,0
12.5,17,1,1,0,0,1,0,5.4,0,3,9.11,0
12.16,20,0,3,0,0,0,0,29.1,1,2,72.14,0
64.88,9,3,2,0,0,0,0,177.2,0,2,93.5,0
34.85,10,5,2,0,1,0,0,143.7,2,3,18.07,0
104.91,15,0,1,0,0,0,0,12.0,0,0,18.65,0
84.01,13,1,2,0,1,0,0,14.3,1,1,23.32,0
32.31,13,1,1,0,1,0,0,123.2,2,1,37.65,0
47.09,20,3,0,0,1,0,0,39.7,0,1,4.64,0
20.77,14,2,0,0,0,0,0,6.1,1,0,4.5,0
9.98,10,3,1,0,0,0,0,96.6,2,0,38.17,0
14.85,19,4,0,0,0,0,0,45.5,1,1,13.41,0
90.97,20,2,4,0,1,0,0,4.9,2,1,34.31,0
10.38,17,0,1,0,0,0,0,295.5,1,0,10.36,0
38.94,19,3,1,0,0,0,0,8.1,1,1,22.89,0
307.69,10,13,14,0,1,0,1,394.9,3,2,15.28,1
35.95,17,1,1,1,1,0,0,113.4,1,2,83.36,0
48.82,14,4,0,0,0,0,0,96.4,0,2,40.1,0
12.16,18,2,0,0,1,0,0,18.2,2,1,18.1,0
11.11,17,1,1,0,1,0,0,50.6,0,0,17.2,0
62.69,10,4,0,0,0,0,0,71.3,0,3,32.44,0
12.56,10,3,1,0,0,0,0,47.3,0,0,19.51,0
11.42,15,1,0,0,0,0,0,38.0,3,0,10.65,0
4.17,11,5,1,0,0,0,0,34.3,3,3,11.7,0
13.46,11,2,2,0,0,0,0,21.1,2,2,44.58,0
28.24,10,2,0,1,1,0,0,15.3,0,1,129.17,0
16.87,14,1,1,0,1,0,0,129.7,0,2,2.48,0
15.23,14,2,1,0,1,0,0,38.1,3,0,21.12,0
3.19,10,0,0,0,0,0,0,114.4,0,0,27.22,0
35.15,11,0,3,0,0,0,0,116.8,1,2,47.87,0
1574.56,0,8,3,0,0,0,1,21.0,3,4,79.74,0
59.77,11,0,1,0,1,1,0,20.5,2,1,12.3,0
9.83,14,3,0,0,0,0,1,37.8,3,1,16.75,0
4.73,19,3,0,0,1,0,0,1.3,0,2,87.07,0
11.22,9,0,2,0,0,0,0,68.8,1,0,18.33,0
62.18,17,1,1,0,0,0,0,7.6,0,0,48.79,0
34.32,14,1,2,0,1,0,0,16.5,2,4,12.18,0
46.43,16,0,2,0,0,0,0,14.8,3,1,13.62,0
203.32,20,4,3,0,0,0,0,35.8,3,2,21.94,0
75.69,20,4,0,0,0,0,0,119.0,2,1,23.89,0
17.19,10,3,1,0,0,0,0,2.3,2,1,73.12,0
110.97,21,9,1,0,2,1,1,513.3,5,3,27.09,0
7.91,18,3,0,0,1,0,0,79.9,2,1,41.41,0
111.89,16,3,0,0,1,0,0,159.7,1,3,34.4,0
13.16,16,4,1,0,1,0,0,31.6,0,0,20.23,0
139.56,11,1,0,0,1,0,0,10.3,2,3,10.15,0
38.08,16,0,2,0,0,0,0,17.9,1,1,9.66,0
17.84,14,2,1,0,0,0,0,14.5,1,1,10.84,0
7.48,9,2,2,0,0,0,0,11.5,2,1,68.75,0
4.17,17,2,0,0,0,0,0,8.0,2,2,15.69,0
28.06,16,1,1,0,0,0,0,73.5,1,1,7.69,0
6.98,18,1,1,0,1,0,0,98.6,1,3,10.28,0
25.0,9,0,0,0,0,0,0,60.5,1,3,11.78,0
17.44,20,4,2,0,0,0,0,100.1,0,1,70.51,0
24.89,19,2,0,0,0,1,0,0.1,0,1,14.72,0
49.3,12,2,4,0,0,0,0,89.1,1,0,123.77,0
9.24,14,0,0,0,0,0,0,28.2,0,0,114.62,0
5.15,10,4,0,0,1,0,0,9.1,0,1,24.69,0
11.49,20,2,0,0,1,0,0,14.5,1,2,20.48,0
46.76,16,2,1,0,0,0,0,5.1,2,3,21.05,0
29.74,13,2,2,0,0,0,0,5.4,1,2,147.32,0
26.12,14,2,1,0,0,0,0,58.3,4,1,36.61,0
5.05,11,2,1,0,0,0,0,62.5,0,1,68.03,0
122.87,19,4,0,0,1,0,0,63.7,0,1,50.53,0
46.57,12,3,0,0,0,0,0,3.0,2,0,69.84,0
35.19,18,2,0,0,0,0,0,24.9,1,1,14.51,0
9.12,13,3,0,0,0,0,0,60.8,1,2,54.51,0
27.7,13,0,0,0,0,0,0,16.1,0,2,174.99,0
17.81,16,2,0,0,0,0,0,46.8,0,0,1.94,0
28.36,11,1,0,0,0,0,0,100.3,2,0,15.38,0
1.91,17,1,0,0,0,0,0,152.0,4,2,25.96,0
42.22,16,3,2,0,1,1,0,132.8,2,3,48.21,0
18.89,14,1,0,0,0,0,0,51.0,0,3,62.12,0
20.23,13,4,1,0,0,0,0,3.3,2,3,30.03,0
122.51,12,1,0,0,0,0,0,6.2,0,1,36.47,0
13.15,13,1,0,0,1,0,0,55.2,1,2,41.08,0
38.0,8,3,2,0,0,0,0,45.2,2,2,47.82,0
28.7,20,1,0,0,1,0,0,161.7,1,0,3.87,0
61.14,20,4,5,1,2,1,0,13.0,2,2,32.0,0
49.03,14,4,1,0,1,0,0,14.3,2,1,133.18,0
16.92,18,2,3,0,0,0,0,2.5,0,2,86.95,0
49.85,16,1,0,0,0,0,0,43.0,1,0,16.45,0
58.44,21,2,1,0,2,0,0,20.7,0,2,139.48,0
22.4,18,0,0,0,0,0,0,12.6,1,2,41.39,0
30.25,19,5,1,0,0,0,0,1.2,0,1,15.87,0
83.28,21,0,6,0,0,0,0,97.1,1,2,277.13,0
29.61,19,3,2,0,0,0,0,61.4,1,2,14.73,0
12.28,18,3,2,0,0,0,0,186.8,1,1,18.76,0
43.51,9,2,2,0,0,0,0,46.8,0,4,22.79,0
57.24,11,4,3,0,0,0,0,17.9,0,0,46.56,0
12.06,21,1,1,0,0,0,0,0.1,0,0,24.4,0
19.86,21,4,1,0,1,0,0,38.7,1,0,16.18,0
61.5,11,1,0,0,0,0,0,25.5,1,1,13.19,0
24.01,15,3,1,0,0,0,0,15.7,6,0,151.78,0
89.05,19,0,2,0,0,0,0,33.6,2,0,15.1,0
31.19,5,6,6,1,6,1,1,30.4,6,3,28.71,0
21.19,11,1,1,0,0,0,0,16.5,1,3,47.25,0
27.44,14,4,0,0,0,0,0,36.7,0,0,81.56,0
89.0,14,2,0,0,0,0,0,30.5,2,0,143.58,0
9.21,13,1,3,0,1,0,0,19.5,4,0,41.7,0
46.5,10,2,1,0,1,0,0,46.1,0,1,58.04,0
154.87,11,1,0,0,1,0,0,412.5,0,1,7.73,0
32.48,9,6,0,0,0,0,0,112.4,0,1,44.17,0
16.24,17,0,1,0,1,0,0,11.6,2,1,24.46,0
11.33,15,1,2,0,1,0,0,1.6,2,0,13.68,0
6.29,8,2,5,0,1,0,0,3.5,1,2,23.89,1
82.21,11,4,2,0,3,1,0,529.0,3,2,76.88,0
21.58,15,2,2,0,1,0,0,19.1,1,2,57.16,0
71.33,20,1,2,0,0,0,0,58.9,1,2,69.99,0
70.75,20,2,0,0,0,0,0,43.0,0,0,47.11,0
96.35,14,1,0,0,1,0,0,25.5,2,4,3.12,0
5.7,12,1,2,0,0,0,0,134.7,0,1,36.63,0
17.85,11,4,4,0,0,0,1,23.9,1,0,32.45,0
104.96,20,4,3,0,1,1,1,10.0,3,1,31.91,0
29.66,5,4,9,0,3,0,0,295.1,5,4,180.71,0
39.45,13,1,0,0,0,0,0,190.9,2,2,33.96,0
42.41,20,1,1,0,0,0,0,69.9,0,2,137.32,0
15.98,13,1,1,1,0,0,0,98.9,3,0,3.74,0
11.46,21,2,0,0,0,0,0,3.6,2,1,34.34,0
12.47,7,8,3,0,0,1,0,288.8,4,4,24.49,0
28.24,14,4,0,0,0,0,0,68.7,0,0,16.63,0
121.53,13,2,2,0,0,0,0,47.2,2,2,30.06,0
3.1,20,2,2,0,0,0,0,29.8,3,1,15.51,0
14.63,20,1,0,0,0,0,0,126.7,1,2,20.9,0
12.72,11,1,1,0,0,0,0,38.6,2,1,534.29,0
117.6,19,1,1,1,0,0,0,248.8,2,3,18.71,0
10.13,9,4,5,0,2,0,1,48.6,1,1,21.82,0
46.17,3,5,3,1,5,0,1,100.6,1,5,7.34,0
36.12,17,4,3,0,1,0,1,106.4,2,2,4.61,0
52.2,12,3,1,0,0,0,0,168.7,0,1,16.44,0
19.85,15,3,1,0,0,0,0,14.4,0,3,11.72,0
12.27,10,0,0,1,1,0,0,8.5,1,0,11.94,0
12.81,12,1,1,0,0,0,0,8.3,0,3,23.93,0
35.25,20,0,1,0,0,0,0,62.2,0,2,27.03,0
11.26,9,5,0,1,0,0,0,22.4,1,0,62.46,0
41.03,17,0,3,0,0,0,0,58.3,1,2,78.52,0
21.94,17,4,1,0,0,0,0,135.2,1,1,76.1,0
36.5,15,0,0,0,0,0,0,110.7,0,1,10.92,0
12.44,17,2,2,0,0,0,0,18.4,2,1,66.73,0
105.35,15,2,1,0,0,0,0,8.8,3,1,4.25,0
321.97,13,6,0,0,5,0,0,43.4,2,5,11.72,0
89.01,11,1,2,0,0,0,0,74.5,1,1,20.14,0
18.86,13,2,1,0,0,0,0,26.7,1,1,63.38,0
7.39,15,1,3,0,0,0,0,15.9,1,0,21.39,0
42.21,21,2,0,0,0,1,0,34.3,2,1,15.21,0
11.19,13,0,2,0,0,0,0,52.9,0,2,34.81,0
37.86,9,1,0,0,0,0,0,57.6,0,3,16.76,0
6.55,10,1,1,0,0,0,1,33.3,1,2,9.23,0
55.32,8,1,2,0,0,0,0,26.7,0,0,12.87,0
26.77,19,1,2,0,0,0,0,46.2,0,1,38.66,0
97.88,12,1,1,0,0,0,0,46.2,1,0,20.28,0
34.5,11,3,1,0,1,0,0,1.2,0,3,46.05,0
18.1,18,2,1,0,0,0,0,1.2,2,2,13.21,0
18.23,14,2,1,0,0,0,0,50.2,2,3,10.37,0
19.49,15,2,2,0,0,1,0,32.1,1,0,11.12,0
30.86,20,5,1,0,0,0,0,67.9,2,2,25.11,0
36.45,18,2,1,0,1,0,0,1.6,1,2,8.8,0
35.08,14,3,2,0,0,0,0,21.1,0,1,21.08,0
119.74,9,0,0,0,0,0,1,11.6,0,3,14.59,0
36.61,10,3,1,0,1,0,0,10.9,1,1,33.18,0
8.56,19,3,0,0,1,0,0,18.7,3,1,129.63,0
46.83,12,1,0,0,0,0,0,175.2,0,2,29.58,0
10.57,20,6,2,0,0,0,0,13.8,2,2,7.52,0
39.3,15,3,1,0,0,0,0,96.7,1,1,24.04,0
19.81,18,4,2,0,0,0,0,80.6,1,1,39.87,0
39.07,20,3,3,0,1,0,0,122.6,2,3,28.45,0
74.38,8,6,3,1,3,1,0,473.9,0,3,113.91,0
91.41,19,2,3,2,0,0,0,164.1,2,2,32.85,0
8.15,8,3,0,0,0,0,0,37.6,0,1,4.91,0
14.57,20,2,3,0,0,0,0,21.6,1,3,12.47,0
27.14,15,1,2,0,0,0,1,12.1,2,1,18.57,0
11.75,16,3,1,0,0,0,0,43.4,1,2,12.03,0
47.33,17,2,0,0,0,0,0,341.3,6,3,3.2,0
6.73,12,3,3,0,0,0,0,65.1,2,1,17.21,0
12.23,20,1,0,0,1,0,0,10.2,2,1,5.22,0
52.53,15,2,2,0,0,0,0,63.1,1,0,29.37,0
45.76,16,1,1,0,0,0,0,116.3,3,6,31.26,0
127.44,1,7,6,2,3,1,1,875.5,2,6,15.34,1
52.24,16,1,0,0,1,0,0,68.3,0,3,14.18,0
46.53,19,2,1,0,0,0,0,85.9,0,0,12.23,0
31.95,16,0,1,0,1,0,0,4.3,0,0,21.03,0
38.67,17,4,0,0,0,0,0,35.5,1,4,5.29,0
32.0,15,0,0,0,0,0,0,6.4,2,2,13.5,0
19.33,9,2,0,0,1,0,0,23.8,0,1,14.55,0
6.26,18,2,4,0,0,0,0,53.1,0,1,59.46,0
13.53,13,3,1,0,0,0,0,91.1,2,5,19.3,0
58.7,14,3,1,0,1,0,0,1.3,2,2,6.27,0
70.21,20,3,0,0,0,0,0,143.3,0,0,12.38,0
199.48,11,8,4,0,4,0,0,739.2,3,6,55.29,1
50.75,18,4,3,0,0,0,0,134.5,1,1,5.05,0
7.3,12,1,2,0,1,0,0,51.2,1,0,39.95,0
10.41,18,4,0,0,0,0,0,29.9,0,4,23.26,0
30.73,18,2,1,0,1,0,0,1.5,0,2,52.74,0
52.08,17,1,1,0,1,0,0,9.4,2,1,16.92,0
22.12,9,3,0,0,0,0,0,12.2,2,3,19.91,0
46.89,18,2,0,0,1,0,0,62.1,3,1,23.9,0
6.72,13,1,0,0,0,0,0,24.5,0,0,52.4,0
59.15,21,2,3,0,0,0,0,50.2,2,0,6.65,0
47.59,10,6,1,0,0,0,0,37.7,1,0,19.5,0
100.63,11,0,3,0,0,0,0,132.8,0,4,11.62,0
44.98,19,0,0,0,0,0,0,4.9,2,2,52.22,0
6.28,9,2,1,0,0,1,0,3.1,0,2,14.98,0
97.44,10,0,1,0,1,0,0,161.6,3,2,110.09,0
118.99,23,4,6,0,3,0,0,158.6,2,1,10.94,0
16.97,14,1,0,0,0,0,0,12.6,0,2,32.81,0
77.03,14,1,0,0,0,0,0,3.5,4,1,12.25,0
29.06,17,3,0,0,1,0,0,108.3,1,0,90.79,0
8.83,16,1,1,0,1,0,0,67.7,1,5,33.08,0
70.28,16,3,0,0,0,0,0,10.3,1,1,8.72,0
8.29,19,3,1,0,0,0,0,52.4,1,2,33.09,0
9.61,18,3,0,0,0,0,0,133.9,1,0,5.08,0
37.26,16,1,1,0,0,0,0,53.5,3,1,8.41,0
43.56,13,1,1,0,0,0,0,32.3,4,4,54.79,0
40.77,17,0,3,0,0,0,0,73.4,2,1,48.98,0
2.54,14,1,4,2,0,0,0,48.5,2,3,9.66,0
531.03,3,11,5,0,0,1,1,545.4,1,5,22.46,1
16.03,18,1,0,0,0,0,0,2.9,2,4,76.26,0
71.0,1,5,6,1,3,0,0,60.3,1,2,61.26,0
6.05,16,1,1,0,0,0,0,37.0,0,2,54.01,0
140.5,15,3,1,0,1,0,0,10.7,3,3,18.4,0
73.67,9,1,3,1,0,0,0,4.1,2,2,26.49,0
32.16,10,3,0,0,0,0,1,68.9,3,1,36.33,0
52.19,11,1,1,0,1,0,0,17.0,0,1,100.27,0
20.96,12,3,0,0,0,0,0,83.6,2,0,68.49,0
18.62,15,0,1,0,0,0,0,202.1,2,0,3.99,0
33.21,14,2,0,0,0,0,0,57.4,0,1,6.25,0
34.43,14,1,0,0,0,0,0,31.5,0,0,17.75,0
63.25,10,2,1,0,0,0,0,11.2,0,1,16.2,0
81.81,11,5,1,0,0,0,0,34.4,2,1,23.69,0
8.72,12,3,1,0,0,0,0,132.0,1,3,53.66,0
10.56,20,2,1,0,0,0,0,48.5,2,0,159.95,0
14.61,14,2,0,0,0,0,0,18.2,1,1,49.37,0
62.96,20,1,1,0,0,0,0,12.0,3,1,6.84,0
24.0,10,4,1,0,0,0,0,64.9,1,3,78.99,0
16.32,20,3,1,0,0,0,0,17.3,0,0,5.13,0
64.51,14,0,1,0,0,0,0,41.4,0,1,4.54,0
262.21,11,1,1,0,0,0,0,1.6,0,1,7.63,0
14.51,13,2,1,0,0,0,0,1.5,3,3,28.89,0
68.89,12,2,0,0,0,0,0,34.3,2,1,48.51,0
2.65,14,1,0,0,1,0,0,128.9,0,1,26.44,0
44.17,19,2,1,0,0,0,0,33.5,1,2,121.83,0
23.46,2,7,4,2,4,1,1,869.0,2,3,8.49,1
18.0,9,1,1,0,1,0,0,59.4,0,5,25.86,0
51.71,20,3,0,0,0,0,0,8.8,2,1,148.95,0
189.23,12,1,1,1,3,1,1,195.2,2,2,60.12,0
60.77,13,0,0,0,0,0,0,0.2,2,4,78.26,0
25.58,21,3,1,0,0,0,0,4.3,0,5,37.58,0
67.59,12,1,2,0,0,0,0,9.5,1,1,10.27,0
12.53,9,3,0,0,0,0,0,49.8,1,4,37.55,0
8.43,17,0,1,0,0,0,0,72.7,2,0,49.56,0
71.14,4,6,8,0,6,1,1,62.1,0,3,1.0,1
22.57,12,1,2,1,0,0,0,18.2,2,0,9.35,0
6.46,16,0,0,0,1,0,0,64.1,1,2,16.2,0
266.02,0,6,4,0,3,0,1,271.5,1,7,36.46,0
135.63,18,0,3,0,0,0,1,33.8,3,0,55.85,0
8.57,20,0,5,0,0,0,0,94.9,2,2,21.42,0
98.73,12,3,0,0,1,0,0,124.4,1,3,27.24,0
9.54,21,2,1,0,0,0,0,13.6,1,3,86.76,0
1.44,10,3,3,0,0,0,0,81.0,0,0,303.28,0
234.68,22,11,5,0,5,1,1,1236.6,3,6,11.84,1
42.5,21,3,0,0,0,0,0,138.7,0,1,21.63,0
7.17,19,1,0,0,0,0,0,152.3,0,6,20.1,0
8.81,14,1,0,0,0,0,0,1.6,2,1,35.15,0
52.77,15,2,2,0,0,0,0,25.6,2,0,40.37,0
37.31,13,5,0,0,0,0,0,169.0,2,1,11.88,0
18.0,9,0,1,1,0,0,0,20.9,0,2,36.75,0
537.84,22,7,4,1,3,0,0,684.0,4,4,12.05,1
10.67,16,0,2,0,2,0,0,1.8,1,2,84.83,0
46.26,12,3,2,0,0,0,0,7.1,3,0,23.5,0
63.21,15,0,1,0,0,0,0,10.1,0,2,13.3,0
22.81,14,3,0,0,0,0,0,46.2,1,2,40.85,0
51.04,16,2,1,0,0,0,0,84.2,4,1,18.48,0
12.32,17,3,0,0,0,0,0,124.5,1,4,22.72,0
4.45,11,0,3,0,0,0,0,5.8,0,0,21.44,0
27.4,11,5,0,0,0,0,0,29.5,4,0,25.92,0
37.57,19,1,0,0,1,0,0,4.7,1,1,5.65,0
12.69,8,2,1,0,0,0,0,109.5,2,0,9.68,0
28.63,19,1,2,0,0,0,0,69.8,2,0,8.11,0
5.7,14,2,0,0,0,0,0,3.8,2,3,18.93,0
135.81,4,7,4,3,1,0,0,50.0,2,3,37.26,1
12.27,12,1,4,0,1,0,0,153.6,4,0,8.54,0
21.48,17,5,2,0,0,0,0,15.4,0,0,26.88,0
16.24,12,4,3,0,0,0,0,104.0,2,3,23.45,0
10.51,15,0,2,0,0,0,0,15.8,1,2,9.22,0
34.51,15,4,1,1,0,0,0,34.8,1,0,66.04,0
23.21,9,4,3,0,0,0,0,65.0,0,2,49.31,0
361.3,10,4,7,0,0,0,1,273.0,3,2,50.74,0
5.12,21,0,1,0,0,0,0,103.0,3,2,42.64,0
146.14,16,2,0,0,0,0,0,9.2,1,3,25.08,0
18.02,15,1,0,0,1,0,0,1.4,1,1,47.4,0
68.86,19,4,8,0,3,0,1,169.5,4,2,90.19,0
6.99,11,4,3,0,0,0,0,46.8,1,3,28.11,0
20.14,12,2,2,0,0,0,0,33.4,1,0,14.72,0
16.03,20,3,0,0,0,0,0,0.0,1,0,510.3,0
25.41,17,1,1,0,0,0,0,28.5,1,2,53.04,0
61.47,12,1,2,0,0,0,0,93.5,0,2,50.47,0
7.17,13,7,0,0,1,0,1,62.9,0,1,24.2,0
10.53,11,1,1,0,0,0,0,3.2,0,1,100.06,0
37.09,11,0,1,0,0,0,0,318.8,2,5,34.84,0
36.62,15,2,3,0,0,1,0,18.1,4,3,4.64,0
25.31,18,4,1,0,2,0,0,0.4,1,3,28.11,0
29.82,14,2,0,1,0,0,0,77.2,1,1,32.8,0
32.57,14,3,3,0,1,0,0,40.8,1,0,14.32,0
25.31,12,2,0,0,0,0,0,198.5,1,1,33.01,0
17.33,5,4,9,1,7,1,1,160.9,4,3,19.87,1
64.41,17,2,2,0,0,0,0,98.9,3,4,144.45,0
7.76,16,0,2,0,0,0,0,10.1,2,4,11.75,0
310.69,12,4,6,0,1,0,1,56.5,4,1,18.13,0
12.3,17,2,0,0,0,0,0,8.7,3,1,23.83,0
14.77,15,4,1,0,0,0,0,19.1,1,0,132.46,0
16.57,10,0,1,0,0,0,0,161.0,3,3,20.45,0
4.15,12,3,0,0,0,0,0,14.1,3,3,33.53,0
58.68,13,1,3,0,1,0,0,20.6,1,1,17.48,0
86.69,11,3,0,0,1,0,0,134.1,2,1,7.12,0
39.59,18,2,1,0,0,0,0,50.2,1,2,5.47,0
35.92,20,3,1,0,0,0,0,87.1,0,2,7.49,0
18.54,11,1,0,0,1,1,0,74.0,0,2,25.95,0
58.12,11,1,0,0,0,0,0,25.5,1,4,11.19,0
68.94,12,1,0,0,0,0,0,36.4,1,2,96.65,0
139.17,20,6,6,0,3,1,0,657.0,6,5,34.95,1
19.0,20,2,2,0,0,0,0,79.7,0,2,10.68,0
21.25,20,2,0,0,0,0,0,4.1,1,0,68.47,0
13.8,14,3,2,0,1,0,0,60.1,1,0,10.81,0
13.61,18,4,0,0,0,0,0,67.1,2,0,1.63,0
18.49,9,1,1,0,1,0,0,9.0,1,2,99.24,0
23.84,19,2,0,0,0,0,0,30.4,1,1,10.99,0
37.33,8,3,2,0,1,0,0,71.8,2,1,11.61,0
7.27,13,2,0,1,0,0,0,24.8,1,0,122.3,0
75.54,10,6,3,0,0,0,0,22.5,0,3,21.93,0
39.74,23,9,0,0,1,0,1,434.5,1,5,16.86,0
85.92,8,1,0,0,0,1,0,156.3,1,1,23.29,0
4.94,18,0,1,0,1,0,0,52.2,1,0,27.19,0
11.03,15,0,2,0,0,0,0,56.5,1,0,16.6,0
49.64,18,4,1,0,0,0,0,13.6,0,2,78.19,0
160.04,18,2,0,0,0,0,0,1.3,2,2,19.29,0
24.01,16,0,2,0,0,0,0,19.5,1,2,73.17,0
19.0,17,0,0,0,1,0,0,108.7,3,2,93.54,0
34.24,19,3,1,0,1,0,0,9.6,1,1,50.2,0
9.53,19,2,0,0,1,0,0,94.5,1,1,26.72,0
52.6,11,1,2,0,0,0,0,113.9,1,1,8.97,0
185.67,22,4,4,0,3,1,0,56.3,3,0,276.61,0
22.09,20,3,0,0,1,0,0,2.3,0,2,1.84,0
305.31,10,6,2,0,0,0,0,97.0,0,0,8.46,0
30.54,18,0,3,0,0,0,0,96.3,2,2,99.2,0
34.61,11,3,1,0,0,0,0,37.3,0,1,16.74,0
52.81,20,2,0,0,1,0,0,54.5,0,2,21.76,0
16.37,20,2,1,0,0,0,0,79.9,0,3,32.34,0
61.28,10,2,1,0,1,0,0,0.1,4,0,21.85,0
39.39,11,4,1,0,2,0,0,89.8,2,3,12.28,0
14.54,19,2,1,0,0,0,0,73.9,0,2,5.73,0
24.7,18,1,0,0,0,0,0,62.3,0,3,16.74,0
24.69,18,1,0,0,0,0,0,75.7,2,2,62.01,0
46.47,17,2,1,0,0,0,0,20.8,2,1,11.94,0
16.98,19,2,1,0,0,0,0,8.8,1,1,14.77,0
116.28,14,0,0,1,2,0,0,65.6,1,3,16.43,0
11.19,14,3,0,0,0,0,0,14.4,2,1,12.5,0
33.04,17,3,1,0,0,0,0,110.9,0,0,11.79,0
13.9,10,1,0,0,0,0,1,142.4,2,0,28.05,0
22.76,13,0,1,0,0,0,1,24.4,4,0,14.57,0
5.21,9,4,2,0,0,0,0,130.1,0,1,66.78,0
162.2,5,14,6,2,5,1,1,93.6,7,5,34.26,1
19.57,17,0,1,0,0,0,0,18.9,1,4,9.09,0
17.62,19,1,2,1,0,0,0,53.5,0,3,48.5,0
24.55,15,3,0,0,1,0,0,67.7,0,4,15.96,0
17.4,20,3,1,0,0,1,0,151.6,1,2,147.39,0
20.61,12,0,2,0,0,0,0,51.7,3,0,123.19,0
75.26,11,0,0,0,0,0,0,131.3,2,3,22.55,0
21.02,17,2,1,0,0,0,0,99.0,0,3,25.21,0
124.26,11,3,0,0,0,0,0,15.7,1,3,18.26,0
56.32,11,3,1,0,0,0,0,61.1,1,0,28.65,0
27.85,11,1,0,0,0,0,0,9.6,1,2,26.69,0
23.16,22,7,8,0,3,1,1,145.7,1,4,26.75,1
25.45,20,2,2,0,1,0,0,23.6,2,0,17.4,0
25.0,11,0,2,0,0,0,0,32.8,0,3,17.28,0
33.13,11,3,0,0,0,0,0,11.5,0,4,56.17,0
44.11,19,0,2,0,0,0,0,237.8,1,1,9.74,0
40.12,20,1,0,0,0,0,0,80.3,1,3,46.84,0
37.86,16,1,1,0,1,0,0,0.9,0,2,6.31,0
9.54,12,1,0,0,3,0,0,86.0,6,2,48.73,0
110.24,14,2,0,0,1,0,0,19.3,2,3,14.89,0
38.06,19,4,1,0,0,0,0,17.2,2,3,26.32,0
14.65,11,0,1,0,0,0,0,19.5,2,3,11.59,0
35.59,19,3,0,0,1,1,0,21.0,0,2,50.94,1
11.69,9,4,0,0,0,0,0,37.1,0,2,83.34,0
77.18,16,2,0,0,0,0,0,40.9,2,2,30.07,0
27.88,10,4,0,0,0,0,0,18.7,2,1,33.1,0
14.81,15,3,2,0,0,0,1,11.5,0,0,26.93,0
12.46,13,0,1,0,0,0,0,78.1,1,3,14.23,0
78.45,12,4,3,0,0,0,0,22.0,2,3,79.37,0
36.43,16,2,1,0,0,0,0,17.2,0,1,6.71,0
30.35,15,5,1,0,0,0,0,73.5,0,2,33.51,0
25.23,21,3,0,0,0,0,0,20.0,1,2,58.21,0
13.83,9,3,0,0,0,0,0,111.5,0,2,71.38,0
56.09,10,1,0,0,0,0,1,7.8,1,2,35.02,0
25.5,0,6,4,0,7,1,1,282.7,2,5,2.93,0
30.56,12,1,1,0,0,0,0,105.8,0,2,164.14,0
17.06,20,2,2,0,1,0,0,9.6,1,2,23.35,0
49.4,12,3,1,0,1,0,0,31.1,0,3,28.82,0
29.37,10,4,0,0,1,0,0,38.4,0,3,10.35,0
21.88,23,9,6,1,3,0,0,50.0,8,5,17.75,1
65.23,13,3,0,0,2,0,0,3.4,2,1,11.01,0
8.43,14,3,0,0,0,0,0,68.4,0,1,24.1,0
55.61,10,1,3,0,0,0,0,19.6,1,1,11.82,0
27.38,20,2,1,0,0,0,0,43.7,0,2,12.1,0
8.95,19,1,1,0,0,0,0,49.6,1,1,7.66,0
51.64,13,3,1,1,0,0,0,15.9,1,2,34.48,0
167.03,0,6,7,0,3,1,1,509.8,2,3,4.76,0
48.99,14,2,1,0,0,0,0,15.1,2,1,17.34,0
46.17,12,1,2,0,0,0,0,8.2,0,1,15.22,0
126.65,21,2,0,0,0,0,0,67.1,0,3,19.2,0
27.05,9,4,1,0,1,0,0,31.6,1,2,28.62,0
9.6,14,2,0,0,0,0,0,97.8,0,1,110.47,0
28.71,15,3,2,0,0,0,0,46.3,0,1,22.01,0
15.11,12,1,0,0,0,0,0,18.8,1,2,39.82,0
33.83,18,2,0,0,0,0,0,49.9,2,2,25.47,0
6.21,10,3,2,0,0,0,0,25.7,5,1,86.86,0
60.1,13,2,1,0,1,0,0,51.3,0,2,36.01,0
9.08,14,2,2,0,0,0,0,203.2,1,4,77.4,0
14.92,20,1,0,0,0,0,0,26.7,1,0,6.26,0
53.98,12,2,3,0,1,0,0,245.6,1,3,28.32,0
134.49,9,0,0,0,1,0,0,5.6,1,1,54.18,0
149.27,11,1,1,0,0,0,0,23.1,1,0,22.74,0
141.57,10,3,1,0,1,0,0,40.5,2,2,14.9,0
15.6,13,0,1,0,3,0,1,17.9,2,2,88.56,0
32.29,16,2,1,1,0,0,0,183.7,2,3,15.13,0
46.19,12,4,2,0,6,0,0,64.2,2,1,65.37,0
13.0,19,3,4,1,0,0,0,17.4,2,0,56.66,0
60.43,21,0,2,0,0,0,1,5.6,3,2,111.23,0
75.82,18,3,0,0,0,0,0,35.6,2,1,17.04,0
21.31,16,2,1,0,0,0,0,24.3,2,2,4.39,0
24.12,20,1,0,0,1,0,0,126.5,3,1,21.91,0
16.1,15,0,4,0,1,0,0,5.4,0,2,86.16,0
47.33,15,5,2,0,0,0,0,66.9,2,2,58.43,0
251.12,19,2,2,0,1,0,0,100.7,1,1,24.23,0
14.51,8,1,3,0,0,1,0,13.1,5,1,31.14,0
77.68,20,1,0,0,0,0,0,74.7,0,2,122.29,0
11.33,10,3,1,1,2,0,0,135.6,1,1,42.7,0
44.7,19,1,3,0,0,0,0,188.4,0,3,93.08,0
40.47,13,4,1,0,2,0,1,544.5,3,2,27.8,0
15.12,17,3,3,0,0,1,0,82.5,1,3,11.75,0
38.81,13,2,0,0,0,0,0,53.1,2,1,7.82,0
10.62,3,8,4,0,2,0,0,297.3,3,3,17.21,0
42.66,17,7,0,0,0,0,0,38.1,2,1,14.09,0
50.08,10,0,3,0,0,0,0,10.2,1,1,17.65,0
17.35,13,5,3,0,1,0,0,15.6,1,1,33.12,0
64.76,14,3,1,0,1,1,0,98.9,0,1,11.45,1
68.74,18,6,3,0,1,0,0,25.8,2,1,36.46,0
19.15,18,1,1,0,0,0,0,5.9,0,2,93.93,0
80.3,14,0,1,0,0,0,0,44.0,1,4,9.51,0
4.94,20,2,2,0,0,0,0,191.5,1,4,26.64,0
12.4,18,3,1,1,0,0,0,13.7,1,1,10.81,0
1197.32,0,2,3,0,4,0,0,206.3,0,3,5.95,0
6.51,20,2,1,0,1,0,0,1.6,0,0,15.22,0
37.61,15,1,0,0,0,0,0,7.8,0,1,82.95,0
82.53,17,4,4,0,2,0,0,10.0,4,6,59.54,0
25.91,20,1,0,0,1,0,0,60.6,3,2,7.57,0
17.37,19,1,2,0,1,0,0,8.8,0,0,53.15,0
29.11,19,3,0,0,0,0,0,32.0,0,5,25.51,0
22.36,19,4,1,0,0,0,0,16.7,1,4,39.74,0
8.66,18,5,2,0,1,0,0,28.8,0,1,48.63,0
8.49,8,2,0,0,1,0,0,105.4,0,0,48.62,0
23.81,17,1,0,0,0,0,0,23.6,2,0,20.31,0
31.88,11,4,1,1,0,0,0,79.4,2,1,5.8,0
12.64,18,1,0,0,1,0,0,54.3,3,0,15.42,0
5.36,20,3,7,0,0,0,0,19.5,1,0,22.71,0
64.67,21,3,1,0,0,0,0,18.5,1,2,44.26,0
286.49,5,7,5,3,4,0,0,125.8,2,4,5.78,1
15.09,18,0,1,0,0,0,0,65.0,0,0,8.96,0
12.7,18,1,1,0,0,0,0,23.0,0,2,78.76,0
30.32,18,0,0,0,0,0,0,228.7,0,0,25.48,0
3.25,14,3,2,0,0,0,0,136.4,1,2,156.05,0
27.42,9,1,2,0,2,0,0,143.8,1,0,8.73,0
2.86,19,1,1,1,0,0,0,59.2,2,3,15.76,0
27.8,13,0,3,0,1,0,0,42.3,1,0,36.65,0
32.96,13,1,0,0,1,0,0,196.3,1,1,98.24,0
50.31,9,3,1,0,0,0,0,42.2,1,1,15.56,0
19.94,15,2,0,0,0,0,0,21.5,2,1,29.64,0
20.48,10,2,2,0,1,0,0,5.4,2,0,37.62,0
123.07,15,3,1,0,0,1,0,1.3,1,0,44.7,0
71.05,20,4,0,0,0,0,0,44.0,2,3,18.23,0
13.07,14,2,2,0,0,0,0,16.2,0,1,10.72,0
5.52,13,0,0,0,0,0,0,23.4,1,0,65.88,0
23.67,11,2,1,0,0,0,0,7.8,0,1,12.21,0
9.01,8,1,0,0,0,0,0,12.7,1,0,16.52,0
20.92,8,2,1,0,0,0,0,55.8,2,1,4.02,0
31.79,12,0,0,0,0,0,0,31.1,1,2,30.74,0
2.54,19,1,0,0,1,0,0,44.5,2,2,10.65,0
18.93,17,2,1,0,2,0,0,8.1,1,1,55.99,0
9.43,17,0,3,0,0,0,0,130.1,1,0,32.05,0
3.3,12,0,1,0,0,1,0,42.0,1,1,28.31,0
12.04,13,1,2,0,0,0,0,10.9,5,2,13.56,0
25.56,20,5,0,0,1,0,0,7.7,1,2,34.21,0
16.18,13,1,3,1,1,0,0,59.0,2,2,27.59,0
111.18,11,1,0,0,2,0,0,32.4,3,2,32.65,0
3.63,21,2,2,0,0,0,0,111.6,3,1,13.96,0
114.65,17,3,0,0,0,0,0,69.5,3,3,19.48,0
24.31,14,2,1,0,1,0,0,55.8,1,1,16.48,0
20.37,16,3,0,0,0,0,0,3.9,0,1,6.06,0
97.57,12,2,1,0,0,1,0,53.9,3,2,37.02,0
32.59,8,1,0,0,0,0,0,5.9,4,0,23.7,0
9.11,18,2,1,0,0,0,0,61.5,1,3,64.06,0
131.93,13,2,1,0,0,0,0,73.4,1,0,56.98,0
38.22,20,2,0,0,0,0,1,58.8,2,1,46.2,0
32.45,10,5,1,0,0,0,0,55.6,2,3,22.99,0
27.52,8,0,2,0,0,1,0,21.2,1,2,81.26,0
91.26,2,7,5,2,5,0,1,80.4,4,4,14.26,1
59.28,6,5,2,0,3,0,0,302.3,7,1,64.65,0
16.78,21,1,0,0,0,0,0,5.3,1,0,50.47,0
9.22,11,1,3,0,0,0,0,36.1,2,0,66.68,0
52.96,12,2,1,0,0,0,0,4.7,2,2,17.98,0
29.3,17,4,1,0,0,0,0,4.4,1,1,34.82,0
21.93,19,1,3,0,0,0,0,12.8,2,0,22.41,0
43.61,10,1,0,0,0,0,0,116.5,2,0,24.5,0
84.33,10,4,1,0,0,0,0,109.9,3,1,11.73,0
16.88,14,1,1,0,0,0,0,29.7,1,2,8.93,0
51.09,9,2,2,0,0,0,0,13.9,1,0,5.41,0
7.25,14,2,1,0,1,0,0,63.9,2,1,17.49,0
38.67,9,1,0,0,0,0,0,33.9,2,1,17.29,0
858.42,2,7,7,2,2,0,1,356.0,3,5,11.95,1
28.23,21,2,0,0,1,0,0,5.7,4,2,2.92,0
162.7,1,7,9,3,9,1,0,161.7,2,2,16.54,1
68.17,20,1,1,0,0,0,1,37.8,1,1,134.95,0
39.68,18,2,1,0,0,0,1,1.1,1,1,40.82,0
35.53,12,3,2,0,0,0,0,5.9,0,1,14.76,0
24.9,10,1,1,0,0,0,0,59.0,0,4,36.6,0
27.24,20,2,0,0,0,0,0,19.5,0,0,44.87,0
112.08,16,1,0,0,0,0,0,12.9,0,2,12.31,0
115.27,8,2,1,0,0,0,0,44.5,1,5,27.9,0
186.78,20,7,0,1,2,0,0,522.7,2,5,13.31,0
15.73,19,1,1,0,0,0,1,22.8,0,0,9.54,0
9.2,9,4,0,0,1,0,0,33.3,2,2,31.98,0
26.4,15,3,1,0,1,0,0,196.9,1,1,4.75,0
16.48,18,6,5,0,1,0,0,158.8,4,4,67.03,0
49.19,16,2,3,0,0,0,0,96.4,0,0,4.62,0
15.65,15,2,3,0,0,0,0,85.3,2,4,20.32,0
208.16,14,2,0,0,0,0,0,10.6,2,2,24.36,0
7.19,10,1,2,0,0,0,0,33.7,2,3,45.01,0
39.44,20,3,1,0,2,0,0,3.4,0,0,36.16,0
10.08,19,5,1,0,1,0,0,100.1,0,2,4.39,0
10.31,9,1,2,0,0,0,0,97.0,1,0,49.85,0
37.22,20,1,0,0,0,1,0,29.2,0,3,25.89,0
12.4,19,3,0,0,0,0,0,3.4,1,3,93.54,0
28.63,17,5,0,0,0,0,0,101.1,4,4,31.94,0
26.41,20,3,0,0,0,0,0,11.1,3,1,6.4,0
69.02,11,1,1,0,0,0,0,9.7,1,1,18.17,0
22.43,9,4,1,0,0,0,0,26.2,3,1,28.8,0
80.9,19,4,2,0,0,0,0,156.6,1,3,4.58,0
22.54,20,1,1,0,0,1,0,52.0,0,0,33.07,0
34.8,13,3,1,0,1,0,0,73.0,0,4,9.72,0
56.42,11,4,1,0,0,0,1,66.8,1,1,11.51,0
24.52,18,2,1,0,0,0,0,230.0,0,2,11.01,0
764.81,8,3,6,0,1,1,1,238.3,3,2,21.37,0
69.52,16,1,1,0,0,0,0,3.4,1,1,1.84,0
11.91,16,1,1,1,0,0,0,18.5,0,0,14.23,0
11.17,18,2,0,0,0,0,0,12.9,0,2,130.06,0
26.09,20,3,0,0,0,0,0,90.7,2,2,13.61,0
19.28,10,1,2,0,0,0,0,56.6,3,3,17.16,0
30.06,9,3,2,0,0,0,0,6.3,2,2,49.43,0
14.86,18,2,0,0,0,1,0,135.6,0,1,47.09,0
14.12,15,2,1,0,0,0,0,47.2,0,1,13.13,0
24.35,18,2,0,0,0,1,0,7.6,2,0,9.04,1
78.14,20,2,3,0,0,0,0,29.7,0,0,314.98,0
169.57,21,2,1,0,1,0,0,95.5,3,2,11.89,0
11.09,9,1,0,0,0,0,0,49.8,3,1,12.7,0
2.65,15,2,1,0,1,0,0,23.2,1,2,12.61,0
43.34,15,2,0,0,0,0,0,164.6,2,0,2.25,0
15.9,13,2,2,0,0,0,0,12.7,3,1,27.22,0
12.84,19,3,0,0,1,0,0,10.1,0,2,55.53,0
11.46,9,1,1,0,0,0,0,5.5,3,3,54.76,0
51.84,19,1,3,0,0,0,0,109.6,3,2,26.28,0
36.16,11,1,0,1,1,0,0,92.1,1,3,7.88,0
56.53,20,2,0,0,1,0,0,0.3,1,4,37.74,0
20.97,9,0,0,0,0,0,0,27.6,2,1,67.42,0
25.36,16,3,3,0,0,0,0,24.0,0,1,29.9,0
17.21,15,1,2,0,2,0,0,81.0,1,1,44.92,0
16.26,14,3,1,0,0,0,0,39.4,1,1,5.67,0
29.74,9,1,1,1,0,0,0,4.6,3,1,46.5,0
192.46,20,2,0,0,0,0,0,142.7,0,0,4.38,0
10.08,21,0,2,0,0,0,0,0.4,1,2,41.93,0
40.44,12,5,0,0,0,0,0,51.1,0,0,93.17,0
30.65,14,0,0,0,1,0,0,108.9,1,0,12.97,0
14.19,19,5,0,0,0,0,0,97.1,1,0,4.13,0
46.25,9,0,1,0,0,0,0,73.8,2,4,39.61,0
81.16,19,2,1,0,0,0,1,16.2,0,1,5.51,0
7.3,16,2,0,0,0,0,0,2.9,1,2,29.76,0
57.34,15,1,3,1,1,0,0,22.9,3,0,131.86,0
14.9,14,2,1,0,0,0,0,9.2,0,0,39.28,0
17.22,12,2,2,0,0,0,0,3.0,2,0,58.39,0
25.83,14,0,1,0,0,0,0,71.9,1,2,14.4,0
4.75,11,0,2,0,0,0,0,3.5,0,1,43.4,0
9.82,21,1,1,0,0,0,0,84.6,1,1,17.61,0
9.77,21,4,3,0,1,0,0,67.7,2,1,75.86,0
178.47,13,3,2,0,1,0,1,25.2,0,0,30.16,0
7.52,17,0,1,0,0,0,0,12.3,2,3,3.88,0
17.4,15,3,0,0,0,0,0,2.9,1,1,16.47,0
31.41,15,4,2,0,0,0,0,84.3,1,0,6.41,0
611.26,11,3,7,0,0,1,1,191.9,1,3,316.82,0
79.89,13,4,1,0,0,0,0,12.3,1,1,149.5,0
77.89,13,0,2,0,1,0,0,44.7,0,0,37.37,0
3.76,8,0,0,0,0,0,0,48.3,0,1,7.83,0
13.34,12,3,1,0,0,0,0,38.9,1,2,54.13,0
110.36,11,3,3,0,0,0,1,15.9,1,1,31.71,0
52.64,8,1,1,0,0,0,0,36.4,2,1,26.29,0
47.2,12,2,0,0,0,0,0,173.9,1,0,7.44,0
40.3,14,1,2,0,2,0,0,0.7,2,3,10.72,0
53.76,18,5,0,0,1,0,0,47.3,2,0,18.37,0
30.49,19,2,0,0,2,0,0,122.7,0,0,19.75,0
9.41,11,0,1,0,0,0,0,150.8,1,1,22.86,0
15.93,14,1,1,0,0,0,0,109.1,2,2,26.73,0
37.92,15,3,1,0,0,0,0,51.8,2,0,26.84,0
5.75,21,4,2,0,0,0,0,51.1,1,2,44.05,1
42.01,20,1,1,0,0,0,0,18.9,0,0,28.75,0
34.26,8,2,0,0,0,0,0,74.3,2,1,6.24,0
11.21,15,0,0,0,0,0,0,5.8,0,2,53.51,0
22.19,9,2,0,0,0,0,0,153.4,1,2,37.63,0
7.55,16,2,1,2,0,0,0,11.6,0,1,12.72,0
18.19,10,0,1,0,0,0,0,8.7,1,3,13.13,0
78.97,16,1,1,0,0,1,0,25.0,2,2,61.64,0
44.2,17,4,2,0,0,0,0,7.0,0,0,50.22,0
26.4,11,3,1,0,0,0,0,65.8,0,3,3.65,0
59.16,17,1,2,1,1,0,0,95.3,2,2,168.08,0
152.31,17,1,0,0,1,0,0,38.9,3,1,101.11,0
6.65,12,3,0,0,0,0,0,3.6,1,0,25.13,0
17.96,8,3,0,0,0,0,0,89.5,3,2,49.53,0
75.79,11,0,1,0,0,0,0,59.1,2,2,5.55,0
113.77,18,6,4,1,3,0,1,1341.7,5,7,15.56,1
47.4,10,1,1,0,0,0,1,35.5,1,2,9.51,0
78.81,11,2,1,0,1,0,0,119.2,1,1,92.92,0
129.49,14,0,2,0,1,0,0,141.8,2,3,47.61,0
22.62,19,3,1,0,0,0,0,4.9,1,4,20.45,0
7.33,11,1,0,0,1,0,0,155.5,0,1,12.95,0
30.31,10,2,3,0,0,0,0,63.4,2,2,25.01,0
17.37,19,2,1,0,0,0,0,19.3,2,1,4.46,0
16.47,20,2,0,0,0,0,0,10.0,0,0,6.45,0
37.86,15,2,3,0,0,0,0,16.9,2,4,2.21,0
20.52,14,2,1,0,1,0,0,31.9,2,1,34.67,0
23.4,20,1,1,0,0,0,0,23.8,1,0,58.36,0
11.44,9,2,1,0,0,0,0,50.2,0,2,10.71,0
26.38,14,0,2,0,0,0,0,105.1,3,1,53.35,0
92.57,3,9,3,0,0,1,1,98.4,2,2,55.89,0
36.01,21,1,1,0,0,1,0,87.2,0,1,52.94,0
7.45,20,1,2,0,1,0,0,2.0,0,1,29.46,0
30.65,16,3,3,0,2,0,1,142.8,2,3,11.58,0
15.69,9,2,2,0,0,0,0,29.8,1,1,21.18,0
42.15,11,3,0,0,0,0,0,56.1,3,1,11.16,0
61.7,10,0,3,0,0,0,0,25.4,1,0,7.75,0
17.15,15,3,3,0,0,0,0,124.8,0,1,24.61,0
68.02,17,4,2,2,1,0,1,10.2,2,5,45.86,0
13.91,17,0,0,0,1,0,0,37.2,1,2,22.49,0
45.03,14,3,1,1,1,0,0,65.9,0,0,21.07,0
266.72,10,2,0,0,0,0,0,66.4,0,3,25.57,0
8.54,10,1,0,0,0,0,0,5.1,0,0,41.4,0
26.77,15,1,2,0,0,0,0,68.2,3,0,21.04,0
216.89,16,2,0,0,1,0,0,56.5,2,0,31.24,0
15.12,20,1,0,0,0,0,0,74.8,0,2,19.36,0
59.47,18,3,0,0,2,0,0,28.6,0,3,11.23,0
69.02,16,5,0,0,2,0,0,35.5,0,1,14.84,0
17.49,9,1,1,0,0,0,0,8.7,1,2,12.83,0
33.07,20,1,0,0,0,0,0,86.3,2,2,13.31,0
39.14,9,1,2,0,0,0,0,26.0,1,4,43.2,0
12.98,2,2,4,0,2,1,0,149.1,3,3,44.07,0
561.22,7,5,5,0,1,1,0,159.6,3,2,32.29,0
67.54,13,1,0,0,0,0,0,36.5,2,2,26.26,0
15.33,11,1,2,0,3,0,0,14.3,2,3,83.4,0
67.49,14,5,0,0,2,0,0,30.2,1,3,84.11,0
14.72,20,2,2,0,0,0,0,95.8,0,1,47.85,0
22.84,10,1,0,0,2,0,0,8.0,0,1,128.71,0
23.27,11,2,0,0,0,0,0,20.1,1,2,28.22,0
39.92,14,5,3,0,1,1,0,124.4,4,5,35.03,0
32.28,20,1,2,0,0,1,0,33.4,2,0,7.48,0
50.0,17,1,2,0,0,0,0,13.1,1,0,17.91,0
29.93,11,4,3,0,0,0,0,36.2,4,3,9.14,0
319.87,14,4,4,0,2,0,1,272.8,4,7,8.2,0
47.68,17,3,1,0,0,0,0,101.9,1,1,4.92,0
29.33,9,2,2,0,1,0,0,15.2,0,0,15.95,0
21.37,21,6,1,0,0,0,0,17.1,4,0,16.96,0
27.45,19,1,1,0,1,0,0,38.0,0,2,90.9,0
79.76,19,1,2,0,0,1,0,120.7,5,4,25.46,0
22.47,18,2,1,0,1,0,0,57.4,2,0,22.4,0
26.86,9,1,1,0,0,0,0,66.3,1,0,13.41,0
10.51,8,1,2,0,0,0,0,24.4,1,1,60.22,0
59.78,14,1,2,0,0,0,0,28.1,1,2,5.75,0
29.97,16,1,2,0,0,0,0,77.8,0,3,339.25,0
8.04,18,0,1,0,0,0,0,94.3,2,0,26.39,0
33.41,11,7,2,1,2,1,0,75.7,5,4,34.56,0
29.65,17,5,1,0,1,0,0,19.1,2,1,60.84,0
14.54,15,2,3,0,0,0,0,11.5,2,0,4.91,0
9.65,18,4,3,0,2,0,0,26.0,1,0,115.63,0
6.92,20,3,1,0,0,0,1,26.3,2,2,173.15,0
19.97,8,2,1,0,0,0,0,20.2,1,0,16.95,0
26.36,16,2,1,0,0,0,0,20.3,1,1,41.59,0
33.86,20,3,1,0,1,0,0,24.1,0,0,7.0,0
17.46,15,2,1,0,0,0,0,33.9,1,1,5.82,0
14.1,10,0,0,0,2,0,0,66.1,2,2,57.93,0
32.82,21,1,1,0,0,1,0,46.1,2,3,18.52,0
84.43,11,6,1,0,0,0,0,86.6,1,0,42.35,0
35.56,9,0,2,0,0,0,0,53.4,0,0,18.43,0
28.89,15,0,0,0,0,0,0,37.5,1,1,133.66,0
96.5,12,2,1,0,1,0,0,39.5,3,2,15.64,0
95.4,18,1,1,1,0,0,1,150.0,1,2,56.11,0
129.84,10,3,1,0,0,0,0,7.3,0,2,7.19,0
15.1,15,2,0,0,0,0,0,47.6,2,1,62.63,0
68.34,15,1,1,0,1,0,0,118.9,2,1,9.85,0
8.87,18,0,1,0,0,0,0,14.2,1,2,22.45,0
86.6,11,3,0,0,0,0,0,19.8,1,1,78.96,0
6.59,9,2,1,0,0,0,0,89.4,4,1,54.69,0
22.51,16,2,1,0,1,0,0,15.8,1,1,50.32,0
11.57,17,5,2,0,0,0,0,7.9,2,3,90.36,0
13.97,18,1,0,0,1,0,0,77.8,0,2,6.16,0
32.53,21,1,1,0,1,1,0,15.0,1,1,13.78,0
30.19,11,2,2,0,0,0,0,0.4,0,4,24.46,0
180.29,11,3,2,0,0,0,0,22.2,0,1,19.19,0
102.84,15,0,0,0,1,0,0,221.4,4,2,58.94,0
31.2,19,4,0,0,0,0,0,37.3,0,3,23.5,0
21.64,20,2,0,0,2,0,0,59.9,2,1,24.31,0
13.76,12,2,1,0,0,0,0,10.7,1,1,94.1,0
27.35,11,2,2,0,0,0,0,14.2,2,1,42.16,0
945.96,15,11,3,0,2,0,0,308.6,6,2,54.91,0
37.22,18,4,1,0,0,0,0,41.4,2,1,6.89,0
54.67,11,1,0,0,1,0,0,38.6,1,2,13.52,0
39.68,17,1,1,0,0,0,0,2.2,2,0,22.58,0
51.37,16,4,1,0,0,0,0,6.4,5,2,93.8,0
38.7,13,4,0,1,1,0,0,91.3,1,1,10.05,0
58.14,18,2,1,0,0,0,0,77.7,1,0,42.91,0
39.9,9,4,2,0,1,0,0,56.1,4,3,5.97,0
5.88,13,2,1,0,2,0,0,11.4,2,1,31.63,0
37.47,16,5,1,0,0,0,0,76.2,4,4,17.38,0
30.9,21,2,2,0,1,0,0,29.9,1,1,22.83,0
21.29,12,1,3,0,0,0,0,5.5,0,0,4.85,0
40.07,1,6,6,3,6,1,0,80.8,3,4,12.63,1
8.5,15,3,1,0,1,0,0,210.3,0,1,120.57,0
22.33,17,1,1,0,0,0,0,38.1,1,1,96.42,0
51.87,4,8,5,0,0,0,1,270.3,4,7,9.79,0
23.81,20,3,0,0,0,0,0,37.7,1,1,30.55,0
301.25,10,4,1,0,0,0,0,4.6,0,1,8.64,0
443.54,22,3,3,1,4,1,0,211.3,3,3,45.97,1
364.2,6,3,4,0,3,0,0,104.6,1,4,23.64,0
5.65,14,1,1,0,0,0,0,35.5,1,1,29.24,0
14.7,9,4,1,0,0,0,0,67.1,1,2,12.01,0
14.15,19,4,1,0,0,0,1,2.4,1,0,20.79,0
67.59,19,0,3,0,3,0,0,9.9,0,0,6.23,0
8.42,8,0,1,0,1,0,0,11.5,1,2,14.13,0
11.62,15,4,0,0,1,1,0,16.4,2,0,17.0,0
11.05,8,1,0,0,0,0,0,14.3,1,1,36.35,0
8.84,19,0,0,0,0,0,0,21.7,0,1,41.61,0
39.57,11,1,0,0,0,0,0,9.6,1,1,5.55,0
3.23,10,5,0,0,1,0,0,67.4,2,2,35.93,0
12.74,11,2,2,0,1,0,0,81.1,2,0,58.32,0
20.37,19,1,1,0,0,0,0,140.4,2,1,50.06,0
20.7,10,7,1,0,1,0,0,137.7,2,1,35.31,0
612.8,4,5,5,2,5,1,1,302.5,5,6,8.93,1
32.76,13,1,2,0,0,0,0,7.9,1,2,22.42,0
24.21,11,1,2,0,1,0,0,159.9,1,2,95.32,0
3.26,9,0,3,0,0,0,1,5.6,3,2,15.4,0
12.4,11,4,1,0,0,0,1,131.5,0,0,5.47,0
50.61,10,2,1,0,0,0,0,41.9,2,1,8.12,0
17.86,12,1,0,0,0,0,0,5.3,1,0,27.04,0
87.77,13,2,1,0,1,0,0,7.8,0,2,25.74,0
166.57,9,9,6,0,0,0,1,366.9,2,5,88.78,0
1031.15,19,4,6,0,1,0,1,16.1,1,4,30.63,0
7.8,12,1,0,0,0,0,0,72.2,0,1,35.14,0
14.54,19,3,1,0,0,0,1,24.4,1,1,20.75,0
58.04,16,1,0,0,0,0,1,63.6,1,1,34.82,0
47.85,18,3,0,0,1,0,0,18.4,3,2,4.44,0
50.5,14,1,0,0,0,0,0,4.5,3,3,8.27,0
45.98,18,3,2,0,0,0,0,57.9,3,3,9.42,0
42.25,11,3,1,0,0,0,0,186.4,3,3,85.52,0
6.83,19,4,0,0,0,0,0,12.4,1,4,72.25,0
218.26,23,12,7,1,6,1,1,50.0,9,8,9.39,1
105.87,15,2,2,0,0,0,0,12.6,0,0,15.2,0
92.04,7,6,3,2,7,0,1,213.1,2,11,11.01,1
20.53,20,3,1,0,2,0,0,40.8,3,5,17.6,0
3.68,10,2,3,0,0,0,0,77.3,2,1,256.92,0
91.29,15,1,0,0,0,0,0,9.4,2,2,266.17,0
33.54,12,1,1,0,1,0,0,0.3,0,0,8.16,0
84.12,9,0,2,0,0,0,0,62.9,0,1,10.42,0
35.82,9,3,1,0,0,0,0,7.6,0,2,199.55,0
317.74,0,3,5,0,4,0,0,209.0,3,0,31.75,0
7.24,17,3,2,0,0,0,0,10.7,1,3,43.83,0
9.72,9,4,3,0,0,0,0,32.1,2,3,21.33,0
36.07,20,1,1,0,0,0,0,32.9,2,2,36.41,0
31.41,14,1,1,0,0,0,0,126.3,2,4,40.37,0
17.56,18,0,1,0,0,1,0,17.7,1,2,6.34,0
16.43,15,2,0,0,0,0,0,29.8,3,2,31.32,0
43.9,10,1,0,1,0,0,0,8.4,0,1,22.08,0
158.91,5,8,4,0,5,0,0,73.7,1,2,155.06,0
177.72,9,2,2,0,0,0,0,36.5,1,1,16.45,0
7.72,20,0,2,0,1,0,0,120.8,1,2,19.7,0
48.62,18,2,0,0,0,0,0,36.5,1,3,11.38,0
44.7,16,1,3,0,0,1,1,50.9,1,3,17.65,0
61.36,17,1,2,0,0,0,0,19.0,0,1,24.54,0
5.3,10,1,0,0,0,0,0,77.5,2,0,32.52,0
29.11,15,3,0,0,0,0,0,33.1,0,0,18.13,0
18.28,19,4,1,0,0,0,0,12.8,2,0,18.11,0
33.84,20,2,3,0,0,0,0,86.7,2,1,21.21,0
2.7,12,2,1,0,1,0,0,57.6,2,0,92.22,0
33.0,21,2,5,0,1,0,0,31.8,2,4,19.99,0
72.99,18,1,0,0,0,0,0,102.2,1,1,45.87,0
13.69,14,3,0,0,0,0,0,34.5,3,0,10.16,0
38.91,17,0,3,0,0,0,0,41.7,1,0,24.21,0
76.75,16,1,0,0,0,0,0,94.4,3,4,9.43,0
12.76,8,0,0,0,0,0,0,31.2,0,3,47.6,0
23.16,16,1,2,0,1,0,0,23.5,2,0,33.68,0
112.47,19,1,0,0,0,0,0,39.5,3,0,21.85,0
10.74,8,1,2,0,0,0,0,58.3,0,2,6.45,0
13.85,17,2,0,0,0,0,0,38.0,0,2,66.41,0
57.4,12,3,2,0,0,0,0,13.6,0,0,17.62,0
55.22,19,5,1,0,0,0,0,68.0,0,0,6.74,0
9.96,8,2,1,0,0,0,0,33.2,3,2,5.08,0
76.21,13,4,0,0,0,0,0,12.5,2,1,78.46,0
5.36,15,3,1,0,0,0,0,66.2,0,1,60.69,0
26.37,10,1,1,0,0,0,0,129.7,0,1,8.62,0
24.33,13,1,2,0,0,0,0,35.0,2,1,35.57,0
49.24,12,5,1,0,0,0,0,85.4,3,2,52.55,0
206.56,17,1,0,0,0,0,0,39.6,0,0,17.31,0
49.67,14,3,2,0,0,0,0,1.8,2,2,14.43,0
102.35,18,1,0,0,1,0,0,23.3,2,4,95.03,0
3.33,21,1,0,1,0,0,0,10.0,0,2,33.32,0
99.65,20,1,1,0,0,0,0,177.9,0,2,19.44,0
33.85,10,1,0,0,0,0,0,2.9,1,1,9.47,0
20.65,14,2,1,0,0,0,0,61.6,0,0,14.5,0
48.73,13,2,0,0,1,0,0,36.9,0,1,21.01,0
14.79,15,5,4,0,1,0,0,4.8,2,0,45.24,0
39.82,19,2,1,0,1,0,0,79.5,0,4,87.16,0
86.23,12,0,3,0,0,0,1,7.8,2,2,30.76,0
34.77,17,0,2,0,1,0,0,27.0,2,4,47.79,0
21.92,20,1,1,0,1,0,1,22.0,1,5,20.15,0
16.31,10,1,0,0,0,0,0,16.1,0,0,29.76,0
23.61,10,2,0,0,0,0,0,16.2,3,2,36.36,0
9.44,17,2,0,0,0,0,0,62.4,1,0,7.06,0
25.59,19,0,0,0,0,0,0,159.9,0,1,32.35,0
4.11,8,0,2,0,0,0,0,27.1,2,1,6.7,0
21.94,11,0,1,0,0,0,0,45.8,1,0,33.33,0
14.0,19,3,0,0,0,0,0,30.7,1,1,15.18,0
32.11,19,1,2,0,0,0,0,39.6,0,1,12.83,0
12.89,12,3,0,0,1,0,0,79.6,2,1,25.74,0
60.1,9,2,1,0,1,0,0,26.4,0,1,106.0,0
26.02,10,6,2,0,1,0,0,107.8,3,3,13.13,0
14.44,8,3,1,0,0,0,1,13.3,2,3,40.46,0
85.55,8,2,0,0,1,0,0,61.8,1,2,5.48,0
63.1,10,3,1,0,0,0,0,37.8,4,4,40.58,0
23.49,14,3,0,0,0,0,0,101.0,1,3,31.64,0
7.42,19,3,0,0,0,0,0,13.7,0,1,77.85,0
27.51,12,4,1,0,0,0,0,224.5,0,1,95.45,0
39.82,14,0,3,0,0,0,0,0.1,1,2,141.69,0
34.44,10,4,1,0,0,0,0,34.2,3,1,23.52,0
31.76,15,3,0,0,0,0,0,59.4,1,0,24.48,0
12.98,20,1,3,0,0,0,0,17.7,2,2,15.46,0
57.92,18,1,0,0,2,0,0,68.7,0,1,24.79,0
18.37,20,2,2,0,0,0,0,53.1,1,1,15.69,0
15.35,10,2,0,0,1,0,0,86.8,3,0,10.82,0
54.17,19,0,1,0,0,0,0,8.4,2,1,43.44,0
110.1,13,1,0,0,1,0,0,9.8,1,0,70.21,0
26.88,12,2,1,0,0,0,0,65.3,1,2,42.77,0
23.03,17,3,1,0,0,0,0,64.6,1,2,64.06,0
11.71,16,3,1,0,0,0,0,40.2,1,3,13.36,0
69.61,10,4,1,1,0,0,0,212.3,3,1,41.38,1
9.82,18,3,0,0,0,0,0,32.5,0,3,39.19,0
15.49,12,2,0,0,1,0,0,35.6,1,0,30.5,0
30.01,19,1,0,0,0,0,0,14.8,1,2,22.31,0
34.08,2,3,4,0,3,0,0,42.2,3,0,69.66,0
118.54,13,6,4,0,2,0,0,36.5,7,1,50.66,0
3.79,14,1,2,0,0,0,0,21.3,2,1,61.1,0
34.7,20,2,2,0,1,0,0,40.8,1,3,26.5,0
40.16,12,1,0,0,0,0,0,16.8,1,2,43.55,0
12.83,12,3,0,0,0,0,0,48.0,0,1,15.93,0
196.14,0,5,3,0,4,0,0,142.8,6,5,146.17,0
40.76,19,3,2,0,0,0,0,116.7,3,2,10.68,0
5.61,21,2,2,0,0,0,0,88.6,0,1,55.46,0
16.12,12,2,2,1,1,0,0,79.0,1,1,11.02,0
13.61,21,2,2,1,1,0,1,51.7,2,1,12.66,0
16.67,18,1,2,0,0,0,0,1.3,1,0,7.32,0
41.47,13,1,0,0,0,1,0,18.0,5,3,25.07,0
636.44,9,4,5,0,3,1,1,180.2,3,1,25.97,0
1.91,19,2,2,0,0,0,0,316.0,0,3,8.98,0
10.56,11,3,1,0,1,0,0,47.6,0,0,61.93,0
10.61,10,2,3,0,0,0,0,87.0,0,3,26.8,0
12.42,13,2,0,0,0,0,0,2.2,0,1,15.69,0
242.38,18,3,2,0,0,0,0,97.7,2,1,24.78,0
31.61,8,3,1,0,0,0,0,66.7,2,1,2.58,0
20.55,16,3,2,0,1,0,0,23.9,1,3,28.62,0
19.17,16,2,0,0,1,0,0,118.2,1,1,10.13,0
9.73,10,1,0,0,0,0,0,11.8,3,2,15.97,0
73.93,18,1,1,0,0,0,0,50.6,0,1,62.13,0
113.83,8,1,1,0,1,0,0,72.0,0,2,61.18,0
41.76,14,1,6,0,1,0,0,32.7,1,3,54.91,0
98.38,16,2,1,0,2,0,0,17.7,2,2,31.98,0
13.25,9,3,0,0,0,0,0,79.9,0,0,19.09,0
34.79,12,2,2,0,0,0,0,8.3,1,3,13.47,0
20.0,20,2,2,0,0,1,0,187.1,2,0,16.0,0
24.22,3,9,3,0,3,1,0,30.8,2,0,56.11,0
6.64,14,1,1,0,1,0,0,38.4,2,1,27.57,0
55.76,19,5,3,1,3,1,1,324.8,2,3,20.36,0
3.97,17,1,3,0,0,0,0,111.0,3,0,19.36,0
22.64,14,2,1,0,1,0,0,1.7,2,1,11.85,0
32.94,13,0,2,0,0,0,0,27.5,0,0,26.56,0
10.08,19,1,1,0,0,0,0,46.4,0,0,56.76,0
17.36,15,5,0,0,1,0,1,178.5,0,1,35.91,0
7.15,16,3,1,0,0,0,0,50.9,1,2,29.14,0
11.95,13,2,0,0,0,1,0,95.0,2,1,40.48,0
45.86,16,0,1,0,0,0,0,15.4,1,2,22.39,0
5.7,20,1,0,0,0,0,0,31.3,1,1,6.82,0
20.55,13,1,2,0,0,0,0,44.0,0,2,14.04,0
136.24,17,1,0,0,0,0,0,82.5,1,4,104.6,0
24.74,11,1,1,0,0,0,0,6.8,1,1,53.83,0
17.39,10,1,1,0,1,0,0,82.1,0,2,14.87,0
22.62,10,1,0,0,0,0,0,90.6,1,4,11.33,0
3.02,10,3,0,0,0,0,0,10.0,0,1,8.89,0
24.08,20,1,1,0,0,0,0,39.6,0,0,23.03,0
51.43,14,2,2,0,0,0,0,24.0,2,1,32.68,0
115.01,11,5,1,0,0,0,0,17.4,2,1,24.26,0
13.46,20,4,0,0,0,0,0,31.7,2,0,26.16,0
32.35,15,3,0,0,0,0,0,43.2,1,2,124.07,0
278.7,10,3,2,0,0,0,0,18.9,1,2,82.46,0
57.5,14,2,1,0,0,0,0,5.5,0,2,35.72,0
21.56,13,2,1,0,0,0,0,47.0,0,0,11.61,0
27.22,14,0,0,0,0,0,0,147.5,2,0,42.82,0
8.54,14,1,1,0,0,0,0,2.4,2,3,29.51,0
25.93,14,4,0,0,0,0,0,4.5,1,1,15.7,0
12.5,13,2,1,0,2,0,0,10.4,2,2,36.16,0
122.1,18,0,1,0,0,0,0,0.7,1,3,43.35,0
25.26,16,2,2,0,0,0,0,196.6,1,0,27.66,0
19.3,8,4,1,0,0,0,0,19.7,3,2,48.31,0
33.99,9,4,2,0,0,0,0,4.2,1,4,47.09,0
42.02,19,3,0,0,0,0,0,22.7,1,1,39.9,0
55.75,20,6,0,0,0,0,0,6.6,1,3,7.05,0
6.78,9,1,3,0,1,1,0,25.9,3,0,5.23,0
14.05,16,2,0,0,2,0,0,16.5,1,3,15.04,0
106.84,16,1,2,0,0,0,0,44.0,2,1,3.94,0
25.23,11,2,0,0,0,0,0,34.8,1,1,30.7,0
20.81,18,2,1,0,0,0,0,14.8,1,2,121.6,0
10.48,12,4,1,0,0,1,0,1.2,2,0,38.41,0
69.99,11,1,0,0,3,0,0,64.8,2,1,42.74,0
72.76,17,2,0,0,1,0,0,111.0,3,2,19.02,0
30.44,16,3,1,0,0,0,0,5.9,1,2,16.14,0
59.54,11,1,2,1,1,0,0,210.9,2,2,15.23,0
37.19,10,0,2,0,0,0,0,193.8,0,4,20.21,0
60.69,20,3,1,0,0,0,0,1.2,1,5,12.97,0
29.45,12,3,1,0,0,0,0,100.0,2,0,19.65,0
4.29,21,3,0,0,0,0,0,68.3,1,2,218.89,0
50.1,17,2,2,0,0,0,0,21.4,3,1,33.74,0
26.94,19,3,1,0,0,0,0,19.1,0,0,18.59,0
33.63,12,4,0,0,2,0,0,7.3,2,1,41.63,0
253.19,15,2,0,0,0,0,0,15.7,1,1,4.79,0
36.76,17,2,0,0,0,0,0,84.7,1,0,15.9,0
57.76,12,3,2,0,0,1,0,35.8,1,3,35.59,0
66.19,18,3,1,1,0,0,0,42.8,3,4,50.75,0
18.76,12,2,1,0,1,0,0,10.1,2,2,9.04,0
4.44,10,4,0,0,1,1,0,34.1,2,1,134.13,0
50.25,18,3,0,0,0,0,0,30.1,0,2,15.53,0
8.42,9,3,0,0,1,1,0,24.7,0,1,15.43,0
13.49,20,3,0,0,1,0,0,13.3,2,3,11.18,0
6.18,12,0,1,0,0,0,0,14.6,1,1,3.72,0
43.44,8,3,0,0,0,0,0,65.7,2,1,8.11,0
10.91,14,1,4,0,0,0,1,31.4,1,1,20.19,0
9.46,17,3,1,0,0,0,0,105.9,0,0,96.03,0
23.26,19,5,0,0,0,0,0,121.7,1,3,7.44,0
197.38,0,4,5,0,1,0,0,97.2,5,5,32.96,0
48.98,19,4,0,0,1,0,0,83.1,2,0,6.05,0
11.0,8,2,1,0,1,0,0,54.7,0,3,13.28,0
48.18,15,3,1,0,0,0,0,11.4,0,1,13.05,0
22.4,11,3,1,0,1,0,0,21.7,1,2,119.72,0
144.31,20,2,0,0,0,0,0,25.3,2,2,15.35,0
61.17,17,2,1,0,0,0,0,57.8,1,1,10.05,0
42.84,19,1,1,0,1,0,0,52.7,1,1,33.56,0
10.93,18,1,0,0,0,0,0,111.5,2,3,10.23,0
39.12,17,0,1,0,0,0,0,44.3,0,1,14.28,0
8.66,9,1,2,0,1,0,0,4.9,2,1,23.15,0
31.4,14,6,2,0,0,0,0,20.4,0,2,22.11,0
19.64,11,1,1,0,0,1,0,0.5,1,0,32.89,0
56.46,19,1,0,0,0,0,0,5.2,2,1,15.21,0
316.33,0,6,3,0,3,1,0,44.2,0,4,39.65,0
72.16,11,3,0,0,1,0,0,109.2,0,3,40.78,0
1.0,11,2,1,0,1,0,0,21.0,2,0,131.8,0
37.64,20,2,1,0,1,0,0,22.9,1,0,130.41,0
34.74,21,0,0,0,0,0,0,8.4,1,0,24.31,0
15.09,13,4,0,0,0,0,0,33.6,2,3,130.86,0
30.58,16,2,1,0,1,1,0,67.0,0,1,19.15,0
70.23,21,8,8,0,4,0,0,211.8,2,6,14.75,1
52.28,9,4,0,0,3,0,0,25.9,3,5,48.46,0
58.63,18,1,1,1,0,0,0,3.8,2,5,25.33,0
34.98,9,0,0,0,0,0,0,18.3,1,1,65.15,0
5.12,14,0,1,1,0,1,0,69.4,1,1,49.78,0
22.28,10,1,2,0,0,0,0,1.8,3,1,36.89,0
15.54,20,3,3,1,1,1,0,76.0,0,1,74.57,0
50.49,13,1,1,0,0,0,0,99.2,0,1,7.94,0
4.6,10,3,1,0,1,0,0,9.5,1,3,9.61,0
56.13,18,0,0,0,1,0,0,57.9,2,1,17.75,0
26.84,9,1,0,0,0,0,0,41.4,2,0,64.44,0
26.31,13,3,0,0,1,0,0,7.7,0,4,18.7,0
35.01,14,2,0,0,0,0,0,2.8,2,3,19.16,0
8.12,16,0,0,0,0,0,0,24.2,0,3,24.35,0
27.26,10,1,1,0,0,0,0,61.9,0,0,16.18,0
15.47,19,0,0,0,0,0,0,49.5,2,0,5.99,0
49.19,17,6,3,0,0,0,1,73.2,5,4,75.1,0
20.02,10,4,0,0,0,0,0,152.6,2,0,7.67,0
16.85,12,2,3,0,2,0,0,132.4,1,2,56.01,0
16.07,19,1,0,0,0,0,0,11.8,2,2,61.85,0
13.94,8,2,0,0,0,0,0,66.0,0,0,38.67,0
21.89,11,1,0,1,1,0,0,79.1,3,0,71.71,0
66.6,20,1,2,0,0,1,0,138.0,3,1,36.11,0
23.78,20,2,3,0,0,0,0,57.7,3,0,9.32,0
130.41,8,1,0,0,0,0,0,17.5,0,1,17.73,0
56.88,18,1,1,0,0,0,0,69.1,0,0,27.82,0
36.03,11,2,1,0,0,0,0,328.1,1,0,11.6,0
110.95,10,4,0,0,0,0,0,61.4,0,4,15.26,0
13.55,19,3,1,0,0,0,0,2.5,1,3,18.8,0
49.04,10,2,0,0,0,0,0,6.7,4,3,6.61,0
51.91,19,2,1,0,1,0,0,50.7,1,0,55.88,0
30.16,16,2,0,0,1,0,0,34.2,0,1,245.46,0
98.21,10,2,1,0,0,0,0,171.1,0,3,39.74,0
42.6,14,1,1,0,0,0,0,24.6,0,3,62.25,0
9.06,12,3,2,0,1,0,0,149.5,2,0,20.91,0
8.05,21,2,1,0,0,0,0,94.8,0,0,18.95,0
38.85,15,4,4,0,0,0,0,1.9,1,1,17.94,0
7.56,15,2,2,0,0,0,0,11.8,1,1,26.44,0
24.89,15,3,1,0,0,0,0,39.9,2,2,7.92,0
30.96,17,0,1,0,2,0,0,108.5,0,0,11.98,0
6.21,16,2,1,0,1,0,0,138.8,0,1,11.96,0
98.39,12,0,2,0,0,0,0,8.8,2,0,27.93,0
16.19,9,3,3,0,0,0,0,72.0,0,0,8.29,0
46.55,10,2,1,0,0,0,0,3.6,2,0,26.06,0
16.1,18,3,1,0,0,0,0,138.1,1,1,93.6,0
183.41,4,1,5,0,0,0,1,311.1,3,1,24.44,0
8.57,11,0,2,0,0,0,0,0.4,0,1,6.95,0
9.76,11,3,0,0,0,0,0,36.2,0,2,37.86,0
172.32,2,5,6,0,2,0,0,253.8,1,6,46.26,0
53.86,13,1,2,0,1,0,0,132.8,2,2,5.25,0
49.2,12,4,5,0,3,0,0,550.2,0,4,11.57,0
9.74,18,0,0,0,0,0,0,28.3,3,0,66.11,0
28.67,20,1,1,0,0,1,0,16.8,3,2,13.18,0
9.12,19,1,2,0,0,0,0,120.1,1,2,13.43,0
8.86,12,3,1,0,0,0,0,11.1,2,2,16.94,0
69.21,11,0,0,0,1,0,0,3.4,0,2,28.88,0
47.24,18,2,1,0,0,0,0,74.9,0,1,18.94,0
34.1,13,2,0,0,0,0,0,44.5,0,0,103.09,0
32.51,9,0,1,0,0,0,0,43.3,2,2,62.74,0
48.81,12,8,5,0,0,0,1,150.3,3,7,39.08,0
22.76,10,1,2,0,0,0,0,21.9,0,3,7.09,0
10.13,19,2,0,0,0,0,0,86.1,1,2,9.59,0
80.17,17,4,4,0,0,0,0,19.1,2,1,76.79,0
3.95,9,3,1,1,0,0,0,17.2,1,1,77.25,0
30.4,20,1,2,0,0,0,0,2.3,2,3,73.49,0
6.92,18,2,1,0,1,1,0,45.5,1,2,12.76,0
22.9,19,1,1,0,0,0,0,49.3,2,0,52.73,0
371.31,5,3,3,1,1,0,1,199.0,0,1,52.16,0
40.19,10,2,3,1,0,0,0,121.6,1,1,71.25,0
100.06,9,0,2,0,0,0,0,11.4,0,1,18.25,0
9.72,17,1,0,0,0,0,0,83.9,2,2,13.96,0
57.37,20,1,1,0,1,0,0,64.8,2,0,40.11,0
10.8,11,1,1,0,0,0,0,39.9,1,3,17.78,0
106.22,12,2,0,0,1,0,0,239.1,1,1,17.04,0
36.43,19,1,0,0,0,0,0,86.9,0,3,23.46,0
17.95,11,3,0,0,0,0,0,1.1,3,2,9.94,0
24.59,20,1,0,0,1,0,0,5.3,0,0,47.97,0
113.6,5,0,7,0,0,0,0,70.6,2,3,16.83,0
127.68,15,1,3,0,0,0,0,52.7,1,0,58.2,0
5.97,10,1,1,0,0,0,0,7.2,1,1,2.27,0
19.03,20,2,2,0,0,0,0,94.2,2,0,29.02,0
363.38,15,3,7,1,3,1,1,14.4,4,1,38.18,0
70.83,20,1,0,0,1,0,0,10.9,0,2,11.07,0
5.41,13,2,0,0,0,0,0,86.2,1,2,12.6,0
383.13,17,3,3,2,3,1,1,1074.6,1,9,53.11,1
33.59,11,2,2,0,0,0,1,140.5,2,0,33.36,0
53.14,17,2,0,0,0,0,0,2.1,1,0,56.45,0
17.87,16,2,2,0,0,0,0,145.2,2,5,15.01,0
28.99,10,6,1,0,0,1,0,114.1,2,1,32.62,0
13.62,18,1,0,0,0,0,0,26.1,0,3,31.7,0
21.13,13,1,1,0,0,0,0,24.8,1,0,40.43,0
26.2,16,3,0,0,0,0,0,22.7,0,1,5.97,0
19.51,20,1,0,0,0,0,0,12.6,2,1,39.13,0
19.25,10,1,1,0,1,0,0,3.5,1,1,8.11,0
38.02,19,2,1,0,0,0,0,19.7,3,2,73.85,0
16.17,17,0,0,0,2,0,0,27.4,2,2,24.78,0
15.37,12,0,1,0,0,0,0,265.4,0,1,52.06,0
6.29,16,2,2,0,0,0,0,24.6,1,1,110.3,0
14.15,16,1,0,0,0,0,0,14.1,3,3,6.82,0
9.78,16,1,1,0,0,0,0,27.7,1,1,96.25,0
119.85,14,2,1,0,0,0,0,22.1,0,1,58.18,0
66.87,21,0,1,0,0,0,0,48.6,0,3,57.91,0
7.3,9,0,2,0,0,0,0,49.9,0,3,12.85,0
48.33,10,4,0,0,1,0,1,106.3,0,2,45.84,0
69.15,19,2,2,0,1,0,0,137.5,0,1,108.63,0
51.27,14,4,0,0,1,0,0,49.6,1,2,20.94,0
28.0,14,4,3,0,0,0,0,47.1,1,1,24.25,0
49.71,15,3,1,0,0,0,0,32.0,1,0,33.89,0
24.4,19,1,0,0,1,0,0,89.6,3,0,59.16,0
23.44,20,2,1,1,0,0,1,9.6,2,2,21.78,0
16.91,20,5,1,0,0,0,0,90.0,1,3,79.76,0
26.21,10,1,0,0,0,0,0,47.6,3,2,54.4,0
18.19,16,0,0,0,0,0,0,107.4,2,2,49.77,0
4.97,14,0,0,0,0,0,0,28.5,1,3,9.56,0
21.14,14,4,4,0,0,0,0,90.9,2,1,14.2,0
54.47,14,2,1,0,0,0,0,99.2,0,2,3.57,0
7.48,8,1,1,0,0,0,0,48.4,1,4,28.37,0
31.28,11,1,0,0,0,0,0,9.1,1,3,164.66,0
188.37,20,1,1,0,2,0,0,130.7,0,1,103.74,0
54.86,14,3,5,0,5,1,1,84.5,3,4,19.79,0
23.09,16,2,0,0,1,0,0,22.5,1,1,57.92,0
44.56,18,0,3,0,0,0,1,20.7,2,3,23.37,0
62.86,19,9,3,1,6,0,1,303.2,3,4,21.02,1
59.07,17,3,0,0,0,0,0,3.6,4,1,8.82,0
210.55,22,4,3,3,1,0,1,245.1,3,4,86.0,0
13.65,12,2,0,0,1,0,0,134.7,3,3,18.45,0
51.85,18,1,1,0,0,0,0,64.9,1,0,30.86,0
80.01,18,2,2,0,0,0,0,15.5,0,5,68.0,0
20.76,19,1,0,0,1,0,0,0.0,1,4,26.32,0
14.33,19,2,2,0,0,0,0,24.7,0,2,33.73,0
24.66,13,1,1,0,0,0,0,120.0,1,1,10.23,0
59.81,14,1,1,1,0,0,0,55.6,0,3,8.49,0
41.18,17,2,0,0,1,0,0,8.6,0,1,6.79,0
89.12,8,2,0,0,0,0,0,53.3,0,0,13.92,0
17.59,12,2,3,0,1,0,1,43.5,0,2,16.12,0
23.24,20,2,1,0,1,0,0,5.2,3,1,15.87,0
35.85,12,2,0,0,1,0,0,29.5,1,2,3.18,0
61.84,12,1,0,0,0,0,1,25.7,2,1,33.1,0
18.4,12,0,1,0,0,1,0,57.7,1,2,56.76,0
66.87,10,0,1,0,0,0,0,55.9,0,1,18.8,0
65.28,11,0,1,0,1,0,0,65.4,0,1,21.65,0
213.37,9,0,1,0,1,0,0,29.9,5,3,13.61,0
10.82,17,0,1,0,1,0,0,54.4,3,6,18.67,0
61.25,20,2,4,0,0,0,0,79.5,4,1,21.25,0
12.31,11,2,1,0,0,0,0,6.4,2,1,63.75,0
15.27,4,9,5,0,2,0,1,326.2,6,3,26.12,0
28.77,21,3,0,0,0,0,0,2.3,3,0,45.36,0
17.63,13,4,1,0,0,0,0,41.2,0,0,44.7,0
122.84,6,8,0,0,2,1,1,50.0,7,6,19.23,1
9.01,15,1,2,0,0,0,1,14.2,1,3,54.57,0
16.46,17,5,1,0,4,0,0,1.5,4,0,22.93,0
11.68,19,1,1,0,0,0,0,56.2,1,0,68.33,0
58.1,11,3,0,0,0,0,0,174.6,1,1,24.42,0
21.95,15,3,0,1,0,0,0,30.7,2,1,7.34,0
19.67,16,0,0,0,0,0,0,197.3,2,2,7.75,0
7.06,13,4,1,0,0,0,0,103.0,1,3,15.01,0
22.66,13,2,0,0,0,0,0,7.9,1,1,18.93,0
29.44,15,5,1,0,2,0,0,28.2,0,2,90.01,0
24.02,20,1,0,0,0,0,0,119.8,1,2,2.77,0
18.39,10,2,1,0,1,0,0,29.4,1,3,16.23,0
76.5,8,2,0,0,0,0,0,6.1,0,4,81.23,0
50.58,10,5,0,0,0,0,0,23.8,0,1,8.81,0
6.54,14,1,1,0,0,0,1,176.3,1,0,23.63,0
16.47,12,1,1,0,0,0,1,36.2,3,3,27.32,0
119.69,11,0,0,0,2,0,0,0.6,2,0,65.78,0
12.03,21,4,1,0,2,1,1,23.1,2,4,51.76,0
12.76,10,2,1,0,2,0,0,15.2,2,3,42.95,0
27.35,9,0,2,0,0,0,0,56.4,1,1,14.48,0
7.17,13,2,2,0,0,0,1,89.6,2,0,6.2,0
52.83,14,1,0,0,0,0,0,59.8,3,0,73.35,0
24.17,8,1,0,0,1,0,0,52.1,2,0,8.23,0
15.29,8,2,2,0,1,0,0,27.5,1,4,99.77,0
89.78,18,0,1,0,1,0,0,48.7,1,2,12.41,0
3.56,12,1,0,0,0,1,0,0.5,0,0,26.92,0
24.43,16,3,0,1,0,0,0,42.8,1,5,80.68,0
28.26,8,3,0,0,0,0,0,29.2,1,1,29.03,0
388.71,23,5,5,0,1,0,0,24.6,1,4,47.69,0
20.62,9,4,1,0,0,0,0,1.3,1,2,25.18,0
49.1,13,0,2,0,0,0,1,3.2,3,1,13.0,0
214.6,3,3,2,0,1,0,0,219.2,0,5,39.74,0
109.94,12,2,1,0,0,0,0,25.4,1,0,13.43,0
20.76,9,3,1,0,1,0,0,40.4,3,0,73.71,0
8.16,15,3,0,0,0,0,0,39.2,0,2,6.18,0
169.24,23,3,2,2,3,0,0,93.5,5,2,9.55,0
278.47,16,4,0,0,0,0,0,0.6,0,1,120.52,0
51.69,10,0,1,0,1,0,0,5.8,0,0,13.96,0
18.18,14,2,0,0,0,0,0,86.9,1,1,71.85,0
24.8,19,3,0,0,1,0,0,22.0,1,2,6.38,0
29.74,17,1,1,0,1,0,0,14.8,1,3,32.15,0
98.16,16,2,1,0,0,0,0,15.1,1,0,5.99,0
396.55,4,11,4,2,5,0,1,95.9,3,8,15.3,1
13.27,13,2,1,0,0,0,0,25.1,1,2,35.57,0
55.39,13,1,1,0,1,0,1,26.7,4,3,7.48,0
18.51,18,1,0,0,1,0,0,75.7,2,0,83.5,0
8.97,20,1,1,0,1,0,0,92.6,1,6,22.32,0
28.72,18,1,1,0,0,0,0,223.9,2,0,33.62,0
65.42,8,2,1,0,0,0,1,0.6,1,1,35.02,0
26.57,18,1,2,0,0,0,0,64.5,0,2,532.72,0
44.12,20,2,0,1,0,0,1,58.6,1,2,38.08,0
12.91,20,2,0,0,0,0,0,84.6,2,2,24.25,0
150.57,21,0,0,0,2,0,0,2.9,1,0,62.31,0
13.27,9,1,0,0,0,0,0,9.2,2,0,22.8,0
35.54,9,1,1,0,2,0,0,79.3,3,3,6.9,0
60.91,21,7,2,0,2,1,0,235.0,5,3,30.93,0
278.25,23,5,5,0,3,1,0,10.0,1,0,42.29,0
66.2,23,3,3,1,5,0,0,859.7,4,5,24.46,0
16.75,17,5,0,0,1,0,0,76.9,1,4,59.97,0
28.61,10,5,1,0,0,1,0,16.0,2,3,39.83,0
11.89,14,2,3,0,0,0,0,14.5,2,1,11.22,0
29.31,14,2,1,0,0,0,0,193.2,1,1,23.0,0
8.56,10,2,0,0,1,0,1,8.1,2,3,5.53,0
18.29,13,0,1,0,0,0,0,20.4,5,2,23.14,0
27.82,11,3,4,0,0,0,0,13.7,0,2,10.74,0
16.72,21,2,0,0,0,0,0,51.5,0,1,106.99,0
7.5,18,2,0,0,1,0,0,24.8,1,0,9.89,0
24.05,12,0,0,0,0,0,0,9.1,5,0,32.12,0
94.0,19,8,7,0,0,0,1,655.1,3,3,85.96,0
73.8,21,2,1,1,0,0,0,20.1,0,3,16.3,0
38.7,11,3,0,0,0,0,0,60.2,1,0,4.51,0
17.11,18,6,3,1,3,0,1,10.0,3,1,49.96,0
48.77,18,1,1,0,0,0,0,7.7,1,0,4.2,0
16.29,14,2,1,0,0,0,0,21.6,5,0,130.68,0
10.23,13,3,1,0,0,0,0,3.9,1,1,7.69,0
14.25,14,1,2,0,0,0,0,62.2,2,3,18.34,0
9.24,20,7,0,0,1,0,0,39.3,1,2,106.59,0
33.12,10,1,0,0,0,0,0,21.4,4,1,21.15,0
18.18,14,1,0,0,0,0,0,160.4,0,3,64.81,0
24.43,12,2,2,0,0,0,0,1.6,1,2,148.9,0
7.34,20,2,1,0,1,0,0,22.1,1,0,42.76,0
40.96,20,5,1,0,0,0,0,36.9,2,2,41.84,0
13.43,20,2,0,0,0,0,0,62.7,0,2,12.0,0
34.99,17,0,0,0,1,0,0,81.1,1,0,18.29,0
66.27,9,1,1,0,1,0,0,11.1,0,1,16.11,0
50.32,5,5,6,1,1,0,0,224.7,6,1,41.61,0
179.42,21,4,1,0,0,0,0,8.9,1,2,6.12,0
171.57,16,3,3,0,1,0,0,25.1,0,0,13.97,0
16.07,16,1,0,0,1,0,0,53.7,1,2,17.74,0
10.25,12,0,2,0,1,0,0,2.5,1,1,70.69,0
11.54,13,1,1,0,0,0,0,128.5,1,1,29.15,0
10.71,16,0,0,0,1,0,0,126.1,0,3,15.75,0
48.57,14,2,1,0,1,0,0,52.3,0,0,38.33,0
13.36,19,1,2,1,1,1,0,7.8,2,0,90.35,0
21.03,14,3,0,0,0,0,0,36.7,3,1,8.97,0
20.22,19,1,1,0,1,0,0,30.2,1,1,25.74,0
51.28,15,2,1,0,0,0,0,63.5,0,1,34.41,0
8.07,18,3,1,0,0,0,0,58.8,1,3,3.36,0
30.14,18,4,0,0,1,0,0,84.1,1,1,21.25,0
14.26,13,5,1,0,0,0,0,4.9,1,2,11.7,0
23.03,17,1,2,0,1,0,0,73.9,1,2,27.76,0
38.32,15,2,0,0,0,0,0,111.7,1,1,4.07,0
20.98,15,2,0,0,0,0,0,15.7,0,2,21.64,0
12.69,11,5,1,0,1,0,0,29.7,3,0,20.55,0
9.92,17,1,0,0,0,0,0,45.8,3,1,34.77,0
6.92,17,3,0,0,0,0,0,89.3,1,1,21.37,0
4.28,13,3,0,0,0,0,0,126.1,1,2,32.76,0
19.01,20,4,1,0,0,0,0,4.1,0,1,13.52,0
9.42,11,3,1,0,0,0,0,37.2,1,3,34.35,0
17.02,11,3,2,0,2,0,0,90.2,3,2,13.05,0
16.07,17,1,1,0,1,0,0,8.9,2,2,14.96,0
78.52,13,4,2,0,0,0,0,4.5,1,0,62.3,0
20.55,11,1,0,0,2,0,0,20.5,1,2,60.77,0
17.15,9,3,1,0,0,0,0,129.9,1,3,6.29,0
27.02,9,4,1,0,0,0,0,29.9,1,2,20.22,0
195.99,17,2,1,0,0,1,0,39.7,0,1,24.07,0
53.59,13,1,2,0,0,0,0,18.7,1,1,19.75,0
69.93,12,2,1,0,1,0,0,30.3,1,0,9.36,0
13.68,19,5,1,0,0,0,0,190.4,1,1,36.73,0
9.43,20,2,1,0,0,0,0,46.2,2,0,23.64,0
88.52,9,10,9,2,2,1,0,297.7,4,5,12.06,1
49.53,14,2,2,0,0,0,0,35.4,1,2,18.64,0
59.54,17,2,1,0,0,0,0,107.9,1,3,21.73,0
26.78,21,1,3,0,0,0,0,152.3,3,1,56.89,0
9.56,17,1,1,0,0,0,0,102.7,0,3,12.81,0
125.69,18,0,0,0,0,0,0,29.6,1,1,26.65,0
33.67,20,0,0,0,0,0,0,29.3,1,1,12.96,0
9.7,16,0,0,0,1,0,0,4.1,0,1,30.47,0
15.8,18,0,0,0,0,0,0,10.0,3,1,45.12,0
19.3,13,4,3,0,0,0,0,128.3,0,0,14.08,0
106.42,9,3,1,0,0,0,0,25.1,0,2,27.6,0
20.44,10,1,0,0,0,0,0,17.4,2,1,72.19,0
7.24,21,2,0,0,1,0,0,96.5,3,0,8.4,0
17.3,20,2,1,0,2,0,0,58.1,2,2,38.68,0
136.46,1,6,4,0,0,0,1,25.3,2,0,38.59,0
99.08,17,1,2,0,0,0,0,76.9,0,1,69.73,0
26.19,8,3,4,0,3,0,0,26.6,2,2,33.47,0
4.75,11,2,0,0,0,0,0,26.4,0,3,41.66,0
21.38,20,2,0,0,0,0,0,45.7,5,2,6.08,0
263.15,8,8,3,0,4,0,1,97.1,5,1,38.51,0
36.18,19,5,0,1,1,0,1,3.8,1,1,80.41,0
46.84,17,4,2,1,1,0,0,25.4,3,2,42.62,0
16.33,13,3,3,0,0,0,0,4.9,4,1,35.66,0
437.76,0,9,9,2,5,1,1,137.7,5,5,17.6,1
42.64,18,2,2,0,3,0,1,74.2,3,5,10.55,0
30.73,12,1,1,0,0,0,0,14.5,1,1,7.94,0
37.2,16,1,5,0,0,0,0,139.3,1,3,8.73,0
3.96,15,1,1,0,1,0,0,39.5,2,0,24.94,0
53.47,9,1,1,0,0,0,0,25.2,3,0,49.94,0
45.58,10,2,3,0,0,0,0,25.2,1,0,15.26,0
114.79,11,3,0,0,0,0,0,50.8,0,3,28.75,0
5.97,16,4,3,0,0,0,0,3.6,3,0,6.66,0
48.17,12,5,2,0,0,1,0,161.2,1,0,40.56,0
17.5,9,4,1,0,0,0,0,140.8,0,2,21.02,0
31.25,8,1,0,1,0,0,0,35.3,1,2,38.7,0
21.58,13,2,0,0,2,0,0,4.5,3,1,72.74,0
22.57,15,0,1,0,0,0,0,118.9,1,2,408.51,0
146.99,23,6,5,2,6,1,0,220.8,9,5,17.32,1
63.01,13,3,2,0,1,0,0,13.9,2,2,146.97,0
7.46,18,5,2,0,0,1,0,15.3,2,2,21.84,0
81.74,17,2,1,0,1,0,0,9.0,3,4,14.85,0
30.54,18,3,1,0,0,0,0,83.4,3,1,13.07,0
9.22,11,2,0,0,0,0,0,7.8,0,0,23.92,0
12.05,10,0,0,1,0,0,0,1.4,2,2,41.79,0
26.95,16,1,0,0,1,0,0,7.9,0,2,22.26,0
6.1,9,4,0,0,0,0,0,4.3,0,1,28.59,0
46.42,23,3,5,0,3,1,0,136.1,1,3,11.33,0
134.05,13,0,1,0,0,0,0,22.0,1,5,88.88,0
36.89,15,1,2,0,0,0,0,19.6,0,2,15.99,0
43.69,15,2,0,0,0,0,0,27.4,2,3,13.7,0
39.19,17,2,0,0,0,0,0,130.2,3,1,64.35,0
74.23,19,3,0,0,0,0,0,2.3,1,1,15.04,0
10.11,11,2,3,1,0,0,1,184.1,1,4,14.73,1
2.65,12,0,1,0,0,0,0,97.5,1,1,28.49,0
15.33,10,1,0,0,0,0,0,46.2,1,4,19.0,0
7.98,13,1,2,0,0,0,0,0.3,0,3,77.56,0
3.24,15,3,0,0,0,0,0,43.1,2,0,2.75,0
55.95,21,7,3,0,1,0,0,14.0,3,4,21.18,0
51.1,20,1,0,0,0,1,0,28.6,1,2,5.21,0
52.39,19,3,3,0,0,0,0,50.5,0,0,62.21,0
8.47,8,3,0,0,1,0,0,70.8,1,2,22.76,0
11.69,19,2,2,0,0,0,0,16.6,0,2,25.74,0
20.39,20,0,1,0,0,0,0,22.2,0,2,21.82,0
11.2,12,0,1,0,1,0,0,134.8,2,0,68.95,0
68.42,21,0,2,0,0,0,0,37.5,1,1,22.39,0
33.35,14,2,1,0,1,0,0,46.7,3,2,140.21,0
52.25,14,1,1,0,1,0,0,2.2,2,2,35.33,0
50.98,9,2,1,0,0,0,0,77.7,0,1,51.05,0
2.07,13,0,1,0,1,0,1,10.9,0,2,8.21,0
12.12,17,3,0,0,0,1,0,89.4,1,2,10.98,0
160.39,11,3,2,0,0,0,0,3.2,1,3,37.53,0
74.39,15,5,12,1,6,1,1,541.1,1,4,12.94,1
162.06,15,4,4,0,2,1,0,139.1,3,4,44.54,0
68.89,11,0,0,0,1,0,0,169.1,0,1,17.48,0
73.14,20,1,2,0,0,0,0,62.1,0,2,65.68,0
514.06,8,3,3,0,3,1,1,36.5,3,5,7.49,0
12.54,8,1,2,0,0,0,0,154.0,1,2,22.2,0
17.25,19,2,1,0,0,0,0,54.6,2,1,10.61,0
112.17,13,4,2,0,3,1,0,45.8,1,6,23.1,0
10.3,16,4,2,0,2,0,0,41.4,1,4,21.18,0
78.78,10,1,0,0,0,0,0,180.5,0,0,10.86,0
68.01,10,1,3,0,1,0,0,38.2,4,4,25.73,0
102.75,20,1,1,0,0,0,0,72.3,2,2,96.35,0
35.03,20,2,0,0,0,0,0,14.8,0,3,14.83,0
57.14,14,2,0,0,0,0,0,82.5,3,0,45.5,0
6.37,16,2,1,0,0,0,0,8.5,0,1,146.61,0
41.5,14,2,1,0,1,0,0,47.0,2,1,44.68,0
121.16,4,11,3,2,4,1,1,487.7,3,6,34.0,1
23.25,20,3,1,0,0,0,0,101.0,0,2,6.87,0
63.96,10,2,1,0,0,0,0,9.3,1,2,17.03,0
35.79,17,1,3,0,0,0,0,82.4,1,0,27.03,0
5.14,21,3,1,0,0,0,0,49.7,0,0,28.41,0
27.99,16,2,1,0,1,0,0,6.5,3,0,26.43,0
25.71,13,0,1,0,1,0,0,39.8,1,2,15.95,0
13.14,16,0,1,0,0,0,0,8.4,0,1,10.12,0
3.77,9,0,2,0,0,0,0,28.7,1,3,17.91,0
78.01,4,4,7,1,2,1,0,425.3,1,6,29.98,1
8.91,10,0,2,0,0,0,0,238.6,0,0,30.52,0
38.21,18,2,2,0,0,0,0,14.9,4,1,14.89,0
3.46,21,2,0,0,0,0,0,159.1,0,1,44.67,0
25.32,10,1,1,0,0,0,0,70.5,0,0,35.59,0
35.84,20,3,4,0,0,0,0,40.8,1,2,7.81,0
12.77,15,2,3,0,0,0,0,13.3,2,1,20.19,0
36.76,20,2,1,0,0,0,0,44.2,1,1,90.4,0
148.81,22,3,1,0,0,1,0,175.1,4,2,79.97,0
44.51,21,5,0,0,0,0,0,1.5,0,1,79.74,0
17.45,9,4,7,0,2,0,1,134.8,2,1,18.85,0
22.83,19,1,0,0,0,0,1,24.2,1,3,70.32,0
51.42,13,1,2,0,2,0,0,32.2,1,2,38.71,0
11.2,14,1,1,0,0,0,0,25.3,2,1,39.02,0
50.28,11,2,0,0,1,0,0,11.5,2,1,27.52,0
331.55,9,4,3,0,1,0,0,87.9,2,4,20.69,0
258.63,19,3,6,0,2,1,0,59.4,2,4,13.44,0
82.85,14,4,3,0,1,0,0,30.2,1,1,41.9,0
31.66,21,3,2,0,0,0,0,9.4,2,0,80.56,0
152.14,14,2,6,0,2,0,0,68.1,2,2,30.56,0
385.32,18,3,5,2,3,1,0,360.5,2,3,23.52,0
8.72,21,4,2,0,1,0,0,31.4,2,3,10.86,0
28.35,17,1,1,0,0,0,0,53.4,2,1,26.1,0
110.29,18,2,2,0,1,0,0,11.0,1,0,22.19,0
110.06,15,0,0,0,0,0,0,8.0,2,6,7.6,0
59.25,20,5,1,0,0,0,0,6.7,2,1,113.58,0
20.04,18,3,3,0,0,0,0,62.7,0,1,45.99,0
49.0,18,2,0,0,0,0,0,55.7,0,2,12.06,0
9.14,21,0,0,0,1,0,0,18.9,1,3,63.5,0
27.83,19,3,1,0,1,0,0,44.6,1,1,10.62,0
32.86,10,2,2,0,2,0,0,41.1,0,1,30.23,0
62.29,14,3,0,0,0,0,0,14.1,2,4,5.62,0
11.58,11,2,2,0,0,0,0,6.6,1,3,11.95,0
78.34,3,5,10,1,6,0,1,50.0,3,3,111.07,1
116.3,10,2,1,0,0,0,0,37.7,2,1,10.76,0
55.2,11,1,1,0,0,0,0,20.8,2,1,10.56,0
18.24,16,2,0,0,0,1,0,27.8,2,2,18.99,0
25.38,18,1,1,0,0,0,0,61.6,2,3,53.17,0
70.12,7,6,3,0,3,0,1,55.2,1,2,21.59,0
42.34,16,4,1,0,1,0,0,68.1,1,0,8.96,0
9.73,16,4,2,0,1,0,0,24.8,1,0,71.14,0
88.17,4,14,5,1,5,1,1,274.6,2,6,76.24,1
18.06,16,1,2,0,0,0,0,1.9,0,2,22.42,0
14.44,12,1,0,0,0,0,0,85.2,1,1,91.59,0
11.45,12,2,1,0,0,0,0,89.0,1,0,23.58,0
9.23,19,1,0,0,0,0,0,64.8,1,2,15.54,0
23.48,16,4,4,0,0,0,1,91.4,4,1,9.47,0
55.83,16,3,0,0,0,0,0,126.4,1,3,29.36,0
5.16,9,1,0,0,0,0,0,61.4,0,0,31.31,0
27.23,13,0,1,1,0,0,0,2.0,2,1,22.53,0
57.5,8,4,1,0,0,0,1,85.1,1,1,55.34,0
14.87,13,0,2,0,0,0,0,27.0,3,5,36.81,0
40.79,11,3,0,0,0,1,0,23.7,0,0,2.9,0
36.98,14,1,3,0,0,0,0,144.8,1,0,24.44,0
18.49,19,1,1,0,0,0,0,179.0,3,0,7.93,0
13.68,13,2,0,0,0,0,0,5.3,2,1,48.36,0
56.66,19,2,2,0,0,0,0,34.5,1,2,26.61,0
24.07,16,2,1,0,0,0,0,4.1,4,4,44.28,0
2.28,14,6,2,0,0,0,0,44.8,2,0,89.44,0
27.9,8,5,2,0,1,0,0,13.7,1,3,14.59,0
5.93,11,2,1,0,0,0,0,333.4,4,2,38.73,0
9.97,20,2,0,0,1,0,0,54.4,1,2,12.55,0
26.85,14,2,1,0,0,0,0,18.8,3,1,29.15,0
67.3,13,3,0,0,2,0,0,14.1,1,4,15.8,0
163.74,11,6,1,0,0,0,0,9.1,2,0,1.4,0
31.94,13,3,0,0,0,0,0,34.1,1,0,64.94,0
8.38,16,3,1,0,0,0,0,11.1,1,0,31.95,0
7.27,18,6,0,0,1,0,0,46.7,1,0,12.59,0
5.64,9,4,1,0,0,0,0,91.3,1,1,12.01,0
33.92,16,3,0,0,0,1,0,81.4,1,0,2.84,0
17.61,11,3,1,0,1,0,0,15.6,2,1,54.85,0
524.41,5,4,7,0,3,1,0,675.3,5,7,22.97,1
61.8,9,3,2,0,1,0,0,72.3,1,1,20.8,0
45.49,10,6,0,0,0,0,0,49.6,2,2,10.8,0
31.85,14,3,3,0,0,0,0,24.7,1,5,68.98,0
10.37,18,1,0,0,0,0,0,27.2,4,4,29.59,0
12.61,11,1,0,0,0,0,0,3.3,2,3,12.77,0
23.56,20,1,1,0,0,0,0,42.6,0,0,16.45,0
144.6,13,0,1,0,0,0,0,45.1,1,0,32.18,0
34.23,16,5,0,0,0,0,0,47.0,2,1,47.87,0
58.64,3,7,3,0,2,1,0,58.4,4,4,40.38,0
10.0,12,5,0,0,0,0,0,26.3,1,1,26.27,0
38.07,8,1,0,0,0,0,0,11.1,1,3,12.33,0
59.99,19,0,0,0,0,0,0,38.9,0,3,55.43,0
133.62,11,4,2,0,0,0,0,27.3,1,2,15.32,0
37.64,10,3,2,0,0,0,0,11.8,1,2,18.4,0
61.21,20,2,0,0,0,0,0,98.7,0,2,48.48,0
12.68,16,1,0,0,1,0,0,231.8,2,0,15.68,0
7.34,20,4,2,0,0,0,0,51.0,2,2,16.25,0
128.02,11,1,0,0,0,0,0,33.5,1,2,19.95,0
138.53,15,3,2,0,0,0,0,41.1,1,2,4.1,0
31.81,19,2,0,0,1,0,0,116.1,0,1,140.72,0
10.45,8,2,1,0,0,1,0,40.0,2,1,10.79,0
90.18,12,2,0,0,0,0,0,26.9,1,2,16.3,0
136.06,20,2,1,0,0,0,0,50.3,1,1,46.34,0
23.59,20,1,1,0,0,0,0,0.0,3,0,27.18,0
15.04,21,6,1,0,0,0,0,12.7,2,1,29.1,0
22.43,14,3,0,0,1,0,0,68.4,0,1,57.55,0
14.55,18,1,0,0,0,0,0,29.7,0,2,19.76,0
78.13,5,11,6,3,8,1,1,2022.8,5,5,22.28,1
4.39,20,5,2,1,1,0,0,6.1,1,1,40.39,0
46.54,15,2,1,0,0,1,0,11.9,1,0,24.79,0
6.62,17,1,2,0,0,0,0,0.6,1,2,25.77,0
17.58,8,1,2,0,0,0,0,8.9,4,3,58.7,0
67.21,20,3,0,0,1,0,0,12.1,1,0,67.01,0
34.84,17,3,2,0,0,0,0,12.5,2,2,51.7,0
17.12,12,2,0,0,0,0,0,0.3,1,1,47.83,0
66.26,18,2,0,0,1,0,0,0.1,1,1,26.87,0
7.16,11,3,0,0,0,0,0,64.6,0,1,122.78,0
2.48,11,2,2,0,0,0,0,19.5,0,4,3.08,0
11.14,21,0,0,0,0,0,0,22.9,2,1,25.16,0
5.84,20,0,1,0,0,0,0,52.1,2,0,34.43,0
38.92,12,2,0,0,0,1,0,27.2,2,1,18.65,0
57.46,15,1,2,0,0,0,0,69.8,1,1,7.23,0
23.74,12,1,4,0,0,0,0,115.5,0,1,56.18,0
7.2,19,4,1,0,0,0,0,168.6,0,3,6.98,0
34.22,18,1,3,0,0,0,0,66.0,4,3,59.6,0
12.33,19,2,0,0,0,1,0,108.1,4,0,57.79,0
28.27,10,3,0,0,1,0,0,80.6,0,0,64.38,0
38.92,16,3,3,0,0,0,0,54.1,2,2,50.06,0
32.23,9,1,0,0,0,1,0,125.8,1,0,12.11,0
92.04,14,4,0,0,0,0,0,14.1,0,3,28.29,0
72.86,13,5,1,0,5,1,0,177.8,3,2,91.51,0
117.99,11,1,0,0,0,1,0,33.8,1,2,5.92,0
24.96,15,3,0,0,1,0,0,11.3,2,2,143.5,0
23.65,12,2,0,0,1,0,0,152.1,1,0,102.35,0
8.78,12,0,0,0,0,0,0,22.8,2,1,8.29,0
31.23,13,2,1,0,0,0,0,32.6,1,2,20.77,0
33.57,15,4,0,0,0,0,0,29.8,1,1,12.03,0
105.09,14,3,0,0,0,0,0,17.1,1,4,8.48,0
261.67,22,6,3,1,8,1,1,104.5,3,4,58.01,1
52.58,12,0,1,0,0,0,0,0.2,0,1,56.14,0
20.04,9,2,2,0,1,1,0,10.1,3,1,27.19,0
88.89,11,1,1,0,0,0,0,15.9,2,0,17.0,0
72.54,11,3,0,0,0,0,0,225.6,1,2,13.97,0
17.87,19,2,2,0,0,0,0,45.6,0,1,31.69,0
7.56,10,2,0,0,0,0,0,205.2,1,2,61.47,0
22.14,13,6,2,0,0,0,0,16.4,1,0,133.37,0
18.15,19,4,0,0,0,0,0,127.0,1,1,4.22,0
30.16,15,2,1,0,0,0,0,24.3,0,1,28.15,0
64.56,17,2,3,0,1,0,0,42.8,0,0,25.49,0
68.91,19,1,1,0,0,0,0,33.1,3,5,9.44,0
16.29,15,2,1,0,1,0,0,108.0,2,2,52.74,0
73.79,16,1,0,0,2,0,0,47.8,1,2,17.48,0
3.68,18,0,1,0,0,0,0,71.8,0,4,13.37,0
19.26,13,2,1,0,1,0,0,57.6,1,1,17.28,0
26.79,14,3,1,0,0,0,0,76.2,4,0,13.78,0
26.32,12,0,2,0,0,0,0,17.1,2,0,23.36,0
6.86,12,1,1,0,1,0,0,13.9,1,3,40.37,0
15.56,10,1,0,0,0,0,0,13.8,1,1,17.76,0
18.98,8,4,3,0,0,0,0,21.9,2,2,59.07,0
28.2,13,4,1,0,0,0,0,9.6,0,2,11.89,0
9.03,12,3,0,0,1,0,0,101.6,0,1,22.32,0
25.77,10,3,1,0,2,0,0,437.0,0,2,35.58,1
59.21,10,5,0,0,0,0,0,5.4,1,1,85.82,0
14.02,18,1,1,0,0,0,0,1.3,0,0,35.35,0
23.94,17,0,0,0,0,0,0,28.3,3,4,45.75,0
30.59,19,3,0,0,0,0,0,63.6,1,1,40.16,0
7.8,12,0,1,0,0,0,1,9.6,1,1,116.01,0
14.91,11,3,0,0,0,0,0,362.3,1,6,21.72,0
32.16,21,5,2,0,0,0,0,8.9,1,1,84.44,0
7.64,17,4,3,1,2,0,0,126.0,1,0,65.81,0
38.13,9,1,1,0,0,0,0,65.6,1,0,3.79,0
35.3,10,2,0,0,0,0,0,30.1,0,3,43.07,0
45.59,21,6,1,0,0,0,0,118.0,1,2,35.13,0
17.18,10,3,3,0,0,0,0,76.2,0,3,7.84,0
14.26,11,1,3,0,0,0,0,47.9,1,2,59.62,0
57.6,17,2,2,0,1,0,0,20.1,1,1,304.6,0
21.08,15,1,1,0,1,0,0,81.5,2,2,13.03,0
14.55,15,0,0,0,0,0,0,8.4,1,0,17.96,0
9.94,16,2,2,0,0,0,0,35.4,0,1,72.38,0
30.92,10,1,1,0,0,0,0,14.6,1,4,12.25,0
12.2,13,3,1,0,0,0,0,36.4,0,3,15.57,0
71.77,20,0,0,0,1,0,0,3.6,1,2,6.39,0
27.45,13,0,1,0,0,0,0,57.9,2,5,38.98,0
16.17,21,1,1,0,0,0,0,11.2,1,5,26.31,0
34.01,15,0,0,0,1,0,0,29.5,1,0,20.14,0
50.81,20,1,0,0,0,1,0,2.2,3,3,16.52,0
20.3,14,2,1,0,2,0,0,8.9,0,2,22.93,0
26.12,10,3,1,0,0,0,0,74.2,1,1,46.4,0
13.67,9,2,1,0,0,0,0,31.2,3,3,13.95,0
20.98,9,2,0,0,0,0,0,17.2,3,1,6.55,0
34.59,20,2,2,0,0,0,0,85.8,0,0,24.42,0
28.4,20,2,1,0,0,0,0,160.0,0,3,3.8,0
967.25,19,7,2,2,3,1,0,697.8,6,3,15.14,1
57.76,9,3,1,0,0,0,0,49.9,4,0,36.88,0
13.17,13,2,3,0,0,0,0,34.2,1,3,10.58,0
22.87,13,1,1,0,0,1,0,2.5,1,3,58.26,0
18.75,16,4,1,0,0,0,0,170.5,0,3,4.56,0
24.24,15,1,0,0,0,0,0,9.7,0,0,3.75,0
27.67,15,4,4,0,0,0,0,25.8,1,1,11.91,0
6.13,14,4,2,0,1,0,0,23.0,2,0,24.1,0
29.17,20,2,0,1,0,0,0,0.0,1,3,7.36,0
78.53,9,3,1,0,0,0,0,69.7,1,2,44.11,0
30.63,17,2,1,0,0,0,0,19.1,1,0,9.98,0
5.04,15,1,1,0,2,1,0,16.5,0,2,21.96,0
63.79,20,1,0,0,0,0,0,31.0,3,1,20.27,0
79.62,10,1,3,0,0,1,0,5.3,0,1,54.78,0
22.54,16,3,1,0,0,0,0,3.7,0,0,61.87,0
50.44,10,3,0,0,0,0,0,4.8,2,2,15.57,0
40.46,16,3,2,0,0,0,0,10.6,1,1,16.54,0
41.47,11,5,0,0,0,0,0,156.3,1,1,7.92,0
57.56,9,0,2,0,0,0,0,12.3,2,3,8.7,0
26.73,14,1,1,0,0,0,0,179.8,3,4,8.8,0
53.56,10,0,0,0,0,0,0,2.7,2,0,51.67,0
18.58,19,1,0,0,0,0,0,36.3,0,2,36.73,0
29.05,12,1,0,0,0,0,0,6.8,1,1,28.68,0
207.44,15,4,5,0,2,0,1,131.9,3,2,6.65,0
9.54,21,2,2,0,1,0,0,28.8,1,0,43.73,0
25.59,17,1,2,0,0,0,0,14.5,0,2,20.27,0
17.11,21,3,0,0,0,0,0,20.1,2,1,74.97,0
22.7,10,4,0,0,0,0,0,9.7,0,3,25.51,0
17.29,20,4,2,0,0,0,0,9.4,1,0,62.34,0
20.98,11,1,0,0,0,0,0,77.7,2,1,82.67,0
16.31,11,1,2,1,0,0,0,22.9,2,2,17.44,0
184.45,18,3,1,0,2,0,1,383.7,1,3,32.8,0
35.27,10,1,2,0,0,0,0,45.8,0,0,91.08,0
8.06,16,3,1,0,0,0,0,65.5,1,3,50.82,0
51.38,21,2,0,0,0,0,0,77.0,3,1,51.72,0
50.77,9,1,0,1,0,0,0,1.4,2,1,115.89,0
21.47,18,3,0,0,0,0,0,29.5,3,3,24.52,0
21.59,10,2,0,0,0,0,0,2.1,1,3,31.75,0
67.32,11,6,2,0,0,0,0,46.8,3,1,10.71,0
21.47,16,1,1,0,0,0,0,111.1,0,1,6.8,0
9.39,17,2,3,0,0,0,0,14.6,0,2,47.77,0
8.16,18,1,1,0,0,0,0,20.5,0,0,18.6,0
31.82,18,2,2,0,0,0,0,1.6,1,1,64.02,0
22.09,15,1,4,0,0,0,0,21.5,1,0,6.37,0
158.49,11,0,1,0,0,0,0,44.0,1,0,75.56,0
4.45,11,1,0,0,1,0,0,74.5,1,1,9.16,0
44.24,20,1,2,0,1,0,1,3.3,1,1,27.14,0
25.22,15,2,1,0,0,0,0,58.7,1,2,144.6,0
12.36,8,2,0,0,0,0,0,2.3,3,0,11.14,0
24.18,19,4,0,0,2,0,0,7.6,2,2,47.61,0
13.78,13,1,2,0,0,0,0,64.3,2,2,58.17,0
380.93,22,9,6,1,7,1,1,50.0,5,4,35.86,1
28.45,10,2,1,0,1,0,0,68.0,2,2,13.69,0
5.43,18,3,1,0,0,0,0,48.6,1,3,6.69,0
13.39,21,2,1,0,0,0,0,46.8,1,0,101.01,0
56.01,18,0,1,0,0,0,0,29.4,2,0,25.33,0
125.99,19,1,1,0,0,0,0,3.9,2,0,38.39,0
36.34,19,2,0,0,1,0,0,28.7,0,5,114.2,0
56.18,14,4,2,0,1,0,0,51.2,1,1,55.34,1
7.03,11,2,2,0,0,0,0,5.4,2,2,57.56,0
100.69,22,9,8,2,6,0,0,267.7,1,3,100.96,1
52.49,21,1,0,0,0,1,0,26.6,1,4,29.98,0
101.78,15,2,2,0,0,1,0,27.3,0,1,14.4,0
27.36,13,1,1,0,1,0,0,9.3,1,2,85.06,0
31.49,22,5,4,0,2,1,0,657.4,2,3,32.8,0
39.21,12,2,2,0,0,0,0,1.1,0,2,30.07,0
25.84,18,2,2,0,0,0,0,1.5,0,2,15.47,0
29.85,14,5,3,0,0,0,0,15.9,2,2,30.72,0
52.23,17,3,0,0,1,0,0,21.9,2,1,43.5,0
19.96,11,4,1,0,0,0,0,32.3,1,2,27.05,0
58.28,9,1,1,0,0,1,0,0.6,0,1,89.31,0
15.52,19,0,1,0,1,0,0,11.6,2,1,32.78,0
16.41,11,3,2,0,0,0,0,38.4,1,3,163.9,0
60.64,8,2,2,1,0,0,0,11.8,3,1,3.07,0
20.41,20,2,0,0,0,0,0,18.0,1,4,98.36,0
22.67,19,3,2,0,1,0,0,117.9,2,1,53.59,0
43.09,19,7,6,2,1,0,1,340.2,2,4,16.56,1
5.65,12,1,0,0,0,0,0,6.1,1,2,7.19,0
8.66,12,2,0,0,0,0,0,63.3,1,3,10.73,0
8.78,11,1,1,0,0,0,0,9.3,1,1,64.34,0
4.69,14,3,0,0,1,0,0,7.7,1,4,176.96,0
17.19,11,1,0,0,1,0,0,18.9,0,1,20.34,0
23.6,19,5,3,0,1,0,0,127.2,2,1,35.36,0
14.14,18,2,5,0,0,1,0,15.3,3,0,8.78,0
233.57,14,2,1,0,0,0,0,49.0,0,1,17.34,0
43.35,10,2,0,1,0,0,0,104.0,0,2,4.33,0
71.84,15,2,1,0,0,0,0,5.6,1,3,127.75,0
17.71,12,4,2,0,1,0,0,69.3,1,1,46.14,0
14.78,13,1,2,0,1,0,0,132.7,1,1,7.4,0
27.64,19,2,0,0,0,0,0,15.6,1,1,8.01,0
47.65,16,2,5,0,3,0,0,151.9,7,2,14.82,0
602.32,15,3,3,0,2,0,0,70.7,4,1,10.1,0
26.97,11,1,1,0,0,0,0,5.0,2,2,21.86,0
13.99,14,2,0,0,1,0,0,92.9,2,0,9.17,0
62.18,21,2,0,0,0,0,0,78.4,2,0,19.23,0
55.36,11,5,1,0,0,0,0,27.3,1,1,22.43,0
12.03,17,3,0,0,0,0,0,89.8,1,1,2.84,0
18.53,10,1,0,0,1,0,0,40.2,0,2,26.02,0
64.01,11,2,3,1,0,0,0,24.6,1,2,119.62,0
43.02,17,2,1,0,0,0,0,12.5,0,3,22.06,0
105.35,13,1,1,1,0,0,0,29.4,0,2,14.77,0
74.57,10,4,7,3,4,0,0,2238.0,4,6,60.16,1
10.49,10,0,0,0,0,0,0,9.0,0,4,11.32,0
63.09,12,3,2,0,1,0,0,296.6,1,0,9.85,0
20.04,12,0,0,0,0,0,0,136.3,1,1,42.76,0
128.62,14,5,2,0,0,1,0,35.0,4,3,19.71,0
89.86,7,7,6,0,5,0,0,202.5,1,4,16.72,0
26.82,14,1,2,0,1,0,0,5.7,3,1,34.68,0
34.83,12,0,1,0,0,0,0,22.1,1,4,36.44,0
83.53,21,2,1,0,1,0,0,21.0,1,1,84.16,0
40.65,16,3,0,0,0,0,0,44.8,2,1,51.48,0
10.17,17,0,2,0,0,0,0,20.7,3,3,16.99,0
41.88,13,2,0,0,0,0,0,10.3,0,1,7.28,0
6.64,11,1,1,0,4,0,0,3.8,1,0,29.14,0
15.1,19,3,1,0,1,0,0,49.5,1,0,6.42,0
23.83,12,5,0,0,0,0,0,144.1,3,4,7.2,0
20.54,17,4,1,0,0,0,0,55.4,2,1,35.34,0
56.16,16,2,2,0,0,0,0,79.0,2,0,22.42,0
56.65,9,4,2,0,0,0,0,18.2,1,2,95.12,0
10.42,12,3,0,0,1,0,0,86.9,1,2,26.71,0
182.77,14,0,1,0,0,0,0,30.9,0,1,15.9,0
33.28,14,0,1,0,0,0,0,52.3,1,1,23.57,0
104.74,12,12,7,1,10,1,0,287.7,5,6,11.62,1
9.28,16,1,0,0,0,0,0,1.9,0,2,12.06,0
9.25,12,2,0,0,1,0,0,19.0,2,1,15.45,0
31.81,14,0,0,0,1,0,0,175.6,2,2,4.83,0
14.27,9,4,2,0,0,0,0,178.4,0,1,112.41,0
21.42,18,2,0,0,0,0,0,61.7,1,2,149.2,0
20.63,11,2,1,0,1,0,0,42.7,3,0,23.72,0
263.24,11,9,5,2,5,0,1,50.0,1,3,41.75,1
16.3,19,0,2,0,0,0,0,42.5,2,0,17.08,0
10.7,9,3,3,0,0,0,0,122.5,4,1,29.31,0
65.14,9,1,1,0,0,0,0,14.4,1,1,34.32,0
24.76,15,3,2,0,0,0,0,23.4,1,2,100.67,0
15.62,17,1,0,0,0,0,0,75.4,0,1,8.1,0
54.99,20,1,2,0,0,0,0,3.0,1,3,44.25,0
10.56,19,1,0,0,1,0,0,50.7,3,1,47.18,0
64.61,13,3,2,0,1,0,0,67.6,0,0,13.29,0
272.89,17,2,1,0,1,0,0,117.1,0,1,47.27,0
10.33,10,2,4,0,0,0,0,183.9,1,2,18.53,0
99.91,16,0,0,0,0,0,0,63.4,0,2,26.69,0
59.43,10,2,0,0,1,0,0,10.3,0,1,60.21,0
37.84,20,2,4,0,0,0,0,64.4,4,2,46.41,0
88.61,11,4,3,0,1,0,0,32.5,1,2,7.67,0
80.18,16,0,1,0,0,0,0,37.6,0,1,4.23,0
24.44,16,3,0,0,0,0,0,15.7,1,0,16.64,0
100.08,15,5,1,0,0,0,0,57.3,1,3,35.06,0
63.03,23,4,2,1,4,0,1,320.5,3,2,5.35,0
45.75,7,12,5,0,4,1,1,221.4,2,4,18.51,1
25.91,11,4,2,0,0,0,0,19.9,1,1,15.1,0
11.35,15,0,1,0,0,0,0,83.7,1,2,26.0,0
48.91,16,2,0,0,2,0,0,43.3,1,2,110.31,0
32.45,10,0,2,0,1,0,0,23.9,2,0,88.77,0
31.58,21,1,1,0,0,0,0,3.7,2,0,21.54,0
5.52,12,1,2,0,0,0,0,131.8,0,2,18.51,0
41.91,14,3,0,0,0,0,0,25.0,1,0,19.78,0
6.05,17,0,2,0,0,0,0,16.2,2,1,35.65,0
80.49,14,1,0,0,0,0,0,4.0,2,4,26.81,0
39.84,11,3,0,0,0,0,0,142.6,0,3,32.33,0
60.13,11,2,0,0,1,0,0,15.6,1,1,11.65,0
24.06,10,3,0,0,0,0,0,14.5,1,2,11.63,0
25.21,13,3,0,0,0,0,0,20.5,2,1,21.71,0
8.32,12,4,0,0,1,0,0,30.1,1,1,32.67,0
11.24,15,3,2,0,0,0,0,122.8,1,1,64.95,0
8.39,11,3,2,0,0,0,1,49.7,0,1,53.77,1
22.11,13,1,2,0,0,0,0,39.7,3,0,59.01,0
10.98,13,1,1,0,1,0,0,5.8,1,2,14.55,0
98.93,15,4,1,0,1,1,1,26.6,2,2,25.52,0
19.09,12,2,1,0,1,0,0,48.2,0,0,19.07,0
13.53,18,1,3,0,0,0,0,117.8,2,1,24.52,0
26.62,20,0,2,0,0,0,0,17.5,1,1,26.14,0
102.5,21,0,1,0,0,0,0,179.5,1,1,10.13,0
46.63,14,4,2,0,0,0,0,4.3,1,2,46.57,0
58.98,7,9,5,1,1,0,1,73.6,2,4,60.04,0
60.23,22,1,1,1,1,1,0,216.6,1,2,28.97,0
109.41,16,2,0,0,1,0,0,29.4,4,0,26.53,0
9.86,17,1,1,0,0,0,0,48.0,1,1,25.02,0
27.16,14,1,2,0,0,0,1,9.7,1,1,19.46,0
145.95,17,2,1,0,0,0,0,58.7,1,2,12.5,0
40.05,13,3,1,0,0,0,0,18.6,0,1,17.21,0
51.68,16,4,1,1,1,0,0,114.9,2,4,10.16,0
10.87,13,2,1,0,1,0,0,3.6,1,1,87.78,0
7.15,16,5,1,0,0,0,0,146.1,0,0,35.31,0
3.6,16,2,2,0,0,0,0,13.3,0,3,2.71,0
10.73,10,3,0,1,0,0,1,47.9,1,2,7.49,0
47.14,19,5,3,0,0,0,1,182.1,0,2,88.45,0
27.89,13,3,0,1,0,0,0,3.0,1,2,84.18,0
69.59,12,2,2,0,0,0,1,38.7,1,2,118.87,0
71.55,10,1,2,0,0,0,0,13.9,0,0,21.16,0
12.44,11,5,1,0,0,0,0,2.1,0,2,26.32,0
299.19,4,5,6,0,3,1,1,518.8,7,6,3.45,0
13.42,16,0,1,0,0,0,0,201.6,0,1,83.39,0
28.2,13,5,1,0,0,1,0,4.4,3,2,13.22,0
78.74,11,2,0,0,0,0,0,6.9,1,2,47.38,0
105.66,16,0,5,0,1,0,0,109.3,1,1,84.41,0
16.89,12,1,1,0,0,0,0,3.9,3,3,7.42,0
39.43,16,5,0,0,0,0,0,8.1,3,0,38.75,0
3.77,12,3,0,0,1,0,0,6.9,0,1,29.66,0
12.81,19,4,0,0,0,0,0,96.8,0,1,34.27,0
14.33,16,3,0,0,0,0,0,147.8,1,1,14.33,0
163.3,21,2,4,0,0,1,0,29.5,2,5,48.58,0
207.96,7,5,6,1,4,1,0,247.6,4,1,19.99,1
12.45,15,2,2,0,0,1,0,3.8,0,4,47.17,0
10.53,17,0,0,0,1,0,0,2.9,0,1,42.44,0
184.89,16,3,0,0,0,0,0,4.9,1,1,96.3,0
34.64,11,1,0,0,0,0,0,62.8,0,0,95.47,0
72.86,10,0,0,0,1,0,0,15.3,0,2,16.13,0
16.57,12,1,1,0,1,0,0,56.9,2,1,16.8,0
106.09,8,2,1,0,0,0,0,0.3,1,1,41.1,0
61.48,16,2,1,0,0,0,0,24.8,0,0,10.9,0
50.74,21,4,1,0,0,0,0,32.0,0,0,27.65,0
61.34,3,8,10,3,0,1,1,219.7,4,3,20.99,1
22.03,16,2,2,0,0,0,0,3.1,0,0,26.58,0
128.82,18,1,0,0,0,0,0,12.5,2,3,8.73,0
11.45,17,1,4,0,0,0,0,44.2,1,1,3.28,0
85.04,5,5,4,1,3,1,0,32.0,3,5,11.18,0
114.62,14,1,3,0,0,0,0,572.7,1,1,9.47,0
56.55,18,1,2,0,0,0,0,101.3,1,1,24.29,0
6.35,20,1,0,0,0,0,0,13.1,3,0,12.2,0
128.97,9,1,0,0,1,0,0,130.9,1,3,30.85,0
6.18,14,1,2,0,0,0,1,61.3,1,1,47.4,0
3.98,10,1,1,0,0,0,0,77.4,1,2,12.95,0
43.16,10,1,0,0,1,0,0,6.3,1,3,10.11,0
29.32,20,2,2,0,0,0,0,54.4,3,1,15.54,0
61.69,9,0,4,0,0,0,0,119.2,0,1,16.33,0
4.96,10,1,2,0,0,0,1,74.9,1,3,26.02,0
51.82,18,2,0,0,1,0,0,29.2,1,1,38.99,0
54.68,19,3,0,0,1,0,0,4.1,3,2,61.1,0
9.72,9,1,2,0,0,0,0,34.4,2,0,40.75,0
19.42,10,3,1,0,1,0,0,25.0,2,1,49.2,0
19.86,11,3,1,0,0,0,0,36.5,1,2,76.77,0
29.5,16,3,2,0,0,0,0,93.3,0,1,22.66,0
17.75,19,3,1,0,0,0,0,32.7,2,2,72.07,0
11.2,9,2,1,0,0,0,0,6.3,0,1,28.04,0
43.63,20,1,1,0,0,1,0,51.4,3,1,8.29,0
18.3,17,2,1,0,0,0,0,1.5,3,2,11.02,0
172.03,20,7,3,0,2,1,1,1091.7,3,10,54.95,1
7.93,19,2,0,0,0,0,0,21.3,2,1,10.06,0
65.85,20,1,1,0,0,0,0,97.5,5,0,124.14,0
67.78,11,1,1,0,0,0,0,28.3,0,1,26.3,0
24.56,14,1,1,0,0,0,0,63.2,1,3,12.76,0
93.29,17,1,0,0,0,0,0,28.6,2,0,8.6,0
33.47,18,4,1,0,0,0,0,5.8,0,2,14.09,0
4.74,9,3,0,0,0,0,0,40.1,1,3,29.29,0
14.21,15,1,2,0,0,0,0,145.1,1,2,102.65,0
9.97,9,3,0,0,0,0,0,32.2,3,1,15.12,0
767.13,3,6,1,0,5,1,1,643.3,2,6,28.71,1
7.41,15,2,0,0,0,0,0,8.7,0,2,32.85,0
30.32,19,2,1,0,1,0,0,28.9,0,1,20.52,0
61.75,23,9,8,0,2,0,0,173.7,0,5,47.36,0
13.85,10,1,0,0,0,0,0,25.5,2,1,56.54,0
25.5,14,0,1,0,0,0,0,118.0,1,4,96.68,0
9.8,16,3,3,0,0,0,0,203.1,3,1,12.33,0
28.52,14,3,0,0,0,0,0,5.8,1,1,64.98,0
34.24,10,1,1,0,0,0,0,28.3,2,0,10.0,0
139.81,19,5,1,0,0,0,0,115.2,2,1,8.01,0
87.24,14,1,2,0,0,0,0,83.3,1,4,5.36,0
29.39,11,3,0,0,0,0,0,59.1,0,0,76.17,0
51.56,19,1,1,0,0,0,0,15.2,1,2,23.78,0
44.84,5,6,7,1,4,0,0,292.2,4,10,44.61,0
42.66,11,2,0,0,2,0,0,12.4,1,1,6.18,0
100.0,19,1,3,0,1,0,0,44.2,3,0,43.22,0
49.98,14,3,0,0,1,0,0,54.3,1,0,7.12,0
20.24,8,1,1,0,0,1,0,48.6,2,1,43.58,0
32.31,18,2,1,0,1,0,0,174.3,1,1,123.44,0
37.5,20,0,1,0,0,0,0,182.6,2,0,24.97,0
21.89,21,2,1,0,1,0,0,13.0,2,3,49.61,0
7.9,18,3,2,0,1,0,0,9.2,1,0,23.77,0
18.15,11,1,2,1,0,0,0,10.8,1,1,53.6,0
104.79,9,2,2,0,0,0,0,67.4,1,0,13.01,0
6.08,12,4,1,0,0,0,0,276.5,0,1,37.42,0
149.77,8,8,6,3,4,1,1,374.9,3,8,68.8,1
8.3,17,0,2,0,0,0,0,26.0,1,0,41.65,0
572.13,7,6,1,0,4,0,1,340.6,3,5,12.92,0
13.48,8,3,1,0,0,0,0,106.9,0,3,58.63,0
39.79,17,5,2,0,1,0,0,226.5,1,2,73.08,0
122.7,13,6,3,1,1,0,1,287.1,3,5,25.57,0
17.82,12,0,0,0,0,0,0,62.5,1,2,28.14,0
6.7,14,3,1,0,0,0,0,3.2,0,1,64.06,0
17.92,18,0,1,0,0,0,0,109.7,1,3,30.62,0
28.64,18,5,0,0,0,0,0,1.9,0,0,55.98,0
42.1,16,4,1,0,0,0,0,11.6,0,0,7.52,0
57.43,16,1,1,0,0,1,0,21.2,2,1,28.35,0
18.63,16,1,0,0,1,0,0,155.7,1,3,104.64,0
14.58,11,1,1,0,0,0,0,61.4,2,0,16.72,0
44.92,1,9,3,1,1,1,0,93.1,4,4,18.55,0
18.31,8,4,0,0,1,0,0,44.3,2,2,75.42,0
127.33,0,2,4,0,2,1,0,140.0,2,1,15.55,0
27.57,9,2,1,1,1,0,0,7.3,0,1,30.61,0
115.76,11,8,1,1,2,0,1,24.3,0,1,3.88,0
16.53,20,1,3,0,1,0,0,4.4,2,1,24.13,0
24.02,2,6,4,0,3,0,0,682.5,2,3,26.26,0
65.05,18,3,0,0,0,0,0,46.3,0,1,20.23,0
57.95,11,0,0,0,1,0,0,7.9,0,2,28.15,0
101.28,9,2,4,0,1,0,0,3.9,0,0,5.33,0
19.53,20,4,3,0,0,0,0,35.4,3,1,21.88,0
9.62,17,1,0,0,0,0,0,8.0,1,1,23.88,0
59.0,17,3,2,0,0,0,0,7.0,2,0,16.3,0
11.77,9,3,1,0,1,0,0,85.3,2,2,32.37,0
36.28,17,1,1,0,0,0,0,102.8,1,1,73.44,0
55.15,14,6,9,0,0,0,1,126.7,2,3,30.3,0
25.59,14,1,4,0,0,0,0,77.1,0,0,109.45,0
20.14,15,2,0,0,0,0,0,5.9,1,2,36.6,0
59.63,15,3,2,0,1,0,0,25.1,3,2,88.65,0
33.96,12,0,1,0,0,0,0,0.8,0,2,196.91,0
30.07,15,5,4,0,4,0,1,145.0,2,3,43.16,0
57.7,3,11,3,1,2,1,0,865.5,0,4,27.45,1
29.99,18,2,1,0,0,0,0,63.6,1,2,8.41,0
46.8,15,4,2,0,0,0,0,12.6,1,2,16.52,0
29.69,15,4,6,0,1,1,0,65.0,1,5,5.61,0
11.46,10,3,1,0,0,0,0,232.1,3,2,32.45,0
89.25,2,4,2,0,3,0,0,284.2,1,2,24.15,0
10.34,17,1,1,0,0,0,0,49.9,2,1,1.94,0
11.01,9,0,2,0,0,0,0,30.6,1,6,63.24,0
381.71,7,4,5,0,4,0,0,216.4,3,1,161.13,0
14.11,19,2,1,0,0,0,0,76.5,1,3,15.45,0
25.05,15,0,0,0,1,0,0,115.1,2,3,31.23,0
27.96,15,3,1,0,2,0,0,14.2,1,0,7.78,0
8.6,11,4,2,0,0,0,0,68.4,1,3,77.1,0
42.31,19,4,2,0,0,0,0,159.4,1,3,37.06,0
198.34,12,2,1,0,1,0,0,14.7,1,0,50.49,0
16.15,17,2,0,0,0,0,0,39.4,2,1,17.01,0
24.87,13,3,0,0,1,0,0,75.9,0,3,4.35,0
39.19,9,2,3,0,1,0,0,17.2,1,4,12.49,0
20.0,16,1,0,0,1,0,0,20.8,1,3,26.85,0
18.34,12,1,1,0,0,1,0,94.9,1,3,7.17,0
9.77,13,1,2,0,0,0,0,58.7,0,2,20.2,0
244.93,13,1,2,0,0,0,0,11.8,0,2,14.54,0
21.99,13,3,0,0,0,0,0,11.0,1,0,22.47,0
20.24,20,5,0,0,0,0,0,52.3,1,3,83.42,0
12.3,17,4,0,0,0,0,0,81.0,0,1,13.31,0
31.72,2,5,3,0,2,0,1,26.7,5,2,20.46,0
210.52,6,7,2,0,3,1,1,477.6,5,3,16.44,0
125.76,8,2,3,0,0,0,0,44.6,2,3,7.25,0
13.95,16,1,1,0,0,0,0,18.8,1,2,24.29,0
7.41,19,1,0,0,0,0,0,31.0,1,1,18.31,0
9.84,11,2,0,1,0,0,0,32.5,1,2,6.61,0
90.75,16,3,1,0,0,0,0,28.2,0,2,17.74,0
4.04,20,1,0,0,0,0,0,112.0,2,1,10.08,0
25.76,13,1,2,0,0,0,0,58.8,0,3,12.14,0
50.66,8,1,0,0,0,1,0,8.8,0,0,382.88,0
15.92,14,6,1,0,0,1,0,50.7,1,1,31.48,0
25.97,11,10,4,1,2,0,1,1382.7,3,2,52.4,1
108.09,14,2,0,0,0,0,0,90.3,1,1,38.76,0
12.99,21,4,2,0,0,0,0,34.7,0,1,18.9,0
59.87,10,2,1,0,0,0,0,116.4,3,0,236.44,0
6.96,17,1,0,0,0,0,0,38.2,0,0,15.28,0
7.15,13,3,0,0,0,0,0,4.1,1,1,5.93,0
94.2,10,6,3,1,2,0,0,704.6,3,8,5.65,1
15.66,10,2,1,0,0,0,0,10.7,0,1,59.78,0
3.08,18,1,1,0,1,0,0,35.4,0,0,30.57,0
13.02,9,0,1,0,0,0,0,35.8,0,1,13.16,0
160.76,15,7,17,1,3,1,1,67.9,5,1,27.43,1
91.49,19,2,2,0,0,0,0,40.1,0,1,24.29,0
688.37,10,3,5,0,1,0,0,10.0,1,3,16.89,0
27.01,19,4,0,0,0,0,0,9.3,1,2,8.1,0
41.08,9,7,6,2,3,1,1,164.1,7,3,24.67,1
10.13,9,3,2,0,0,0,0,80.1,5,0,45.49,0
50.31,11,0,0,0,0,0,0,21.6,3,3,14.08,0
18.18,20,2,2,0,0,0,0,22.0,0,0,13.61,0
56.18,13,1,1,0,0,0,0,15.7,0,3,5.55,0
125.95,9,2,0,0,1,1,0,41.6,1,2,47.84,0
53.35,15,0,1,0,0,0,0,3.4,2,2,86.04,0
17.8,9,2,1,0,0,0,1,8.6,1,1,6.65,0
37.12,16,2,1,0,2,0,0,17.1,1,1,21.15,0
27.23,14,3,2,0,0,0,0,271.7,2,0,16.57,0
15.14,18,4,1,0,0,0,0,97.2,0,0,62.82,0
71.52,17,1,0,1,0,0,0,89.9,0,0,28.1,0
12.76,20,2,3,0,0,0,0,106.6,2,0,99.56,0
24.72,11,6,4,1,1,0,0,214.4,4,4,4.92,0
7.46,21,3,1,0,0,0,0,0.6,1,2,19.4,0
427.8,20,6,5,0,2,0,0,14.8,5,2,29.36,0
30.94,15,3,2,0,0,0,0,54.8,3,1,34.29,0
28.59,19,2,3,0,1,0,0,41.3,0,0,84.06,0
22.72,17,1,2,0,0,0,0,0.0,1,0,56.76,0
25.28,16,3,0,0,0,0,0,96.0,0,1,27.49,0
66.77,12,8,0,0,0,0,0,292.5,3,4,28.42,0
42.36,14,1,0,0,0,0,0,171.5,0,2,7.76,0
36.47,17,3,3,0,1,0,0,55.6,1,1,36.52,0
16.38,12,1,2,0,0,0,0,17.3,3,0,12.93,0
5.28,20,2,2,0,0,0,0,23.7,1,1,14.01,0
29.58,18,4,1,0,0,1,0,8.8,1,1,43.66,0
10.39,19,3,2,0,0,0,0,45.1,1,2,7.59,0
32.62,15,1,1,0,0,0,0,48.8,3,3,17.94,0
34.47,9,0,1,0,2,0,0,34.4,1,0,58.73,0
7.58,14,5,0,0,0,0,0,49.9,1,3,41.48,0
105.29,14,5,1,0,0,0,0,47.5,2,5,31.11,0
77.09,8,5,5,0,2,1,0,150.4,5,5,37.0,0
30.69,10,1,0,0,1,0,0,42.2,0,2,13.26,0
106.31,3,6,6,3,2,1,0,213.4,1,4,14.73,1
90.56,21,8,7,0,4,1,1,123.3,3,11,11.23,1
29.78,13,1,2,0,3,0,0,107.2,1,6,70.76,1
72.7,18,4,1,1,1,0,0,2.0,3,0,37.0,0
53.03,10,6,2,1,0,0,0,63.9,0,1,98.79,0
162.45,9,1,1,0,0,0,0,13.0,1,0,21.42,0
14.92,12,2,1,0,0,0,0,14.4,0,2,5.56,0
38.85,12,5,0,0,0,0,0,11.5,1,2,12.71,0
29.68,10,3,2,0,1,0,0,31.6,1,3,11.29,0
11.15,15,2,0,0,0,0,0,6.5,1,1,36.62,0
23.22,9,2,2,0,0,0,0,29.6,1,0,19.93,0
31.88,16,2,0,0,0,0,0,82.0,1,2,33.13,0
19.61,19,1,0,0,2,0,0,31.2,1,0,10.41,0
173.6,16,1,0,0,0,0,0,32.3,1,1,18.49,0
74.07,10,1,3,0,0,0,0,14.9,0,0,3.66,0
85.93,5,8,5,1,5,1,1,1142.7,3,9,54.24,1
72.37,18,3,1,0,1,0,0,64.3,1,1,21.04,0
32.36,18,4,0,0,0,0,0,76.2,2,4,8.76,0
41.86,21,1,3,0,1,0,0,1.2,0,0,44.79,0
16.18,12,4,2,0,0,0,0,158.4,1,0,8.75,0
37.84,18,1,3,0,0,0,0,152.4,2,0,9.86,0
145.07,16,5,2,0,0,1,0,17.2,2,0,28.9,0
48.46,14,0,0,0,1,0,0,60.2,3,1,19.88,0
14.3,12,5,2,0,0,0,0,41.5,1,5,31.16,0
90.91,16,3,4,0,1,0,0,24.2,1,0,19.45,0
27.73,19,2,0,0,0,0,0,228.1,2,2,26.66,0
4.9,16,4,1,0,0,0,0,73.7,1,0,54.82,0
13.07,20,0,1,0,0,0,0,46.1,3,2,25.9,0
12.54,10,3,1,0,0,0,0,39.5,3,0,24.94,0
3.94,13,3,1,0,0,0,0,44.2,2,1,48.77,0
104.74,11,4,1,0,1,0,1,70.3,1,3,9.28,0
33.78,9,0,2,0,0,0,0,3.5,4,2,41.53,0
16.49,19,1,0,0,0,1,0,57.6,1,3,9.2,0
34.9,9,6,0,0,0,0,0,40.8,0,3,76.65,0
123.94,16,3,0,0,0,0,0,81.1,2,2,34.26,0
29.39,8,2,1,0,1,0,0,35.2,0,2,11.6,0
70.85,15,2,2,0,0,0,0,25.4,1,5,16.74,0
30.37,19,1,2,0,0,0,0,42.0,1,1,54.29,0
75.15,12,4,2,0,1,0,0,34.9,1,2,18.35,0
45.82,13,1,0,1,0,0,1,41.7,1,2,33.68,0
31.1,12,2,2,0,0,0,0,162.9,1,0,20.71,0
48.54,3,11,5,1,5,1,0,55.6,8,7,117.14,1
24.14,20,0,1,0,1,0,0,17.0,0,1,14.88,0
36.78,20,2,0,0,0,0,0,4.4,0,1,27.43,0
22.63,19,1,1,0,1,0,0,27.1,2,1,42.48,0
5.55,14,4,1,0,0,0,0,33.7,1,3,15.85,0
7.51,18,1,1,0,0,0,0,199.1,1,2,52.86,0
13.23,15,1,0,0,1,0,1,52.5,0,1,27.42,0
37.65,19,1,1,0,1,0,0,30.4,2,3,55.12,0
13.82,11,3,1,0,0,0,0,122.2,0,1,8.22,0
89.46,18,6,1,0,0,0,0,30.3,1,1,27.86,0
29.11,15,0,4,0,0,0,0,55.4,0,0,30.31,0
10.06,17,4,2,0,0,0,0,52.1,1,0,7.07,0
17.86,9,2,1,0,0,0,0,5.4,0,3,72.58,0
54.03,16,3,0,0,0,0,0,80.7,2,1,18.94,0
15.96,8,6,2,0,1,0,0,36.1,0,4,19.43,0
10.46,16,5,1,0,1,0,0,7.7,2,0,15.69,0
15.41,18,1,0,0,0,0,0,43.4,2,5,92.8,0
76.5,13,2,0,0,0,0,0,75.3,1,1,42.75,0
36.26,13,4,4,0,0,0,0,9.0,3,1,18.06,0
16.51,13,1,1,0,0,0,0,7.7,4,2,13.26,0
36.88,16,2,1,0,1,0,0,58.0,0,3,17.47,0
39.65,14,0,3,0,0,0,0,29.4,3,2,109.88,0
41.29,18,1,0,0,2,0,0,47.9,1,0,22.84,0
15.07,9,2,0,0,1,0,0,105.2,2,2,54.8,0
10.7,13,2,0,0,0,0,0,198.1,3,2,14.48,0
40.17,17,0,1,0,0,0,0,92.4,0,0,20.89,0
5.86,16,2,0,0,1,0,0,73.0,1,1,9.3,0
7.56,9,1,1,0,0,0,0,11.0,3,1,32.04,0
32.58,11,0,0,0,0,0,0,109.8,4,3,45.42,0
61.0,10,3,2,0,0,1,0,2.4,2,1,79.41,1
13.49,8,3,1,0,1,1,0,40.3,0,2,396.75,0
9.4,10,1,1,0,0,0,0,168.5,0,1,11.74,0
14.12,15,1,0,0,0,0,0,52.2,3,0,32.51,0
30.76,19,1,2,0,0,0,0,14.7,1,1,15.66,0
13.13,12,1,0,0,1,0,0,60.6,1,2,26.92,0
6.91,12,2,1,0,0,0,0,25.4,1,3,19.38,0
62.66,21,4,4,0,3,0,0,24.3,4,2,16.07,0
18.39,21,3,5,1,2,0,1,356.8,1,2,24.96,0
6.15,11,2,0,0,0,0,0,63.2,1,0,70.31,0
35.91,13,6,0,0,0,0,0,13.6,4,0,8.49,0
126.89,9,1,0,0,0,0,0,86.2,1,1,4.58,0
6.95,13,2,2,0,0,0,0,16.0,1,3,35.61,0
44.08,2,9,5,0,0,0,0,563.4,3,2,17.96,0
109.76,6,8,3,1,1,1,1,803.1,1,3,42.86,1
34.82,17,2,0,0,0,0,0,9.8,2,3,157.38,0
17.9,19,4,1,0,0,0,0,31.1,0,1,22.2,0
15.34,19,1,0,0,0,0,0,182.5,0,2,22.65,0
19.29,12,3,0,0,1,0,0,20.8,6,1,2.06,0
86.12,12,0,1,0,0,0,0,75.4,0,0,36.41,0
42.65,20,1,1,0,0,0,0,20.4,0,0,67.75,0
196.69,18,2,0,0,0,0,0,9.0,1,0,33.61,0
11.36,18,2,0,0,1,0,0,62.7,3,1,41.66,0
51.99,13,2,0,0,0,0,0,26.6,2,1,7.94,0
36.97,13,0,0,0,0,0,0,10.0,2,0,4.69,0
28.39,14,2,0,0,0,0,0,13.3,0,1,46.51,0
23.38,13,0,1,0,0,0,0,80.5,3,1,75.18,0
19.23,15,3,1,0,0,0,0,14.2,1,0,29.04,0
88.85,8,2,1,0,0,1,0,105.8,1,0,6.54,0
51.36,11,1,0,0,2,0,0,41.4,1,1,7.07,0
95.66,16,0,0,0,1,0,0,8.5,3,1,33.2,0
213.27,16,2,3,0,0,0,0,20.7,0,3,11.53,0
29.16,21,2,0,0,0,0,0,22.4,2,0,24.14,0
13.1,14,6,0,0,0,0,0,36.4,2,1,19.92,0
8.58,9,3,0,0,0,0,0,0.0,2,1,5.4,0
80.56,15,6,0,0,0,0,0,7.2,0,0,7.4,0
16.95,17,1,1,0,0,0,0,115.3,1,1,9.32,0
33.42,17,4,0,0,1,0,0,147.2,1,2,26.42,0
35.93,12,2,0,0,1,0,0,113.0,0,2,87.75,0
28.74,16,1,3,0,0,0,0,8.4,3,1,13.36,0
60.07,18,1,0,0,0,1,0,17.1,2,0,13.51,0
7.77,14,1,3,0,0,0,0,34.9,2,2,33.53,0
38.72,21,1,1,0,0,0,0,17.6,1,1,55.92,0
79.87,19,2,1,0,0,0,0,14.5,1,0,38.73,0
71.19,11,2,1,0,0,0,0,0.5,2,0,41.7,0
19.24,9,1,1,0,0,0,0,18.5,1,1,17.44,0
10.78,11,3,0,0,0,0,0,113.9,3,2,64.87,0
60.2,17,2,0,1,1,0,0,7.9,1,1,42.12,0
21.7,15,1,1,0,0,0,1,13.6,0,3,63.11,0
23.13,18,1,4,0,0,0,0,14.1,3,2,38.39,0
15.43,16,2,0,0,0,0,0,33.9,0,4,16.45,0
931.65,2,6,4,3,4,1,1,324.6,2,4,24.28,1
20.26,19,0,0,0,0,0,0,137.9,0,3,31.67,0
11.67,14,4,2,0,0,0,0,68.9,0,0,38.83,0
29.62,15,1,2,1,0,0,0,24.6,1,1,4.61,0
53.38,11,0,0,0,0,0,0,5.2,1,4,123.92,0
27.76,18,2,2,0,1,0,0,70.9,0,1,7.93,0
22.7,13,2,0,0,0,0,0,27.6,1,3,40.47,0
2.58,16,0,0,0,1,0,0,66.4,1,0,75.1,0
51.22,17,4,0,0,0,0,1,60.1,0,1,20.19,0
33.29,15,4,0,0,0,0,0,77.8,1,0,19.97,0
34.11,14,4,0,0,0,0,0,87.0,3,4,59.6,0
120.81,9,1,2,0,0,0,0,18.2,2,0,36.19,0
12.31,10,5,0,1,0,0,0,27.3,1,1,30.4,0
8.39,17,1,3,0,1,0,1,2.3,2,2,71.99,0
23.73,11,4,0,0,0,0,0,65.8,1,1,39.88,0
23.43,15,1,2,0,0,0,1,7.3,0,1,39.45,0
20.38,17,2,1,0,1,0,0,20.3,2,1,55.12,0
59.08,18,3,0,0,0,0,0,10.1,1,4,40.9,0
19.78,14,0,3,0,0,1,0,90.3,1,0,10.3,0
91.08,11,1,0,0,0,0,0,1.7,2,2,69.81,0
23.37,4,8,2,1,3,0,0,595.1,3,3,18.95,0
17.09,12,3,3,0,0,0,0,95.5,0,0,21.08,0
20.19,10,3,3,0,1,0,0,11.8,1,0,21.76,0
37.68,13,0,1,0,2,0,0,33.4,0,0,87.93,0
25.91,14,4,2,0,0,0,0,1.0,0,1,41.13,0
28.81,18,1,0,0,0,0,0,18.8,1,3,25.13,0
23.95,18,2,2,0,0,0,0,49.4,1,2,7.04,0
22.56,2,6,4,1,2,0,0,254.3,2,1,54.12,0
54.21,17,2,1,0,0,0,0,25.7,2,1,8.31,0
6.8,10,2,1,1,0,0,0,1.3,1,1,65.68,0
96.74,17,3,3,0,0,0,0,222.1,1,7,51.67,0
16.7,11,2,2,0,0,0,1,19.1,2,2,39.42,0
57.92,18,5,2,0,0,0,0,29.6,1,1,54.02,0
10.96,13,1,0,0,0,0,0,29.3,0,2,17.54,0
40.06,20,0,2,0,1,0,0,19.2,1,0,46.1,0
16.62,20,3,1,0,0,0,0,107.5,0,2,27.1,0
59.92,19,2,0,0,1,0,0,10.9,0,1,13.41,0
41.2,14,1,1,0,0,0,0,38.0,1,1,26.75,0
10.39,12,4,2,0,0,0,0,85.7,2,1,154.7,0
30.16,20,1,1,0,0,0,1,7.3,0,1,19.92,0
95.9,13,3,1,0,4,0,0,111.9,1,1,61.15,0
47.06,21,6,8,0,0,1,0,161.4,3,4,18.76,0
6.52,13,2,1,0,0,0,0,18.8,3,3,18.56,0
10.38,20,0,0,0,0,0,0,62.3,0,0,7.18,0
79.33,13,1,0,0,0,0,0,40.0,1,2,67.72,0
70.33,16,1,2,0,0,0,0,35.2,1,1,19.39,0
22.98,17,4,0,0,1,0,0,45.5,1,1,8.58,0
84.92,17,0,0,0,0,0,0,27.2,2,2,37.68,0
7.16,16,0,0,0,0,0,1,53.6,3,1,11.27,0
66.14,9,2,0,0,0,0,0,23.4,2,1,25.38,0
161.01,19,2,1,0,2,0,0,6.7,1,3,11.45,0
32.58,18,1,1,0,0,0,0,9.7,0,1,40.8,0
100.12,20,3,6,0,3,0,0,10.0,2,1,14.38,0
15.26,12,2,1,0,0,0,0,18.1,1,3,15.37,0
432.41,4,5,3,1,1,1,0,174.6,3,5,156.22,0
91.16,21,5,3,0,0,1,0,75.2,2,4,16.52,0
20.44,14,3,0,0,1,0,0,34.5,1,1,63.79,0
21.01,11,1,0,0,0,0,0,62.0,1,2,3.52,0
65.41,19,3,0,0,1,0,1,29.0,2,2,1677.44,0
8.25,19,2,2,0,1,0,0,19.4,2,5,83.85,0
65.0,8,3,5,0,2,1,0,551.2,4,1,39.67,0
19.9,16,3,0,0,1,0,0,3.4,1,0,53.76,0
197.62,8,3,1,0,0,0,0,33.5,0,2,39.65,0
27.46,12,1,2,0,2,1,0,76.2,2,2,20.46,0
14.15,17,2,2,1,0,0,0,7.5,0,1,57.67,0
18.12,19,3,1,0,0,0,1,43.1,2,1,155.72,0
12.8,17,2,0,0,0,0,0,18.6,2,2,19.13,0
195.16,2,6,5,0,0,0,0,187.8,3,3,60.04,0
35.14,12,4,2,0,0,0,0,18.0,1,4,36.25,0
5.0,10,2,1,0,0,0,0,52.3,1,2,17.16,0
2.52,15,3,0,0,1,0,0,22.8,1,1,30.02,0
14.55,8,3,0,0,1,1,0,106.6,0,1,20.37,0
40.94,19,0,1,0,0,0,0,140.0,1,3,6.91,0
7.16,18,2,0,0,0,0,0,6.2,3,0,22.48,0
42.25,14,1,1,0,0,0,0,26.3,1,1,4.4,0
13.62,10,1,2,0,1,0,0,67.6,0,1,15.72,0
233.77,10,5,3,0,8,0,0,47.7,3,2,10.45,0
41.53,14,2,1,0,1,0,0,25.1,3,0,11.68,0
35.34,14,2,1,0,1,0,0,96.4,3,1,66.59,0
19.5,13,0,2,0,1,0,0,55.6,1,3,11.18,0
112.58,2,3,4,1,0,0,0,289.7,0,0,67.65,0
111.48,0,1,4,0,2,0,0,66.5,0,4,61.65,0
22.0,16,3,0,0,1,0,0,4.9,2,1,15.77,0
34.32,10,4,2,0,2,0,0,8.8,1,2,32.03,1
49.9,16,2,2,0,1,0,0,62.9,0,3,62.99,0
28.0,15,1,1,0,0,0,0,9.8,2,0,9.15,0
76.09,9,11,5,0,0,0,0,55.8,3,6,3.74,0
120.0,10,3,0,0,0,0,0,85.6,2,0,8.68,0
9.09,12,4,0,0,0,0,0,12.3,2,0,31.26,0
28.6,12,2,0,0,0,0,0,111.8,1,3,85.67,0
20.87,17,4,0,0,0,0,0,175.7,1,1,13.6,0
24.82,17,4,0,0,0,0,0,209.5,1,2,13.54,0
9.74,12,1,0,1,0,0,0,91.2,2,4,18.29,0
23.2,15,0,2,0,0,0,0,23.7,0,0,39.68,0
27.71,11,3,1,1,0,0,0,31.6,0,0,38.34,0
49.39,11,1,2,0,1,0,1,42.3,1,1,9.96,0
57.01,20,4,3,0,0,0,1,25.8,0,2,12.26,0
49.12,15,4,1,0,0,0,0,22.5,0,1,42.57,0
20.24,9,0,0,0,0,0,0,74.4,2,2,6.17,0
34.27,21,6,4,0,0,1,0,30.0,2,1,11.66,0
41.46,11,3,1,0,1,0,0,157.1,2,1,19.45,0
4.96,8,1,0,0,1,0,0,0.0,0,0,27.5,0
27.58,20,0,0,0,0,0,0,109.6,1,1,21.59,0
11.48,1,5,3,0,1,0,1,1300.0,0,4,92.1,0
32.69,13,1,2,0,1,0,0,35.4,0,1,27.82,0
28.18,16,1,1,0,0,0,0,55.1,0,0,33.82,0
84.51,12,2,1,0,0,0,0,120.1,0,1,11.91,0
11.16,20,4,1,0,0,0,0,45.5,1,2,40.41,0
21.22,16,4,1,0,1,0,0,24.2,0,2,27.91,0
28.19,13,3,1,0,0,0,0,25.7,0,2,53.9,0
62.79,20,2,0,0,0,0,0,3.7,0,2,82.47,0
13.5,14,3,0,0,1,0,0,92.3,2,1,96.19,0
7.56,12,3,1,0,0,0,0,10.3,3,2,25.41,0
23.63,15,0,2,0,0,0,0,48.7,1,1,89.06,0
22.45,18,4,1,0,2,1,0,12.1,3,1,28.2,0
13.48,17,1,2,0,1,0,1,9.7,1,2,5.51,0
33.47,15,2,1,0,0,0,0,49.6,1,2,86.71,0
16.69,12,4,1,0,0,0,0,11.5,1,2,55.61,0
9.8,20,3,0,0,0,0,0,67.5,2,4,6.2,0
26.5,9,4,0,0,0,0,0,16.5,2,3,17.93,0
11.2,17,2,2,0,0,0,0,16.3,1,3,31.27,0
49.06,15,2,0,0,0,0,0,38.4,2,4,40.59,0
38.74,17,4,0,0,0,0,0,17.8,2,2,21.92,0
36.92,12,5,4,0,0,0,0,70.0,1,2,16.12,0
27.8,10,0,1,0,0,0,0,171.8,1,2,38.32,0
41.32,9,3,0,0,0,0,0,53.7,2,1,135.07,0
18.23,13,4,0,0,0,0,1,31.2,4,1,28.22,0
328.76,3,8,7,3,8,0,1,411.9,0,5,17.38,1
57.81,10,1,1,0,0,0,0,31.4,1,2,40.58,0
60.16,18,0,0,0,0,1,0,135.3,1,0,77.32,0
27.1,18,3,1,0,0,1,0,11.6,0,1,5.18,0
266.72,18,8,3,1,1,0,1,76.6,3,1,66.87,0
5.88,14,2,1,0,0,0,0,0.9,0,2,23.25,0
45.01,10,4,5,0,6,0,0,299.8,4,2,84.26,0
28.57,8,2,4,0,1,0,0,21.0,1,0,8.27,0
10.93,17,1,2,0,0,0,0,47.8,4,1,45.23,0
39.22,18,6,1,1,0,0,0,51.2,0,0,12.79,0
24.12,15,2,0,0,0,0,0,28.3,4,1,31.98,0
31.61,15,3,0,0,0,0,0,17.9,0,1,143.67,0
20.92,10,2,0,0,0,0,0,14.8,2,3,47.24,0
2.94,20,1,3,0,0,0,0,58.2,0,2,7.96,0
159.12,8,3,4,0,0,0,0,175.9,3,0,20.11,0
72.7,18,0,1,0,1,1,0,250.0,2,2,47.76,0
296.54,12,10,1,0,2,1,0,226.1,3,4,17.26,0
16.27,15,2,1,0,0,1,0,21.4,2,1,91.26,0
89.5,16,1,1,0,1,0,0,37.4,1,3,11.0,0
31.73,16,3,0,0,0,0,0,63.0,2,3,28.12,0
13.53,18,4,1,0,1,0,0,12.0,1,1,53.3,0
26.88,8,2,2,0,0,0,0,0.2,1,1,29.03,0
2.29,12,5,3,0,0,0,0,15.1,2,2,47.82,0
113.24,12,2,0,0,0,0,0,28.9,0,0,24.16,0
101.13,11,8,10,0,3,1,1,566.9,8,3,78.79,1
6.65,15,2,2,0,0,0,0,14.5,1,1,23.45,0
7.14,10,1,0,0,0,0,0,85.5,2,0,62.27,0
21.89,10,3,1,0,0,0,0,88.9,1,4,136.25,0
13.78,10,2,0,0,1,0,0,113.0,1,1,26.79,0
9.61,10,4,3,0,0,0,0,10.3,1,2,25.73,0
19.38,16,2,0,0,1,0,0,12.1,2,2,148.03,0
16.33,18,3,0,0,0,0,0,105.0,1,1,43.1,0
143.68,4,11,8,3,3,1,1,644.9,4,4,7.74,1
278.59,8,5,3,0,2,0,0,157.1,5,3,13.91,0
32.48,18,1,1,0,0,0,0,12.1,2,2,79.6,0
45.0,21,2,1,1,0,0,0,104.6,2,0,19.99,0
25.01,18,0,0,0,0,0,0,49.8,2,1,16.07,0
6.72,11,5,3,0,0,0,0,36.4,0,1,46.19,0
16.7,15,4,2,0,1,0,0,57.6,2,1,62.38,0
39.65,15,5,2,0,2,0,1,90.1,4,4,4.95,0
3.46,16,1,4,0,0,0,0,32.1,0,2,64.46,0
31.17,10,1,2,0,0,0,0,20.3,1,2,20.28,0
19.39,12,5,1,0,0,0,0,3.0,1,1,21.64,0
19.92,14,2,1,0,0,0,0,59.7,2,4,11.57,0
227.33,15,4,2,0,0,0,0,4.3,2,6,33.06,0
9.97,19,3,1,0,0,0,0,6.7,1,2,5.35,0
29.14,20,3,4,0,1,0,0,50.6,1,3,111.03,0
11.39,17,2,3,1,0,0,0,2.5,2,0,18.78,0
12.12,11,4,0,0,0,0,0,2.7,1,3,11.37,0
16.27,17,1,0,0,0,0,0,130.2,3,3,17.49,0
23.9,17,1,0,0,1,0,0,105.2,0,1,21.37,0
5.94,9,0,0,0,0,0,0,27.1,1,1,17.42,0
8.16,21,1,1,0,0,0,0,20.5,2,1,17.91,0
10.93,19,2,0,0,1,0,0,11.4,0,2,3.64,0
68.27,14,1,0,0,0,1,0,13.9,0,1,10.68,0
45.23,19,4,2,0,0,1,0,5.0,0,3,5.39,0
59.08,11,3,1,0,0,0,0,200.0,3,1,9.25,0
20.58,17,1,1,0,1,0,0,12.8,1,1,91.98,0
126.12,8,2,1,0,0,1,0,206.7,2,3,1.79,0
33.06,8,0,1,1,0,0,0,10.8,0,2,29.05,0
12.23,11,5,2,0,0,0,0,33.1,0,3,45.52,0
250.88,4,6,5,1,3,1,1,312.3,2,5,30.47,1
22.51,19,4,1,0,0,0,0,4.4,1,1,6.13,0
10.12,20,2,1,0,1,0,0,148.3,0,1,10.47,0
181.23,16,6,3,0,3,0,0,559.0,3,3,5.69,0
18.43,8,0,2,0,1,0,0,16.3,1,3,17.59,0
34.91,17,2,2,0,0,0,0,110.0,2,2,24.13,0
3.58,16,0,1,1,2,0,0,34.9,1,0,26.38,0
6.7,20,1,2,0,0,1,0,51.0,1,3,34.27,0
15.79,11,1,3,0,1,0,0,81.5,0,1,26.6,0
15.16,9,1,2,0,1,0,0,5.0,2,1,27.88,0
33.35,16,2,0,0,0,0,0,5.0,1,2,20.58,0
16.9,14,2,2,0,0,0,0,71.2,1,3,30.9,0
37.88,14,3,0,0,2,0,0,8.9,0,1,12.94,0
62.86,15,3,0,0,0,0,0,11.8,2,1,9.62,0
19.35,15,0,2,0,2,0,0,75.4,1,1,16.19,0
42.51,11,1,0,0,1,0,0,2.3,1,0,31.46,0
18.09,19,1,1,0,0,0,0,78.7,3,1,50.42,0
34.95,16,2,0,0,0,0,0,25.1,1,1,6.11,0
62.36,20,3,0,0,1,0,0,3.9,1,3,33.4,0
43.72,21,2,2,0,0,0,0,67.2,1,1,18.39,0
26.61,14,2,1,0,1,0,0,28.7,2,0,16.78,0
186.02,10,2,4,0,1,0,0,162.1,2,1,6.88,0
34.97,11,5,1,0,2,0,0,23.5,1,3,85.95,0
127.84,8,2,0,0,0,0,0,21.7,3,1,35.55,0
90.36,14,2,0,0,0,0,0,129.7,2,1,7.07,0
30.75,16,2,1,0,0,0,0,6.0,1,3,48.01,0
92.49,12,3,6,0,5,1,0,1645.0,2,2,22.38,0
20.53,17,1,1,0,0,0,0,17.3,0,1,10.59,0
21.54,8,2,0,0,0,0,0,26.2,1,2,9.01,0
17.71,17,3,1,0,1,0,0,13.5,1,0,23.2,0
11.86,17,1,0,0,1,0,0,18.9,0,0,26.61,0
57.15,8,5,1,0,0,0,0,176.8,3,1,80.58,0
12.02,8,7,8,0,1,0,0,532.5,2,1,30.52,0
66.11,18,0,1,0,1,0,0,38.3,2,1,52.46,0
60.51,14,3,0,0,0,0,0,25.9,1,2,75.69,0
10.05,19,1,2,0,1,0,0,4.9,0,2,30.95,0
92.49,13,2,5,0,0,0,1,114.6,2,7,4.93,0
27.58,15,0,0,0,1,0,0,22.8,2,0,32.51,0
31.74,10,0,1,0,0,0,0,13.4,1,2,2.77,0
14.05,10,3,1,0,0,0,0,37.2,1,3,297.95,0
24.35,14,4,0,0,0,0,0,5.3,2,1,12.8,0
67.08,15,1,0,0,0,0,0,21.0,2,3,26.45,0
21.44,16,0,2,0,0,0,1,4.0,1,1,21.82,0
20.19,16,2,1,0,0,0,0,74.6,0,1,11.84,0
42.27,18,5,1,0,2,0,0,91.4,1,1,24.35,0
41.43,19,3,0,0,1,0,0,26.6,2,0,28.9,0
15.71,16,1,0,0,0,0,0,8.7,1,0,30.27,0
29.74,11,1,1,0,0,0,0,38.9,1,1,53.19,0
10.77,12,2,0,0,0,0,0,31.3,4,0,18.49,0
38.44,15,2,2,0,0,0,0,91.6,2,2,24.62,0
31.39,13,3,2,0,0,0,0,15.4,1,1,119.27,0
53.77,11,1,0,0,0,0,0,61.0,2,3,40.41,0
13.41,9,2,1,0,0,1,0,10.5,2,2,22.55,0
6.87,19,6,1,0,1,0,0,73.2,2,1,38.75,0
57.58,19,6,2,0,2,1,0,156.9,2,2,10.46,0
47.74,20,2,0,0,1,0,0,16.9,1,0,12.08,0
8.35,20,2,2,0,0,0,0,83.8,0,4,28.43,0
17.03,9,2,0,0,0,0,0,67.8,3,1,40.51,0
6.99,15,3,2,0,1,0,0,196.5,0,1,8.76,0
41.4,19,0,1,0,1,0,0,19.5,0,1,6.17,0
102.58,11,1,0,0,0,0,0,4.6,0,1,21.14,0
82.42,15,3,0,0,0,0,0,206.5,3,1,24.19,0
20.46,16,2,0,0,0,0,0,0.4,1,1,42.08,0
79.22,18,0,2,1,0,1,0,5.9,2,3,6.98,0
9.97,12,3,0,0,1,0,0,3.4,0,1,12.28,0
25.01,12,2,2,0,0,0,0,136.0,0,1,21.02,0
12.9,15,6,4,0,0,0,0,18.3,4,1,15.65,0
12.01,10,2,2,1,1,0,0,31.8,0,3,10.99,0
25.09,20,0,0,1,0,0,0,5.2,1,1,30.14,0
23.85,8,4,0,0,0,0,0,3.7,1,1,97.14,0
3.18,19,2,0,0,1,0,0,3.6,2,1,130.72,0
21.03,14,2,0,0,0,0,0,6.4,1,2,70.58,0
11.89,8,3,2,0,0,0,0,68.9,2,2,8.06,0
17.37,14,2,3,0,1,1,0,38.8,3,1,24.26,0
14.68,17,1,1,0,0,0,0,22.3,0,1,4.05,0
27.46,16,1,2,0,1,0,0,26.3,0,1,143.13,0
72.7,20,2,1,1,0,0,0,5.7,3,2,57.6,0
13.16,18,1,0,0,0,0,0,8.6,1,2,23.11,0
21.56,20,5,1,0,0,0,1,71.4,0,3,9.33,0
45.82,12,2,0,0,0,0,0,30.3,0,0,18.4,0
6.28,9,1,1,0,0,0,0,12.2,1,3,17.3,0
110.22,17,1,1,0,0,0,0,51.4,0,1,17.79,0
40.22,13,2,1,0,0,0,0,90.5,1,4,65.86,0
13.39,20,1,0,0,0,0,0,12.5,3,2,52.4,0
38.13,8,6,3,0,2,0,1,197.2,1,3,179.52,0
6.17,13,4,2,0,0,0,0,13.0,1,3,115.06,0
55.2,9,5,1,1,2,0,0,25.5,2,3,7.16,0
17.9,14,0,1,0,0,0,0,61.3,2,1,8.59,0
35.97,10,3,3,0,0,0,0,38.2,2,4,48.42,0
498.85,8,1,0,0,2,0,0,32.4,3,1,28.79,0
55.11,12,1,1,0,0,0,0,5.6,1,2,26.03,0
37.33,20,1,0,0,1,0,0,4.8,0,2,27.14,0
14.74,8,4,1,0,0,0,0,21.9,1,0,13.02,0
38.78,16,3,1,0,0,0,0,42.8,2,1,53.65,0
133.13,19,1,4,0,0,0,0,5.4,2,2,11.49,0
21.25,8,0,0,0,0,0,0,91.6,3,1,228.31,0
35.81,19,1,0,0,0,0,0,31.9,2,2,14.76,0
30.07,16,0,2,0,0,0,0,47.2,0,3,26.98,0
8.99,11,1,1,0,1,0,0,102.2,3,0,25.81,0
26.74,16,3,0,0,0,0,1,52.7,2,2,12.99,0
46.33,8,3,0,0,2,0,0,148.5,1,1,44.67,0
5.83,11,4,0,0,0,0,0,48.3,1,2,13.47,0
39.18,13,5,0,0,0,0,0,89.4,3,1,10.07,0
39.54,8,2,1,0,0,0,0,211.4,0,3,45.26,0
58.0,20,1,1,0,0,1,0,78.2,3,1,26.25,0
50.83,20,3,1,0,1,0,0,86.7,2,1,8.16,0
36.02,20,0,2,0,2,0,0,13.3,1,2,9.09,0
50.07,9,4,1,1,0,0,0,17.1,1,0,14.96,0
27.41,17,3,0,0,0,0,0,9.4,1,0,47.56,0
20.83,14,2,0,0,0,0,0,1.2,2,2,6.64,0
48.68,20,7,4,1,2,0,1,255.9,3,5,115.54,1
11.61,12,5,0,0,0,0,0,18.4,0,1,25.42,0
67.37,10,3,1,0,0,0,0,2.5,2,4,153.08,0
60.62,20,3,0,0,0,0,0,99.4,0,1,83.03,0
16.36,19,3,4,0,4,1,1,80.1,2,1,13.95,0
38.12,20,3,0,1,1,0,0,126.4,2,1,27.64,1
23.17,10,1,1,0,0,0,0,84.0,2,2,62.1,0
83.79,16,3,2,0,0,0,0,27.8,4,1,14.94,0
26.98,10,4,3,0,1,0,0,38.4,1,1,6.14,0
30.17,9,3,1,0,0,0,0,68.7,1,1,49.54,0
39.19,13,2,4,1,0,0,0,16.1,0,1,37.83,0
20.15,16,2,1,0,0,0,0,19.0,0,1,9.41,0
180.91,17,2,0,0,1,0,0,14.0,2,1,39.48,0
48.42,9,3,2,0,0,0,0,22.3,1,0,10.38,0
15.04,17,3,4,0,0,0,0,142.1,1,1,20.07,0
213.88,11,5,1,0,0,0,0,41.9,0,1,21.9,0
72.35,12,3,1,0,0,0,0,53.1,1,1,16.98,0
156.1,16,4,1,0,1,0,0,1.3,1,2,22.12,0
22.5,13,1,1,0,0,0,1,2.1,0,1,84.63,0
45.9,17,1,0,0,0,0,0,58.9,2,1,105.38,0
24.63,14,3,0,0,0,1,1,56.4,0,2,40.65,0
29.24,8,1,0,0,0,0,0,12.0,0,2,21.86,0
30.06,11,1,1,0,1,0,0,13.1,2,1,19.29,0
9.36,16,1,3,0,0,0,0,132.0,1,3,110.49,0
32.87,20,4,0,0,0,0,0,46.5,0,4,157.86,0
16.4,12,1,1,1,0,0,0,60.9,1,2,9.99,0
13.9,12,2,1,0,0,0,0,136.3,0,4,9.16,0
59.71,12,1,5,0,0,0,0,11.2,2,2,251.34,0
235.01,12,0,1,0,0,0,0,42.1,1,2,28.18,0
8.04,17,3,1,0,0,0,0,87.8,0,4,14.14,0
33.18,17,2,1,0,2,1,0,42.3,1,0,14.46,0
714.04,1,7,6,2,4,0,1,334.8,2,7,42.73,1
22.87,13,1,1,0,0,0,0,127.6,1,1,62.32,0
12.06,20,1,1,0,0,0,0,66.8,1,2,18.5,0
14.08,8,1,0,0,0,0,1,72.7,0,1,30.65,0
27.53,20,3,3,0,1,1,0,5.8,1,1,14.26,0
33.93,17,2,2,0,1,0,0,27.9,0,0,33.89,0
12.89,19,0,0,0,0,0,0,27.6,3,1,27.44,0
376.82,23,3,4,0,0,0,1,160.8,1,1,16.79,0
214.13,14,1,0,0,0,0,0,72.7,0,2,39.58,0
27.32,16,0,2,0,1,0,0,47.7,1,3,14.14,0
6.84,8,0,0,0,0,0,0,46.3,0,2,40.85,0
43.38,19,3,3,0,0,0,0,12.1,0,1,23.86,0
20.85,9,3,2,0,1,0,0,4.5,1,1,57.34,0
36.79,13,1,1,0,0,0,0,26.6,1,2,31.47,0
21.89,20,1,3,0,0,0,0,69.4,2,0,14.44,0
22.49,15,1,0,0,0,0,0,44.2,0,3,15.34,0
34.07,9,1,1,1,0,0,0,71.6,2,1,64.37,0
7.95,21,2,1,0,0,0,0,35.7,0,4,10.74,0
87.37,19,2,2,0,0,0,0,2.5,1,1,132.78,0
87.23,15,9,4,1,6,1,0,447.2,2,5,26.13,1
94.77,17,5,2,0,2,0,1,76.9,3,1,22.28,0
23.31,8,1,0,0,0,0,0,76.0,1,1,26.14,0
5.93,15,0,1,0,0,0,0,39.6,0,1,56.13,0
10.84,13,1,0,0,0,0,0,4.8,3,3,19.1,0
105.52,18,2,0,0,2,0,1,136.2,0,1,25.38,0
11.59,13,5,0,0,0,0,0,11.6,2,3,10.73,0
71.07,23,7,5,0,2,1,1,219.6,3,6,73.25,1
29.9,12,0,5,0,0,0,0,11.2,2,0,7.75,0
42.85,15,1,0,0,1,0,0,29.9,1,2,42.21,0
317.26,7,7,3,0,3,1,1,458.1,2,5,69.86,0
64.22,20,2,2,0,2,0,0,89.0,0,0,36.58,0
29.01,9,1,0,0,0,0,0,44.4,0,3,4.6,0
6.37,14,0,2,0,0,0,1,33.6,2,5,8.19,0
16.43,11,2,1,0,0,0,0,44.0,2,1,2.17,0
13.74,9,1,1,0,1,0,0,21.5,1,2,28.88,0
63.38,20,1,2,0,0,0,0,55.5,0,1,38.74,0
65.21,20,2,0,0,1,0,0,34.6,1,1,35.01,0
23.8,11,4,0,0,0,0,0,47.6,3,2,34.44,0
130.01,7,6,3,0,2,0,1,172.4,4,3,21.33,0
2.02,13,0,1,0,0,0,0,43.4,0,5,28.01,0
9.22,21,3,1,0,0,0,0,20.5,1,0,6.38,0
35.22,11,0,1,0,1,0,0,53.7,0,0,40.6,0
22.08,19,2,2,0,0,0,0,27.2,3,1,30.88,0
30.68,11,3,1,0,0,0,0,40.6,2,3,41.24,0
23.19,14,3,2,0,1,1,0,66.6,0,0,19.27,0
97.7,17,3,4,0,0,0,0,122.5,4,2,7.05,0
29.24,21,3,1,0,0,0,0,39.9,1,3,18.13,0
46.93,19,2,0,0,1,0,0,67.7,1,1,18.74,0
25.82,21,0,0,0,1,0,0,4.2,0,1,12.69,0
74.82,10,1,1,0,0,0,0,5.6,0,0,49.36,0
128.58,18,4,5,0,1,0,1,276.1,2,2,38.54,0
19.77,16,1,0,0,0,0,0,65.6,0,4,43.02,0
130.15,9,3,1,0,0,0,0,62.7,1,2,2.8,0
46.56,12,3,2,0,0,0,0,28.1,1,3,19.96,0
40.59,18,0,0,0,0,0,0,48.4,2,0,24.85,0
121.05,12,1,4,1,0,0,0,101.7,3,1,13.01,0
4.93,16,2,0,0,0,1,0,68.5,1,1,31.17,0
37.77,19,4,0,0,0,0,0,8.3,0,2,45.42,0
30.43,11,2,2,0,1,0,0,60.0,0,2,24.77,0
93.24,13,0,1,0,0,0,0,0.2,1,0,43.96,0
39.9,15,1,1,0,2,0,0,8.2,0,0,7.44,0
15.63,12,4,1,0,1,0,0,16.3,2,2,53.81,0
31.25,19,3,0,1,1,0,0,3.6,0,0,42.11,0
30.3,12,1,0,0,1,0,0,68.8,1,1,20.62,0
31.8,20,4,0,0,0,0,0,15.1,1,4,67.63,0
14.08,10,3,2,0,1,0,0,2.8,0,0,15.0,0
12.59,21,2,0,0,0,0,0,26.8,3,3,24.79,0
13.43,21,1,1,0,0,0,0,12.3,1,4,7.5,0
17.84,11,2,0,0,0,0,0,37.2,1,1,12.7,0
5.59,12,6,0,0,0,0,0,50.9,2,3,100.33,0
22.94,9,2,0,0,0,0,1,6.9,2,2,24.04,0
34.26,14,1,1,0,1,0,0,79.2,4,2,171.17,0
18.37,17,1,1,0,0,0,0,7.8,1,2,20.44,0
138.26,16,2,1,0,1,0,0,23.8,1,0,16.01,0
7.87,18,1,2,0,1,1,0,0.8,1,4,21.99,0
15.09,13,2,1,0,1,0,0,3.8,2,0,33.24,0
26.02,19,1,2,0,0,0,0,20.4,1,2,12.25,0
74.01,10,1,0,0,0,0,0,8.0,0,1,11.38,0
5.56,15,2,2,0,0,0,0,27.6,3,1,54.21,0
26.18,6,2,4,0,3,0,0,19.1,1,1,7.95,0
115.39,8,4,1,0,1,0,0,16.2,0,2,85.88,0
34.43,16,0,0,0,1,1,0,57.4,3,2,7.64,0
42.39,18,0,2,0,0,0,0,6.7,1,3,39.07,0
28.9,19,2,0,0,1,1,0,9.3,0,1,33.06,0
78.0,10,2,1,0,1,0,0,45.8,1,2,4.82,0
9.76,19,2,3,0,0,0,0,6.4,3,2,41.64,0
17.24,15,1,1,0,1,0,0,184.2,0,0,5.39,0
56.07,11,2,3,0,0,1,0,33.1,1,2,15.8,0
35.85,19,0,1,0,0,0,0,28.8,1,2,12.36,0
8.62,14,3,0,0,0,0,0,34.6,1,2,12.59,0
59.64,13,2,1,0,1,0,0,14.7,0,0,24.49,0
80.75,16,3,3,0,0,0,0,102.3,1,1,4.55,0
53.5,14,1,0,0,0,1,0,58.6,1,1,26.58,0
1923.42,1,9,8,1,5,1,1,252.4,2,4,31.27,1
35.29,9,2,2,0,0,0,0,21.7,1,0,37.79,0
46.46,16,1,0,0,1,0,0,33.6,0,1,32.74,0
56.16,13,4,3,0,5,0,1,87.5,5,5,50.75,0
10.48,11,2,0,0,0,0,0,122.6,0,1,14.86,0
18.03,16,3,0,0,0,0,0,0.1,3,0,95.5,0
27.8,15,2,1,0,0,0,0,61.2,2,1,41.31,0
345.65,14,7,5,0,2,0,0,10.3,4,3,10.23,0
14.6,10,3,2,0,1,0,0,31.6,0,2,28.74,0
38.84,19,3,2,0,1,0,0,4.7,0,2,8.28,0
19.98,20,3,3,0,0,0,0,134.7,2,2,9.23,0
19.57,9,2,0,1,0,0,0,3.8,3,2,89.03,0
66.97,17,3,6,0,1,1,0,3.7,2,2,12.81,0
32.28,19,2,1,0,0,0,0,32.8,3,0,12.67,0
37.42,21,0,1,0,1,0,0,132.9,3,2,610.11,0
16.6,21,3,3,0,0,0,0,17.1,1,3,13.91,0
18.97,10,1,1,0,0,0,0,51.5,1,3,68.98,0
29.66,17,0,3,0,0,0,0,0.6,0,3,137.15,0
40.43,15,0,2,0,1,0,0,40.7,0,2,45.92,0
133.27,20,3,0,0,0,0,0,131.9,0,1,52.28,0
47.95,14,1,1,0,0,0,1,18.7,1,2,36.0,0
7.61,9,0,2,0,0,0,0,77.8,0,1,24.72,0
24.1,16,0,2,0,1,0,0,130.9,1,2,11.2,0
27.37,17,1,2,0,1,0,0,69.7,2,0,8.87,0
25.86,15,2,2,0,0,0,0,160.4,1,0,5.84,0
18.42,19,1,0,0,0,0,0,96.5,0,2,10.88,0
99.98,16,4,1,0,0,0,0,87.8,1,0,25.19,0
169.74,15,1,3,0,0,0,0,69.1,2,1,17.84,0
180.81,3,2,2,2,1,1,0,13.6,4,1,31.78,0
6.13,17,3,1,0,0,0,0,227.1,1,2,17.78,0
47.58,17,3,3,0,2,0,0,46.5,2,2,5.9,1
41.67,12,0,0,0,0,0,0,0.9,1,0,96.45,0
40.38,16,6,3,1,2,0,0,98.9,3,3,31.78,1
25.43,9,1,1,0,0,0,0,129.4,1,1,36.94,0
22.07,12,3,2,0,0,0,0,43.4,0,1,24.73,0
23.76,12,0,1,0,0,0,0,17.8,1,1,97.88,0
31.22,16,0,1,0,0,0,0,15.6,1,1,15.42,0
20.5,16,3,1,0,1,0,0,45.0,3,4,4.51,0
15.85,19,4,0,0,0,0,0,136.0,1,4,86.39,0
30.47,17,0,2,0,0,0,0,75.6,3,0,50.63,0
5.87,10,3,1,0,0,0,0,23.8,2,3,8.23,0
49.14,9,4,1,0,0,0,0,12.1,3,3,27.47,0
35.03,19,6,4,0,0,0,0,46.9,1,0,35.44,0
69.05,20,3,2,0,0,0,0,56.7,1,0,22.63,0
664.33,5,3,5,0,2,0,1,92.0,4,1,50.74,0
32.93,16,5,0,0,0,0,0,17.1,0,1,24.29,0
20.23,21,1,2,0,0,0,0,158.1,0,2,28.16,0
54.86,10,0,3,0,0,1,0,191.3,4,2,19.27,0
20.95,18,3,2,1,0,0,0,98.8,1,0,38.02,0
172.04,21,9,8,1,3,1,1,231.8,2,0,10.37,0
26.38,10,3,0,0,0,0,0,8.5,0,2,20.77,0
18.47,15,1,0,0,0,0,0,5.2,0,1,41.04,0
25.15,16,3,1,0,0,0,0,154.6,1,1,46.0,0
25.42,18,1,1,0,0,0,0,12.9,1,1,16.13,0
18.91,13,3,2,0,0,0,0,31.1,1,6,17.09,0
5.24,14,5,1,0,0,0,0,3.0,0,1,18.22,0
27.62,19,2,1,0,0,0,0,69.2,0,1,15.55,0
7.79,20,2,0,0,0,1,0,34.2,1,3,34.77,0
45.73,20,3,2,0,4,0,0,82.9,1,4,48.77,0
16.48,11,3,0,0,0,0,0,106.7,0,2,83.05,0
57.87,19,1,1,0,1,0,0,48.4,1,3,55.9,0
18.55,14,0,1,0,0,1,0,9.8,3,2,24.39,0
41.94,20,1,0,0,1,0,0,23.0,1,3,28.94,0
11.61,13,4,1,0,1,0,0,41.6,0,2,72.93,0
4.87,20,0,2,0,0,0,0,161.9,0,0,25.53,0
9.15,10,1,0,0,0,0,0,10.8,3,1,113.09,0
46.2,19,5,0,0,0,0,0,29.5,0,1,7.8,0
12.94,13,2,2,0,0,0,0,78.1,0,0,46.58,0
10.93,21,0,3,0,0,0,0,28.8,1,2,15.68,0
35.26,16,2,3,0,2,0,0,81.0,0,2,60.2,0
193.11,19,5,1,0,0,0,0,81.9,2,5,11.32,0
26.02,14,4,1,0,0,0,0,31.5,3,2,2.13,0
17.15,10,1,2,0,0,0,0,3.2,1,0,14.11,0
9.84,20,0,1,0,0,0,0,18.6,0,2,30.78,0
32.74,12,2,1,0,0,0,0,54.4,2,1,43.58,0
13.19,14,1,0,0,0,0,0,23.2,2,1,3.79,0
23.78,14,2,2,0,0,0,0,59.9,1,0,15.18,0
72.54,9,5,3,0,0,0,1,47.0,1,3,36.93,0
103.47,15,3,1,0,1,0,0,36.8,0,1,58.48,0
6.77,11,3,1,0,0,0,0,34.4,0,1,28.1,0
6.85,15,4,4,0,0,0,0,63.4,2,1,17.55,0
10.81,10,2,0,0,0,0,0,39.1,1,1,73.57,0
98.5,14,3,0,0,0,0,0,70.6,3,4,7.87,0
18.53,2,13,5,0,1,0,0,192.2,3,0,7.78,0
15.82,14,4,2,0,1,0,0,101.6,0,5,31.39,0
16.64,17,4,2,0,1,0,0,8.8,5,0,58.73,0
30.14,21,1,1,0,0,0,0,136.9,1,2,130.2,0
13.64,21,3,0,0,0,0,0,43.9,1,1,17.9,0
22.55,12,4,1,0,0,0,0,15.5,3,3,41.3,0
30.66,12,3,0,0,0,0,0,73.5,0,1,49.93,0
49.68,20,3,0,0,1,0,0,2.8,0,1,66.58,0
15.87,10,2,2,0,0,0,0,16.1,0,1,63.52,0
21.11,19,3,0,0,0,0,0,2.8,0,3,16.84,0
26.53,22,5,3,0,2,0,0,10.0,0,5,4.61,0
15.64,20,2,2,0,0,0,0,5.0,0,5,4.0,0
75.33,11,2,0,0,0,0,1,82.3,0,5,14.71,0
121.74,19,1,2,0,0,0,0,124.8,0,2,38.93,0
5.17,18,2,0,0,0,0,0,81.2,2,3,17.1,0
37.8,20,5,4,0,0,0,1,51.6,1,1,19.39,0
38.09,13,3,0,0,0,0,0,36.5,1,2,5.55,0
12.43,14,2,1,0,0,0,0,30.6,1,1,21.58,0
23.38,15,1,3,0,0,0,0,45.3,0,1,6.57,0
12.06,9,1,1,0,0,0,0,57.8,2,2,25.81,0
125.75,9,5,5,0,2,0,1,377.3,3,1,32.63,0
89.21,11,1,0,0,0,1,0,41.4,1,1,16.88,0
26.02,19,7,2,0,0,0,0,8.0,0,0,17.29,0
10.59,16,1,0,0,1,1,0,19.2,0,1,48.32,0
28.43,17,0,1,0,0,0,0,5.3,1,1,4.95,0
18.25,20,2,1,0,0,0,0,9.2,1,0,18.12,0
22.69,18,4,2,0,0,0,0,47.6,2,0,8.53,0
15.05,20,2,1,0,1,0,0,11.0,0,2,38.47,0
5.15,17,1,1,0,0,0,0,226.5,1,0,7.17,0
69.9,9,6,7,0,3,0,0,10.0,4,2,5.65,0
22.03,21,1,2,0,1,0,0,113.2,2,0,10.06,0
14.85,11,3,0,0,0,0,0,43.6,0,2,113.81,0
46.96,18,2,0,0,0,0,0,76.7,5,4,57.79,0
312.28,17,9,8,4,5,1,0,843.9,4,4,20.72,1
77.27,14,3,3,0,0,0,0,98.1,0,1,31.86,0
29.3,18,1,0,0,0,0,0,48.1,1,0,17.36,0
66.34,6,3,1,0,2,0,0,437.0,1,6,16.45,0
120.02,14,2,0,0,0,0,1,9.7,1,0,9.03,0
46.54,9,2,2,1,0,0,0,30.6,1,1,29.11,0
214.74,9,4,1,0,4,0,0,76.9,1,1,39.19,0
31.36,20,1,3,0,0,0,0,25.2,0,1,28.47,0
67.43,17,0,0,0,0,0,0,2.1,1,0,11.71,0
6.22,14,1,0,0,0,0,0,20.5,1,2,6.6,0
14.02,18,0,0,0,0,0,0,73.5,1,2,11.67,0
8.48,9,3,2,0,0,0,0,21.6,1,2,20.16,0
20.06,20,0,1,0,0,0,0,14.5,0,0,12.73,0
19.57,12,2,1,0,0,0,0,7.0,0,5,4.71,0
34.91,18,3,0,0,0,0,0,40.5,2,2,25.96,0
5.66,14,0,1,1,0,0,0,11.6,2,1,40.44,0
20.45,15,0,2,0,1,1,0,17.1,1,1,16.95,0
6.67,12,1,0,0,0,0,0,96.7,0,2,23.01,0
49.76,15,0,3,0,0,0,0,45.5,2,0,32.62,0
50.34,18,1,1,0,0,0,0,44.7,0,2,17.88,0
8.09,18,2,2,0,0,0,0,42.5,2,0,23.48,0
56.99,10,1,0,0,1,0,0,2.2,0,1,155.53,0
33.64,12,2,0,0,1,0,0,77.4,3,3,129.38,0
23.23,14,1,1,0,0,1,0,120.5,0,0,39.56,0
75.11,16,2,0,0,0,0,0,73.6,1,2,82.15,0
20.02,10,4,0,0,0,0,0,58.1,0,0,49.85,0
6.6,11,3,1,0,1,1,0,72.3,2,1,28.72,0
11.35,16,1,1,0,0,0,0,23.8,0,2,32.8,0
149.16,6,7,5,1,3,1,1,68.2,4,1,7.33,0
7.97,19,4,1,0,0,0,0,85.6,2,1,45.27,0
23.74,20,1,1,0,0,0,0,54.3,1,2,8.26,0
12.21,15,1,1,1,0,0,0,17.9,2,2,75.99,0
37.13,11,1,2,0,1,0,0,107.2,1,1,8.91,0
47.35,12,2,0,0,0,0,0,1.0,0,2,12.58,0
74.04,14,4,1,0,0,0,0,88.3,2,3,21.7,0
12.73,18,2,2,0,0,0,0,76.2,1,1,12.53,0
4.96,12,0,1,0,0,0,0,256.9,4,1,19.28,0
2.43,21,2,1,0,0,0,0,4.1,1,1,44.49,0
5.46,16,2,1,0,0,0,0,92.8,1,3,141.19,0
54.32,10,4,1,0,1,0,0,23.3,1,0,26.08,0
35.09,13,6,0,0,0,0,0,4.0,4,4,42.01,0
72.87,13,1,1,0,0,0,0,1.0,1,1,10.71,0
24.37,15,1,1,0,0,0,0,5.8,1,1,51.81,0
84.55,9,0,0,0,0,0,0,5.8,2,0,31.38,0
18.28,11,1,1,0,1,0,0,42.2,1,0,8.9,0
15.26,20,1,0,0,0,0,0,18.9,1,0,35.56,0
33.4,19,0,1,0,0,0,0,49.4,1,0,34.23,0
22.48,18,1,0,0,0,0,0,91.0,2,0,30.5,0
97.8,14,1,1,0,0,0,0,0.2,1,2,13.88,0
3.11,16,2,0,0,1,0,0,14.6,3,1,74.4,0
28.31,9,4,2,0,0,0,0,166.1,0,0,40.67,0
4.0,11,0,1,0,1,0,0,66.8,0,0,24.41,0
18.23,10,2,1,0,1,0,0,2.6,3,3,21.2,0
19.82,17,2,0,0,0,0,0,39.3,0,0,8.35,0
30.75,8,1,0,0,0,0,0,78.0,2,1,51.86,0
22.49,9,2,1,0,0,0,0,79.8,0,3,60.83,0
63.41,18,2,1,0,0,0,0,113.8,2,2,58.36,0
17.64,18,3,0,0,0,0,0,15.9,2,0,35.55,0
37.0,13,4,0,0,1,0,0,70.2,1,5,6.34,0
15.72,11,5,0,0,0,0,0,173.9,0,1,7.0,0
5.26,20,1,0,0,1,0,0,25.9,2,1,14.52,0
12.04,12,0,2,0,1,0,0,13.6,0,1,42.69,0
13.59,20,0,1,0,0,0,0,63.8,0,1,14.12,0
63.98,12,3,2,0,1,0,0,71.5,3,3,8.71,0
102.03,11,2,1,0,1,0,0,1.3,3,1,45.66,0
72.98,18,1,1,1,0,0,0,28.0,1,0,50.37,0
17.55,18,3,1,0,0,0,0,11.8,1,2,44.52,0
53.37,19,0,0,0,0,0,0,10.8,0,1,9.33,0
92.07,12,0,2,0,0,0,0,21.0,0,6,64.1,0
13.16,15,3,3,0,0,0,0,44.3,1,2,33.11,0
23.38,14,2,1,0,0,0,0,167.7,1,1,8.75,0
32.15,13,3,3,0,1,0,0,21.7,1,3,11.63,0
31.77,19,2,2,0,1,0,0,54.0,3,2,51.29,0
46.52,14,0,0,1,0,1,0,6.6,2,0,14.67,0
220.2,1,6,2,2,0,0,1,55.4,0,3,31.43,0
11.85,14,1,1,0,0,0,0,30.8,0,2,61.68,0
68.68,19,1,0,0,1,0,0,26.3,1,0,14.38,0
19.36,12,1,1,0,0,0,0,79.7,0,4,50.57,0
5.38,16,2,0,0,0,0,0,8.1,0,2,4.92,0
15.3,13,4,0,0,1,0,0,54.8,1,1,35.23,0
123.04,16,0,1,0,0,0,0,7.6,0,0,3.62,0
33.48,9,2,1,0,1,0,0,5.5,2,1,57.86,0
14.37,8,3,0,0,1,0,0,9.8,1,1,57.17,0
207.7,17,2,1,0,2,1,0,96.2,1,2,5.04,0
11.42,11,2,2,0,0,0,0,2.7,1,0,25.74,0
3.11,16,0,1,1,0,0,0,5.0,0,1,52.77,0
23.7,15,0,1,0,0,0,0,20.8,3,0,17.55,0
43.93,10,0,1,0,1,0,0,83.1,0,0,53.0,0
91.01,13,4,1,0,3,0,0,47.5,0,0,14.94,0
9.53,16,4,2,0,0,0,0,0.4,0,1,63.99,0
19.59,9,7,1,0,0,0,0,1.5,1,2,17.48,0
8.01,13,1,1,0,2,0,0,30.9,2,3,34.73,0
10.59,17,2,4,1,1,0,0,15.5,0,4,10.49,0
42.83,20,3,0,0,0,0,0,14.7,2,2,9.0,0
41.34,19,3,0,1,0,0,0,38.4,0,2,4.79,0
7.69,13,5,0,0,0,0,0,127.4,1,0,23.57,0
15.84,11,4,1,0,0,0,0,70.9,0,2,13.48,0
1.62,12,1,0,0,0,1,0,3.9,0,3,16.16,0
21.09,18,1,0,0,0,0,0,4.5,1,1,47.54,0
19.95,20,0,1,0,0,0,0,94.6,0,0,6.06,0
10.28,14,0,3,0,0,0,0,72.2,0,0,25.55,0
15.88,16,0,2,0,1,0,1,8.7,1,1,11.45,0
10.93,10,3,0,0,1,0,0,6.9,2,1,27.54,0
17.11,20,3,1,0,0,0,0,48.7,1,0,27.68,0
4.72,17,1,0,2,0,1,0,26.9,0,3,84.87,0
7.55,17,2,1,0,0,0,0,32.5,0,2,8.73,0
27.44,17,1,0,0,1,0,0,3.5,0,0,13.41,0
19.79,10,2,0,0,0,0,0,49.8,1,0,21.73,0
77.03,18,4,1,0,0,0,0,9.2,0,6,6.86,0
8.11,10,1,0,0,0,0,0,25.8,2,0,14.18,0
168.92,15,2,1,0,0,0,0,20.3,0,1,48.37,0
7.23,17,3,0,0,0,0,0,227.3,1,3,91.66,0
12.51,12,1,1,0,0,0,0,30.9,0,0,57.44,0
8.25,14,3,1,0,2,0,0,4.1,1,4,20.53,0
14.73,16,0,1,0,0,0,0,9.8,2,5,25.23,0
5.17,13,1,0,0,1,0,0,50.6,3,3,12.97,0
61.7,8,1,4,0,0,0,0,110.2,4,3,92.43,0
29.5,9,4,2,0,5,1,0,57.1,1,2,13.1,0
40.16,21,2,3,0,2,0,0,5.3,1,2,12.99,0
373.31,0,9,9,1,2,1,1,1469.6,6,11,18.3,1
9.25,13,2,1,0,0,0,0,102.4,1,2,53.87,0
88.88,20,4,4,0,2,0,1,1583.5,2,4,4.73,0
41.53,21,4,0,0,0,0,0,72.2,2,1,15.13,0
6.46,10,3,1,0,0,0,0,3.7,0,1,3.68,0
65.13,13,5,1,0,1,0,1,256.4,1,3,40.3,0
24.52,14,4,1,0,0,0,0,15.4,0,1,6.32,0
72.07,22,8,2,0,1,0,1,506.0,2,1,10.56,0
22.92,15,1,1,0,0,0,0,11.9,2,0,31.04,0
72.91,18,2,0,0,2,0,0,218.5,1,1,23.61,0
13.56,16,0,2,0,0,0,0,34.2,1,3,7.59,0
8.77,9,3,0,0,1,0,0,48.2,0,1,27.74,0
56.74,13,6,1,0,1,0,0,3.4,1,4,65.9,0
9.33,16,4,0,0,0,0,0,0.4,2,0,7.64,0
19.41,15,1,0,0,0,0,0,11.1,2,4,58.47,0
14.83,18,4,0,0,0,0,0,14.6,0,0,14.3,0
37.0,9,2,0,0,1,0,1,52.6,1,2,18.61,0
30.86,10,1,0,0,0,0,0,0.6,2,3,11.83,0
18.47,16,2,1,0,0,0,1,3.7,0,1,6.07,0
41.43,21,2,1,0,0,0,0,32.7,1,0,33.93,0
14.3,17,3,0,0,0,0,0,79.2,1,1,40.51,0
61.43,10,0,0,0,0,0,0,24.5,0,3,29.04,0
25.48,11,7,1,0,0,0,0,8.1,0,1,38.24,0
13.34,18,0,2,0,0,0,0,25.3,1,2,7.0,0
6.51,17,2,3,0,1,0,0,13.3,1,1,63.39,0
68.11,17,4,3,0,1,0,0,7.8,0,3,20.59,0
19.32,20,2,2,0,0,0,0,44.1,3,2,19.78,0
26.85,13,1,3,0,0,0,0,10.0,2,4,9.78,0
46.32,11,1,2,0,0,0,0,50.1,2,1,21.75,0
67.17,17,2,1,0,1,0,1,76.0,2,0,90.46,0
59.07,23,9,3,0,0,0,1,104.5,4,1,58.37,0
91.91,9,2,0,0,2,0,0,126.4,2,1,12.99,0
14.01,21,1,3,0,0,0,1,31.2,0,2,28.45,0
12.56,21,2,1,0,0,0,0,73.5,3,1,8.33,0
17.7,18,1,1,0,0,0,0,19.8,0,3,54.26,0
10.14,14,1,2,0,0,0,0,9.7,0,2,34.27,0
22.9,20,0,3,0,1,0,0,38.0,1,1,14.72,0
19.52,10,1,0,0,0,0,0,3.3,2,4,15.14,0
32.79,13,4,1,0,0,0,0,4.4,0,2,42.83,0
14.32,10,0,2,0,1,0,0,40.5,0,4,20.39,0
60.06,11,1,2,0,0,0,0,5.8,1,4,16.97,0
25.72,11,1,2,0,0,0,0,71.4,1,1,9.61,0
19.87,17,0,2,0,1,0,0,53.9,0,0,91.2,0
89.42,19,3,2,0,3,1,0,154.0,2,1,27.1,0
28.38,18,2,0,0,0,0,0,93.2,3,1,29.87,0
108.2,7,2,4,2,2,0,1,184.0,1,3,12.82,0
16.69,15,2,1,0,1,0,0,9.4,2,4,7.95,0
31.02,15,2,0,0,0,0,0,114.0,0,2,9.06,0
24.54,15,2,0,0,1,0,0,59.9,1,1,14.06,0
13.66,13,0,2,0,1,0,0,4.4,1,2,41.19,0
21.71,18,2,0,0,0,0,0,10.6,2,0,62.76,0
3.5,8,2,2,0,0,0,0,19.7,2,1,38.72,0
7.53,17,3,2,0,1,0,0,18.5,3,3,18.61,0
34.75,18,0,0,0,0,0,0,56.0,2,1,73.39,0
1.0,8,6,0,0,0,0,0,2.7,2,2,10.46,0
19.09,14,1,2,0,0,0,0,7.1,0,2,24.83,0
71.16,16,2,1,0,0,0,0,40.3,1,2,40.69,0
34.13,18,2,0,0,0,0,0,26.9,2,5,8.06,0
43.0,12,1,0,0,0,0,0,42.6,0,2,155.0,0
31.36,17,1,0,0,0,0,0,12.0,2,1,104.14,0
52.3,12,3,1,0,1,0,0,78.4,0,2,52.55,0
103.22,18,4,1,0,0,0,0,84.8,1,1,7.2,0
31.57,10,3,5,0,3,0,0,10.0,4,3,13.28,0
10.2,19,1,0,0,0,0,0,11.8,1,3,24.29,0
22.44,0,3,5,0,3,0,0,439.3,0,4,22.15,0
16.07,13,2,0,0,0,0,0,14.2,1,1,11.96,0
11.0,16,3,0,0,0,0,0,45.9,0,3,22.33,0
111.15,18,0,3,0,0,0,0,0.3,3,1,59.68,0
12.06,12,3,0,0,1,0,0,93.5,2,0,10.32,0
16.97,18,1,1,0,0,0,0,56.9,1,0,14.37,0
31.37,17,3,0,0,0,0,0,56.1,1,1,14.49,0
156.94,16,7,3,0,0,1,0,116.0,4,4,10.73,0
6.99,21,6,1,0,1,0,0,46.3,3,0,15.6,0
80.79,11,1,0,0,0,0,0,165.4,1,2,43.13,0
17.83,9,3,1,0,0,0,0,77.7,1,1,28.33,0
10.96,20,1,1,0,0,0,0,21.3,3,0,46.35,0
26.87,10,4,3,0,0,0,0,20.0,2,5,8.25,0
54.04,1,11,4,1,4,1,0,253.2,5,5,7.7,1
19.94,9,3,2,0,0,0,0,6.2,1,1,10.58,0
43.31,20,14,6,1,5,1,0,1235.6,8,5,41.62,1
17.52,17,0,3,0,0,0,0,129.3,3,1,44.74,0
26.93,20,2,1,0,0,0,0,9.3,0,0,64.62,0
10.07,21,7,1,0,0,0,0,4.2,1,3,371.34,0
26.0,17,3,3,1,0,0,0,30.4,2,0,39.3,0
18.27,11,0,0,0,0,0,0,59.3,2,1,67.22,0
20.74,15,1,0,0,1,0,0,56.2,0,2,26.99,0
24.88,20,3,3,1,0,0,0,115.8,0,1,6.51,0
371.77,22,11,9,2,4,0,1,811.8,3,3,40.93,1
44.29,16,3,2,0,0,0,0,5.5,0,0,37.14,0
18.03,9,2,0,0,0,0,0,85.8,2,1,22.43,0
18.7,14,2,1,0,0,0,0,40.5,1,2,8.69,0
148.76,19,7,3,0,2,0,0,161.2,2,5,74.49,0
17.38,20,0,3,0,0,0,0,1.0,0,1,114.27,0
68.72,19,4,1,0,0,0,0,15.7,4,0,20.53,0
48.05,18,1,1,0,0,0,0,14.6,0,5,58.68,0
21.85,16,2,3,0,0,0,0,37.0,1,0,52.75,0
67.85,20,0,1,0,0,0,0,195.1,2,2,12.6,0
24.03,15,2,0,0,0,0,0,41.6,1,4,14.39,0
6.2,11,1,1,0,0,0,0,5.8,0,1,20.3,0
6.49,16,2,0,0,1,0,0,10.5,1,0,27.75,0
14.23,19,1,1,0,0,1,0,32.8,1,2,52.8,0
26.03,17,3,1,0,0,0,0,113.6,1,4,54.51,0
21.11,15,1,3,0,0,0,0,97.2,0,1,136.37,0
20.52,19,3,1,0,0,0,0,4.6,2,2,4.19,0
63.92,21,2,2,0,0,0,0,45.4,2,1,34.62,0
3.61,18,2,1,0,1,0,0,5.6,0,2,14.45,0
1002.88,22,5,4,2,8,1,0,651.0,4,5,156.39,1
183.24,19,2,7,0,2,0,0,215.7,4,1,19.37,0
64.29,14,1,1,0,0,1,0,71.0,1,0,163.85,0
33.88,19,1,1,0,0,0,0,26.3,2,0,48.09,0
14.42,3,2,5,0,1,0,0,23.7,6,1,106.01,0
34.17,21,1,0,0,0,0,0,228.7,1,3,23.77,0
10.28,10,1,0,0,0,0,0,30.7,1,1,22.46,0
31.64,10,1,4,0,0,0,0,56.4,2,1,73.16,0
62.77,11,1,1,0,0,0,0,34.2,1,3,21.54,0
7.42,20,2,0,0,0,0,0,14.9,1,3,14.87,0
42.04,14,3,1,0,0,0,0,53.6,1,0,19.65,0
14.07,20,3,1,0,0,0,0,0.6,0,1,59.92,0
31.52,11,1,3,0,0,0,0,7.5,1,0,23.83,0
50.36,10,2,0,0,0,0,0,48.4,1,1,17.11,0
77.19,18,4,5,1,3,0,0,63.7,2,4,10.85,0
29.93,8,2,0,0,0,0,0,103.4,0,1,12.4,0
11.0,11,2,1,0,0,0,0,5.5,1,3,50.81,0
13.11,13,2,2,0,1,0,0,30.4,2,2,22.23,0
11.95,13,2,2,0,0,0,0,20.0,2,0,7.82,0
11.5,13,1,1,0,1,0,0,47.7,0,1,24.71,0
110.99,13,1,0,0,0,0,0,246.9,1,1,5.41,0
13.85,12,1,0,0,2,0,0,36.7,2,1,22.53,0
33.49,9,1,1,1,0,0,0,4.9,1,1,35.04,0
70.47,17,3,3,0,0,0,0,43.1,2,2,30.59,0
24.17,13,0,1,0,0,0,0,31.5,2,2,11.51,0
6.86,19,6,1,0,1,0,0,94.6,1,2,5.92,0
40.35,17,1,1,0,2,0,0,109.2,1,0,48.95,0
41.85,11,1,1,0,1,0,0,93.0,1,4,18.65,0
66.65,0,8,6,2,8,1,1,124.4,4,6,8.99,1
11.35,16,5,0,0,1,0,0,63.4,1,2,22.72,0
73.72,13,0,1,0,0,0,0,3.0,1,2,10.89,0
7.85,18,1,1,0,2,0,0,29.3,2,2,41.68,1
130.75,14,2,1,0,0,0,0,28.5,1,1,61.89,0
21.44,20,1,0,0,0,0,1,2.9,2,3,46.75,0
52.63,15,5,6,0,1,0,0,68.9,2,1,30.04,0
44.91,15,0,1,1,0,0,0,18.4,2,1,22.06,0
42.41,17,3,0,0,0,0,0,86.4,0,1,38.71,0
6.98,10,1,0,0,0,0,0,6.3,0,0,35.79,0
19.95,20,0,0,0,0,0,0,114.0,2,0,14.56,0
51.53,17,2,1,0,0,0,0,267.3,0,0,6.01,0
6.46,8,0,0,0,1,0,0,22.6,2,2,14.9,0
1.23,12,1,1,0,0,0,0,1.9,1,3,23.98,0
6.25,20,2,1,0,1,0,0,1.8,0,4,55.83,0
26.67,20,4,2,0,0,0,0,15.8,1,2,33.18,0
56.18,16,1,2,0,0,0,0,14.2,1,1,67.03,0
10.06,9,2,3,0,0,0,0,5.1,1,1,53.82,0
30.98,9,3,0,0,0,0,0,5.4,1,1,47.4,0
12.64,13,0,1,0,0,0,0,36.9,1,1,11.32,0
103.86,15,2,0,0,0,0,0,5.7,1,0,56.11,0
35.69,16,1,1,0,0,0,0,20.4,1,0,52.64,0
3.28,18,3,0,0,2,0,1,39.6,0,0,30.34,0
213.12,20,2,1,0,0,1,1,5.1,3,2,22.86,0
23.62,14,1,1,0,0,0,0,50.2,1,1,16.59,0
26.05,18,4,1,0,0,0,0,36.1,2,4,15.84,0
5.3,13,3,0,0,3,0,0,189.5,3,2,84.25,0
14.96,9,6,2,0,0,0,1,44.0,4,3,7.72,0
9.68,14,4,0,0,1,0,0,10.5,1,0,58.1,0
3.09,9,2,0,0,0,0,0,12.7,1,0,13.95,0
17.04,19,1,2,0,1,0,0,71.0,0,1,101.95,0
54.88,18,1,1,0,1,0,0,108.0,3,2,37.37,0
25.58,17,0,1,0,0,1,0,51.9,0,2,96.47,0
68.44,12,2,2,0,0,0,0,18.8,0,1,78.77,0
60.93,14,0,0,0,1,0,0,45.9,2,2,55.97,0
6.11,17,4,0,0,0,0,0,11.0,2,0,14.49,0
26.89,15,1,1,0,1,0,0,124.0,0,1,7.26,0
14.15,10,0,0,0,0,0,0,27.0,1,0,10.29,0
44.4,14,1,2,0,0,0,1,80.9,1,2,17.91,0
11.6,11,1,2,0,0,0,0,238.3,3,2,33.95,0
21.36,19,1,1,0,0,0,0,41.3,0,0,22.62,0
14.16,16,4,2,0,0,0,0,107.6,1,0,28.93,0
42.48,14,0,3,0,0,0,1,5.0,0,0,66.01,0
57.92,13,3,0,0,0,0,0,73.7,0,0,50.2,0
75.92,16,3,0,0,0,0,0,85.3,0,1,59.36,0
28.99,10,4,0,0,0,0,0,17.8,2,1,8.96,0
11.47,11,0,0,0,0,0,0,159.6,2,1,73.91,0
35.26,18,1,1,0,0,0,0,63.7,0,1,38.59,0
18.23,19,2,0,0,1,0,0,45.9,0,4,34.14,0
19.19,12,5,0,0,1,0,0,25.2,1,1,12.99,0
5.63,9,3,2,0,1,0,0,14.2,1,1,25.2,0
14.94,20,1,2,0,1,1,0,6.9,3,1,7.08,0
12.99,20,2,2,0,1,0,0,55.4,3,3,6.86,0
21.41,16,3,2,0,0,0,0,73.8,1,1,36.68,0
50.07,16,0,2,0,0,0,0,119.3,1,3,16.8,0
31.94,10,1,1,0,1,0,0,42.7,0,0,21.3,0
68.2,18,1,0,0,0,0,0,34.2,2,2,36.86,0
116.74,18,3,2,0,2,0,0,14.6,1,0,10.93,0
16.95,12,1,1,0,0,0,0,32.0,1,2,121.79,0
49.25,12,1,0,0,0,0,0,33.5,0,0,7.55,0
18.19,13,2,2,1,1,0,0,53.2,1,2,11.77,0
25.06,18,0,0,0,0,0,0,43.3,1,1,96.94,0
37.68,10,3,1,0,0,0,0,40.7,0,1,59.56,0
23.24,14,3,1,0,0,0,0,1.8,0,2,19.22,0
28.75,13,1,0,1,0,0,0,88.0,1,3,7.69,0
7.74,21,1,0,0,0,0,0,0.8,0,2,36.77,0
2.28,19,2,1,0,1,0,0,15.8,1,1,26.55,0
10.99,15,2,2,0,1,0,0,72.1,2,4,22.68,0
43.57,20,0,1,0,0,0,0,5.5,0,2,4.56,0
58.34,21,5,0,2,0,0,0,45.1,0,1,4.9,0
183.98,6,4,6,0,1,0,1,167.2,3,3,12.09,0
8.14,21,1,0,0,0,0,1,69.1,1,0,18.57,0
8.23,16,0,1,0,1,0,0,53.3,1,0,87.08,0
70.14,9,1,2,0,0,0,0,88.5,2,5,36.93,1
33.58,10,5,1,0,0,0,0,24.6,2,0,50.05,0
57.41,9,3,0,0,0,0,0,8.4,0,3,14.1,0
26.71,21,3,0,0,1,1,0,35.7,0,0,63.73,0
30.61,10,0,1,0,1,0,0,71.5,0,1,64.68,0
60.26,20,1,0,0,0,0,0,46.5,1,1,49.14,0
64.2,21,3,0,0,0,0,0,27.2,1,0,8.86,0
32.37,9,2,1,1,1,0,0,50.4,1,3,41.63,0
19.0,18,1,2,0,1,0,0,23.2,0,1,10.41,0
5.93,18,3,2,0,0,0,0,100.7,2,0,42.41,0
38.07,14,3,2,0,0,0,0,14.5,0,2,10.82,0
41.2,15,1,0,0,0,0,0,29.7,2,0,5.42,0
69.21,20,1,0,0,1,0,0,12.2,0,2,39.89,0
25.58,20,2,2,0,0,0,0,28.5,0,0,235.92,0
58.38,21,0,1,0,0,0,0,177.8,0,0,9.35,0
26.04,12,1,1,0,0,0,0,16.6,1,5,6.88,0
8.78,13,2,3,0,1,0,0,11.3,0,0,39.21,0
5.97,9,4,0,0,0,0,0,198.1,1,0,64.04,0
25.22,18,2,1,0,1,0,0,0.5,4,1,14.1,0
9.98,18,0,0,0,0,0,0,38.8,1,3,19.97,0
18.63,15,3,3,0,0,0,0,15.5,3,3,9.02,0
22.55,11,3,2,1,2,0,1,296.7,1,2,28.51,1
26.85,8,0,0,0,0,0,0,3.5,4,1,32.87,0
24.11,14,2,0,0,0,0,0,14.9,2,3,39.05,0
18.09,19,1,0,0,3,0,0,74.3,1,0,50.91,0
174.79,21,12,5,1,4,0,1,319.6,5,9,16.16,1
38.62,15,4,1,0,1,0,0,72.2,0,1,108.05,0
9.68,11,0,2,0,0,0,0,63.9,4,0,119.61,0
59.59,11,0,0,0,0,0,0,10.8,3,1,9.31,0
14.38,13,3,0,0,0,0,0,22.7,1,1,27.37,0
3.05,21,1,0,0,0,0,0,98.1,0,2,23.86,0
33.7,9,0,1,0,1,0,0,36.6,0,3,7.04,0
5.61,11,0,3,0,0,0,0,247.0,3,1,92.18,0
40.22,20,1,1,0,0,0,0,30.5,1,1,23.95,0
17.66,10,1,0,0,0,0,0,12.2,3,3,29.67,0
15.89,14,1,1,0,1,0,0,20.0,1,1,2.0,0
5.53,19,1,2,0,1,0,0,3.4,1,1,44.01,0
23.25,10,0,0,0,0,0,0,102.9,2,2,14.82,0
9.58,8,2,2,0,1,0,0,30.1,1,1,36.82,0
116.46,10,9,3,1,2,1,0,35.1,1,2,52.49,0
11.32,11,1,2,0,0,0,0,54.6,0,0,31.16,0
7.36,16,3,0,0,1,0,0,20.6,0,1,60.62,0
35.57,18,4,0,0,0,1,0,58.2,2,1,140.87,0
102.99,12,1,1,0,0,0,0,66.3,2,1,28.34,0
42.18,20,0,0,0,0,0,0,414.1,1,0,7.34,0
286.45,11,3,3,1,1,0,0,98.0,2,5,10.95,0
50.74,12,0,1,0,0,0,0,92.2,3,0,22.47,0
22.38,10,2,0,0,0,0,0,14.1,0,0,193.43,0
59.67,19,1,0,0,0,0,0,34.7,1,1,9.65,0
5.75,14,4,1,0,0,0,1,112.8,0,0,17.67,0
52.99,15,3,3,0,1,0,0,123.2,0,3,44.96,0
22.8,17,1,0,0,0,0,0,109.9,1,1,56.56,0
82.89,10,5,0,0,0,0,0,45.9,0,1,9.84,0
36.6,11,2,0,0,0,0,0,94.0,0,5,53.16,0
34.67,9,2,0,0,1,0,0,0.8,1,2,95.29,0
126.51,17,1,0,0,1,0,0,3.7,0,2,11.07,0
4.05,13,2,2,0,1,0,0,16.4,1,1,15.98,0
22.6,19,2,1,0,0,0,0,0.8,0,0,30.95,0
10.3,10,3,0,0,0,0,0,41.4,0,2,15.92,0
56.35,12,3,0,0,0,0,0,168.4,3,0,128.04,0
12.37,11,4,0,0,1,0,0,41.3,0,1,59.76,0
11.13,18,3,0,1,0,0,0,66.8,1,2,18.09,0
43.01,18,1,1,0,0,0,0,39.8,2,2,33.67,0
50.07,8,3,2,0,0,0,0,81.2,2,0,9.92,0
15.25,11,1,0,0,0,0,0,23.7,1,1,45.86,0
38.41,9,0,0,0,0,0,0,66.6,0,2,118.41,0
106.25,20,2,0,0,0,0,0,34.5,2,0,65.76,0
29.49,19,2,2,1,0,0,0,5.5,1,2,79.08,0
32.78,15,2,1,0,0,0,0,57.0,1,2,12.83,0
6.39,9,0,1,0,0,0,0,3.3,0,1,19.04,0
122.96,10,5,3,0,0,0,0,21.4,2,1,112.58,0
8.1,13,3,0,0,1,0,0,31.6,3,1,58.28,0
28.88,8,1,0,0,0,0,1,41.2,1,1,26.88,0
21.18,10,2,0,0,1,0,0,4.1,1,0,14.94,0
28.78,13,2,1,0,0,0,1,20.8,1,5,42.26,0
10.06,19,3,2,0,1,0,1,119.1,5,1,24.98,0
26.58,17,2,1,0,0,0,0,84.5,2,2,69.39,0
11.66,12,4,1,0,0,0,0,39.0,1,1,90.87,0
93.8,0,10,6,0,5,1,1,538.3,0,3,31.36,1
6.64,9,2,0,0,1,0,0,1.8,2,2,20.01,0
54.7,10,3,2,1,0,0,0,45.8,2,1,8.48,0
21.3,18,2,1,0,0,0,0,45.9,0,3,9.89,0
12.87,19,4,4,0,1,0,0,15.8,0,0,47.45,0
9.84,17,1,1,0,0,0,0,70.9,0,0,132.76,0
15.55,20,2,0,2,0,0,0,16.1,3,0,48.88,0
27.26,19,2,2,0,1,0,0,30.8,3,2,25.0,0
98.88,12,5,1,0,0,0,0,36.4,1,2,21.15,0
14.81,8,3,1,1,0,1,0,13.8,1,3,37.56,0
96.68,19,0,1,0,0,0,0,0.6,1,2,15.25,0
35.11,18,2,1,0,0,0,0,21.4,2,0,43.74,0
23.48,8,1,1,0,0,0,0,20.8,0,0,12.82,0
11.65,10,5,1,0,1,1,0,210.1,1,1,5.29,0
28.39,18,2,0,0,0,0,0,11.7,2,1,160.3,0
16.37,17,1,2,0,0,0,0,28.9,1,0,33.81,0
109.32,17,3,0,0,0,0,0,64.1,1,4,36.42,0
22.88,0,5,6,0,3,0,0,63.8,4,2,37.43,0
17.73,15,5,0,0,0,0,0,57.7,0,0,61.23,0
6.56,16,1,0,0,1,0,0,34.9,1,1,36.39,0
10.4,12,3,1,0,0,0,0,3.7,5,0,44.07,0
11.93,9,2,2,0,0,0,0,150.8,0,1,37.11,0
3.08,18,0,1,0,0,0,0,10.2,2,1,86.09,0
4.97,8,4,0,1,0,1,0,50.2,0,0,51.49,0
58.96,9,2,0,0,0,0,0,5.5,1,0,1.68,0
241.07,18,5,3,1,6,1,1,105.0,4,3,18.71,1
15.57,15,0,0,0,0,0,0,62.8,2,3,14.09,0
17.55,11,0,0,0,1,0,0,13.6,2,0,11.4,0
29.3,10,2,0,0,0,0,0,9.5,0,1,32.8,0
30.14,18,0,0,0,0,0,0,16.9,0,2,6.36,0
15.87,14,0,1,0,2,0,0,111.7,1,1,36.63,0
143.43,22,1,5,0,2,1,0,20.6,1,3,10.36,0
65.41,4,6,4,0,3,0,0,93.8,3,0,3.28,0
127.39,9,2,0,0,1,0,1,29.8,0,1,46.32,0
39.05,19,0,2,0,1,0,0,54.1,2,2,70.12,0
30.8,16,1,1,0,2,0,0,44.3,4,0,71.19,0
36.68,9,3,0,0,0,1,0,64.1,1,4,25.23,0
58.91,9,4,0,0,0,0,0,25.9,1,1,34.08,0
168.08,12,3,0,1,1,0,0,15.2,3,2,42.0,0
35.16,10,2,1,0,0,0,0,55.6,4,0,17.55,0
46.37,20,1,0,0,0,0,0,0.0,0,0,19.84,0
45.1,14,1,1,1,1,0,0,26.0,2,0,88.96,0
9.98,18,2,2,0,0,0,0,11.5,3,1,7.11,0
64.25,17,4,3,0,1,0,0,59.6,2,2,62.05,0
17.21,17,1,1,0,0,0,0,20.1,2,2,16.44,0
20.76,13,4,1,0,1,0,0,69.6,0,2,53.87,0
47.85,13,4,2,0,1,0,0,10.6,2,1,9.97,0
5.89,12,4,0,0,0,0,0,25.5,0,2,10.55,0
75.86,16,4,0,0,0,0,0,3.1,1,1,223.9,0
316.9,23,4,5,0,4,1,0,155.9,0,2,5.93,0
71.75,12,2,1,0,0,0,0,147.2,2,2,23.11,0
5.0,16,1,2,0,0,0,0,52.8,2,0,63.45,0
137.23,4,6,3,0,1,0,0,106.3,3,3,113.7,0
4.45,16,3,1,0,0,0,0,4.5,1,0,14.81,0
383.46,22,6,6,1,3,0,1,69.1,2,6,53.25,1
26.82,9,1,2,0,0,0,0,43.6,0,2,75.48,0
31.27,15,1,0,0,0,0,1,3.6,1,3,76.16,0
14.47,18,3,2,1,1,0,0,44.2,1,0,7.41,0
11.29,14,2,0,0,0,0,0,29.7,1,0,34.74,0
149.5,2,2,3,0,1,0,1,128.4,4,5,27.4,0
174.21,18,1,0,0,0,0,0,13.8,2,2,30.35,0
77.32,14,3,1,0,0,0,0,201.9,1,0,35.58,0
30.07,15,1,2,0,0,0,0,12.0,3,1,41.46,0
31.47,12,1,0,0,0,0,0,81.9,1,3,13.01,0
33.12,11,3,1,0,0,0,1,7.4,3,0,14.76,0
327.72,3,3,4,0,2,0,0,10.0,5,6,12.08,0
70.05,14,0,1,0,0,0,0,108.7,0,1,29.89,0
44.95,12,0,0,0,0,0,0,6.8,1,1,25.6,0
38.05,14,0,2,0,0,0,0,17.6,2,0,14.67,0
43.62,10,2,0,0,1,0,0,43.6,0,0,24.23,0
30.02,8,1,0,0,1,0,0,34.2,1,2,8.37,0
17.04,15,1,1,0,1,0,0,57.5,1,1,10.3,0
12.24,16,1,0,0,0,0,0,23.2,0,2,41.09,0
3.26,14,1,0,0,0,0,0,16.6,1,1,63.56,0
9.38,17,0,1,0,0,0,0,214.3,1,1,5.34,0
8.0,12,2,2,0,0,0,0,43.4,1,2,214.22,0
16.05,11,2,1,0,0,0,0,13.6,0,0,36.69,0
570.74,10,12,2,0,3,0,0,15.8,3,3,2.98,0
5.92,10,2,1,0,1,0,0,7.2,0,1,10.65,0
42.07,21,3,1,0,1,0,0,144.7,3,0,102.31,0
10.59,17,0,2,0,1,0,0,62.6,5,1,7.52,0
34.62,11,2,1,0,0,0,0,27.3,3,2,190.18,0
48.35,19,1,0,0,1,0,0,6.8,0,1,9.54,0
61.06,16,3,4,0,0,0,0,22.1,1,2,3.79,0
33.27,16,2,1,0,0,0,0,36.1,0,1,75.1,0
45.12,9,3,0,0,1,0,0,70.9,0,0,20.46,0
9.86,16,2,1,0,1,1,0,154.2,1,1,27.56,0
78.43,12,3,0,0,0,0,0,28.7,1,3,4.68,0
7.09,16,3,1,0,0,0,0,208.4,3,1,24.66,0
44.0,10,1,0,0,0,0,0,90.9,2,2,16.6,0
214.76,3,8,2,0,5,1,0,50.0,5,5,21.51,1
5.45,21,3,0,0,0,0,0,77.0,1,0,18.66,0
319.12,9,2,1,0,0,0,0,3.0,1,2,3.03,0
60.16,16,3,2,0,0,0,0,169.8,2,0,30.62,0
95.82,19,4,2,0,1,0,0,156.2,1,1,32.06,0
109.1,17,1,1,0,0,0,0,27.4,0,3,9.38,0
16.79,9,1,2,0,0,1,0,51.9,1,0,91.17,0
4.82,20,0,3,0,0,0,0,8.4,1,2,84.88,0
140.57,10,1,2,0,0,0,0,0.4,2,2,10.89,0
11.34,16,1,1,0,2,0,0,29.1,0,0,15.61,0
53.03,13,3,1,0,0,0,0,10.5,0,1,14.86,0
6.16,8,2,2,0,1,0,1,117.8,1,2,24.03,0
25.03,6,4,4,0,1,0,0,60.0,0,1,109.97,0
5.66,12,4,1,1,0,0,0,25.0,1,2,8.63,0
20.54,11,1,0,0,0,0,0,9.1,1,0,86.7,0
16.53,20,0,1,0,0,0,0,187.1,2,0,13.02,0
30.76,21,2,0,0,1,0,0,12.2,0,1,39.21,0
122.5,9,3,5,1,0,1,1,216.0,3,1,4.22,0
112.94,7,4,2,0,0,0,0,46.2,2,1,15.83,0
103.78,18,4,1,0,0,0,0,11.1,3,1,13.66,0
38.27,9,1,2,0,0,0,0,56.2,3,3,15.58,0
12.2,16,2,0,0,0,0,0,15.1,6,1,88.66,0
20.51,17,3,2,0,0,0,0,10.4,0,2,23.91,0
43.08,13,2,0,0,0,0,0,21.2,0,3,23.21,0
40.09,10,1,0,0,1,0,0,5.7,2,1,26.45,0
45.55,15,2,1,0,0,0,0,48.8,1,2,10.95,0
16.33,10,0,2,0,1,0,0,114.1,3,0,35.9,0
31.53,13,2,1,1,0,0,0,68.6,0,0,35.74,0
25.57,13,4,2,0,0,0,0,23.4,1,1,58.95,0
15.62,8,0,3,0,0,0,0,3.1,0,4,35.66,0
60.11,17,4,1,0,1,1,0,1.9,2,1,40.23,0
23.93,19,1,2,0,0,0,0,164.9,1,1,79.61,0
28.53,14,1,1,0,2,0,0,64.3,0,2,26.42,0
9.48,18,2,1,0,0,0,0,12.0,2,2,155.18,0
101.72,20,2,3,0,0,0,0,101.3,1,3,53.87,0
320.18,10,3,1,0,5,1,0,50.0,3,7,18.83,1
30.57,11,0,0,0,0,0,0,317.9,2,3,21.78,0
25.66,11,2,0,0,0,0,0,16.9,0,1,22.1,0
25.05,11,1,1,0,0,0,0,56.2,0,3,18.86,0
11.01,10,1,1,0,0,0,0,12.2,1,1,73.84,0
176.64,8,1,0,0,0,0,0,69.7,1,3,15.72,0
72.25,17,6,1,0,0,0,0,36.5,1,0,16.0,0
16.96,17,1,2,0,0,0,1,66.0,0,2,21.36,0
10.27,12,1,1,0,0,0,0,18.8,0,2,26.23,0
44.04,21,6,3,0,2,1,1,80.9,4,4,26.46,0
16.18,14,1,1,0,0,0,0,19.2,1,2,83.53,0
46.22,18,3,1,0,0,0,0,21.0,0,3,24.83,0
7.93,16,3,1,1,1,0,0,3.3,0,4,83.01,0
8.4,14,3,0,0,0,0,0,25.8,0,1,7.83,0
270.27,9,2,5,0,1,1,0,425.1,1,4,96.32,0
32.12,19,2,3,0,1,0,0,8.2,1,0,87.93,0
45.6,18,3,1,0,0,0,0,6.0,0,3,6.58,0
22.35,18,2,2,1,0,0,0,87.4,1,4,50.96,0
22.03,13,1,1,0,1,0,0,97.1,0,1,20.73,0
24.99,19,4,1,0,0,0,0,100.3,2,2,55.68,0
8.42,16,1,1,0,0,0,0,72.1,3,1,7.22,0
8.44,14,2,1,0,0,0,1,111.6,0,0,20.52,0
316.49,23,9,3,1,5,1,1,566.6,5,9,27.06,1
9.72,18,1,1,0,1,0,0,36.1,2,1,6.12,0
50.34,10,4,3,0,0,0,0,13.7,5,2,59.02,0
82.12,18,4,0,0,0,0,1,8.7,1,3,27.28,0
43.19,15,1,1,0,0,0,0,107.7,1,0,16.68,0
112.61,17,0,1,0,0,0,0,7.6,0,2,13.0,0
7.34,15,2,0,0,1,0,0,21.1,0,1,12.37,0
20.22,12,0,0,0,1,0,0,21.8,0,1,55.45,0
6.91,15,5,1,0,1,0,0,41.2,0,1,49.25,0
32.24,11,2,1,0,0,0,0,94.9,0,1,17.35,0
46.43,19,1,0,0,0,0,0,1.4,1,1,23.52,0
63.01,21,4,5,0,0,0,1,34.2,2,1,7.16,0
12.35,11,3,1,0,0,0,0,53.2,1,0,73.35,0
41.85,17,1,0,0,0,1,0,9.8,2,2,6.0,0
47.09,13,3,2,0,0,0,0,24.0,1,0,17.98,0
32.35,21,1,1,0,0,0,0,8.7,0,1,33.31,0
76.4,19,1,1,0,0,0,0,8.4,1,2,10.94,0
170.61,2,11,5,0,1,1,0,50.0,5,4,16.03,1
16.14,13,2,1,0,0,0,0,5.4,0,0,25.86,0
4.76,10,2,2,0,0,0,0,121.3,1,1,73.09,0
5.88,9,5,2,0,0,0,0,18.4,1,2,39.65,0
22.07,16,2,1,0,0,0,0,83.3,3,1,86.42,0
7.92,18,5,1,0,0,0,0,82.7,1,0,33.75,0
19.02,13,2,1,0,0,1,0,24.7,0,0,14.06,0
86.8,14,1,2,0,0,0,0,40.8,1,3,45.43,0
51.1,19,0,1,0,0,0,1,31.5,1,2,9.96,0
10.91,9,0,3,0,0,0,1,131.4,0,0,42.39,0
43.04,8,2,2,0,1,1,0,32.3,0,2,31.61,0
8.35,18,1,0,0,0,0,0,19.6,2,4,19.73,0
33.93,11,9,2,2,2,1,0,375.8,2,5,40.0,0
68.22,12,2,1,0,1,0,0,33.2,1,2,26.46,0
21.69,18,5,1,1,0,0,0,13.1,1,1,46.13,0
10.74,18,2,0,0,0,0,0,62.9,1,1,59.08,0
22.15,15,3,1,0,0,0,0,61.6,1,2,118.08,0
89.85,8,3,0,1,0,0,0,9.9,1,1,14.92,0
28.74,8,2,1,0,0,0,0,27.4,0,2,16.09,0
5.96,18,2,1,0,2,0,0,1.6,3,1,24.92,0
44.28,19,4,0,0,0,0,0,0.5,0,2,39.26,0
51.94,8,3,4,0,0,1,0,751.5,4,3,26.6,0
23.67,19,3,0,0,0,0,0,94.9,2,2,4.89,0
22.02,15,5,0,0,1,0,0,9.9,0,1,26.11,0
34.65,20,3,2,0,0,0,0,37.2,1,0,43.1,0
26.36,17,2,0,0,0,0,0,47.5,1,1,133.03,0
32.14,12,1,3,0,1,0,0,29.1,2,0,39.62,0
75.69,12,2,2,0,0,0,0,116.5,0,3,6.12,0
28.42,13,2,0,0,0,0,0,13.5,1,4,6.76,0
22.43,13,1,1,0,0,0,0,30.5,0,2,29.78,0
26.87,18,2,3,0,0,0,0,11.2,1,3,35.06,0
5.5,17,0,0,0,1,1,0,44.4,3,3,15.47,0
37.19,18,3,2,0,1,0,0,13.9,0,2,72.33,0
56.81,12,2,0,0,1,0,0,13.9,0,1,51.89,0
15.21,19,2,0,0,0,0,0,43.9,0,3,31.28,0
155.12,9,4,1,0,0,0,0,11.1,2,4,93.66,0
16.36,10,0,0,0,0,0,0,29.2,1,1,79.27,0
22.72,1,10,1,0,4,1,0,112.5,2,3,89.96,0
79.49,19,2,1,0,0,0,0,5.2,2,0,26.68,0
57.88,18,3,1,0,1,0,0,92.5,1,1,36.74,0
126.15,14,6,10,1,8,1,0,284.3,4,5,54.31,1
23.73,17,0,2,1,2,0,0,11.5,2,3,38.2,0
12.74,20,2,0,1,0,0,0,5.2,1,0,26.2,0
36.28,13,4,1,0,1,0,0,16.2,1,3,21.57,0
61.42,18,5,1,0,0,0,0,145.3,3,2,38.16,0
58.15,8,3,3,0,1,0,0,636.9,5,4,20.91,0
4.15,21,6,3,0,1,0,0,2.6,3,0,113.18,0
196.61,5,7,9,4,4,1,0,136.1,6,4,23.6,1
26.37,19,2,2,0,0,0,0,4.9,2,2,58.58,0
18.83,20,0,0,0,1,0,0,58.6,0,0,36.02,0
31.99,9,2,0,0,0,0,0,56.7,1,0,16.81,0
87.82,13,2,3,0,1,0,0,125.4,2,1,5.59,0
102.57,8,3,2,0,0,0,0,43.3,2,0,23.74,0
229.06,6,7,5,0,3,0,1,85.1,4,3,9.19,0
31.85,12,0,0,0,0,0,0,91.0,1,2,28.94,0
21.92,14,5,1,0,0,0,1,0.2,3,2,14.52,0
131.11,10,8,8,2,3,0,0,564.0,3,8,23.39,1
22.3,12,1,0,0,0,0,0,138.9,3,2,4.41,0
36.19,11,1,2,0,0,0,0,61.9,1,0,70.09,0
52.31,8,3,5,0,1,0,0,29.3,3,2,61.26,0
124.92,19,6,3,0,0,0,0,168.3,5,4,13.46,0
37.03,16,0,1,0,0,0,0,37.4,2,4,9.92,0
58.52,11,4,0,0,2,0,0,21.6,1,0,116.44,0
9.26,13,4,0,0,0,0,0,23.5,3,2,8.56,0
16.18,14,3,0,0,0,0,0,48.9,0,0,78.39,0
38.71,16,1,2,0,0,0,0,57.9,1,1,14.82,0
2.05,21,3,0,0,0,0,0,0.5,1,0,36.55,0
24.87,21,3,1,0,1,0,0,27.7,0,1,45.27,0
14.26,15,1,4,0,1,0,0,85.9,1,1,58.12,0
11.95,14,1,0,0,0,0,0,39.2,4,2,24.44,0
5.42,15,2,1,0,0,0,0,50.8,2,3,11.01,0
11.59,20,2,2,0,0,0,0,6.4,2,2,82.75,0
60.56,19,6,8,0,2,0,1,152.1,0,4,63.24,0
5.26,11,3,4,0,1,0,0,21.3,1,1,80.77,0
17.11,10,0,0,0,0,0,0,52.7,1,3,9.02,0
23.3,20,2,0,0,0,0,0,12.5,1,1,25.16,0
33.95,15,0,0,0,0,0,0,163.8,0,1,18.36,0
48.44,10,2,1,0,0,0,0,103.7,1,0,30.26,0
175.16,11,2,1,0,0,0,0,100.1,0,1,14.49,0
22.89,19,1,0,0,0,0,1,177.3,3,0,156.15,0
83.55,19,5,6,1,3,0,0,94.1,3,4,73.72,0
39.2,20,7,1,0,1,0,0,1.9,1,3,4.47,0
11.14,14,3,1,0,1,0,0,20.7,0,1,54.84,0
9.85,15,4,0,0,0,1,0,19.1,3,4,27.56,0
6.73,21,7,2,0,0,0,1,23.5,1,2,53.98,0
4.97,8,1,2,0,0,0,0,100.3,0,1,129.39,0
30.92,14,3,1,0,0,1,0,35.8,1,0,12.36,0
54.8,14,2,0,0,0,0,0,0.7,2,0,8.4,0
17.38,20,2,0,0,0,0,0,33.3,0,0,18.73,0
3.72,17,2,0,0,0,1,0,2.4,2,0,21.62,0
56.75,20,3,3,0,1,0,1,119.0,1,1,19.88,0
109.42,18,4,6,1,3,0,1,637.4,1,2,17.02,0
29.81,13,2,1,0,1,0,0,16.4,3,1,9.46,0
38.38,15,3,2,0,0,0,0,56.1,1,0,38.48,0
28.76,18,0,0,0,0,0,0,22.6,3,0,54.14,0
41.25,17,2,1,0,1,1,0,17.3,3,3,75.49,0
22.08,18,0,2,0,0,0,0,102.3,1,2,72.97,0
47.01,11,2,1,0,0,0,0,4.1,0,1,35.72,0
47.05,19,3,2,0,0,0,0,18.5,2,1,5.54,0
28.84,15,4,0,0,0,1,0,22.2,2,3,42.56,0
11.21,9,3,2,0,0,0,1,82.7,2,2,18.15,0
202.69,2,9,5,3,4,1,1,86.9,6,5,72.26,1
20.82,15,4,0,0,0,0,0,9.5,1,0,2.75,0
172.71,9,3,3,0,0,0,0,121.2,1,4,11.85,0
48.4,13,2,1,0,0,0,0,134.9,2,0,158.26,0
27.52,19,1,1,0,1,0,0,49.5,1,2,29.57,0
25.38,15,3,1,1,1,0,0,5.2,3,2,23.68,0
8.23,18,2,1,0,0,0,0,12.5,1,1,70.76,0
5.87,13,1,1,0,0,0,0,38.7,4,3,15.59,0
44.91,14,3,4,0,1,0,0,14.8,1,2,17.28,0
16.25,16,4,0,0,0,0,0,66.7,3,3,12.25,0
27.73,8,0,1,0,1,1,0,34.1,0,2,34.1,0
33.82,8,0,0,0,0,0,1,29.3,3,1,263.91,0
26.95,19,3,3,0,0,0,0,9.1,2,1,72.64,0
14.96,11,2,0,2,0,0,0,15.3,2,4,3.65,0
24.56,9,0,0,0,0,0,0,168.3,4,0,4.7,0
140.99,22,8,3,0,3,0,0,219.6,3,5,36.87,0
6.89,9,2,1,0,1,0,0,92.3,1,2,19.01,0
8.97,11,4,0,0,0,0,0,39.0,3,2,3.55,0
48.81,20,3,2,1,0,0,0,16.1,0,2,7.22,0
16.46,21,0,3,0,1,0,0,246.9,1,1,34.83,0
11.28,21,3,0,0,0,0,0,2.9,2,1,4.12,0
21.22,13,1,0,0,0,0,0,35.5,1,2,56.09,0
75.49,9,4,2,0,0,0,0,72.0,0,0,7.78,0
24.42,12,0,1,0,0,0,0,3.4,2,2,18.02,0
14.55,21,3,0,0,1,0,0,37.7,3,2,17.67,0
23.79,9,2,0,0,0,0,0,70.5,1,2,21.22,0
54.64,19,4,0,0,0,0,0,1.8,3,1,25.21,0
188.7,11,2,1,0,3,1,1,208.0,2,5,41.79,0
44.43,13,2,1,1,0,0,0,26.7,1,2,50.99,0
271.21,23,6,8,2,6,1,0,244.7,3,5,14.1,1
15.84,17,1,0,0,1,0,0,46.7,1,1,36.27,0
8.57,20,0,0,0,1,0,0,34.3,2,2,77.79,0
55.0,10,0,1,0,0,0,0,21.2,1,1,27.12,0
72.19,18,2,1,0,0,0,0,64.5,3,1,60.18,0
40.06,17,3,2,0,1,0,0,11.4,5,0,49.82,0
9.32,13,2,1,0,1,0,0,10.8,2,0,15.8,0
23.71,14,3,1,0,1,0,1,17.9,2,2,35.47,0
31.83,16,1,0,0,1,0,0,147.4,0,1,83.64,0
40.21,11,0,0,0,0,0,0,26.8,1,4,19.21,0
35.5,10,3,2,0,0,0,0,4.4,1,4,20.31,0
19.26,13,0,0,0,0,0,0,7.1,0,1,44.82,0
15.61,12,3,3,0,1,0,0,180.1,1,2,14.95,0
192.55,10,1,0,0,0,0,0,36.5,2,1,106.32,0
37.51,12,0,0,0,0,0,0,47.5,0,1,92.57,0
5.86,18,3,1,0,0,0,0,19.6,1,2,12.09,0
14.52,15,0,0,0,0,1,0,63.8,1,2,17.92,0
26.35,4,4,3,0,3,1,1,54.9,1,3,129.97,0
25.1,13,2,1,0,0,0,0,14.5,1,2,19.5,0
12.46,11,1,1,0,0,0,0,48.4,1,0,106.59,0
28.37,20,2,0,0,0,0,0,19.3,1,0,25.47,0
23.54,16,3,2,0,1,0,0,148.5,3,0,16.51,0
16.2,6,11,5,2,4,1,0,50.0,5,2,170.92,1
121.12,16,2,0,0,0,0,0,27.1,2,2,14.85,0
55.74,13,2,1,0,0,0,0,48.1,2,2,21.96,0
56.63,23,5,5,0,6,0,0,430.8,5,1,42.91,0
23.59,9,3,2,0,0,1,1,43.8,1,3,116.15,0
46.0,10,0,0,0,0,1,0,51.1,3,1,17.58,0
3.82,20,2,2,0,0,0,0,20.7,3,1,7.25,0
104.38,6,3,3,0,2,0,0,43.1,2,4,34.95,0
18.39,13,3,0,0,0,0,0,15.7,0,2,48.55,0
20.5,19,2,1,0,0,0,0,0.8,0,1,25.47,0
14.11,17,0,0,0,0,0,0,83.0,2,2,277.22,0
14.42,9,2,1,0,1,0,0,48.5,2,2,16.44,0
9.34,14,2,0,0,1,0,0,47.6,3,3,8.58,0
11.78,19,3,0,0,0,0,0,102.4,0,1,171.54,0
9.03,15,5,1,0,0,0,0,83.1,0,2,26.36,0
87.08,17,3,1,0,0,0,0,11.1,0,0,21.41,0
11.95,18,4,0,0,0,0,0,11.6,0,1,198.23,0
58.16,21,1,0,0,0,0,0,35.9,0,0,30.51,0
7.87,14,4,0,0,0,0,0,147.6,1,1,11.35,0
11.32,17,1,0,0,1,0,0,60.1,0,3,19.01,0
35.4,17,1,0,0,0,0,0,29.2,1,5,23.58,0
59.62,14,1,4,0,0,0,0,6.0,0,1,6.64,0
22.38,19,5,0,0,1,0,1,15.3,0,3,85.8,0
36.92,9,4,5,0,0,0,0,2.6,0,2,30.82,0
16.84,14,2,0,0,1,0,0,6.1,1,2,48.2,0
12.91,17,2,0,0,0,0,0,131.8,4,3,25.75,0
76.53,15,1,0,0,1,0,0,3.6,3,1,139.79,0
120.96,17,5,4,0,0,1,0,320.7,4,2,86.97,0
77.6,12,3,0,0,1,0,0,106.4,1,2,49.62,0
9.71,13,4,0,0,0,0,0,52.9,0,2,8.95,0
84.7,18,0,1,0,0,0,0,32.8,0,0,4.75,0
23.53,17,4,2,0,0,0,0,1.6,2,1,25.85,0
23.12,14,3,1,0,0,0,0,48.9,0,1,32.01,0
15.84,18,1,2,1,0,0,0,45.9,0,3,31.84,0
35.43,10,1,2,0,0,0,0,22.5,2,2,139.48,0
15.47,16,0,1,0,1,0,0,21.3,1,1,52.81,0
14.86,18,2,2,0,0,0,0,39.0,3,1,43.46,0
26.32,16,1,1,0,0,0,0,4.4,1,3,11.8,0
125.54,8,9,6,0,3,0,0,157.8,1,3,12.1,0
176.95,16,2,1,0,1,0,0,60.1,1,1,34.31,0
223.1,5,3,3,1,4,0,1,232.3,4,6,11.24,0
18.11,14,1,1,0,1,0,0,68.3,0,1,24.23,0
30.84,20,2,0,0,0,0,1,75.9,2,2,121.66,0
33.06,20,5,0,0,0,0,0,94.2,2,0,18.44,0
20.36,17,2,2,0,0,0,0,2.0,1,1,70.17,0
17.09,16,0,0,0,0,0,0,9.2,2,1,9.75,0
12.47,9,2,1,0,0,1,0,61.3,0,2,10.15,0
20.67,19,2,0,0,0,0,0,233.9,1,0,104.69,0
7.68,21,1,2,0,0,0,0,96.1,3,1,36.81,0
24.29,12,1,1,0,0,0,0,53.6,3,0,11.19,0
60.87,15,3,1,0,0,0,0,0.3,0,0,4.9,0
25.72,14,4,2,0,0,0,0,54.0,3,2,52.97,0
4.61,16,0,0,0,1,0,0,90.1,2,2,7.05,0
9.94,10,2,1,0,0,0,0,59.2,1,1,27.97,0
48.47,8,3,1,0,0,0,0,33.7,2,0,197.85,0
40.96,14,2,1,0,0,0,0,113.7,1,2,241.54,0
6.08,11,1,1,0,0,0,1,40.8,0,0,27.41,0
20.91,18,3,0,0,0,0,0,0.4,1,2,12.68,0
29.0,9,0,2,0,0,0,0,5.0,2,0,3.03,0
6.64,18,1,2,0,0,0,0,26.9,2,2,75.09,0
7.19,17,4,2,0,0,0,1,47.8,1,0,20.59,0
8.29,17,1,0,0,0,0,0,11.1,2,4,12.39,0
6.25,19,6,1,0,0,0,0,90.8,0,0,19.72,0
29.25,14,2,1,0,0,0,0,50.6,0,0,111.57,0
7.59,16,0,2,0,0,0,0,106.9,4,1,79.44,0
7.14,21,3,3,0,0,0,0,36.1,1,1,42.4,0
88.59,9,6,2,0,1,0,0,6.9,0,3,11.41,0
29.61,16,1,0,0,0,0,0,6.2,2,1,4.12,0
10.33,14,3,1,0,0,0,0,12.9,0,0,103.1,0
23.98,13,4,0,0,0,0,0,22.3,2,1,13.58,0
6.57,13,1,0,0,1,0,0,32.5,2,2,10.32,0
13.48,18,4,2,0,1,0,0,2.6,3,1,5.52,0
21.5,8,1,0,0,0,0,0,33.6,3,0,8.1,0
3.51,11,2,1,0,1,0,1,108.8,2,4,11.82,0
84.03,22,8,3,0,3,0,0,100.0,2,5,21.21,0
32.27,20,2,1,0,0,0,0,33.0,4,2,37.71,0
7.4,15,1,0,0,0,1,0,1.6,1,0,21.22,0
35.05,8,1,1,0,1,0,0,71.9,1,1,10.41,0
44.4,17,4,1,0,0,0,0,18.4,0,4,122.54,0
16.01,19,0,1,0,0,0,0,21.7,2,2,32.58,0
323.95,11,0,0,0,0,0,0,33.3,3,0,31.1,0
165.44,12,4,7,0,0,0,0,264.6,1,3,15.73,0
8.04,13,2,1,0,0,0,1,49.4,4,2,21.76,0
59.03,18,2,0,0,0,0,0,71.9,2,1,17.88,0
6.55,12,4,3,0,0,0,0,6.5,1,2,53.39,0
14.85,14,3,2,0,0,0,0,23.9,2,1,19.75,0
23.4,13,2,2,0,1,1,0,22.7,1,1,7.48,0
10.86,10,5,4,0,0,0,0,32.5,0,1,18.75,0
42.48,21,1,1,0,0,0,1,147.7,0,2,11.86,0
14.77,9,2,1,0,0,0,0,44.7,0,1,192.56,0
77.86,2,10,4,4,4,1,1,414.7,3,5,57.7,1
65.86,18,3,1,0,0,0,0,114.9,3,0,6.8,0
36.48,14,3,1,0,0,0,0,42.7,0,1,11.14,0
18.23,10,1,0,0,1,0,0,4.0,2,3,14.27,0
23.64,12,3,0,0,0,0,0,23.8,2,2,3.89,0
3.83,20,2,0,0,0,0,0,10.2,0,2,28.12,0
33.22,10,0,3,0,1,0,0,1.8,0,2,38.46,0
29.41,17,1,1,0,0,0,0,194.3,2,1,11.14,0
35.22,12,1,1,0,0,0,0,4.9,2,2,56.63,0
26.62,11,1,1,0,0,0,0,4.6,0,2,32.55,0
35.75,14,1,0,0,1,0,0,62.0,2,3,3.51,0
5.71,10,0,1,0,1,0,0,6.6,1,3,14.18,0
5.74,16,0,1,0,0,0,0,44.5,4,1,13.14,0
24.26,14,3,2,0,0,0,0,2.0,0,3,39.16,0
20.53,19,2,3,0,0,0,0,56.2,1,0,29.69,0
36.83,17,0,1,0,1,0,0,10.7,0,2,19.25,0
80.64,15,1,3,0,0,0,0,31.9,2,0,13.95,0
36.61,12,0,0,0,0,0,0,44.2,2,4,20.12,0
34.87,16,1,0,0,0,0,0,67.5,2,2,6.71,0
5.56,11,3,0,0,0,0,0,22.3,1,0,5.98,0
25.5,15,8,6,1,4,0,1,478.6,3,2,33.91,0
22.71,11,2,0,0,0,0,0,22.8,0,1,20.34,0
11.89,15,4,2,0,0,0,0,23.9,3,3,19.69,0
17.53,15,1,0,0,2,0,0,28.8,2,2,19.58,0
55.07,17,4,0,0,0,0,0,16.9,5,2,96.83,0
183.7,19,7,2,0,2,1,0,169.6,1,4,91.39,0
41.36,14,1,0,0,1,0,0,6.1,0,2,26.24,0
638.3,22,2,4,0,2,0,0,101.2,1,3,30.79,0
38.39,14,2,1,0,0,0,0,28.8,0,1,15.94,0
22.24,16,1,0,0,1,0,0,20.5,2,3,24.8,0
12.27,17,3,2,0,1,0,0,60.1,1,5,158.88,0
5.28,18,2,1,0,1,1,0,21.3,2,2,29.14,0
2.4,9,3,1,0,1,0,0,19.9,1,2,118.61,0
42.92,20,1,0,0,1,0,0,24.7,2,0,34.41,0
14.32,20,0,1,0,0,0,0,22.6,1,0,40.5,0
40.54,21,1,1,0,1,0,0,32.4,0,2,32.67,0
17.86,17,1,0,0,0,0,1,7.9,3,2,49.96,0
70.86,11,0,1,0,0,0,0,41.1,1,1,25.22,0
46.03,10,2,0,0,0,0,0,22.4,1,0,13.3,0
7.94,19,1,1,0,0,0,0,9.4,1,4,20.15,0
13.41,16,1,0,0,0,1,0,2.7,2,0,45.56,0
15.66,14,2,1,0,0,0,0,13.7,2,3,57.7,0
29.3,19,2,2,0,0,0,0,32.2,0,1,4.12,0
15.27,8,6,1,0,1,0,0,55.0,1,5,150.15,0
11.16,11,2,0,0,1,1,0,5.4,2,0,44.06,0
6.16,20,1,0,0,2,0,0,25.4,1,3,274.74,0
129.1,12,3,3,0,1,1,0,452.0,2,0,56.36,0
115.04,17,1,0,0,0,0,0,4.0,2,0,83.38,0
46.24,20,2,0,0,0,0,0,7.5,1,3,27.84,0
6.54,15,2,2,0,2,0,0,24.3,0,0,62.6,0
7.99,14,0,2,0,0,0,0,7.2,1,2,123.45,0
48.86,12,2,0,0,0,0,0,61.4,0,1,50.99,0
24.76,11,3,2,0,0,0,0,75.4,1,1,31.41,0
7.08,11,3,1,0,0,0,0,11.9,1,0,12.21,0
31.17,13,0,0,0,2,0,0,19.4,1,1,46.3,0
58.59,10,1,1,0,0,0,0,2.6,1,1,9.51,0
23.53,8,1,0,0,0,0,0,22.1,2,1,9.6,0
53.23,19,2,1,0,0,0,0,19.5,2,4,11.35,0
33.56,19,1,1,0,1,0,0,46.8,0,1,54.8,0
243.16,13,2,2,0,1,0,0,116.2,0,1,43.85,0
6.52,13,4,1,0,0,0,0,50.7,1,0,15.3,0
136.87,9,1,3,0,0,0,0,57.8,3,2,46.29,0
18.06,11,1,2,0,1,0,0,41.6,2,0,9.8,0
15.29,17,3,1,0,0,0,0,235.7,1,1,8.45,0
26.32,21,4,0,0,1,0,0,23.1,0,0,22.73,0
13.03,13,3,2,0,0,0,0,91.6,1,1,20.96,0
27.68,17,3,2,0,0,0,0,108.4,2,1,44.57,0
19.42,18,1,2,0,0,0,0,18.7,2,2,5.75,0
10.17,15,2,1,0,0,0,0,16.9,2,1,43.92,0
3.44,19,3,2,0,2,1,0,62.3,1,1,22.49,0
20.19,14,4,1,0,0,0,0,59.7,1,0,37.98,0
15.38,12,1,0,0,0,0,0,57.9,2,1,30.88,0
4.24,13,0,1,0,2,0,0,34.1,1,0,30.8,0
5.01,13,4,0,0,0,1,0,71.7,1,1,27.05,0
43.1,20,2,2,0,0,0,0,26.0,1,0,65.82,0
29.22,14,1,1,0,1,0,0,16.9,1,4,56.2,0
7.79,12,3,2,0,1,0,0,98.9,1,0,9.93,0
9.66,12,1,1,0,0,0,0,5.6,0,0,30.1,0
21.78,19,0,4,0,0,0,0,30.5,0,1,3.85,0
26.4,9,4,2,0,0,0,0,72.5,0,3,9.86,0
207.17,10,2,1,0,0,0,0,77.1,1,1,3.06,0
5.46,21,3,1,0,0,0,0,133.8,2,2,23.13,0
117.55,12,2,0,0,0,0,0,100.8,1,1,7.37,0
52.43,11,3,1,0,0,0,0,6.7,3,3,10.43,0
41.53,14,1,1,0,0,0,0,16.1,4,1,4.43,0
8.79,11,2,1,0,1,0,0,70.9,4,0,29.85,0
141.1,11,2,0,0,1,0,0,70.5,0,2,24.83,0
40.49,13,2,0,0,0,0,0,110.9,1,3,92.14,0
146.36,16,3,1,0,1,1,0,165.6,2,2,49.27,0
40.31,12,1,0,0,0,0,0,10.2,0,5,22.17,0
5.02,13,0,0,1,1,0,0,7.2,1,0,9.93,0
67.88,19,4,2,0,0,0,0,64.5,0,1,42.64,0
17.27,19,0,3,0,1,0,0,72.3,1,2,34.87,0
18.88,16,4,2,0,1,0,0,18.5,2,1,13.65,0
4.21,14,1,1,0,0,0,0,61.0,3,0,5.93,0
28.25,12,2,3,0,0,0,0,115.6,1,1,66.95,0
43.02,13,1,1,0,0,0,0,12.3,2,2,14.84,0
33.11,17,2,1,1,0,0,0,160.4,0,3,40.72,0
48.54,9,1,1,0,0,0,1,27.2,0,2,53.01,0
58.64,13,2,2,0,1,0,0,18.4,0,5,11.25,0
20.42,11,0,1,0,1,1,0,10.4,0,0,12.14,0
5.25,14,1,0,0,0,0,0,11.4,0,4,13.65,0
22.88,8,4,6,0,1,0,0,51.2,0,1,59.91,0
19.71,10,2,0,0,0,1,0,76.9,1,0,11.92,0
101.81,15,2,0,0,0,0,0,22.7,3,0,19.77,0
25.72,9,1,0,0,0,0,0,113.2,1,0,57.47,0
14.11,19,1,0,0,0,0,0,67.3,1,1,20.67,0
10.14,20,1,0,0,0,0,0,62.2,1,1,17.57,0
7.84,11,7,2,0,0,0,0,62.3,0,3,44.63,0
14.52,8,1,3,0,1,0,0,11.5,1,0,54.31,0
12.24,14,2,0,0,0,0,0,38.1,3,4,100.42,0
40.96,17,1,0,0,2,0,0,58.7,1,2,2.0,0
15.51,9,2,2,0,0,0,0,0.7,1,2,17.06,0
61.38,0,4,4,0,1,0,1,77.0,3,2,59.93,0
5.89,10,3,2,0,0,0,0,2.9,1,1,22.28,0
148.89,14,3,3,0,1,0,0,13.8,4,4,41.85,1
5.89,17,1,0,0,1,0,0,260.5,4,4,13.51,0
10.04,10,3,2,0,1,0,0,26.4,2,2,8.23,0
30.66,11,3,0,0,0,0,0,8.9,0,3,20.98,0
17.89,9,2,3,0,0,0,0,38.7,2,0,29.56,0
45.13,9,1,2,0,0,0,0,11.4,1,2,46.35,0
4.24,17,2,1,0,0,0,0,0.9,2,0,3.69,0
58.86,13,2,0,0,0,0,0,20.5,1,2,22.64,0
28.4,20,6,5,0,2,1,1,273.2,1,4,44.05,0
22.35,9,2,1,0,1,0,0,214.3,0,2,3.75,0
33.68,15,0,2,0,1,0,0,55.5,1,1,35.33,0
28.76,20,5,1,0,1,0,0,103.8,2,2,16.94,0
15.2,13,5,0,0,1,0,0,85.3,1,0,6.64,0
14.71,14,3,0,0,0,0,0,17.9,1,1,17.59,0
29.06,12,4,1,0,0,0,0,22.2,1,2,60.08,0
51.02,8,0,1,0,1,0,0,25.7,0,2,47.54,0
13.76,9,0,1,1,1,0,0,98.9,0,0,63.4,0
5.97,14,0,0,0,0,0,0,35.5,1,3,39.83,0
13.48,17,1,3,1,0,0,0,146.4,0,3,34.87,0
8.44,11,2,1,0,0,0,0,11.5,1,1,16.92,0
43.52,9,3,2,0,0,0,0,51.8,1,1,69.82,0
13.45,8,1,0,0,1,1,0,18.6,0,4,31.23,0
30.31,13,2,0,0,0,0,0,20.6,1,2,20.84,0
9.4,19,2,0,0,1,0,0,74.8,2,1,26.09,0
12.22,14,5,1,0,0,0,0,58.6,4,1,90.36,0
43.6,14,3,2,0,0,0,0,6.9,1,1,23.16,0
17.71,19,1,1,0,0,0,0,7.3,0,2,10.18,0
5.58,21,0,1,0,0,0,0,42.5,3,2,127.75,0
25.47,18,1,1,0,1,0,0,49.2,1,0,32.75,0
27.8,22,6,5,1,2,1,0,161.3,1,2,134.31,0
21.67,19,5,1,0,2,0,0,33.7,1,0,74.41,0
16.11,17,1,1,0,0,0,1,13.1,0,3,40.9,0
23.84,16,2,1,0,0,0,0,8.5,2,2,62.15,0
19.5,9,3,1,0,0,1,0,32.7,0,1,4.71,0
2248.03,23,2,3,1,1,1,0,406.0,0,2,18.45,0
21.08,12,2,2,0,0,0,0,12.0,2,2,3.66,0
22.21,8,2,1,0,1,0,0,191.4,0,0,16.38,0
27.62,19,5,3,0,2,0,0,16.7,0,0,16.47,0
70.37,13,2,1,0,0,0,0,79.7,4,2,12.93,0
25.66,20,1,1,0,0,0,0,8.4,1,1,5.56,0
16.67,16,4,2,0,0,0,0,1.0,2,2,33.14,0
39.08,9,5,0,0,0,0,0,26.1,1,3,6.26,0
14.93,12,1,1,0,0,0,0,73.1,1,4,27.08,0
67.16,16,0,1,0,1,0,1,33.8,2,1,162.78,0
12.48,11,3,1,0,0,0,0,22.3,0,1,10.5,0
44.0,3,6,5,0,1,1,1,143.3,3,1,18.28,0
17.31,12,3,1,0,0,0,0,29.6,3,1,83.77,0
9.7,20,2,0,0,0,0,0,52.7,1,3,4.44,0
94.39,15,3,1,0,0,0,0,20.8,2,1,14.22,0
46.34,21,0,0,0,0,0,0,61.2,0,1,13.76,0
10.38,20,2,3,0,0,0,0,131.4,0,1,22.68,0
42.59,13,4,2,0,0,0,0,11.3,1,1,12.2,0
88.99,11,3,1,0,0,0,0,40.3,2,0,97.1,0
13.83,16,0,1,0,0,0,0,60.4,0,1,78.37,0
51.47,9,3,4,0,4,1,0,510.5,2,2,16.81,0
12.51,19,2,0,0,0,0,0,82.4,0,3,46.79,0
43.19,15,4,1,0,1,0,0,129.9,3,1,13.32,0
32.57,16,3,1,0,1,0,0,23.8,0,2,23.6,0
16.46,10,2,0,0,0,0,0,23.1,1,1,15.81,0
102.38,16,3,2,0,0,0,0,80.4,1,1,23.57,0
36.98,6,4,2,1,5,0,0,13.3,4,5,134.38,0
20.04,11,2,1,0,1,0,0,11.0,2,2,27.29,0
7.34,20,0,0,0,0,1,1,14.5,1,0,60.91,0
18.0,19,1,2,0,0,0,0,3.3,0,1,8.01,0
217.3,15,5,2,0,2,0,0,243.3,3,3,163.99,0
20.12,14,0,0,0,1,0,0,7.2,1,6,7.41,0
10.37,11,1,1,0,0,0,0,65.5,2,1,5.72,0
219.76,11,3,3,0,2,0,0,272.0,4,5,11.01,0
45.32,14,2,1,0,0,0,0,5.8,1,0,25.19,0
120.12,9,2,1,0,1,0,0,28.9,3,2,5.49,0
82.07,15,4,2,0,0,1,0,126.0,3,2,20.8,0
13.15,20,4,0,0,0,0,0,13.1,2,2,49.31,0
105.98,14,1,1,0,0,0,0,75.3,5,0,11.87,0
19.91,14,0,1,0,1,0,0,108.7,2,3,22.22,0
15.08,19,1,1,0,0,0,0,139.0,0,2,33.26,0
14.04,19,2,4,0,1,0,1,38.8,0,2,22.58,0
13.99,10,3,1,0,0,0,0,0.3,1,1,93.69,0
5.78,9,2,2,0,0,0,0,5.5,2,3,23.5,0
8.56,16,3,2,1,0,0,0,335.8,1,0,18.0,0
89.75,14,7,2,0,0,0,0,49.4,1,0,54.49,0
174.98,20,2,2,0,0,0,1,79.8,4,1,8.04,0
25.73,15,0,0,0,1,0,0,79.3,1,1,3.82,0
35.73,3,8,10,0,2,0,0,16.9,2,5,28.45,0
28.38,13,0,0,0,0,0,0,91.6,4,2,13.9,0
20.66,12,2,0,0,0,0,0,71.1,0,1,188.04,0
48.12,13,1,1,0,0,0,0,7.0,0,1,7.06,0
10.28,20,1,0,0,0,0,0,88.7,0,0,37.37,0
19.1,18,3,0,0,1,0,0,89.6,2,2,52.93,0
50.09,20,1,2,0,0,0,0,30.4,2,2,6.11,0
12.49,11,4,1,0,0,0,0,27.8,0,0,23.52,0
36.41,17,2,1,0,0,0,0,37.6,1,1,126.39,0
166.27,13,0,2,0,1,0,0,205.3,1,1,138.29,0
14.02,17,0,0,0,0,0,1,6.0,1,0,24.65,0
43.94,16,3,2,0,0,0,1,67.9,1,2,49.97,0
13.89,9,1,0,0,1,0,0,104.6,1,1,15.18,0
17.61,21,2,0,0,0,1,0,33.6,0,1,5.97,0
27.14,9,1,1,1,0,0,0,116.9,1,3,10.91,0
12.33,16,1,0,0,0,0,0,6.3,0,0,18.26,0
32.67,9,1,2,0,0,0,0,30.3,0,0,30.25,0
36.07,17,2,0,0,0,0,0,9.3,0,1,11.69,0
20.12,8,6,0,0,1,0,0,111.1,1,0,9.5,0
214.05,5,11,6,0,0,1,1,435.1,1,2,6.87,0
52.34,14,0,0,0,0,0,0,43.7,1,1,49.64,0
22.65,12,1,2,0,1,0,0,2.2,0,2,10.42,0
38.06,16,0,1,0,1,0,0,41.1,1,3,8.48,0
15.16,14,3,1,0,1,0,0,57.7,1,1,128.02,0
22.08,19,2,0,0,0,0,0,71.5,2,1,13.56,0
22.3,10,3,0,0,0,1,0,70.1,1,0,14.79,0
349.51,17,9,7,5,3,1,1,381.1,6,3,50.31,1
105.75,18,2,1,0,0,0,0,76.1,0,2,6.89,0
5.7,10,3,2,0,1,0,0,64.5,0,1,19.42,0
18.33,14,3,1,0,0,1,0,10.1,0,0,14.18,0
19.58,13,2,0,0,0,0,0,33.3,2,1,9.12,0
11.69,20,0,0,0,0,0,0,16.3,0,0,38.13,0
32.48,20,4,0,0,0,0,0,34.7,1,1,31.76,0
45.01,10,2,2,0,0,0,0,1.9,1,1,37.26,0
24.25,15,2,5,0,0,0,0,11.6,1,1,17.8,0
22.73,9,3,7,0,3,0,0,206.9,3,4,256.05,0
114.33,11,4,2,0,0,0,0,100.5,0,1,14.39,0
45.44,13,2,2,0,0,0,0,44.6,1,2,62.32,0
28.47,20,1,1,0,0,0,0,11.8,1,1,24.65,0
131.31,12,1,0,0,0,0,0,124.6,1,0,10.92,0
40.18,21,3,0,0,0,0,0,148.0,2,0,54.0,0
96.93,8,1,1,0,0,0,0,56.2,1,0,13.24,0
69.59,17,1,2,0,0,0,0,10.1,2,2,73.67,0
7.59,19,2,1,0,0,0,0,76.0,0,0,19.3,0
64.09,13,0,1,0,0,0,0,23.5,2,1,86.48,0
7.95,11,2,1,0,0,0,0,220.9,1,0,12.31,0
40.24,11,2,0,0,2,0,1,47.0,1,1,24.4,0
19.44,15,1,2,0,1,0,0,13.8,1,5,18.89,0
20.71,20,0,1,0,0,0,0,52.4,1,0,186.52,0
90.32,14,2,0,0,0,0,0,44.7,1,1,15.08,0
81.0,19,2,1,0,0,0,0,2.8,1,2,10.5,0
69.93,9,1,2,0,0,0,0,13.9,1,2,14.15,0
18.03,21,0,1,1,0,0,0,123.1,0,1,39.89,0
118.22,7,15,4,1,2,1,1,401.6,2,5,44.16,1
36.62,15,3,1,0,1,0,0,220.2,0,1,69.39,0
52.22,10,1,1,0,0,0,0,95.5,0,2,11.62,0
78.17,18,2,0,0,1,0,0,285.5,1,2,5.91,0
8.51,18,0,0,0,0,1,0,57.1,1,2,5.06,0
20.63,9,2,2,0,0,0,0,111.6,1,2,9.6,0
14.17,9,3,1,0,0,0,0,20.9,1,1,49.37,0
11.81,14,2,1,0,0,0,0,23.7,1,1,12.72,0
24.85,11,1,2,0,0,0,0,34.9,1,1,50.15,0
35.31,20,1,1,0,1,1,0,0.1,3,3,14.03,0
80.72,15,3,2,1,1,0,0,113.6,2,2,13.85,1
30.28,15,0,1,0,0,0,0,237.9,1,1,92.13,0
16.0,8,2,1,0,0,1,0,76.2,0,0,25.87,0
12.41,18,2,1,0,2,0,0,40.6,1,0,49.36,0
10.85,18,0,0,0,0,0,0,18.0,0,0,6.39,0
22.18,12,2,1,0,2,0,0,3.3,4,1,17.52,0
29.99,10,1,1,0,0,0,0,22.1,0,2,682.63,0
22.33,15,3,0,0,0,0,0,53.3,0,1,15.23,0
8.3,14,1,7,0,0,0,0,6.2,1,3,58.19,0
53.41,20,3,1,0,1,0,0,30.6,2,1,23.03,0
30.99,12,4,1,0,0,0,0,40.4,1,1,16.25,0
25.05,15,1,4,0,0,1,0,54.3,1,2,15.23,0
24.05,11,1,1,0,1,0,0,14.0,1,0,11.88,0
93.66,17,1,2,0,1,0,0,44.1,1,3,8.64,0
92.41,10,4,0,0,0,0,0,18.6,1,2,63.32,0
86.97,11,1,2,0,0,0,0,22.5,0,4,2.93,0
9.13,8,1,1,0,0,0,0,28.4,1,1,6.28,0
38.17,16,0,2,0,1,0,0,32.1,0,0,26.6,0
32.42,9,3,0,0,0,0,0,118.7,1,3,121.12,0
9.46,18,0,1,0,0,0,0,8.3,2,1,20.25,0
7.21,12,0,0,0,0,0,0,2.5,1,2,4.4,0
1076.88,17,1,3,0,1,0,0,0.2,0,1,26.44,0
24.35,20,1,0,0,0,0,0,79.2,3,2,20.72,0
10.6,11,0,1,1,0,0,0,23.5,0,1,4.5,0
83.4,12,2,3,0,0,0,0,40.1,1,1,45.87,0
10.25,9,0,1,0,0,0,0,25.7,1,0,36.07,0
16.38,15,1,0,0,2,0,0,2.9,2,1,32.36,0
44.71,9,2,2,0,0,1,0,2.1,1,3,31.48,0
9.3,20,1,0,0,0,0,0,186.7,1,3,243.93,0
10.0,23,8,7,0,6,0,0,264.7,2,3,27.76,0
16.38,21,1,0,0,0,0,0,40.7,1,2,29.88,0
21.71,9,0,2,0,0,0,0,37.4,1,0,22.61,0
9.92,13,2,0,0,0,0,1,19.7,2,1,37.97,0
7.14,20,2,1,0,0,0,0,0.8,1,1,37.59,0
9.55,13,2,0,0,0,0,0,3.6,2,0,10.02,0
31.2,13,2,1,0,0,0,0,63.3,0,1,16.11,0
7.75,18,2,2,0,0,0,0,37.4,0,2,21.49,0
5.49,14,3,0,1,0,0,0,39.2,2,2,28.23,0
25.78,13,1,1,0,0,0,0,10.8,0,5,6.55,0
27.77,12,2,3,0,0,0,0,14.6,2,0,106.0,0
24.24,18,1,1,0,0,0,0,57.4,5,4,36.22,0
38.16,15,1,1,0,0,0,0,60.7,2,3,97.04,0
13.21,16,3,1,0,0,0,1,66.7,0,1,15.03,0
101.94,16,4,1,0,0,0,0,21.2,4,1,33.59,0
13.89,13,3,2,1,0,0,0,46.3,1,1,2.69,0
41.8,20,2,1,0,0,0,0,42.7,1,2,119.02,0
51.16,9,2,0,1,0,0,0,30.0,0,3,22.77,0
11.29,15,2,2,0,0,0,0,57.6,2,3,5.85,0
101.55,19,2,2,0,0,0,0,43.8,2,3,22.51,0
13.45,16,3,2,0,0,0,0,22.0,1,2,17.72,0
44.15,17,4,3,0,1,0,0,46.0,0,4,36.24,0
31.25,9,1,1,0,0,1,0,60.3,0,2,14.06,0
27.62,16,2,2,0,0,0,0,76.4,0,1,46.14,0
171.23,14,1,0,0,0,0,0,40.2,1,1,70.92,0
69.33,23,9,5,2,3,0,1,55.0,6,6,62.68,1
49.0,17,2,7,0,1,0,0,44.7,2,1,28.17,0
12.08,9,0,1,0,0,0,0,91.9,2,1,71.11,0
10.54,20,1,0,0,0,0,0,16.0,1,0,25.6,0
19.07,21,1,3,0,0,0,0,14.5,2,1,34.13,0
17.97,20,1,0,0,0,0,0,199.9,0,3,16.54,0
16.66,15,0,1,0,0,0,0,106.6,2,2,29.72,0
71.07,10,2,0,0,0,0,0,28.5,2,1,19.46,0
31.14,13,1,4,1,0,0,0,87.3,2,1,112.66,0
19.99,9,2,1,0,1,1,0,12.3,0,1,11.89,0
33.9,13,2,2,0,0,0,0,5.1,0,2,62.87,0
5.64,12,3,0,0,0,0,0,36.7,0,2,11.74,0
127.22,23,6,5,0,6,0,0,652.8,4,4,17.76,0
127.57,3,8,4,0,3,1,1,54.2,1,3,10.76,0
885.46,19,8,5,0,3,0,0,365.2,3,3,32.03,0
32.69,14,3,0,0,0,0,0,65.4,0,2,19.41,0
433.8,4,3,5,0,3,1,0,129.1,4,2,19.6,0
30.51,0,3,7,0,0,1,1,604.5,2,8,18.06,0
19.56,15,3,0,0,0,0,0,26.1,3,3,25.64,0
37.04,12,9,5,0,3,0,0,122.0,1,3,32.96,0
13.38,10,2,2,0,1,0,1,191.7,2,1,12.96,0
30.47,8,1,0,0,0,0,0,40.6,3,1,7.78,0
28.71,10,1,1,0,0,0,0,28.1,4,1,11.59,0
16.15,19,4,1,0,0,0,0,34.5,1,1,51.52,0
12.93,19,2,2,0,0,0,0,45.1,3,2,49.09,0
35.93,19,0,1,0,0,0,0,41.1,2,0,46.7,0
48.75,14,1,1,0,0,0,0,10.1,1,2,4.98,0
7.16,21,3,2,0,1,0,0,69.8,1,2,7.52,1
14.35,8,1,1,0,0,0,0,3.7,2,2,7.93,0
143.3,2,9,2,0,0,1,1,645.5,0,5,118.66,0
12.53,11,0,0,0,0,0,0,155.1,1,5,5.67,0
4.77,19,2,0,1,1,0,0,74.4,0,1,14.01,0
16.14,14,1,2,0,0,0,0,56.7,1,2,17.74,0
16.78,11,1,1,0,1,0,0,70.8,1,2,15.76,0
7.15,18,2,1,0,0,0,0,19.1,3,0,20.97,0
38.79,11,2,0,0,0,0,0,20.6,0,0,31.67,0
146.94,15,4,1,0,1,0,0,17.2,0,2,17.76,0
21.02,22,2,5,0,4,0,1,14.7,2,4,15.58,0
59.12,20,2,0,0,0,0,1,57.3,0,0,2.36,0
4.21,21,4,0,0,0,0,0,115.3,3,0,8.92,0
44.66,10,2,2,0,1,0,0,37.6,0,1,32.45,0
14.88,17,3,1,0,0,0,0,31.8,0,1,6.16,0
6.32,14,2,0,0,0,0,0,34.3,0,0,18.08,0
64.64,9,4,0,0,0,0,0,51.8,2,0,54.37,0
76.01,7,5,3,0,1,0,0,326.5,3,0,32.69,0
167.92,7,1,3,0,2,1,0,21.4,2,3,7.97,0
9.59,12,2,0,0,1,0,0,71.8,1,0,24.23,0
17.17,17,2,1,0,1,0,0,10.1,1,1,50.36,0
32.38,11,2,1,1,1,0,0,141.9,1,2,11.45,0
18.88,11,2,0,0,0,0,1,14.0,0,3,12.8,0
175.41,16,4,0,0,0,0,0,200.6,0,5,10.08,0
41.85,17,0,1,0,0,0,0,35.6,0,1,39.33,0
64.33,17,2,1,0,1,0,0,21.5,1,2,16.07,0
10.02,18,2,1,0,0,0,0,0.3,1,0,45.9,0
41.53,18,1,1,0,0,0,0,101.3,3,3,47.87,0
42.95,17,2,1,0,0,0,0,198.2,2,2,69.85,0
50.37,11,0,0,0,0,0,0,55.6,2,1,22.82,0
41.62,13,1,0,0,0,0,0,51.2,0,1,178.55,0
10.59,18,1,0,0,1,1,0,112.8,0,2,23.46,0
233.66,19,2,0,0,1,0,0,2.4,3,2,11.7,0
429.5,0,3,5,0,0,0,0,87.2,0,3,33.9,0
29.72,9,2,1,0,0,0,0,12.3,1,0,22.82,0
100.52,11,0,0,0,1,0,0,32.8,1,1,28.82,0
16.54,17,4,0,0,0,0,0,10.7,3,3,8.03,0
15.29,15,4,0,0,1,0,0,0.7,3,1,122.26,0
49.55,18,1,0,0,0,0,0,28.0,0,3,24.58,0
29.92,18,1,1,0,0,0,0,15.1,0,0,19.73,0
25.64,9,2,2,0,0,0,0,3.0,1,3,9.97,0
15.87,13,5,1,0,0,1,0,48.9,3,2,90.38,0
45.66,19,1,0,0,0,0,0,4.6,0,2,38.39,0
39.42,19,2,2,0,0,0,0,58.3,1,2,15.21,0
28.87,20,1,0,0,0,0,0,40.5,1,3,23.13,0
39.95,9,1,1,0,1,0,0,168.5,2,3,11.93,0
89.35,19,2,1,0,1,0,0,157.8,0,1,5.99,0
4.39,19,2,1,0,0,0,0,53.7,0,2,19.28,0
22.79,14,3,0,0,2,0,0,6.9,2,1,15.02,0
46.12,21,4,1,0,0,0,0,12.8,2,2,20.07,0
26.49,19,4,0,0,0,0,0,153.7,1,0,39.48,0
47.76,16,1,1,0,0,0,0,9.5,2,1,14.18,0
45.69,15,1,1,0,0,0,0,23.5,0,0,3.83,0
132.71,18,4,0,0,0,1,0,9.6,0,1,40.09,0
20.58,17,6,1,0,0,0,0,13.8,1,1,26.5,0
27.89,20,4,1,0,0,0,0,66.1,0,3,42.3,0
24.52,9,3,3,0,1,0,0,45.8,4,3,46.7,0
104.35,0,3,2,0,5,0,0,41.8,5,4,13.69,0
39.78,11,1,0,0,0,0,0,85.9,0,0,9.66,0
54.15,16,2,1,0,0,0,0,11.3,2,1,8.02,0
35.18,10,0,0,0,0,0,0,14.4,0,2,25.58,0
21.31,17,3,0,0,0,0,0,18.7,0,1,81.93,0
19.09,18,2,1,0,0,0,1,35.5,0,2,66.91,0
42.56,15,3,0,0,0,0,0,7.1,0,2,13.55,0
11.9,10,2,0,0,0,0,0,23.7,1,0,2.65,0
152.99,8,4,0,0,0,1,0,4.6,0,0,48.29,0
34.92,20,3,1,0,0,0,0,57.1,1,2,32.64,0
15.6,12,0,0,0,0,0,0,143.8,0,0,23.9,0
35.99,13,0,0,0,0,0,0,66.0,2,5,135.54,0
19.54,20,2,0,0,0,0,0,6.5,2,3,30.85,0
256.35,15,3,5,0,3,0,1,136.5,2,2,54.5,0
80.11,15,1,0,0,0,0,0,99.4,4,2,49.87,0
40.46,15,0,0,0,0,0,0,31.2,2,2,55.44,0
19.45,18,2,0,0,0,0,0,5.5,1,0,7.74,0
4.3,10,3,2,0,1,0,0,1.8,0,0,9.28,0
18.45,17,2,3,0,0,0,0,27.7,0,1,11.79,0
47.56,18,2,1,0,0,1,0,91.1,5,0,17.38,0
4251.86,19,10,5,0,3,0,1,244.7,4,6,33.91,1
19.17,16,2,2,0,0,0,0,41.2,2,0,14.23,0
71.37,11,6,0,0,0,0,0,35.9,1,4,55.85,0
7.62,14,1,1,0,2,0,0,57.2,2,2,19.34,0
126.24,18,10,6,0,1,0,0,10.0,1,5,51.12,0
24.31,12,1,0,0,0,0,0,14.3,0,1,33.04,0
24.2,18,4,2,0,0,0,0,52.4,1,0,18.0,0
73.23,16,3,2,0,0,1,0,26.8,0,2,88.34,0
7.52,17,1,0,0,1,0,0,19.2,3,0,11.37,0
78.63,10,4,1,0,0,0,0,3.8,1,1,38.59,0
53.37,9,2,1,0,0,0,0,87.4,0,1,8.1,0
68.41,13,2,1,0,0,0,0,14.7,0,1,38.87,0
14.98,18,1,0,0,0,0,0,52.8,1,1,23.01,0
49.66,12,1,1,0,0,0,0,125.9,1,2,16.78,0
51.17,19,6,1,0,0,0,0,13.4,0,2,7.05,0
43.67,14,2,1,0,0,0,0,5.9,2,1,5.6,0
34.95,9,1,0,0,1,0,0,11.2,1,2,21.29,0
21.02,21,4,2,0,0,0,0,43.7,0,1,79.13,0
16.4,15,3,1,0,0,0,0,68.8,1,2,36.14,0
44.87,20,6,5,0,2,1,0,13.7,2,6,31.86,0
8.73,9,0,1,0,0,0,0,11.4,1,1,158.25,0
61.85,16,9,1,0,0,0,0,120.2,1,0,16.5,0
20.03,15,1,0,0,0,0,0,3.5,2,1,134.14,0
11.98,15,2,2,1,1,0,1,7.4,0,1,19.94,0
24.94,13,1,0,1,2,0,0,0.6,0,0,20.82,0
194.45,12,2,0,0,0,0,0,12.1,0,3,20.74,0
99.73,8,0,0,0,0,1,0,5.5,2,3,17.97,0
50.89,19,4,4,0,0,0,0,64.7,2,4,72.74,0
49.84,14,3,0,0,1,0,0,84.9,0,0,18.78,0
82.38,4,4,3,1,3,0,0,10.0,3,1,30.97,0
32.95,20,0,0,1,0,0,0,40.0,0,2,23.57,0
44.85,20,8,4,1,1,0,1,133.7,3,2,23.21,0
21.51,15,2,0,0,2,0,0,0.6,0,2,23.36,0
209.8,5,7,2,1,2,1,1,629.3,4,2,48.31,1
34.65,17,2,2,0,0,0,0,18.2,2,0,99.83,0
11.65,21,5,2,0,0,0,0,51.4,1,1,5.0,0
56.46,15,2,1,0,1,0,0,38.8,1,2,23.53,0
59.74,20,2,3,0,1,0,0,53.1,2,3,18.58,0
15.59,15,2,1,0,0,0,0,2.7,2,1,15.32,0
50.39,12,2,2,0,0,0,0,4.4,0,3,36.61,0
7.36,19,0,2,0,1,0,0,129.8,0,2,3.53,0
86.91,4,4,4,0,1,0,1,50.0,7,3,48.13,1
63.64,13,2,1,0,0,0,0,78.5,2,2,76.28,0
52.56,9,7,0,0,0,0,0,4.5,2,1,190.18,0
129.68,19,3,0,0,0,0,0,44.0,1,2,35.67,0
24.09,17,2,1,0,0,0,0,42.6,1,0,41.42,0
22.02,10,7,1,0,0,0,1,100.5,1,1,35.68,0
26.58,11,4,1,0,0,0,0,82.4,0,1,11.33,0
4.04,11,0,0,1,0,0,0,62.4,1,1,36.11,0
16.47,16,3,0,0,0,0,0,5.0,1,2,138.78,0
43.56,9,2,0,0,0,0,0,17.7,0,1,38.47,0
52.09,18,2,0,0,1,0,0,183.6,3,4,16.71,0
254.92,6,8,1,0,4,1,0,162.9,3,4,53.26,0
9.51,14,2,1,0,0,0,0,16.8,2,0,12.61,0
19.66,20,3,0,0,0,0,0,9.6,0,1,25.17,0
19.11,10,3,0,0,0,0,0,58.3,0,0,14.29,0
339.64,4,6,5,2,3,1,1,152.5,4,4,30.89,1
39.89,13,2,0,0,0,0,0,49.4,1,0,57.89,0
164.31,2,2,2,0,0,0,1,119.6,1,4,75.48,0
39.94,17,2,0,0,0,0,0,10.7,0,1,19.35,0
1.77,13,6,1,0,0,0,0,106.9,0,2,67.91,0
65.71,17,3,4,0,1,0,0,158.9,1,2,3.66,0
11.59,21,1,0,0,1,1,0,3.7,0,0,5.34,0
11.61,15,0,2,0,0,0,0,7.8,1,2,49.72,0
78.08,13,1,2,0,0,0,0,3.1,0,4,80.44,0
23.67,17,3,1,0,0,0,0,26.3,1,1,44.84,0
2.96,19,2,1,0,0,0,0,36.3,0,0,12.23,0
36.0,12,1,0,0,1,0,0,27.1,0,3,15.84,0
17.1,19,1,0,0,0,0,0,11.1,2,4,21.66,0
7.71,16,0,1,0,0,0,0,31.0,1,0,31.7,0
54.63,13,1,1,1,1,0,0,13.8,0,3,24.72,0
29.89,20,1,0,0,0,0,0,22.0,1,2,22.62,0
40.73,10,3,0,0,0,0,0,24.8,0,0,29.6,0
39.55,16,3,2,0,1,1,0,44.9,0,1,18.88,0
6.73,9,0,0,0,1,0,0,65.5,2,1,23.41,0
13.58,9,2,0,0,0,0,0,17.4,3,1,40.03,0
5.05,13,2,0,0,0,0,0,51.8,4,2,9.21,0
54.86,18,1,0,0,1,0,0,0.7,4,3,93.56,0
3.23,15,3,3,0,1,0,0,66.4,1,0,73.34,0
156.27,0,3,4,0,2,0,1,186.6,3,3,56.4,0
6.75,20,1,0,0,0,0,0,2.5,1,0,25.26,0
120.35,9,7,2,1,2,1,0,50.1,0,3,8.05,0
13.82,11,1,1,0,0,0,0,4.5,0,0,115.25,0
31.97,4,6,4,0,2,1,0,10.0,3,4,22.33,0
298.97,10,5,2,1,3,0,0,153.6,4,5,8.52,1
32.01,13,3,4,0,0,0,0,27.1,2,1,24.06,0
76.36,20,0,0,0,0,0,0,45.1,1,1,20.57,0
27.76,20,2,0,0,0,0,0,77.0,2,0,83.5,0
19.84,15,0,1,0,0,0,0,0.1,1,1,32.59,0
36.54,19,5,0,0,0,0,0,56.4,1,0,21.94,0
127.66,5,5,8,3,7,0,1,255.0,5,4,89.35,1
5.87,15,3,1,0,0,0,0,37.5,1,2,23.76,0
444.33,7,5,6,0,2,1,0,125.1,1,4,8.32,0
28.03,13,2,0,0,0,0,0,16.7,2,3,10.67,0
53.8,14,3,0,0,0,0,0,142.1,2,1,17.69,0
34.54,14,1,1,0,0,0,0,62.1,0,1,49.79,0
87.96,9,1,2,0,0,0,0,224.8,1,3,12.01,0
83.89,10,6,6,0,4,1,0,353.9,0,5,14.42,0
240.65,14,2,1,0,1,0,0,85.3,1,1,23.21,0
14.19,11,0,0,0,0,0,0,16.3,2,2,73.27,0
69.6,15,1,1,0,0,0,0,35.8,2,0,65.54,0
163.38,4,6,4,0,1,0,1,493.6,7,2,17.61,0
49.02,11,1,0,0,0,0,0,54.5,1,1,8.9,0
18.39,16,3,2,0,0,0,1,16.4,0,0,8.84,0
3.28,20,2,1,0,1,0,0,26.9,0,0,36.85,0
2.37,13,1,0,0,0,0,0,19.2,3,0,13.56,0
3.81,17,2,0,0,0,0,0,25.7,1,2,34.27,0
50.02,17,2,1,0,0,0,0,3.4,1,3,34.28,0
18.38,9,1,0,0,0,0,0,43.5,0,3,29.11,0
35.03,14,1,1,0,0,0,0,68.5,1,4,41.66,0
24.39,18,2,1,0,2,0,0,14.2,2,2,43.14,0
57.28,12,0,0,0,1,0,0,10.2,2,2,19.31,0
35.7,20,5,2,0,1,0,1,8.9,0,2,12.35,0
19.17,9,3,2,0,1,0,0,35.4,1,2,33.57,0
43.34,14,2,2,0,2,0,0,2.3,3,2,20.69,0
34.11,10,4,2,0,0,0,0,101.8,1,1,15.75,0
11.96,9,0,0,0,1,0,0,50.5,3,4,44.91,0
3.9,18,3,3,0,0,0,0,12.1,1,2,44.28,0
42.47,20,2,4,0,0,0,0,17.6,3,4,6.21,0
53.31,14,4,1,0,0,0,1,24.3,1,4,35.34,0
17.72,16,0,1,0,1,0,0,31.7,0,3,43.72,0
70.15,21,2,0,0,0,0,0,41.2,1,0,13.46,0
20.97,16,0,2,0,0,0,0,25.2,1,0,77.67,0
44.33,17,1,0,0,1,0,0,135.0,1,4,35.54,0
424.31,11,0,1,0,0,0,0,0.1,4,1,9.52,0
283.56,10,6,3,0,3,0,1,10.0,2,2,8.9,0
7.45,20,0,0,0,1,0,0,34.1,1,1,39.84,0
8.6,13,3,2,0,0,0,0,3.8,0,2,49.61,0
18.67,16,4,2,0,0,0,0,183.9,2,1,23.37,0
32.31,19,3,0,0,0,0,0,13.8,0,1,10.03,0
17.56,14,1,0,0,0,0,0,0.7,1,1,7.51,0
38.06,12,5,0,0,0,0,0,10.4,2,1,31.21,0
7.94,17,4,0,0,0,0,0,1.9,0,3,44.41,0
23.25,13,3,1,0,0,0,0,34.1,0,1,3.57,0
6.17,16,6,1,0,1,0,0,206.6,0,0,47.27,0
12.46,12,4,0,0,1,0,0,6.4,0,1,12.0,0
137.62,11,3,2,0,0,0,0,103.7,0,1,8.01,0
31.48,19,0,0,0,2,0,0,154.2,2,0,7.53,0
49.62,9,1,0,0,0,0,0,186.1,2,2,215.3,0
7.09,12,2,1,0,0,0,0,2.3,0,2,15.14,0
21.25,18,4,0,0,2,0,0,10.0,1,1,7.58,0
9.58,10,2,0,0,0,0,0,24.6,2,1,25.08,0
27.81,9,1,1,0,0,0,0,115.1,0,3,21.86,0
34.03,11,1,1,0,0,0,0,58.0,1,1,27.24,0
49.7,16,2,1,0,0,0,0,23.1,2,2,20.47,0
45.6,11,4,3,0,0,0,0,16.4,0,3,126.67,0
17.48,12,2,0,0,1,0,0,73.5,3,2,12.8,0
120.9,11,4,5,0,3,1,0,133.5,4,3,13.13,0
8.43,8,0,1,1,0,0,1,10.8,2,0,18.57,0
20.79,9,1,0,1,1,1,0,15.4,1,0,62.24,0
123.04,21,5,3,0,1,0,0,252.1,2,4,17.32,0
57.95,2,3,6,0,1,1,0,374.4,3,5,4.24,0
52.01,20,4,2,0,0,0,0,22.9,1,1,13.3,0
5.83,12,2,0,0,0,0,0,68.2,1,0,11.66,0
15.66,12,1,0,0,2,0,0,3.6,2,3,29.0,0
46.94,14,2,1,0,0,0,0,18.0,2,2,9.67,0
674.59,12,7,4,1,1,0,0,256.5,2,3,34.95,0
17.69,8,1,0,0,0,0,0,3.8,0,3,67.14,0
705.95,22,4,3,2,2,0,0,388.0,7,4,35.05,0
26.71,18,6,5,0,0,0,0,9.7,3,3,34.92,0
516.18,17,6,4,0,0,0,0,72.2,6,0,17.36,0
18.5,12,1,0,0,0,0,0,47.4,2,1,59.09,0
16.34,14,2,0,0,0,0,0,177.7,1,0,16.92,0
5.54,20,2,0,0,0,0,0,114.3,1,1,10.61,0
62.83,16,2,1,0,1,0,0,15.4,4,0,3.75,0
7.19,12,2,2,1,0,0,0,129.9,0,1,20.2,0
101.21,19,5,3,0,4,0,1,40.0,2,5,22.54,0
23.75,13,1,0,0,0,0,0,45.2,3,3,24.57,0
71.61,15,2,0,0,0,0,0,37.5,2,1,72.69,0
4.48,19,2,0,0,0,0,0,18.3,1,2,25.73,0
3.05,14,2,0,0,0,1,0,0.4,1,0,77.28,0
36.05,16,3,1,0,0,0,0,8.1,3,0,28.72,0
45.34,19,0,1,0,0,0,0,10.1,0,1,33.04,0
206.17,5,3,7,0,4,0,0,45.7,2,1,33.96,0
29.09,10,1,1,0,0,0,0,7.6,2,1,21.91,0
50.34,12,2,1,0,0,0,0,41.2,0,2,15.16,0
6.61,9,2,1,0,2,0,0,31.9,1,2,18.77,0
9.05,15,0,1,0,0,0,0,23.2,1,5,1.23,0
9.23,18,1,2,0,0,0,0,48.8,0,2,11.1,0
68.63,17,1,3,0,0,0,0,32.9,1,0,13.47,0
4.91,17,0,0,0,0,0,0,74.1,1,1,41.08,0
18.11,9,0,1,0,0,0,0,85.3,0,2,20.56,0
107.18,13,4,0,0,0,0,0,105.5,0,1,18.48,0
70.15,10,0,1,0,1,0,0,39.9,1,1,102.56,0
28.89,21,0,2,0,1,0,0,14.5,0,2,5.57,0
60.43,8,0,2,0,0,0,0,201.8,1,5,10.75,0
19.29,21,10,5,1,7,1,1,358.4,3,3,98.18,1
7.43,13,1,1,0,0,0,0,43.7,1,1,6.19,0
42.99,16,2,2,0,0,0,0,4.4,3,3,44.94,0
30.48,18,1,0,0,0,1,0,115.4,2,0,6.68,0
86.6,18,3,0,0,0,0,0,26.1,0,0,6.39,0
36.15,13,5,4,0,1,1,0,226.9,2,2,41.78,0
40.49,20,2,0,0,1,0,0,7.5,1,0,17.45,0
42.36,16,2,0,0,1,0,0,6.2,1,4,61.42,0
20.0,21,2,3,1,1,0,0,56.2,2,3,30.99,0
26.77,19,1,2,0,0,0,0,17.3,1,0,31.58,0
50.96,21,1,1,0,0,0,0,16.7,0,0,6.83,0
30.29,10,1,1,0,0,0,1,15.7,1,3,10.89,0
59.32,13,6,9,1,5,1,1,1396.1,6,10,7.11,1
83.06,18,1,0,0,0,0,0,29.8,1,1,10.75,0
26.96,14,1,1,0,1,0,0,13.2,2,0,24.38,0
146.42,4,5,5,0,1,0,1,43.1,1,3,9.06,0
23.35,14,1,0,0,0,0,0,140.5,0,1,19.03,0
22.82,12,3,2,0,0,0,0,147.9,1,5,171.02,0
32.9,14,1,2,0,1,0,0,21.1,0,3,114.34,0
133.22,9,1,1,0,0,0,0,7.9,1,0,15.39,0
222.03,20,1,0,0,0,0,0,92.2,2,4,33.95,0
66.11,22,7,9,0,0,0,0,20.8,0,3,14.09,0
9.14,18,2,1,0,0,0,0,92.3,1,1,26.73,0
93.33,9,1,3,0,2,0,0,17.9,2,0,12.76,0
45.95,14,7,3,0,3,0,0,234.8,2,3,19.23,0
11.55,12,3,0,0,0,0,0,11.0,0,3,10.91,0
21.15,8,1,4,0,0,0,0,5.2,0,1,78.38,0
46.93,17,5,0,0,0,1,0,34.9,0,1,84.98,0
43.98,10,2,2,0,1,0,0,23.6,1,2,26.79,0
8.16,19,6,3,0,0,0,0,26.8,0,1,78.17,0
1.96,15,1,0,0,1,0,0,6.5,0,4,30.01,0
18.1,16,0,0,0,2,0,0,14.4,0,3,15.96,0
179.35,4,7,1,0,2,1,0,176.7,3,3,64.56,0
51.48,15,2,1,0,0,0,0,1.3,1,1,31.66,0
67.06,21,6,3,1,1,0,0,208.2,1,4,5.02,0
19.05,21,2,2,0,0,1,0,4.0,2,3,34.48,0
23.36,14,1,0,0,0,0,0,6.6,0,1,37.86,0
11.3,9,3,0,0,0,0,0,6.7,3,1,28.75,0
4.48,20,1,1,0,0,0,0,18.6,2,3,51.59,0
321.52,5,4,3,0,3,1,1,120.5,4,1,38.96,0
39.3,9,4,0,0,0,0,0,10.3,1,1,58.86,0
60.06,14,0,0,0,0,0,0,45.0,0,1,28.46,0
10.61,10,1,0,0,0,0,0,87.0,1,3,50.2,0
23.75,14,2,1,0,1,0,0,29.8,1,3,8.71,0
18.09,19,1,1,0,0,0,0,9.0,3,2,33.68,0
756.49,16,4,5,2,1,1,1,18.3,3,3,11.99,0
35.55,15,1,2,0,0,0,0,2.1,2,1,43.3,0
37.91,14,4,1,0,0,0,0,32.6,0,0,31.13,0
19.75,20,3,0,0,2,0,0,25.5,5,3,6.52,0
91.63,11,2,2,0,0,0,0,19.2,3,2,34.68,0
33.76,10,5,1,0,0,0,0,176.0,1,3,28.69,0
21.93,9,3,0,0,0,0,0,68.9,0,2,25.98,0
122.65,6,6,7,1,3,0,1,224.7,2,0,64.59,0
75.4,3,6,8,2,6,1,1,56.3,4,4,9.48,1
31.0,11,2,0,0,1,0,0,49.4,1,3,134.02,0
7.05,20,2,0,0,0,0,0,31.0,0,1,37.21,0
259.29,22,5,4,0,2,0,0,10.0,0,8,58.38,0
4.18,9,4,1,0,0,0,0,58.2,3,2,26.47,0
16.35,16,1,2,0,0,0,0,25.4,2,2,28.02,0
77.09,16,2,3,0,1,0,0,51.1,3,2,32.52,0
105.63,14,3,8,0,2,0,0,440.1,2,3,8.35,0
93.36,10,2,1,0,0,0,0,31.3,0,0,17.46,0
31.25,15,1,1,0,1,0,0,80.2,0,0,82.25,0
37.37,14,3,0,0,1,1,0,247.4,1,1,14.31,0
14.73,14,0,0,0,1,1,0,78.7,0,2,10.46,0
169.79,1,7,13,2,3,1,0,50.0,4,4,31.72,1
15.53,10,1,1,0,1,0,0,76.6,0,0,86.11,0
29.13,13,1,2,1,1,0,0,1.3,0,0,21.59,0
28.01,18,2,4,0,1,0,0,11.8,3,4,19.93,0
11.11,14,1,3,1,2,0,0,25.8,2,1,26.94,0
4.67,13,2,1,0,0,0,0,101.0,0,1,28.86,0
12.36,17,2,0,0,0,0,0,5.5,1,4,31.46,0
22.65,11,3,0,0,0,0,0,6.9,0,6,14.79,0
33.02,15,2,2,0,0,0,0,102.9,2,1,33.3,0
31.5,15,4,0,0,0,0,0,9.3,2,0,42.58,0
40.88,11,1,3,0,0,0,0,300.8,0,2,39.11,0
40.49,15,0,1,0,0,0,0,38.9,3,3,23.32,0
2.93,12,2,1,0,0,1,0,85.5,1,0,17.67,0
11.38,20,4,2,0,1,0,0,72.8,0,2,38.87,0
27.09,18,0,1,0,0,0,1,36.3,0,1,12.56,0
57.44,21,1,2,0,0,0,0,114.4,1,1,13.34,0
11.92,12,3,2,0,0,0,0,5.7,2,1,17.38,0
3.88,21,1,2,0,0,0,0,16.8,1,0,17.94,0
68.79,20,1,1,0,0,0,0,27.2,1,0,9.96,0
42.07,8,1,0,0,0,0,0,34.4,1,1,40.12,0
16.07,16,2,1,0,1,0,0,7.1,1,2,27.03,0
4.31,14,3,0,0,0,1,0,35.5,1,2,17.2,0
21.21,11,5,1,0,0,0,0,17.7,0,1,3.59,0
16.03,19,2,0,0,0,0,0,6.5,3,2,148.94,0
155.59,3,7,5,1,1,0,1,327.8,4,6,13.73,1
48.01,12,6,4,0,1,0,0,11.2,0,1,16.41,0
13.53,17,1,1,0,0,0,0,49.9,0,0,49.92,0
6.49,13,1,3,0,1,0,0,14.4,1,1,10.71,0
18.08,10,3,2,0,0,0,0,29.4,0,2,1.82,0
81.72,21,3,2,0,0,0,0,73.2,4,2,6.14,0
30.04,15,1,5,1,0,0,0,4.1,1,2,4.15,0
37.94,20,6,3,0,0,0,0,292.4,0,1,11.08,0
38.35,15,2,1,0,0,0,0,76.2,3,3,23.17,0
7.85,9,3,0,0,0,0,0,3.2,1,1,39.02,0
15.27,20,1,1,1,0,0,1,0.5,1,2,7.47,0
43.61,18,2,1,0,0,0,0,192.5,0,1,36.52,0
89.93,14,3,1,0,0,0,0,11.1,1,3,72.69,0
31.64,21,2,2,0,0,0,0,62.5,1,1,7.08,0
7.3,14,2,1,0,0,0,0,22.0,1,1,27.41,0
30.41,20,2,0,0,0,0,0,56.5,1,3,26.43,0
22.18,13,2,3,0,1,0,0,30.8,3,2,10.97,0
248.88,3,5,3,0,1,0,1,370.6,3,5,94.43,1
130.29,9,1,0,0,0,0,0,100.5,3,0,46.55,0
11.84,12,3,1,0,0,0,0,110.4,2,0,51.67,0
21.8,15,1,3,0,1,0,0,9.1,1,2,18.21,0
13.4,15,3,1,0,0,0,0,34.6,2,2,66.31,0
11.88,9,1,1,0,1,1,0,31.8,2,1,33.58,0
95.98,17,3,0,0,1,1,0,7.5,2,3,76.09,0
30.99,8,4,1,0,0,0,0,35.3,1,1,85.79,0
57.93,15,1,2,0,0,0,0,113.8,1,3,53.29,0
22.12,12,2,1,0,0,0,0,11.1,1,1,6.14,0
16.59,20,2,2,0,0,0,0,17.6,1,2,134.81,0
14.41,13,1,1,0,1,0,1,30.2,1,0,3.21,0
43.79,17,9,7,0,3,0,1,39.0,6,4,6.55,0
10.81,16,4,2,1,0,0,0,65.4,4,2,31.06,0
526.42,21,4,0,0,0,0,0,17.2,1,3,87.81,0
7.88,9,1,0,0,1,0,0,17.5,2,1,4.6,0
8.24,15,0,2,0,0,0,0,11.9,0,2,50.77,0
175.72,11,1,2,0,0,0,0,40.0,2,0,23.47,0
256.42,21,6,1,0,0,0,0,40.6,1,1,19.44,0
20.74,20,3,1,0,0,0,0,17.8,5,2,52.78,0
29.93,18,2,0,0,0,0,0,84.3,0,1,43.03,0
15.56,17,1,1,0,0,0,0,9.2,2,1,27.5,0
641.14,14,5,5,1,3,0,0,204.0,3,5,24.83,0
20.04,10,1,1,0,1,0,0,286.1,0,1,26.46,0
17.44,14,2,1,0,2,0,0,13.2,1,1,11.11,0
64.13,14,1,0,0,0,0,0,4.7,1,2,13.95,0
19.56,19,3,0,0,1,0,0,137.1,2,1,22.81,0
41.56,18,2,2,0,1,0,0,59.7,0,0,87.69,0
19.57,10,0,1,0,0,0,0,0.1,1,1,14.88,0
15.01,15,3,2,0,0,0,1,41.4,2,1,71.53,0
13.08,16,1,1,0,0,0,0,64.4,1,1,206.41,0
81.52,17,1,1,0,0,0,0,26.1,1,0,39.79,0
4.13,10,1,2,0,0,1,0,19.1,0,2,4.39,0
280.0,21,6,1,0,6,0,1,50.0,8,4,15.61,1
12.65,9,2,1,0,0,0,0,227.2,2,2,120.08,0
24.86,21,2,1,0,0,0,0,109.8,1,1,20.29,0
17.98,16,4,1,0,0,0,0,17.3,2,1,39.67,0
52.54,8,6,0,0,0,0,0,82.4,1,1,12.82,0
64.27,9,1,1,0,1,0,0,24.7,0,0,6.69,0
32.69,9,2,3,0,0,0,0,42.0,1,0,3.65,0
9.23,12,2,1,0,0,0,0,4.1,3,2,19.48,0
41.77,11,1,0,0,0,0,0,82.6,1,2,11.07,0
23.0,8,3,1,0,0,0,0,5.4,2,2,45.64,0
201.22,9,3,2,0,0,0,0,76.5,2,0,16.56,0
365.54,13,2,0,0,0,0,0,93.7,1,0,293.21,0
65.01,9,1,0,0,0,0,0,22.9,2,0,5.95,0
56.21,16,3,2,0,0,0,0,2.3,2,4,36.91,0
29.89,16,3,2,0,0,0,0,74.7,2,1,27.93,0
24.26,18,2,2,0,0,0,1,69.4,0,1,11.27,0
18.27,19,2,1,0,0,0,0,13.7,0,1,4.91,0
30.42,21,3,3,2,0,0,0,47.3,1,2,11.15,0
25.76,15,3,1,0,0,0,0,55.1,1,2,29.26,0
78.24,18,0,2,0,0,0,1,15.8,2,2,23.99,0
32.91,19,1,3,0,0,0,1,6.1,0,2,6.7,1
385.81,3,6,5,0,4,1,1,240.5,6,2,46.56,1
37.45,14,2,0,0,1,0,0,1.8,0,0,30.5,0
2.62,18,2,0,0,1,0,0,46.1,3,3,151.13,0
35.95,0,10,5,0,5,1,0,91.1,3,6,5.22,1
11.18,19,5,2,0,0,0,0,78.8,0,2,33.13,0
35.84,9,0,1,0,1,0,0,12.5,2,2,7.45,0
70.12,10,2,2,0,0,0,0,0.3,1,2,81.62,0
103.32,20,4,0,0,0,0,0,84.0,1,4,26.25,0
11.59,15,5,1,0,0,0,0,40.1,0,2,11.16,0
60.44,11,1,2,0,0,0,0,1.1,0,0,24.33,0
147.21,22,6,2,0,5,1,0,311.1,3,6,262.54,1
10.94,19,3,0,0,0,0,0,89.7,1,3,17.26,0
3.1,13,4,0,0,0,0,0,25.9,3,3,12.23,0
111.92,13,5,0,0,1,0,0,112.2,2,2,37.51,0
65.76,13,2,0,0,0,0,0,51.2,0,3,39.25,0
67.01,18,3,1,0,0,0,0,144.7,3,3,18.06,0
55.87,4,3,5,0,1,0,0,10.0,2,2,4.59,0
153.39,10,3,0,0,1,0,0,87.4,1,4,13.9,0
61.5,17,3,2,0,0,0,0,125.8,3,1,58.43,0
19.79,15,2,0,0,0,0,1,30.3,1,1,20.1,0
24.5,13,1,1,0,1,0,0,152.3,1,2,30.42,0
7.63,18,1,1,0,0,0,0,19.3,1,1,11.97,0
20.84,9,4,0,0,0,0,0,112.0,2,4,11.9,0
86.76,16,5,7,0,1,1,0,55.8,4,2,37.29,0
94.0,12,1,0,0,0,0,1,144.0,1,3,4.34,0
31.38,20,3,1,0,0,0,1,104.0,2,1,32.96,0
19.0,16,0,2,0,0,0,0,0.4,4,3,3.33,0
23.76,10,1,1,0,0,0,0,48.1,0,1,19.43,0
30.51,18,2,1,0,1,0,0,5.2,4,2,96.05,0
37.33,1,2,3,0,5,0,0,27.4,2,2,24.14,0
31.44,15,3,2,0,0,0,0,1.5,1,3,10.0,0
56.23,19,0,0,0,0,0,0,6.8,1,0,2.27,0
4.39,19,2,3,0,0,0,0,10.2,1,3,1.48,0
10.16,9,1,3,0,1,1,0,3.4,0,3,20.53,0
29.21,15,1,0,0,0,0,0,152.2,2,2,19.1,0
29.6,16,2,3,0,0,0,0,42.3,0,3,36.01,0
19.01,16,5,1,0,4,0,0,35.2,2,0,15.74,0
64.47,12,0,1,0,1,0,0,40.6,1,2,17.59,0
5.57,18,0,0,0,0,0,0,94.6,0,1,129.38,0
25.9,14,2,0,0,0,0,0,7.7,0,0,13.25,0
62.46,17,0,1,0,0,0,0,53.5,2,4,44.87,0
71.03,15,1,5,0,0,0,0,24.9,2,0,124.09,0
8.26,20,2,1,0,0,0,0,117.7,3,0,18.56,0
57.94,14,7,0,0,0,0,0,75.6,0,1,31.67,0
265.47,11,4,0,1,2,0,1,219.2,3,2,6.0,0
10.21,20,4,1,0,0,0,0,49.8,1,2,64.73,0
46.51,17,4,0,0,0,0,0,53.0,3,3,67.91,0
13.53,19,1,0,0,1,0,0,18.1,0,1,13.63,0
36.67,19,2,0,0,1,0,0,22.3,0,0,8.32,0
27.64,14,3,0,0,0,0,0,113.0,2,1,18.75,0
7.32,17,0,0,0,0,0,0,139.8,4,1,16.5,0
83.79,22,6,2,1,5,1,0,315.2,2,4,36.73,0
39.61,19,1,0,0,0,0,0,11.9,1,2,21.51,0
8.92,14,2,2,0,1,0,0,38.8,1,2,83.68,0
100.89,13,1,0,0,1,0,0,4.5,0,2,7.84,0
1179.73,2,1,3,0,3,0,1,105.8,2,1,18.16,0
137.46,9,4,3,0,0,0,0,98.0,3,3,11.01,0
95.66,15,6,2,1,4,0,0,228.0,5,6,306.96,0
288.71,19,1,2,0,0,0,0,1.7,0,1,3.25,0
31.41,13,6,2,0,3,0,1,49.4,0,4,41.27,0
12.02,12,1,3,0,0,0,0,22.7,4,0,34.77,0
46.25,12,4,1,0,0,0,0,136.9,1,1,100.61,0
106.28,10,1,1,0,0,1,0,0.5,0,2,27.48,0
23.47,19,2,3,0,0,0,0,9.2,1,2,10.69,0
222.3,12,2,0,0,0,0,0,16.9,1,1,24.47,0
20.35,12,0,3,0,0,0,0,76.1,2,2,39.49,0
20.67,13,3,1,0,0,0,0,28.1,2,0,9.85,0
30.74,9,1,0,0,1,0,0,19.1,1,1,29.54,0
60.19,18,0,2,1,0,1,1,119.5,1,1,26.0,0
28.02,11,3,1,0,1,0,0,32.4,4,1,9.4,0
5.35,17,1,1,0,0,0,0,33.0,0,2,14.89,0
17.96,18,1,2,0,0,1,0,31.6,1,0,9.11,0
13.3,18,5,2,0,0,0,0,3.8,0,1,16.4,0
8.05,19,3,2,0,0,0,0,93.0,0,1,3.5,0
6.47,12,3,2,0,0,0,1,28.9,1,4,12.78,0
61.47,15,3,1,0,0,0,0,84.1,2,4,40.76,0
55.82,8,4,0,0,0,0,0,98.6,3,2,12.1,0
49.59,19,1,3,0,0,0,0,72.0,0,3,24.06,0
20.66,19,3,1,0,0,0,0,100.5,3,3,29.22,0
38.14,17,3,0,0,0,0,1,74.4,1,2,36.55,0
23.38,12,3,0,0,0,0,0,33.1,2,2,96.18,0
95.73,20,5,2,1,1,0,1,199.5,1,4,91.08,0
78.76,17,1,0,0,1,0,0,112.3,2,0,46.13,0
62.05,16,3,0,0,0,0,0,35.4,1,3,25.7,0
292.4,19,3,1,1,3,0,0,10.0,3,5,15.77,0
48.02,17,2,1,0,1,0,0,51.9,1,2,6.1,0
29.82,14,2,1,0,0,0,1,32.0,1,1,92.76,0
6.12,14,1,0,0,2,0,0,13.8,1,0,76.84,0
55.28,14,2,4,0,0,0,0,15.1,4,0,14.53,0
129.12,2,6,4,0,2,1,1,521.0,4,4,16.66,1
9.45,16,3,3,1,0,0,0,33.5,2,2,77.39,0
9.43,9,4,0,0,0,0,0,44.1,1,1,18.2,0
104.19,19,4,0,0,0,0,0,79.4,1,1,12.15,0
25.84,11,2,0,0,0,0,0,14.8,2,3,18.08,0
35.57,15,2,1,0,1,1,0,5.0,0,0,34.35,0
50.96,9,1,0,0,0,0,0,18.8,2,0,24.76,0
76.95,9,2,0,0,0,0,0,70.2,0,3,12.7,0
26.36,18,3,0,0,0,0,0,8.7,0,2,18.39,0
49.51,20,2,0,0,0,0,0,0.0,1,2,89.84,0
48.6,11,4,0,0,0,0,0,26.5,0,2,108.16,0
25.0,11,2,4,0,0,0,0,128.7,4,3,40.99,0
91.65,13,3,0,2,0,0,0,3.8,2,1,7.93,0
17.59,18,2,1,0,1,0,0,55.3,2,1,175.87,0
190.02,22,7,5,1,3,1,1,235.4,6,5,16.23,1
2.87,8,4,4,0,1,0,0,52.6,0,4,10.79,0
15.63,11,1,0,0,1,0,0,5.8,0,6,9.6,0
32.5,16,1,0,0,0,0,0,5.9,0,1,61.91,0
38.6,12,2,0,0,2,0,0,74.4,3,2,151.74,0
10.61,18,4,5,0,0,1,0,14.6,4,0,5.4,0
172.39,15,3,1,0,0,0,0,51.0,1,1,7.75,0
87.63,19,4,3,0,0,0,0,33.5,4,2,18.08,0
17.22,18,1,0,0,0,0,0,22.3,1,2,35.57,0
85.13,13,4,3,1,2,1,1,174.2,4,0,9.23,0
16.16,13,1,1,0,0,0,0,49.8,1,2,104.1,0
35.31,12,0,1,0,0,0,0,2.1,0,2,7.24,0
20.47,17,0,0,0,0,0,1,3.1,3,2,9.73,0
9.15,17,2,1,0,2,0,0,25.7,5,2,56.34,0
38.88,14,2,0,0,0,0,0,33.1,0,4,22.68,0
22.15,13,2,0,0,0,0,1,18.7,3,5,11.81,0
65.08,20,2,0,0,0,0,0,109.5,3,2,153.84,0
49.83,14,0,0,0,0,0,0,86.5,1,0,30.28,0
21.31,16,2,1,0,0,0,0,32.0,1,0,26.97,0
31.74,19,1,1,1,0,0,0,43.8,2,0,82.94,0
10.43,13,1,2,0,1,0,0,62.4,1,2,26.17,0
9.2,8,3,0,0,0,0,0,40.1,0,2,30.79,0
21.91,13,1,2,0,0,0,0,113.8,1,2,4.08,0
14.54,18,4,1,0,1,0,0,86.0,3,2,100.13,0
573.17,0,7,4,0,5,0,0,14.1,6,1,29.38,0
4.74,17,3,2,0,0,0,0,32.1,1,1,27.48,0
44.25,13,2,1,0,0,0,0,52.9,1,0,13.17,0
5.64,20,1,0,0,0,0,0,46.0,2,1,13.5,0
40.7,14,5,0,0,0,0,0,23.2,1,2,170.03,0
54.38,10,2,2,0,0,0,0,44.1,0,1,32.93,0
50.42,9,6,3,0,1,0,0,35.8,2,1,64.09,0
77.35,4,6,1,0,2,0,1,10.0,5,0,19.04,0
20.88,6,5,6,0,3,1,1,409.5,0,8,28.48,0
29.21,11,5,1,0,3,0,1,73.3,1,0,24.71,0
24.39,19,1,1,0,0,0,0,81.4,2,4,57.38,0
338.56,5,7,6,3,7,1,1,185.1,5,9,6.14,1
65.02,10,0,0,0,0,0,0,8.1,1,0,6.09,0
42.19,20,2,0,0,0,0,0,95.3,0,1,6.02,0
3.37,14,2,1,0,1,0,0,70.0,0,3,26.64,0
114.56,12,7,5,0,3,1,0,376.6,1,1,9.98,0
11.7,14,1,1,0,0,0,0,28.1,0,2,24.74,0
21.35,10,3,1,0,0,0,0,40.2,1,1,40.65,0
13.5,16,1,4,0,0,0,0,56.5,0,1,42.97,0
29.65,18,2,0,0,0,0,0,20.5,1,0,7.24,0
100.99,9,3,0,0,1,0,0,24.9,0,0,8.03,0
3.62,15,2,2,0,0,0,0,64.3,0,2,39.15,0
37.27,15,2,0,0,0,0,0,119.8,0,2,23.92,0
13.09,18,3,0,0,0,1,0,1.3,3,4,19.41,0
5.35,20,1,0,0,1,0,0,67.6,2,0,32.91,0
8.63,17,1,1,0,0,0,1,13.8,3,3,40.72,0
625.33,5,5,6,0,0,1,1,321.2,6,1,74.15,0
25.57,16,3,1,0,0,0,0,2.7,1,3,21.15,0
32.01,15,4,0,0,0,0,0,4.6,1,4,12.75,0
98.43,10,3,0,0,0,0,0,72.4,1,0,63.92,0
6.48,18,2,0,0,1,0,0,23.7,3,2,4.5,0
13.25,18,1,0,0,0,0,0,35.4,3,0,8.27,0
20.67,18,3,0,0,0,0,0,8.7,0,3,48.56,0
14.93,18,3,0,0,0,0,0,22.1,1,1,33.28,0
54.3,13,2,1,0,1,1,0,8.8,1,1,3.79,0
60.3,17,2,1,0,0,0,0,58.9,1,0,12.89,0
55.05,19,2,0,0,0,0,0,142.9,1,2,20.08,0
12.71,13,2,1,0,0,0,0,12.2,1,2,16.15,0
7.44,12,3,2,0,0,0,0,2.2,2,2,40.56,0
9.38,12,3,0,0,0,0,0,3.0,2,0,12.55,0
31.84,12,6,0,0,0,1,0,31.1,1,1,51.03,0
75.03,15,1,1,0,0,0,0,13.7,0,2,8.75,0
280.74,5,6,3,0,1,0,0,163.2,5,1,30.57,0
28.8,15,2,0,0,1,0,0,30.8,2,3,6.23,0
87.84,21,4,0,1,0,0,0,191.6,0,2,60.51,0
105.17,9,2,1,0,1,0,0,28.2,1,0,72.45,0
2.36,12,2,1,0,0,0,0,62.5,1,3,35.68,0
41.1,12,5,6,0,5,0,0,274.1,1,6,24.68,0
55.04,19,2,0,0,0,0,0,102.4,0,2,23.33,0
23.63,13,2,1,0,1,0,0,47.0,0,1,17.87,0
22.69,10,2,1,0,0,0,0,3.7,0,1,16.18,0
175.14,15,2,4,0,1,0,0,18.9,1,1,19.19,0
12.54,11,1,1,0,0,0,0,57.3,2,3,176.0,0
72.2,18,4,1,0,1,0,0,3.4,1,4,23.22,0
42.94,9,4,0,0,0,0,0,54.7,0,2,17.62,0
12.09,16,1,0,0,1,0,1,258.0,2,3,39.79,0
31.24,19,3,3,0,1,0,0,189.5,1,1,123.84,0
119.83,15,3,1,0,0,0,0,124.1,0,1,21.84,0
39.17,9,1,2,0,1,0,0,161.0,2,0,19.42,0
94.77,13,3,0,0,0,0,0,21.5,1,3,10.46,0
45.66,16,3,4,0,2,0,1,37.4,2,1,22.5,0
48.77,20,2,2,0,0,1,0,15.4,0,2,10.17,0
33.41,9,5,2,0,0,0,0,3.3,0,1,13.67,0
1.77,14,1,0,0,0,0,0,63.8,1,0,62.19,0
80.82,9,3,1,0,0,0,0,38.3,1,1,37.24,0
22.73,19,1,2,0,0,0,0,39.2,0,1,27.85,0
28.55,9,3,0,1,1,0,0,33.2,3,4,19.48,0
8.46,20,3,1,0,1,0,0,84.6,2,3,3.91,0
56.03,10,3,0,0,0,0,0,11.9,4,2,146.84,0
52.71,16,4,2,0,0,0,0,225.6,3,2,46.44,0
91.05,18,1,1,0,0,0,0,104.2,1,0,21.02,0
29.51,16,1,0,0,1,0,0,18.8,1,2,60.0,0
9.77,18,2,2,0,0,0,0,75.3,2,1,32.38,0
45.62,10,2,1,0,0,0,0,19.6,1,2,310.52,0
7.79,11,4,3,0,1,0,0,24.2,0,2,12.63,0
18.78,20,2,4,0,0,0,0,2.9,1,1,17.97,0
96.8,13,0,3,0,0,0,0,4.0,0,4,34.08,0
76.42,20,0,2,0,0,0,0,18.7,2,0,24.61,0
47.88,9,4,0,0,0,0,0,201.6,1,2,26.04,0
33.77,9,0,0,0,0,0,0,60.0,1,2,14.85,0
50.88,13,2,1,0,2,0,0,5.9,1,1,38.2,0
97.05,22,8,5,0,3,0,0,10.0,1,4,5.09,0
46.19,12,1,1,0,1,0,0,75.4,0,3,46.69,0
57.53,5,4,6,2,5,1,1,209.0,5,6,43.45,1
13.67,9,2,1,0,0,0,0,68.5,1,2,20.68,0
99.19,17,2,1,1,0,0,0,31.8,3,3,28.9,0
74.95,19,3,2,0,0,0,0,6.9,2,2,30.45,0
6.36,20,5,2,0,0,0,0,9.8,2,3,3.13,0
18.94,17,0,2,0,1,1,0,20.3,1,2,11.08,0
113.55,16,2,1,0,1,0,0,60.0,1,1,14.68,0
10.69,8,3,0,0,0,0,0,26.3,0,3,31.09,0
21.27,20,2,2,0,0,0,0,50.6,0,1,15.28,0
11.22,14,1,0,1,0,0,0,4.4,0,1,35.38,0
17.1,14,4,2,0,0,0,0,108.1,3,1,42.21,0
14.74,21,3,0,0,0,1,1,65.0,1,1,26.64,0
20.97,13,0,2,0,2,0,0,9.7,2,3,11.19,0
65.58,15,2,2,0,1,0,1,82.4,1,0,108.94,0
10.64,17,3,2,0,0,0,0,78.1,0,3,141.48,0
27.52,21,2,0,0,0,1,0,8.4,2,0,45.34,0
72.25,17,0,3,0,0,0,0,35.7,2,0,14.93,0
266.53,21,6,2,0,1,0,1,13.9,5,5,43.23,0
54.54,13,1,1,0,0,0,0,20.4,1,1,54.77,0
18.83,20,3,0,0,0,0,0,18.4,0,4,46.95,0
52.82,10,2,1,0,0,0,0,44.0,2,2,38.97,0
24.25,18,1,1,0,0,0,0,74.9,2,1,6.25,0
10.3,14,0,0,0,0,0,0,46.9,0,0,13.0,0
20.5,10,3,0,0,1,0,0,22.4,6,2,12.86,0
35.93,13,14,7,0,4,0,1,850.2,5,5,21.74,1
28.44,7,3,10,5,6,0,0,372.8,3,5,14.44,1
80.87,9,3,2,0,0,0,0,46.3,0,0,45.6,0
12.12,17,2,1,0,1,0,0,36.0,0,1,16.7,0
18.35,16,4,0,0,0,0,0,52.8,1,3,19.46,0
28.17,11,3,2,0,1,0,0,36.9,1,0,20.36,0
26.25,9,0,2,0,0,0,0,61.6,1,1,18.44,0
8.43,13,1,3,0,0,0,0,199.1,0,0,114.13,0
31.76,20,0,0,0,0,0,0,38.2,3,2,27.82,0
11.79,12,2,1,0,0,0,1,26.4,1,2,50.17,0
9.19,13,3,2,0,0,0,0,104.7,2,0,3.3,0
20.02,13,0,2,0,1,0,0,131.2,0,2,21.98,0
7.14,10,3,1,0,0,0,0,32.8,3,1,10.86,0
69.06,17,5,0,0,0,0,0,48.8,2,1,18.8,0
58.71,10,1,4,0,0,0,0,72.8,2,2,44.75,0
18.8,9,0,1,0,1,0,0,39.3,2,1,19.88,0
22.47,13,0,2,0,0,0,0,4.5,0,2,41.71,0
32.34,14,1,2,0,1,0,0,96.9,1,1,9.06,0
10.44,9,5,0,0,0,0,0,83.2,1,2,23.86,0
243.84,23,7,6,2,4,1,0,150.4,2,5,37.15,1
49.33,13,3,0,0,0,0,0,248.6,0,0,28.22,0
88.57,15,4,0,0,0,0,0,131.1,2,4,70.83,0
22.38,21,2,0,0,0,0,0,66.9,1,2,19.18,0
51.17,12,4,1,0,1,0,0,31.3,1,0,20.57,0
14.9,18,5,2,0,0,0,0,8.1,0,3,2.98,0
26.39,21,4,5,0,2,0,1,502.1,3,2,25.86,0
27.27,19,2,2,0,0,0,0,13.6,0,1,13.3,0
11.24,17,4,2,0,0,0,0,3.1,1,3,15.91,0
8.39,13,4,2,0,0,0,0,72.2,0,2,5.19,0
33.71,17,4,0,0,0,0,0,86.2,0,1,51.03,0
12.38,16,3,1,0,1,0,0,20.8,4,1,7.19,0
50.28,17,6,0,0,0,0,0,61.7,0,6,2.22,0
31.27,17,3,3,0,1,0,0,16.0,1,0,12.73,0
14.94,15,1,1,0,0,0,0,21.1,1,0,22.75,0
10.49,14,1,0,0,2,1,1,34.2,4,1,22.86,0
9.02,17,2,0,0,2,0,0,2.1,1,0,14.01,0
73.78,8,0,1,0,1,0,0,2.0,3,1,28.79,0
30.92,21,1,0,0,0,0,0,2.2,2,1,11.87,0
24.55,6,5,2,0,1,1,1,44.9,5,2,15.63,0
32.13,11,2,1,0,0,0,0,47.7,1,5,16.35,0
43.62,17,1,0,0,1,0,0,74.2,1,2,14.5,0
11.86,13,3,0,0,0,0,0,24.6,0,2,14.94,0
26.43,19,1,0,0,1,0,1,2.4,0,2,300.97,0
8.79,17,2,2,0,0,0,0,118.2,2,0,36.63,0
14.65,11,0,1,0,0,0,0,126.0,0,2,17.61,0
21.45,19,1,1,0,0,0,0,57.3,2,3,13.3,0
11.68,9,2,0,0,0,0,0,52.9,0,3,32.35,0
63.4,18,2,1,0,0,0,1,5.9,2,1,18.63,0
105.37,18,4,0,0,0,0,0,31.7,2,3,11.43,0
12.63,15,5,1,0,0,0,0,33.1,3,3,11.36,0
56.12,0,4,6,0,3,0,0,263.5,3,5,24.55,0
25.52,14,0,0,0,1,0,1,17.9,0,1,76.62,0
10.43,9,5,2,0,0,0,0,3.8,3,0,19.3,0
154.75,18,1,2,0,0,0,0,7.3,1,2,55.96,0
30.3,18,1,2,0,0,0,0,125.9,2,1,113.84,0
32.97,10,3,1,0,1,0,0,20.4,2,0,6.46,0
9.21,11,1,3,0,0,0,0,0.1,2,3,28.6,0
15.92,16,3,2,0,0,0,0,63.4,0,1,3.93,0
34.1,14,1,3,0,0,0,0,24.4,1,2,22.1,0
81.58,11,1,3,0,0,0,1,477.0,2,2,22.03,0
21.04,16,1,0,0,0,0,0,43.2,0,1,29.39,0
7.03,19,1,1,0,0,0,0,88.2,1,2,8.16,0
21.53,20,1,1,0,0,0,0,66.1,0,3,83.27,0
14.47,17,0,1,0,0,0,0,62.9,1,0,12.77,0
64.64,19,1,2,0,2,0,0,42.0,2,0,34.03,0
9.95,18,0,2,0,0,0,0,116.6,2,0,39.14,0
621.82,23,6,4,1,1,0,0,517.7,3,3,21.26,0
101.06,19,1,0,0,0,0,0,94.0,0,0,108.68,0
45.63,20,3,2,0,0,0,0,7.2,0,1,26.01,0
11.12,13,1,1,0,0,0,0,29.1,2,1,65.79,0
25.14,17,6,1,0,0,0,0,12.7,0,1,10.71,0
45.52,1,4,5,0,4,0,0,452.8,2,4,214.14,0
20.45,11,2,2,0,0,0,0,32.3,2,4,8.31,0
9.54,14,5,0,0,0,0,0,170.8,0,2,41.17,0
22.33,13,3,1,0,2,0,0,64.5,1,4,18.51,0
126.35,12,0,2,0,0,0,0,32.1,0,3,19.94,0
34.69,21,5,1,0,0,0,0,49.4,2,2,8.45,0
7.08,17,3,1,0,0,0,0,95.4,1,1,6.3,0
173.61,14,4,0,0,0,0,0,30.0,0,1,16.4,0
68.85,18,1,0,0,0,0,0,24.5,0,2,190.78,0
23.07,18,1,0,0,1,0,0,44.8,1,1,4.8,0
27.29,19,1,4,0,0,0,0,51.8,0,2,27.5,0
22.08,20,1,0,0,0,0,0,23.1,2,0,41.31,0
13.25,19,0,0,0,1,0,0,32.5,2,2,19.71,0
102.72,9,2,0,0,0,0,1,11.1,3,1,23.77,0
23.14,17,0,2,0,0,0,0,29.1,3,2,15.67,0
20.44,15,4,1,0,0,0,0,22.5,1,2,12.06,0
9.9,15,2,1,0,0,0,0,99.6,1,1,58.19,0
34.51,11,2,1,0,0,0,1,93.3,2,1,59.62,0
19.3,10,2,1,0,0,0,0,55.3,2,1,42.84,0
42.53,13,2,0,0,1,0,0,30.1,2,3,124.79,0
17.49,17,1,0,0,0,0,0,102.6,1,3,14.22,0
9.27,17,5,1,0,0,0,0,22.8,0,0,25.06,0
12.4,10,0,3,0,0,0,0,27.8,0,1,42.02,0
8.6,11,3,0,0,0,0,0,1.8,0,1,28.28,0
196.73,17,2,1,0,2,1,0,67.8,0,2,9.31,0
9.1,17,2,0,0,0,0,0,113.0,1,1,17.78,0
39.34,11,2,1,0,0,0,0,46.7,0,2,7.79,0
27.03,13,3,0,0,0,0,0,23.2,1,0,29.9,0
12.81,13,1,0,0,0,0,0,0.6,0,1,39.95,0
75.03,15,2,1,0,1,0,0,56.3,1,3,9.81,0
12.87,16,2,2,0,0,0,1,164.9,3,2,20.33,0
18.28,15,0,2,0,0,0,0,28.2,1,2,12.01,0
26.43,12,3,2,0,0,0,0,121.6,1,0,18.94,0
78.74,19,3,0,0,1,0,0,33.2,2,1,33.03,0
13.48,12,1,3,0,1,0,0,63.7,2,1,15.85,0
135.66,15,2,0,0,0,0,1,93.1,2,3,25.71,0
9.2,16,3,0,0,0,0,0,3.4,0,1,11.08,0
36.23,14,3,0,0,1,0,0,69.4,2,2,305.24,0
18.56,10,4,0,0,0,0,0,48.3,2,0,40.47,0
22.85,12,0,0,0,1,0,0,70.2,0,0,28.19,0
18.14,10,4,1,0,0,0,0,33.7,2,2,269.3,0
65.93,17,3,1,0,0,0,0,29.4,3,2,12.71,0
21.39,8,9,1,0,0,1,0,17.1,0,3,9.14,0
4.51,16,2,1,0,0,0,0,33.1,1,0,19.28,0
105.53,20,2,2,0,0,0,1,29.1,1,2,50.94,0
43.22,12,1,1,0,0,0,0,10.6,0,3,26.84,0
167.98,4,7,4,1,5,1,1,241.9,3,5,8.08,1
9.53,19,3,0,0,0,0,0,28.4,0,0,11.19,0
7.57,10,2,2,1,1,0,0,114.7,3,3,7.14,0
7.69,11,4,1,0,0,0,0,16.8,0,1,59.22,0
32.65,16,4,1,0,0,0,0,17.9,1,0,15.73,0
34.37,20,4,2,0,1,0,0,3.8,2,1,48.59,0
58.22,9,2,3,0,0,0,0,59.3,1,1,83.0,0
92.52,16,0,2,0,0,0,0,2.7,2,1,135.7,0
39.62,20,3,1,0,4,1,0,630.8,3,5,4.06,0
48.66,11,4,0,0,0,0,0,64.2,2,1,6.83,0
29.32,15,4,1,0,0,0,0,1.7,0,2,4.96,0
59.1,18,4,1,0,0,0,0,10.3,1,2,17.02,0
177.38,9,0,3,0,0,0,0,58.9,3,2,37.75,0
40.03,15,1,0,0,1,0,0,1.1,2,0,52.68,0
42.82,12,1,2,0,1,0,0,38.3,1,2,42.83,0
22.23,18,1,0,0,0,0,0,29.9,1,1,4.59,0
247.36,10,5,4,0,3,1,0,69.9,3,2,68.36,0
68.38,10,1,2,0,0,0,0,61.9,0,0,88.62,0
13.43,16,2,1,0,0,0,0,48.9,0,1,22.67,0
148.31,5,7,7,1,6,1,1,139.5,2,2,63.08,1
22.6,10,1,1,0,0,1,0,79.8,2,4,4.99,0
7.96,9,0,0,0,0,0,1,30.4,0,3,14.63,0
63.57,21,1,1,0,0,1,1,57.2,1,5,5.08,0
114.79,1,2,3,0,2,1,0,307.8,5,5,21.01,0
26.12,13,2,2,0,0,0,0,88.3,0,1,22.86,0
37.73,15,0,1,0,1,0,0,17.7,1,2,14.27,0
8.0,20,1,1,0,0,0,0,119.9,0,0,32.52,0
20.31,8,1,1,0,1,0,0,18.0,1,0,22.23,0
20.27,10,3,1,0,0,0,0,69.3,1,3,30.05,0
28.54,10,6,1,0,0,0,0,19.1,3,1,16.85,0
18.67,13,2,3,0,0,0,0,73.9,2,1,45.49,0
41.34,12,2,0,0,0,0,0,58.8,0,1,9.04,0
44.41,21,2,0,0,1,0,0,42.8,1,2,22.39,0
10.02,14,3,1,0,0,0,0,14.1,1,1,51.11,0
39.23,8,5,2,3,2,0,1,59.0,2,5,2.29,0
32.98,15,1,0,0,0,0,0,68.4,1,1,16.99,0
14.42,21,0,3,0,0,0,0,40.1,0,1,22.49,0
11.57,10,4,1,0,2,0,0,75.7,0,2,3.57,0
42.3,10,1,0,0,0,0,0,121.7,2,1,101.99,0
10.0,0,2,4,0,3,1,0,153.8,4,4,44.27,0
28.78,2,3,1,0,0,0,1,200.4,3,4,36.4,0
19.33,17,1,0,0,0,1,0,44.6,0,1,9.22,0
10.96,13,1,1,0,1,0,0,20.4,3,2,27.01,0
310.57,10,4,7,1,3,0,1,267.0,1,2,12.48,0
72.96,20,5,4,0,3,0,0,317.5,2,3,17.47,0
116.74,11,4,2,0,0,0,0,94.2,2,0,13.47,0
14.05,9,2,1,0,0,0,0,101.6,0,1,10.42,0
53.23,18,2,1,0,0,0,0,16.7,1,1,9.99,0
154.91,6,4,5,2,3,1,1,605.9,2,9,4.62,1
13.62,17,4,1,0,0,0,0,55.7,0,0,7.62,0
49.18,20,1,1,0,0,0,0,17.4,0,2,125.77,0
121.36,1,5,4,0,5,0,1,128.1,4,4,27.31,1
154.41,13,0,1,0,1,0,0,77.8,0,1,8.25,0
34.66,13,1,1,0,1,0,0,5.1,3,1,42.91,0
51.01,20,4,3,0,2,0,0,19.1,0,1,33.52,0
29.13,14,2,2,0,0,0,0,13.4,0,2,3.19,0
12.98,18,2,1,0,1,0,0,21.1,1,1,6.43,0
47.13,11,0,2,0,0,0,0,397.7,0,0,37.47,0
14.79,14,4,1,0,0,0,0,27.4,0,0,49.23,0
43.3,17,1,1,0,0,0,0,69.5,2,0,2.03,0
18.49,16,1,1,0,0,0,0,23.7,3,1,68.12,0
18.8,15,1,2,0,0,0,0,24.7,0,2,56.13,0
234.74,18,3,5,1,3,1,0,48.3,7,3,69.69,0
11.44,19,3,1,0,0,0,0,88.6,1,2,51.22,0
4.85,8,1,0,0,0,0,0,68.4,1,3,143.29,0
30.02,15,0,0,0,0,0,0,13.6,2,1,28.44,0
9.96,13,4,2,0,1,0,0,43.6,0,4,44.44,0
8.02,8,1,0,0,0,0,0,6.1,1,2,30.39,0
17.37,18,0,1,0,0,0,0,7.2,0,4,5.53,0
17.72,10,1,1,0,2,0,0,20.5,1,0,30.71,0
80.18,11,2,6,0,0,0,0,22.3,1,1,4.7,0
29.39,12,0,0,0,1,0,0,269.4,1,0,14.86,0
53.85,19,1,0,0,2,0,0,27.7,3,2,38.87,0
80.2,14,4,0,0,0,0,0,29.1,0,1,9.01,0
98.03,19,3,0,0,1,0,0,96.3,2,3,42.71,0
34.15,11,3,1,0,1,0,0,85.5,2,0,24.35,0
7.25,8,1,1,0,3,0,0,2.4,2,1,25.4,0
135.64,23,4,2,0,4,1,1,133.4,4,3,7.58,0
13.79,17,2,1,0,0,0,0,52.1,0,1,22.81,0
44.86,21,2,3,0,1,0,0,53.9,1,2,5.96,0
25.27,21,2,0,0,0,0,0,9.3,1,2,18.83,0
9.08,9,3,0,0,0,0,0,8.5,0,3,5.96,0
19.94,8,1,0,0,0,0,0,195.8,1,2,8.76,0
86.99,12,3,2,0,1,0,0,4.6,1,1,54.66,0
33.93,16,0,0,0,2,0,0,132.9,0,1,13.04,0
32.02,10,1,0,0,1,0,0,78.4,1,2,19.64,0
92.53,20,1,0,0,0,0,0,120.5,2,2,5.03,0
74.89,13,1,3,1,0,0,0,0.7,0,0,62.22,0
23.68,14,3,1,0,2,0,0,14.4,3,2,13.55,0
8.7,9,1,0,0,0,0,0,93.1,1,0,30.34,0
86.87,21,2,0,0,0,0,1,35.6,4,2,3.36,0
13.94,13,3,2,0,0,0,0,81.4,3,1,151.73,0
42.95,20,0,1,0,1,0,0,9.0,0,2,100.99,0
38.99,18,3,2,0,0,0,0,3.4,2,3,9.82,0
38.2,18,0,1,0,0,0,0,70.6,1,0,12.44,0
19.02,15,1,0,0,2,0,0,2.7,1,3,40.57,0
165.23,1,11,3,0,3,1,0,286.3,0,2,13.6,0
59.41,11,3,1,0,0,0,0,109.0,2,2,18.65,0
11.85,20,2,0,0,0,0,0,14.3,0,1,14.68,0
9.0,13,3,4,0,0,0,0,31.4,2,4,38.18,0
92.28,9,2,1,0,0,0,0,44.8,1,2,54.61,0
25.81,18,1,1,0,1,0,0,97.8,0,0,30.68,0
224.57,10,0,0,0,0,0,0,116.6,3,0,19.31,0
163.55,16,2,1,0,0,0,0,15.0,0,0,6.1,0
77.3,18,1,1,0,0,0,0,27.1,0,3,22.22,0
4.72,16,3,1,0,0,0,0,43.0,3,0,49.54,0
177.79,16,7,4,1,3,0,1,102.0,3,6,7.88,1
71.93,19,3,1,0,0,1,0,23.1,3,2,22.18,0
92.59,11,1,2,0,0,0,0,71.7,2,1,53.75,0
141.07,11,4,1,0,0,0,0,58.7,2,3,29.15,0
20.51,21,4,0,0,0,0,0,59.0,1,2,14.36,0
20.56,13,3,1,0,0,0,0,7.4,0,0,5.53,0
89.98,10,12,4,1,1,0,1,303.7,4,0,19.57,1
100.51,18,6,0,0,0,0,0,25.6,1,1,15.03,0
12.25,13,1,2,0,0,0,0,186.9,2,1,16.26,0
11.65,15,1,1,0,0,0,0,18.7,0,2,45.9,0
149.79,14,0,3,0,0,0,0,0.1,2,3,5.69,0
45.96,19,5,2,0,0,0,1,64.3,1,2,70.29,0
32.19,17,1,0,0,1,0,0,17.8,0,1,11.29,0
10.38,20,1,0,0,0,0,0,12.9,0,0,73.38,0
8.81,14,0,2,0,1,0,1,11.5,1,0,5.0,0
77.42,17,0,2,0,1,0,0,29.2,2,2,28.59,0
163.53,11,10,5,0,2,1,1,752.4,1,2,23.7,1
82.46,20,2,2,0,0,0,0,6.7,0,2,25.28,0
63.42,12,1,0,0,0,0,0,10.0,1,0,11.91,0
103.39,17,2,0,0,0,0,0,50.8,1,1,10.68,0
71.76,16,2,0,0,0,0,0,24.5,4,1,35.93,0
23.34,11,2,1,0,0,0,0,4.9,1,4,28.33,0
23.01,13,3,2,0,0,0,1,81.4,1,0,19.75,0
61.66,18,0,3,0,0,1,0,9.6,2,4,31.84,0
66.77,18,1,1,0,0,0,0,21.7,2,3,32.28,0
17.3,9,2,2,0,0,0,0,105.5,2,2,71.69,0
31.78,11,3,2,0,1,0,0,26.0,0,2,9.11,0
80.58,12,2,0,0,0,0,0,182.1,1,0,56.33,0
83.83,19,2,0,0,0,0,0,21.5,1,3,52.16,0
7.9,18,1,0,0,1,1,0,103.3,0,0,12.46,0
3.22,18,0,1,0,0,0,0,80.1,1,2,34.08,0
51.09,10,1,1,0,0,0,0,88.2,2,0,23.41,0
15.84,12,3,0,0,1,0,0,49.6,1,1,55.65,0
630.25,13,8,3,1,1,0,0,245.5,0,1,4.0,0
18.67,11,3,1,0,0,0,0,165.7,1,0,13.76,0
52.97,15,3,1,0,0,0,0,13.3,1,1,19.91,0
67.05,18,11,2,0,5,0,1,82.7,1,0,15.57,0
7.14,12,1,2,0,0,1,0,4.4,1,1,96.16,0
22.75,21,2,0,0,0,0,0,52.8,0,0,26.54,0
16.0,18,4,1,0,0,0,0,73.4,1,3,2.8,0
50.3,8,1,0,0,0,0,0,7.5,1,1,83.21,0
32.69,20,2,3,0,0,0,0,44.3,1,2,74.57,0
27.84,10,3,1,0,0,0,0,2.4,1,4,43.08,0
11.86,15,1,0,0,0,0,0,24.3,1,1,9.26,0
19.67,17,0,2,0,1,0,0,37.7,2,0,68.87,0
24.78,11,2,0,0,0,0,0,41.5,0,2,68.77,0
13.18,14,2,1,0,0,0,0,27.2,2,3,32.37,0
43.37,8,3,2,0,2,0,1,250.9,2,1,92.05,0
39.16,13,2,2,0,0,0,1,54.8,0,2,40.55,0
13.93,19,3,1,0,0,0,0,7.9,0,3,16.84,0
25.29,18,2,3,0,0,0,0,76.8,2,0,9.95,0
17.69,8,2,0,0,0,0,0,60.3,1,1,71.7,0
16.09,10,5,2,0,0,0,0,46.4,1,1,13.9,0
11.36,19,5,1,0,0,0,0,24.0,0,1,32.07,0
12.53,9,1,1,0,0,0,0,2.6,1,3,9.52,0
150.89,6,9,5,0,1,0,1,339.0,3,6,13.45,1
8.01,17,4,1,0,1,0,0,63.4,1,3,12.12,0
2.52,19,2,0,0,0,1,0,13.5,1,1,651.89,0
27.63,17,0,2,0,0,0,0,50.2,0,1,51.91,0
17.79,9,3,0,0,0,1,0,61.0,1,1,69.92,0
71.8,14,2,2,0,0,0,0,25.3,0,3,28.9,0
10.88,18,4,2,0,0,0,0,0.5,0,2,17.62,0
37.95,20,1,0,0,1,0,0,73.7,1,2,33.78,0
64.92,12,2,3,0,0,1,0,4.0,2,0,32.75,0
39.04,13,3,2,0,0,0,0,68.3,0,0,12.72,0
67.37,12,3,0,0,0,0,0,120.6,1,3,5.35,0
21.87,14,6,2,0,0,0,0,52.3,0,3,6.72,0
40.34,15,1,1,0,0,1,0,21.2,0,0,32.78,0
37.59,20,2,1,0,0,0,0,0.0,0,3,78.17,0
98.36,20,3,1,0,0,1,0,35.9,0,2,27.89,0
96.22,10,3,2,0,1,0,0,27.2,0,1,64.07,0
90.6,0,7,1,0,2,0,1,55.9,2,8,55.13,0
17.94,18,2,3,0,0,0,0,55.7,1,4,25.61,0
11.13,16,3,2,1,0,0,0,2.1,0,2,99.69,0
34.63,10,0,2,0,1,1,1,177.4,4,2,29.56,0
27.52,20,1,0,0,0,0,0,3.6,4,3,28.68,0
32.0,15,0,0,0,1,0,0,42.1,0,1,12.47,0
51.93,22,5,6,3,3,1,1,924.0,7,8,18.43,1
23.54,20,1,1,0,0,0,0,29.4,0,1,6.41,0
98.45,16,1,0,0,0,0,0,17.5,2,0,49.27,0
21.57,12,1,3,0,0,0,0,17.8,1,1,27.81,0
12.16,9,4,1,0,1,0,0,28.0,0,1,5.04,0
9.38,17,5,0,0,1,0,1,21.4,1,1,14.23,0
6.89,15,2,2,0,1,0,0,92.4,0,1,44.78,0
104.69,4,2,2,0,3,0,1,310.4,5,2,51.91,0
76.38,8,1,0,1,2,0,1,163.3,3,3,37.21,0
22.62,20,1,1,0,1,0,0,62.5,0,0,54.88,0
25.69,20,4,2,0,1,0,0,33.7,0,1,9.75,0
85.66,13,4,0,0,0,0,0,44.3,0,0,18.95,0
9.69,20,0,1,0,0,0,0,7.5,2,0,24.29,0
30.9,15,2,0,0,0,0,0,48.3,2,1,12.44,0
14.37,20,1,0,0,2,0,0,95.2,1,0,37.5,0
40.23,15,0,1,0,0,0,0,4.4,0,4,73.73,0
11.67,13,3,0,1,0,0,0,39.0,1,2,13.01,0
51.91,13,2,1,0,0,0,0,16.9,0,1,54.56,0
133.07,13,2,1,0,1,0,0,3.4,2,1,7.28,0
24.22,18,1,0,0,0,0,0,57.8,1,3,160.52,0
6.22,20,2,0,0,0,0,0,182.1,2,2,20.78,0
10.06,21,4,1,0,0,0,0,110.7,2,1,10.98,0
15.97,18,0,2,0,0,0,0,111.7,1,1,14.44,0
39.43,14,3,1,0,1,0,0,36.4,2,1,27.27,0
9.24,11,0,0,0,1,0,0,7.4,3,1,39.03,0
63.78,9,6,3,0,4,1,1,44.5,1,6,4.05,0
8.54,16,4,1,0,0,0,0,133.9,2,1,44.05,0
27.52,14,0,3,0,0,0,0,135.9,2,2,36.28,0
14.24,18,2,1,0,1,0,0,41.7,1,0,51.78,0
72.36,16,1,1,0,0,0,0,51.4,0,0,11.96,0
8.32,8,1,1,0,4,0,0,3.2,1,3,8.91,0
3.62,11,2,1,0,0,1,0,17.8,0,1,26.32,0
76.49,13,1,2,0,0,0,0,95.1,1,2,77.44,0
5.73,19,1,1,0,1,0,0,12.9,2,1,14.42,0
19.55,17,0,1,0,0,0,0,22.1,0,4,120.28,0
36.5,13,0,0,0,0,0,0,129.9,1,1,18.68,0
398.91,23,3,5,1,0,0,1,243.8,3,7,52.68,0
97.72,16,0,2,0,0,0,0,66.9,0,0,15.67,0
29.26,16,3,1,0,0,0,0,18.6,2,2,15.39,0
35.13,10,3,1,1,0,0,0,25.0,1,4,26.39,0
15.25,15,2,1,0,0,0,0,26.9,1,5,33.56,0
20.05,15,1,2,0,0,0,0,359.5,1,0,72.41,0
5.77,14,0,0,1,1,0,0,4.3,2,0,4.35,0
82.0,15,4,0,0,0,0,0,35.6,4,1,48.79,0
5.66,13,0,1,0,0,0,0,36.2,1,3,10.24,0
17.56,12,0,1,0,0,0,0,4.5,1,3,26.86,0
3.93,17,2,1,0,0,0,0,43.6,1,0,2.38,0
20.82,12,1,1,0,0,0,0,18.1,1,1,6.35,0
41.54,9,3,1,0,0,0,0,74.9,2,1,35.38,0
60.15,18,1,0,0,0,1,0,71.3,3,1,43.39,0
12.18,14,4,2,0,0,0,0,122.7,1,2,22.13,0
10.0,9,2,1,0,0,0,0,43.1,0,3,14.29,0
4.89,12,3,0,0,0,0,0,12.9,1,3,21.62,0
27.21,13,1,0,0,0,0,0,133.4,1,2,20.37,0
73.43,7,7,2,1,3,0,1,101.1,0,4,5.85,0
5.46,17,1,0,0,1,0,0,109.8,1,3,17.79,0
11.41,13,2,1,0,0,0,0,6.6,3,3,34.27,0
91.86,18,3,0,0,0,0,0,83.5,2,2,17.36,0
47.92,10,1,2,0,0,0,0,6.2,1,0,7.59,0
31.47,8,3,1,0,0,0,0,33.1,1,2,3.63,0
41.99,18,1,0,0,1,0,0,84.9,3,2,12.73,0
62.35,20,9,5,0,4,1,0,170.0,5,1,25.42,0
14.41,11,3,2,0,0,0,0,112.8,0,4,15.86,0
36.78,17,2,1,0,0,1,0,15.8,1,1,28.68,0
6.76,16,1,2,0,1,0,1,68.5,1,1,21.42,0
30.63,12,2,0,0,0,0,0,62.6,0,1,18.9,0
68.4,19,4,3,0,3,0,0,15.4,3,4,21.21,0
2.99,17,3,1,0,2,0,1,42.8,4,1,41.04,0
11.51,16,5,3,0,0,0,0,84.9,0,1,61.26,0
12.59,10,2,10,1,3,1,1,414.3,1,2,46.4,0
23.1,17,2,1,0,0,0,1,177.1,1,1,43.48,0
59.35,15,0,2,0,0,0,0,102.7,2,0,52.99,0
72.8,12,2,0,0,0,0,0,107.6,2,1,26.47,0
24.65,10,3,0,0,0,0,0,24.5,1,1,18.33,0
108.08,18,0,0,0,0,0,0,0.4,1,2,79.29,0
465.01,13,2,0,0,0,0,0,74.0,2,1,18.27,0
8.7,16,1,0,0,0,0,0,21.0,1,0,17.98,0
4.98,11,3,2,0,0,0,0,31.9,3,2,24.86,0
22.57,14,4,1,0,0,0,0,24.2,1,1,7.55,0
11.19,11,1,2,0,0,0,0,31.5,1,3,47.41,0
153.03,14,2,1,0,1,0,0,78.8,2,3,82.24,0
18.82,11,3,2,0,1,0,0,92.1,1,0,51.74,0
41.04,16,1,1,0,0,0,0,6.8,2,1,47.64,0
3.29,10,2,2,1,0,0,0,4.9,0,1,13.56,0
88.75,15,1,2,0,0,0,0,32.0,1,0,27.22,0
6.99,19,1,0,0,0,0,0,6.2,0,4,20.59,0
48.03,15,1,1,0,0,0,0,28.4,2,1,15.9,0
94.23,8,2,2,0,0,0,1,17.1,3,1,14.27,0
20.97,16,3,1,0,1,0,0,26.0,3,2,85.35,0
65.33,18,0,0,0,0,0,0,14.9,1,0,13.2,0
24.9,15,7,1,0,0,0,0,61.0,2,1,26.29,0
22.63,10,1,1,0,0,0,0,2.3,1,5,99.69,0
64.2,20,1,2,0,0,0,0,73.0,2,3,48.77,0
62.75,20,1,3,0,1,0,0,4.6,2,2,7.8,0
106.15,20,4,2,0,1,0,0,39.9,0,1,22.43,0
75.41,17,2,2,0,0,0,0,16.3,0,0,32.23,0
91.06,4,3,4,0,2,1,0,153.8,1,0,18.71,0
10.04,21,4,0,0,0,0,0,62.7,1,0,4.79,0
30.39,15,4,0,0,1,0,0,0.5,2,1,28.03,0
113.35,13,1,3,0,0,0,1,50.9,2,3,58.18,0
37.58,14,3,1,0,0,0,0,43.8,1,1,16.73,0
46.35,20,1,1,0,0,0,0,63.0,0,0,31.83,0
6.92,16,2,4,0,1,0,1,65.4,0,2,64.44,0
10.0,22,6,8,1,1,0,0,444.1,4,4,6.09,0
52.31,14,3,3,1,5,0,1,450.4,4,2,16.44,0
87.7,14,2,2,0,0,0,0,7.0,1,0,53.71,0
82.55,2,7,5,0,2,0,0,66.3,1,2,13.76,0
29.17,21,0,3,0,1,1,0,168.6,1,2,16.04,0
27.43,12,3,0,0,0,0,0,74.8,0,2,9.45,0
18.2,11,1,2,0,0,0,0,42.6,0,2,24.55,0
16.29,17,3,1,0,0,0,0,61.2,1,3,5.33,0
8.24,18,3,1,0,1,0,0,132.2,1,1,11.81,0
40.96,11,3,0,0,2,0,0,36.5,2,0,57.36,0
55.11,14,1,1,0,1,0,0,3.0,2,0,22.37,0
35.05,9,1,1,0,1,0,0,39.5,0,5,63.65,0
8.6,9,1,1,0,0,0,0,70.2,3,1,43.01,0
35.68,14,4,1,0,0,0,0,27.6,2,1,40.44,0
9.23,16,3,1,0,0,0,0,53.6,0,4,28.42,0
150.85,19,3,1,0,1,0,0,11.5,0,1,19.62,0
12.91,18,1,1,0,1,0,0,99.8,0,0,5.14,0
15.38,15,2,0,0,1,0,0,74.9,1,1,13.44,0
54.45,14,3,2,0,0,0,0,94.3,0,2,23.62,0
38.74,18,0,1,0,0,0,0,22.0,0,0,11.69,0
185.08,13,8,4,1,8,1,1,334.8,8,4,8.73,1
37.84,19,1,0,0,0,1,0,33.2,1,3,15.81,0
9.94,21,3,1,0,0,0,0,80.8,0,0,63.9,0
38.46,20,2,1,0,0,0,0,127.9,0,1,60.53,0
5.68,20,2,2,0,0,0,0,22.1,0,2,7.19,0
35.5,14,1,0,0,0,0,0,301.2,1,1,30.7,0
12.24,21,1,1,0,0,0,0,75.4,2,2,16.99,0
34.46,20,1,0,0,0,0,1,18.0,0,4,4.66,0
9.51,16,1,2,0,1,0,0,5.0,1,3,34.61,0
87.06,17,2,0,0,0,0,0,4.3,1,3,13.12,0
11.49,8,3,1,0,0,0,0,14.6,2,0,17.89,0
18.78,1,10,7,0,1,0,0,105.9,2,0,20.26,0
82.78,23,6,8,3,3,0,1,560.3,2,3,28.14,1
75.7,18,4,0,0,1,0,0,10.4,3,1,30.78,0
33.39,9,2,2,0,0,0,0,108.4,0,0,7.06,0
6.49,18,1,2,0,1,0,0,176.7,0,2,13.35,0
78.09,9,1,3,0,0,0,0,8.1,2,1,33.01,0
98.54,2,11,6,0,2,0,1,70.3,1,0,64.0,0
10.23,21,3,2,0,0,0,0,147.4,0,2,22.39,0
9.04,10,5,1,0,0,1,0,37.5,1,1,20.1,0
18.85,17,2,1,0,0,0,0,17.5,1,1,35.05,0
3.01,10,0,0,0,0,0,0,7.6,0,3,26.86,0
7.73,16,2,0,0,0,1,0,177.2,3,1,28.9,0
239.96,8,3,3,0,2,1,1,237.9,3,3,17.73,0
203.37,16,5,3,0,2,0,1,32.2,3,1,10.12,0
14.25,9,1,0,0,0,0,0,84.0,2,4,15.44,0
8.05,12,5,1,0,1,0,0,7.1,1,0,29.86,0
22.63,13,3,0,0,0,0,0,3.8,2,2,32.77,0
12.16,17,2,3,1,1,0,0,4.3,2,0,39.53,0
6.98,19,1,0,0,0,0,0,55.3,1,2,29.72,0
727.88,6,8,7,1,5,0,1,208.2,2,6,9.94,1
25.11,8,2,1,0,2,0,1,29.8,1,2,79.18,0
49.89,16,2,2,0,1,0,0,14.8,1,2,8.63,0
41.24,11,3,1,0,1,0,0,10.7,0,1,45.35,0
8.55,15,1,1,0,1,0,0,13.4,2,1,15.02,0
27.77,14,3,1,0,2,1,0,69.6,0,2,53.67,0
19.15,15,1,0,0,0,0,0,40.8,1,0,23.82,0
57.67,13,0,2,0,0,0,0,5.5,2,3,10.42,0
16.5,9,2,1,0,0,0,0,216.0,1,1,29.58,0
10.11,14,3,0,0,1,0,0,103.4,2,1,49.87,0
30.05,21,1,1,0,1,0,0,189.0,0,1,34.13,0
19.22,12,3,0,0,0,0,0,99.3,1,2,127.29,0
45.45,20,1,3,0,0,0,0,6.2,0,1,15.29,0
23.5,11,3,2,0,0,0,1,56.1,3,1,7.52,0
26.82,11,2,0,0,1,0,0,166.7,0,0,25.62,0
102.7,9,4,0,0,0,0,0,5.7,1,0,10.29,0
30.42,13,0,0,0,0,0,0,0.1,1,0,159.84,0
10.03,18,0,1,1,0,0,0,18.2,0,0,18.77,0
21.13,21,7,1,0,0,0,0,12.5,1,4,35.32,0
42.87,11,4,1,0,0,0,0,106.9,1,5,147.54,0
88.33,9,3,0,0,0,0,0,4.2,0,4,217.32,0
120.48,9,1,0,0,1,0,0,52.0,0,2,5.42,0
157.38,13,1,3,0,0,0,0,5.5,1,1,127.36,0
38.4,18,3,0,0,0,0,0,77.4,0,1,40.23,0
24.73,15,0,0,0,0,0,0,52.0,2,3,13.52,0
25.86,20,1,0,0,0,0,0,7.9,2,3,9.89,0
16.15,17,1,1,0,1,0,0,126.2,2,0,52.11,0
286.21,6,6,6,1,0,0,1,331.8,2,4,54.75,0
20.87,13,3,2,0,0,1,0,50.3,0,1,19.19,0
17.13,19,1,2,0,0,0,0,43.1,4,0,34.36,0
17.26,10,3,2,0,0,0,0,29.7,3,0,13.67,0
103.28,12,0,2,0,0,0,0,47.2,4,2,41.88,0
12.2,14,2,1,0,1,0,0,163.4,0,3,40.69,0
19.57,11,2,0,0,0,0,0,64.8,0,0,8.47,0
15.54,15,4,1,1,0,0,0,156.6,0,1,85.6,0
62.21,15,3,0,0,1,0,0,17.8,0,1,38.81,0
27.83,16,0,1,0,0,0,0,100.8,1,2,46.21,0
35.08,12,4,0,0,0,0,0,10.1,0,3,55.2,0
43.82,18,2,0,0,1,0,0,13.7,2,0,98.63,0
47.42,14,1,0,1,0,0,0,25.4,1,2,25.42,0
8.05,18,3,0,1,0,0,0,42.6,0,2,19.64,0
114.94,17,0,3,0,0,0,0,14.7,2,1,71.89,0
2.73,8,1,0,0,0,0,0,77.3,1,3,78.15,0
47.56,13,0,0,0,1,0,0,74.5,0,0,11.72,0
29.09,14,0,1,0,0,0,0,81.0,1,1,4.21,0
11.95,21,2,1,0,0,0,1,19.4,0,2,23.32,0
23.31,17,1,1,0,1,0,0,3.6,0,4,23.45,0
817.62,17,9,5,2,5,0,1,319.3,2,4,16.77,1
209.78,21,3,5,0,1,1,1,99.0,3,2,54.15,0
35.24,15,1,0,0,1,0,0,1.2,0,0,43.52,0
129.05,17,4,0,0,0,0,0,57.6,0,1,25.9,0
79.95,19,8,7,0,0,0,0,319.1,1,6,17.16,0
31.33,20,3,2,0,1,0,0,37.7,1,1,251.17,0
46.8,6,2,6,2,2,0,1,90.7,3,1,33.55,0
33.67,9,1,1,0,1,0,0,171.2,0,1,24.69,0
19.83,16,0,2,0,0,1,0,17.4,1,1,58.9,0
6.88,14,4,2,0,0,0,0,13.5,0,0,429.22,0
5.84,16,4,1,0,0,0,0,3.8,0,2,70.44,0
48.97,16,2,0,0,0,0,0,137.9,0,0,204.75,0
9.98,20,1,2,0,0,0,0,75.9,0,3,12.73,0
96.45,20,5,1,0,6,0,1,271.7,5,3,13.63,0
21.24,13,1,0,0,0,0,0,120.5,0,3,4.95,0
38.16,19,2,2,0,0,0,0,2.0,1,1,114.66,0
20.54,20,2,1,0,0,0,0,30.8,1,3,24.78,0
81.1,14,3,2,0,0,1,0,26.3,1,1,41.43,0
17.24,9,3,0,0,0,0,0,74.2,5,1,61.0,0
20.35,11,2,0,0,0,0,0,45.7,1,1,64.51,0
129.64,8,2,1,0,0,0,0,48.7,2,1,15.61,0
35.75,10,2,2,0,0,0,0,78.1,4,0,10.01,0
15.95,16,1,1,0,0,0,0,0.6,1,2,9.2,0
187.66,9,3,1,0,2,0,1,52.2,0,2,14.39,0
73.73,17,1,1,0,1,0,0,108.5,1,1,2.15,0
3.74,13,0,2,0,0,0,0,58.7,1,2,53.13,0
62.79,9,1,0,0,2,0,0,33.4,0,2,21.03,0
38.38,10,0,2,0,0,0,0,42.1,1,0,9.88,0
128.47,16,3,0,0,0,0,0,91.3,1,1,24.18,0
21.59,9,2,3,0,0,0,0,36.7,1,4,16.7,0
19.79,13,3,1,0,0,0,0,45.2,0,3,29.99,0
7.11,17,3,1,0,0,0,0,25.7,2,1,51.33,0
11.5,14,5,0,0,1,0,0,120.1,1,0,2.95,0
43.08,8,1,0,0,0,0,0,46.3,1,1,14.9,0
18.45,14,2,1,0,1,0,0,119.6,0,0,20.92,0
43.94,9,1,0,0,2,0,0,18.9,4,2,52.86,0
110.97,11,2,1,0,0,0,0,24.2,2,3,12.35,0
15.18,12,1,1,0,1,1,1,24.9,1,5,80.15,0
62.43,17,1,1,0,1,0,0,83.8,1,2,38.6,0
16.42,20,0,1,0,0,0,0,90.0,1,3,6.75,0
64.04,13,3,0,0,1,0,0,89.4,0,4,17.59,0
31.13,20,1,0,0,0,0,0,59.5,0,1,27.2,0
31.64,13,1,3,0,0,0,0,1.3,2,4,121.83,0
20.65,13,1,0,0,0,0,0,183.4,3,2,11.58,0
20.75,12,1,2,0,1,0,0,42.8,1,0,70.55,0
34.06,19,2,1,0,0,0,0,62.1,1,2,9.59,0
118.64,15,2,1,0,0,0,0,9.9,1,4,13.89,0
6.62,13,1,0,0,0,0,0,16.4,1,0,25.24,0
24.91,18,1,1,0,0,0,0,77.1,1,0,1.98,0
35.32,11,2,1,0,0,1,0,8.8,3,2,14.61,0
40.24,19,2,1,0,0,0,0,100.8,0,1,359.74,0
3.96,20,2,0,0,0,0,0,46.5,1,2,38.8,0
45.21,17,4,1,0,0,0,0,8.0,2,1,35.92,0
4.83,11,2,0,0,0,1,0,6.4,0,1,12.84,0
10.48,13,1,1,0,0,0,0,10.4,1,2,27.04,0
7.79,12,2,1,0,0,0,0,24.8,4,1,28.33,0
313.73,19,12,6,5,6,1,1,352.2,2,8,16.75,1
8.68,12,2,0,0,2,0,0,26.4,0,1,18.33,0
180.84,20,1,0,0,0,1,0,37.6,1,2,20.68,0
12.71,20,0,3,0,0,0,0,22.3,3,1,27.6,0
10.95,18,2,0,0,0,0,0,133.9,0,2,16.78,0
10.54,8,3,1,0,0,0,0,36.8,0,1,12.77,0
11.85,15,2,2,0,0,0,0,3.4,1,2,18.45,0
38.97,17,5,2,0,0,0,0,2.7,2,2,46.06,0
24.25,8,4,1,0,0,0,0,138.2,3,2,26.79,0
82.46,10,1,2,0,0,0,0,204.3,0,1,236.03,0
27.69,20,1,1,1,0,1,0,216.8,1,1,65.89,0
82.46,12,7,2,0,0,0,0,25.0,0,1,63.82,0
227.2,0,10,6,0,4,1,1,782.5,2,4,73.36,1
10.98,14,1,4,0,0,0,0,30.0,1,3,79.98,0
24.2,11,2,1,0,1,0,0,24.5,0,1,46.46,0
65.0,13,1,1,0,0,0,0,11.6,3,0,43.49,0
21.37,12,0,1,0,0,0,0,66.4,2,2,21.76,0
12.45,11,1,1,0,1,0,0,15.3,3,2,55.76,0
6.91,12,2,0,0,0,0,0,105.4,3,0,114.19,0
10.0,18,6,7,0,1,0,1,514.2,2,1,46.07,0
42.38,18,1,1,0,0,0,0,47.6,1,3,24.95,0
19.49,9,1,0,0,2,0,0,140.6,1,2,44.39,0
5.87,17,0,1,0,2,0,0,61.6,4,0,33.07,0
43.76,14,2,1,0,1,0,0,2.1,0,1,48.69,0
17.79,8,5,5,0,0,0,0,283.1,3,1,11.99,0
40.01,13,5,1,0,0,0,0,2.4,2,1,12.58,0
14.31,15,1,0,0,0,0,0,17.8,3,1,115.87,0
100.58,15,2,2,0,1,0,0,71.9,3,0,55.6,0
76.29,10,4,0,0,0,0,0,31.2,1,0,24.57,0
71.22,11,3,1,0,0,0,0,34.6,0,1,14.67,0
6.24,11,1,1,0,1,0,0,12.2,2,2,67.02,0
35.47,10,1,1,0,0,0,0,7.9,2,1,13.9,0
2.64,16,0,0,0,1,0,0,0.6,0,1,17.36,0
11.94,19,5,1,0,0,0,0,24.9,3,1,4.9,0
48.53,9,3,3,0,0,0,0,48.0,2,1,20.91,0
13.7,12,4,0,0,0,1,0,10.2,4,1,2.65,0
98.65,22,8,9,2,1,1,1,393.2,6,7,13.56,1
32.01,18,2,2,0,1,0,0,8.5,1,2,31.93,0
56.67,14,1,1,0,0,0,0,0.5,2,2,124.82,0
27.54,18,2,1,0,0,0,0,12.3,0,3,16.6,0
10.92,11,0,2,0,0,0,0,1.9,0,2,47.05,0
16.93,14,1,1,0,1,0,1,205.6,1,1,11.14,0
23.12,19,1,2,0,1,0,0,12.5,2,2,12.79,0
51.76,11,8,2,0,1,1,0,24.0,2,1,6.89,0
6.77,8,0,0,0,0,0,0,5.4,3,0,5.51,0
114.33,11,3,1,0,0,0,0,37.8,1,4,237.92,0
36.72,11,3,2,0,0,0,0,13.8,4,1,5.16,0
11.93,15,1,0,0,0,0,0,6.6,2,0,68.26,0
16.91,17,0,0,0,0,0,0,33.8,2,2,71.22,0
11.96,9,3,1,0,1,0,0,6.5,3,1,60.87,0
9.4,19,2,2,0,0,0,0,15.8,6,5,36.58,0
11.43,19,4,0,0,0,0,0,88.4,1,1,49.98,0
81.05,11,2,1,0,0,0,0,113.9,0,2,30.48,0
16.53,16,1,0,0,0,0,0,47.2,2,1,13.75,0
19.85,20,2,3,0,0,0,0,4.2,1,3,13.54,0
38.23,19,1,0,0,0,0,0,22.6,1,4,11.42,0
6.6,18,2,1,0,1,0,0,9.7,2,2,46.71,0
67.57,20,3,0,0,0,0,0,120.8,1,3,11.33,0
11.62,12,4,1,0,0,1,0,79.8,0,0,49.75,0
15.73,19,3,1,0,0,0,0,4.1,1,2,31.05,0
34.11,15,4,0,0,1,0,0,8.1,0,2,14.6,0
26.84,18,1,0,0,0,0,0,5.9,1,3,13.16,0
5.0,15,5,1,0,0,0,0,17.1,0,1,12.66,0
13.74,17,2,1,0,0,0,0,101.2,2,1,58.89,0
66.79,20,0,0,0,0,0,0,140.0,3,4,81.99,0
137.28,13,5,3,0,2,1,1,599.2,3,4,28.48,0
26.92,13,2,3,0,0,0,0,3.9,1,0,26.61,0
46.31,16,1,2,0,0,0,0,2.7,0,0,8.5,0
18.29,12,5,5,0,0,0,0,14.8,0,0,10.67,0
36.23,18,2,1,0,0,0,0,17.6,4,0,59.88,0
37.62,19,1,1,0,0,0,0,50.2,1,1,24.2,0
71.07,20,4,4,0,1,0,0,366.3,3,0,31.47,0
15.4,17,6,0,1,1,0,0,12.6,0,2,36.84,0
16.63,9,3,1,0,1,0,0,102.3,1,1,42.18,0
79.4,10,0,0,0,0,0,0,5.3,1,1,30.82,0
16.38,20,3,0,0,1,0,0,68.2,2,2,73.92,0
66.86,18,2,1,0,0,0,0,66.9,1,0,15.3,0
8.94,18,4,1,0,0,0,0,9.1,1,1,9.23,0
13.56,17,0,1,0,0,0,0,39.3,1,2,12.64,0
20.27,18,2,0,1,0,0,0,281.8,3,0,192.74,0
2.12,12,0,0,0,0,1,0,27.3,0,0,16.86,0
14.71,11,3,1,0,0,0,0,41.9,0,1,21.71,0
66.35,18,2,1,0,0,0,0,12.3,2,0,18.94,0
14.83,20,0,0,0,1,0,0,151.9,1,2,27.48,0
17.66,20,1,1,0,1,0,0,16.8,1,0,28.49,0
4.5,8,5,0,0,1,0,0,23.1,1,1,29.93,0
16.85,20,2,2,0,0,1,0,8.6,1,2,27.71,0
10.64,18,3,3,0,0,0,0,121.6,0,0,35.69,0
4.18,18,2,0,0,0,0,0,48.5,1,0,97.09,0
6.69,15,2,1,0,0,0,0,8.0,2,0,21.0,0
34.0,10,2,0,0,0,0,0,139.2,1,1,55.72,0
7.29,10,0,0,0,0,0,0,22.1,0,4,9.81,0
52.4,15,0,1,0,0,0,0,0.1,0,0,14.56,0
22.36,21,1,0,0,0,0,0,4.7,0,4,25.75,0
93.81,13,3,2,0,0,0,0,22.1,0,0,18.73,0
34.69,17,1,0,0,0,0,0,66.1,0,2,13.9,0
68.44,11,4,0,0,0,0,0,29.0,2,2,93.24,0
9.69,15,6,2,0,0,0,0,25.2,0,3,56.21,0
51.25,22,5,3,0,2,0,1,204.2,1,2,20.37,0
115.23,15,1,0,0,0,0,0,5.8,0,1,18.65,0
5.61,10,1,1,0,0,0,0,52.7,0,2,14.5,0
9.19,12,3,2,0,0,0,0,54.1,1,2,37.3,0
37.48,15,4,3,0,1,0,0,19.2,2,0,31.64,0
37.07,9,7,2,0,0,0,0,59.8,0,4,29.53,0
252.06,14,2,0,1,1,0,0,17.1,0,2,14.76,0
13.87,16,1,0,0,0,1,0,22.0,1,2,43.75,0
19.6,10,0,1,0,0,1,0,29.8,3,1,9.02,0
48.18,10,1,0,0,0,0,0,37.9,1,1,32.97,0
18.91,8,3,1,0,0,0,0,2.6,1,1,18.93,0
29.76,20,0,0,0,0,0,0,27.8,0,2,70.6,0
86.13,20,5,0,0,0,0,0,133.4,1,0,17.79,0
12.7,16,2,1,0,1,0,0,29.4,0,1,18.49,0
7.32,21,3,2,0,0,0,1,78.9,1,1,153.2,0
125.62,13,3,3,0,1,0,0,6.2,2,1,13.28,0
57.99,19,3,1,0,2,0,0,29.6,1,1,7.1,0
55.57,20,1,0,0,0,0,0,0.8,0,0,11.44,0
55.85,21,1,0,0,1,0,0,16.1,2,4,17.08,0
185.39,2,1,4,0,1,0,1,435.4,0,4,6.74,0
22.6,15,2,1,0,1,0,0,9.4,2,1,8.32,0
15.16,12,1,2,0,0,0,0,55.8,0,1,26.71,0
122.19,21,10,1,0,1,0,1,188.8,9,3,29.18,0
4.96,16,1,0,0,0,0,0,95.0,0,2,2.86,0
131.52,20,1,0,0,0,0,0,92.9,1,2,37.82,0
190.97,14,2,1,0,2,0,0,52.4,2,0,41.5,0
43.33,10,1,1,0,1,0,0,96.3,3,3,38.31,0
123.73,14,2,2,1,1,0,0,13.2,0,5,19.99,0
32.6,12,2,0,0,0,0,0,61.8,0,3,64.51,0
16.31,16,1,1,0,0,0,0,33.8,3,2,52.84,0
21.97,16,4,1,0,0,0,1,0.1,1,1,10.47,0
13.67,16,1,2,0,0,0,0,53.8,0,2,31.24,0
9.97,13,3,0,0,1,0,0,11.7,0,2,28.9,0
24.63,19,1,3,0,0,0,0,51.0,1,0,29.09,0
660.86,1,9,3,0,0,1,0,33.7,3,3,34.48,0
22.02,12,2,2,0,0,0,1,90.3,0,1,46.46,0
146.59,11,9,0,0,3,1,1,243.9,2,1,28.9,0
20.81,11,5,5,0,2,1,1,112.2,2,5,20.13,0
20.31,19,3,3,0,0,0,0,96.8,0,1,18.58,0
526.63,8,5,9,0,1,1,1,152.6,2,2,37.62,0
30.56,12,2,1,0,0,0,0,25.9,2,1,73.79,0
28.79,10,0,2,0,0,0,0,9.4,0,2,12.7,0
11.09,19,1,3,0,1,0,0,110.8,0,2,62.33,0
22.54,9,2,3,0,0,0,0,161.8,2,0,41.28,0
20.71,6,1,4,1,1,1,1,623.2,2,5,36.7,0
88.09,17,1,1,0,0,0,0,18.8,2,1,21.66,0
13.17,12,3,1,0,0,0,0,62.6,0,2,36.07,0
154.11,5,3,6,0,2,0,0,36.1,4,2,13.01,0
11.05,11,2,2,0,0,0,1,119.4,2,0,9.59,0
27.8,11,1,1,0,0,0,0,77.6,1,2,13.71,0
282.86,11,2,3,0,2,1,0,1246.6,2,2,25.17,0
8.54,17,0,0,0,1,0,0,19.6,0,2,39.78,0
92.98,17,4,3,0,2,0,0,242.7,0,1,39.06,0
20.95,17,3,0,0,0,0,0,20.1,1,2,9.95,0
34.74,17,3,0,0,0,0,0,99.9,2,1,33.31,0
14.14,19,1,0,0,0,0,0,48.6,0,2,45.23,0
31.37,18,2,3,0,1,0,0,17.0,1,0,94.57,0
57.28,16,0,1,0,0,0,0,18.4,1,2,17.92,0
6.15,19,1,0,0,0,0,0,1.0,0,2,32.03,0
24.9,13,1,0,0,0,0,0,45.2,2,0,15.49,0
14.69,16,1,1,1,0,0,0,38.5,0,2,45.62,0
216.93,16,3,12,2,8,1,1,50.0,3,4,49.09,1
62.6,14,1,1,0,0,0,0,137.5,1,0,31.3,0
69.59,18,3,1,0,0,0,0,13.4,2,1,44.75,0
78.24,1,5,3,0,3,0,0,155.2,2,2,24.87,0
12.6,17,4,2,0,0,0,0,14.6,1,0,35.8,0
12.74,14,5,2,0,1,0,0,90.8,0,1,26.4,0
13.35,10,1,0,0,0,0,0,29.5,1,0,6.81,0
22.81,13,2,1,0,0,0,0,52.3,1,1,42.51,0
17.82,20,0,0,0,1,0,0,15.3,2,5,12.39,0
22.61,14,3,0,0,0,0,0,6.1,0,1,10.54,0
7.43,13,1,3,0,0,0,0,6.7,1,2,20.35,0
10.39,17,1,2,0,0,0,0,21.1,2,4,6.07,0
12.72,13,1,0,0,2,0,1,44.5,0,1,13.24,0
22.14,12,2,1,0,0,0,0,41.4,0,0,86.16,0
44.49,14,5,1,0,3,0,0,42.5,0,2,8.81,0
97.06,13,2,0,0,0,0,0,10.8,0,1,15.21,0
116.76,8,1,1,0,0,0,0,60.5,0,1,44.66,0
11.87,19,3,2,0,0,0,0,17.2,2,0,18.04,0
51.65,13,0,0,0,1,0,0,22.5,2,1,30.86,0
15.57,21,1,0,0,0,0,0,50.1,2,2,20.01,0
7.3,12,4,0,0,0,0,0,10.5,1,0,18.42,0
76.52,10,0,1,0,0,0,0,14.5,4,1,43.77,0
90.36,12,5,3,1,1,0,0,576.8,2,1,64.47,1
7.76,21,1,1,0,0,0,0,13.5,2,4,12.32,0
25.49,9,2,0,0,2,0,0,12.8,0,3,30.13,0
24.97,2,5,3,0,1,1,0,88.5,0,3,25.48,0
16.46,14,6,5,0,0,0,0,11.2,0,2,14.54,0
11.55,19,2,0,0,0,0,0,34.5,0,1,11.28,0
6.88,9,2,0,0,0,0,0,107.7,1,1,66.05,0
12.14,11,3,1,0,1,0,0,12.8,1,3,8.82,0
12.07,13,1,0,0,1,0,0,7.2,1,5,37.42,0
12.52,14,1,1,0,1,0,0,44.5,2,0,20.78,0
92.63,13,0,0,0,0,0,0,107.1,1,3,22.7,0
15.57,10,1,1,0,0,0,0,89.9,4,1,22.71,0
23.09,15,1,1,0,1,0,0,131.6,2,1,80.93,0
214.47,13,2,6,0,3,1,0,224.9,3,4,12.63,0
5.22,12,3,2,0,0,1,0,13.9,0,1,41.78,0
83.23,16,2,2,0,0,1,0,4.8,2,1,30.93,0
71.07,12,1,2,0,0,0,0,2.2,0,2,40.6,0
23.07,11,2,2,0,3,0,0,14.1,2,0,17.3,0
29.97,8,2,0,0,0,0,0,33.3,3,1,53.12,0
20.06,12,1,1,0,0,0,0,1.8,1,0,68.73,0
59.0,20,2,1,0,0,0,0,17.4,0,2,105.55,0
42.25,16,4,2,0,1,0,0,132.1,1,2,27.3,0
35.07,11,2,1,0,0,1,0,15.6,2,0,43.78,0
54.16,19,1,1,0,0,0,0,136.5,1,0,19.93,0
5.07,18,0,1,0,1,0,0,24.6,1,4,12.01,0
53.4,13,3,0,0,0,0,0,28.4,2,2,23.78,0
18.15,13,4,0,0,1,0,0,16.2,2,3,78.67,0
17.97,19,1,2,0,0,0,0,157.3,1,1,38.84,0
15.79,12,1,1,0,0,0,0,2.7,2,2,85.31,0
27.03,15,1,2,0,0,0,0,66.6,0,0,53.0,0
17.39,15,1,0,1,0,0,0,9.2,1,0,15.19,0
101.64,12,3,1,0,2,0,0,19.1,0,2,59.84,0
74.12,15,4,5,0,0,0,0,28.3,0,0,4.81,0
39.8,5,3,4,1,2,0,0,77.8,4,1,12.71,0
10.43,15,3,3,0,0,0,0,20.1,0,2,29.56,0
11.54,9,4,1,0,0,0,1,24.1,1,0,108.99,0
4.53,17,3,0,0,1,1,0,34.2,1,3,8.1,0
19.24,17,2,0,0,0,0,0,38.3,0,1,88.19,0
87.05,14,1,0,0,0,0,0,5.5,1,0,95.29,0
93.87,5,4,4,0,0,1,0,333.6,1,1,7.05,0
16.26,14,1,0,0,0,0,0,57.4,1,1,50.01,0
20.85,19,1,2,0,0,0,0,0.8,1,2,42.15,0
21.81,13,0,1,0,0,0,1,23.7,2,2,14.62,0
38.46,12,0,0,0,1,0,0,9.9,0,1,8.35,0
46.79,13,4,1,0,0,0,0,53.5,0,0,20.02,0
11.84,20,3,2,0,0,0,0,25.3,0,4,26.72,0
37.28,18,2,0,0,0,0,0,21.6,0,0,6.49,0
25.91,9,3,3,0,0,0,0,25.5,0,3,40.72,0
26.68,8,3,1,0,0,0,0,142.4,0,1,62.42,0
8.94,12,3,1,0,0,0,0,50.4,0,0,27.91,0
11.49,15,0,0,0,0,0,1,6.9,1,1,6.17,0
35.59,10,0,0,0,1,0,0,60.2,0,0,50.14,0
64.0,9,2,0,0,1,0,0,148.4,1,0,6.1,0
37.92,21,1,1,0,2,0,0,20.1,0,2,8.91,0
26.83,14,2,2,0,4,0,0,205.8,2,3,15.64,0
2.33,11,0,2,0,0,0,0,17.9,1,1,57.48,0
32.36,13,2,0,0,0,0,0,4.0,0,1,20.91,0
69.54,23,5,6,0,2,0,1,89.7,3,5,8.86,0
5.99,16,4,0,0,1,0,0,21.2,1,3,11.2,0
12.68,14,0,2,0,0,0,0,50.9,2,3,38.62,0
220.04,21,11,5,0,3,0,0,243.4,4,0,4.51,0
89.27,11,2,0,0,1,0,0,110.8,2,0,27.78,0
31.39,13,0,1,0,1,0,0,10.2,1,1,14.8,0
12.27,17,2,2,0,0,0,0,14.6,1,3,27.33,0
4.31,11,2,2,0,0,0,0,4.4,1,0,37.02,0
24.0,8,1,0,0,1,0,0,22.5,2,0,28.9,0
2.94,15,5,0,0,0,0,0,84.1,2,1,6.33,0
102.29,11,2,1,0,0,0,0,148.8,2,1,177.58,0
22.08,8,2,0,0,0,0,1,97.1,1,1,21.82,0
14.41,15,4,4,0,2,1,1,76.1,2,4,75.27,0
49.82,14,1,5,0,0,0,0,96.9,0,3,22.94,0
85.4,18,2,2,0,0,0,0,0.1,0,0,27.93,0
41.46,19,2,1,0,0,0,0,15.4,1,3,15.42,0
19.89,20,2,1,0,0,1,0,8.2,0,4,59.39,0
77.84,22,2,0,0,0,0,0,127.1,2,4,6.47,0
6.51,18,4,1,0,0,0,0,227.4,2,2,15.52,0
3.71,18,0,1,0,0,0,0,113.2,1,1,18.13,0
214.6,19,4,0,0,0,0,1,30.4,2,1,22.71,0
8.99,15,5,1,1,0,0,0,27.6,1,1,14.05,0
16.85,11,1,0,0,0,0,0,8.8,1,2,9.61,0
27.0,14,4,1,0,1,1,0,50.2,2,2,13.46,0
6.57,21,3,2,0,0,0,0,127.2,3,2,50.54,0
3.57,11,2,1,0,1,0,0,6.5,0,2,145.21,0
51.14,10,1,0,0,0,0,0,18.7,1,2,55.46,0
21.24,18,3,0,0,0,0,0,117.7,2,3,23.18,0
9.31,14,4,1,0,1,0,0,241.6,1,0,130.54,0
110.01,21,1,1,0,1,0,0,31.6,0,2,60.36,0
3.91,16,1,0,0,0,0,0,67.8,2,2,59.87,0
9.67,14,1,2,0,1,0,0,61.8,0,1,106.67,0
41.37,19,1,1,0,0,0,0,42.3,1,2,100.04,0
46.16,14,1,2,0,0,0,0,13.6,1,0,140.44,0
16.51,17,3,2,0,0,0,0,44.1,0,3,36.35,0
99.35,2,5,1,0,5,0,1,54.0,2,1,13.54,0
34.28,14,2,0,0,0,0,0,36.0,3,1,31.89,0
23.43,19,1,1,0,0,0,0,12.7,1,1,15.6,0
18.62,19,3,0,0,0,0,0,68.8,0,1,17.37,0
12.49,15,1,0,0,0,0,0,57.7,4,2,11.71,0
54.76,14,3,0,0,0,0,0,5.1,1,1,4.06,0
125.24,3,9,4,6,3,1,1,1064.7,3,3,87.0,1
25.67,18,1,1,0,0,0,0,56.1,1,1,8.54,0
66.85,18,2,1,0,0,0,0,94.2,3,0,315.61,0
41.47,14,0,1,0,0,0,0,42.5,2,4,8.64,0
154.11,8,3,0,0,1,0,0,80.4,1,1,27.08,0
9.25,17,3,2,0,0,0,0,21.5,2,2,13.23,0
8.96,14,2,0,0,1,0,0,4.8,1,2,20.47,0
26.41,12,5,0,0,0,0,0,85.9,0,2,44.89,0
9.47,20,0,1,0,0,0,0,87.7,1,1,26.22,0
17.45,8,0,2,0,1,0,0,12.4,0,3,17.51,0
2.15,14,1,1,0,0,0,0,11.2,0,5,18.42,0
26.58,20,6,3,0,0,0,0,22.7,1,2,29.81,0
6.89,10,2,1,0,0,0,0,17.0,1,1,12.93,0
80.47,20,4,0,0,2,0,0,116.3,0,2,13.11,0
41.98,16,2,2,0,0,0,0,13.4,1,2,12.16,0
17.14,9,2,2,0,0,0,0,41.5,1,2,25.28,0
20.94,13,1,0,0,1,0,0,49.6,1,0,12.65,0
32.96,16,0,0,0,0,0,0,6.2,0,2,46.23,0
20.63,9,2,0,1,1,0,0,86.8,0,0,55.44,0
15.69,14,3,1,0,2,0,0,48.0,2,2,5.31,0
7.57,21,1,1,0,1,0,0,81.6,0,0,24.53,0
31.87,15,7,0,0,0,0,0,107.0,2,2,2.33,0
18.14,17,1,2,0,1,0,0,214.8,1,2,10.35,0
35.09,16,0,0,0,0,0,0,95.0,0,4,23.51,0
28.88,11,0,0,0,0,0,0,83.5,1,0,58.82,0
14.42,16,0,2,0,0,0,0,21.2,2,2,34.77,0
80.84,11,3,1,0,0,0,0,27.5,0,1,39.64,0
17.41,14,0,0,0,1,0,0,15.4,2,3,9.94,0
26.83,19,0,0,0,0,0,0,2.7,3,2,28.38,0
6.64,9,3,1,0,1,0,0,48.6,1,0,33.87,0
11.71,9,4,1,0,0,0,0,43.3,2,1,13.07,0
8.69,16,3,0,0,0,0,0,12.7,1,1,7.01,0
275.59,20,2,2,0,0,0,0,138.1,1,2,38.18,0
207.32,4,10,8,3,4,0,1,194.8,4,4,19.21,1
150.88,6,2,3,0,2,1,0,105.0,4,3,9.92,0
82.34,17,1,0,0,0,0,0,38.6,0,1,96.03,0
15.16,16,1,1,0,0,0,0,0.7,2,1,12.06,0
10.9,11,3,0,0,1,0,0,82.4,0,0,32.68,0
56.73,13,2,2,0,0,0,0,1.7,1,2,10.47,0
38.17,15,0,2,0,0,0,0,36.8,2,3,25.25,0
8.83,10,4,0,0,1,0,0,22.4,1,3,14.4,0
29.77,20,2,1,0,0,0,0,2.5,0,0,30.04,0
105.01,12,3,1,0,0,0,0,8.5,3,2,9.37,0
1.0,11,3,0,0,0,0,0,17.6,1,1,30.88,0
39.4,19,1,1,0,1,0,0,42.4,1,2,12.19,0
164.05,19,6,4,5,5,1,1,669.9,3,6,22.41,1
89.67,9,6,4,1,3,0,0,208.7,2,2,10.25,0
5.14,19,1,1,0,1,0,0,53.2,2,1,76.22,0
7.97,17,4,1,0,0,0,1,118.4,0,1,21.58,0
68.19,12,2,2,0,0,0,0,120.8,2,1,7.43,0
12.64,9,2,3,0,0,0,0,87.9,1,1,2.51,0
15.73,18,2,0,0,0,0,0,85.0,1,2,10.82,0
24.73,18,2,2,1,1,0,0,206.6,1,1,11.96,0
5.1,11,4,1,0,0,0,0,26.4,0,2,51.92,0
2.83,20,2,2,0,0,0,1,51.0,2,1,25.31,0
92.17,1,10,10,2,2,1,0,148.9,5,4,26.94,1
16.11,18,4,1,0,0,0,0,14.8,1,1,14.83,0
35.71,11,3,0,0,0,1,0,5.2,4,0,11.59,0
7.5,20,1,4,0,0,1,0,38.2,0,2,26.53,0
61.96,17,2,1,0,0,0,0,11.6,1,2,28.68,0
12.58,10,1,0,0,0,0,0,13.0,2,0,43.22,0
51.05,19,3,1,0,0,0,0,14.0,1,1,26.26,0
22.58,15,1,3,0,0,0,0,23.1,2,2,26.1,0
384.48,8,0,0,0,0,0,1,71.3,1,2,51.04,0
45.82,18,1,2,0,0,0,0,18.2,0,1,16.43,0
60.51,13,1,1,0,0,0,0,15.1,2,1,63.51,0
31.58,11,0,0,0,0,0,0,171.9,1,2,17.53,0
151.48,5,7,8,1,6,0,1,689.9,3,5,4.84,1
27.79,9,3,0,0,0,0,0,249.4,1,0,25.76,0
20.77,19,2,1,0,0,0,0,14.7,1,2,10.54,0
8.28,13,2,0,0,0,0,0,19.9,0,0,37.57,0
10.83,8,4,1,0,0,0,0,171.1,1,5,55.26,0
85.3,17,3,2,0,0,0,0,44.3,3,2,8.66,0
5.73,20,2,1,0,0,0,1,56.0,1,1,8.9,0
15.68,15,3,1,0,0,0,0,58.1,1,0,16.05,0
12.12,20,3,0,1,0,0,0,42.5,2,0,30.64,0
23.49,10,3,0,0,0,0,0,28.4,0,0,5.8,0
6.48,14,0,2,0,2,0,0,68.9,0,3,13.27,0
35.12,14,3,1,0,0,0,1,23.2,0,3,11.96,0
46.72,18,1,1,0,0,1,0,172.0,1,1,17.68,0
273.49,9,2,5,0,1,0,0,363.7,5,4,20.8,0
32.2,21,1,1,0,0,0,0,10.6,3,1,8.96,0
42.78,10,2,2,0,1,0,0,38.6,2,0,178.05,0
23.18,18,2,1,0,0,0,1,15.6,1,1,6.07,0
73.5,17,0,2,0,0,0,0,17.1,3,5,40.29,0
11.55,13,4,0,0,0,0,0,75.9,0,2,52.38,0
18.85,13,1,1,0,1,0,0,54.7,4,6,89.46,0
39.27,12,2,2,0,0,0,0,25.1,2,3,49.42,0
171.29,8,1,0,0,2,0,0,49.0,2,4,21.96,0
89.63,20,2,0,0,1,0,0,71.9,1,4,9.63,0
11.35,17,1,0,0,0,0,0,42.0,1,2,24.88,0
22.4,15,2,0,0,0,0,0,163.7,0,0,20.8,0
7.55,14,3,1,0,0,0,0,97.6,2,3,19.34,0
77.68,16,4,0,0,1,0,0,28.3,2,4,22.47,0
45.56,15,2,0,0,0,0,0,229.0,2,3,269.06,0
307.11,16,2,2,0,3,0,1,164.4,1,4,31.45,0
4.25,18,2,0,0,0,0,0,10.8,1,0,23.09,0
42.57,20,7,4,0,1,0,0,14.4,1,2,26.62,0
13.71,10,4,3,0,0,0,0,112.4,0,1,16.4,0
94.36,16,0,1,0,1,0,0,3.0,0,0,2.36,0
34.5,13,2,2,0,1,0,0,195.0,1,0,27.7,0
15.82,11,3,1,0,0,1,1,5.1,0,2,47.5,0
13.22,9,3,2,0,1,0,0,40.0,1,2,45.14,0
15.94,20,1,1,0,0,0,0,97.5,1,1,28.18,0
13.31,9,0,1,0,0,0,0,241.1,1,0,8.74,0
63.94,11,2,1,0,0,0,0,39.4,2,3,6.73,0
38.49,17,1,1,0,0,0,0,20.8,0,2,6.07,0
7.51,19,1,1,0,0,0,0,2.3,2,2,12.91,0
39.44,19,3,1,0,0,0,0,11.2,1,0,14.7,0
13.88,14,1,0,0,2,0,0,6.8,2,0,23.44,0
29.91,11,2,1,0,0,0,0,33.6,0,0,20.71,0
60.79,9,2,0,0,0,0,0,1.4,3,0,21.68,0
17.55,15,3,0,1,0,1,0,70.5,1,2,149.75,0
10.3,13,5,0,0,0,0,0,32.3,1,0,20.94,0
13.6,11,4,0,0,0,0,0,37.0,0,3,10.54,0
16.19,17,3,0,0,1,0,0,27.5,2,1,51.75,0
12.54,15,1,0,0,2,0,0,10.8,2,1,36.89,0
12.39,17,2,3,0,0,0,0,53.8,2,1,4.28,0
21.4,10,2,1,0,2,0,0,13.0,1,0,40.68,0
22.2,9,2,0,0,0,0,0,57.7,2,3,142.28,0
35.87,19,1,1,1,0,0,0,7.6,1,0,7.4,0
66.54,18,2,1,0,0,0,1,99.8,2,3,19.14,0
30.96,17,3,1,0,0,0,0,28.4,0,1,15.75,0
378.9,9,3,1,0,2,0,0,55.9,0,2,19.22,0
7.9,18,2,0,0,1,0,0,33.6,2,0,27.43,0
8.78,11,1,1,0,1,0,0,34.6,0,1,14.73,0
43.53,19,2,0,0,0,0,0,50.2,3,0,32.84,0
75.85,15,2,1,0,0,0,0,146.6,3,1,48.8,0
21.07,11,3,1,0,1,0,0,77.8,1,0,13.84,0
44.24,18,3,1,0,0,0,0,44.9,3,1,32.43,0
74.76,0,9,6,4,5,0,1,243.1,2,6,25.87,1
22.55,17,0,1,0,0,0,0,115.5,2,1,97.14,0
13.99,10,4,1,0,0,0,0,47.2,2,0,3.02,0
46.75,12,0,3,0,0,0,0,76.6,3,1,28.04,0
32.4,19,0,1,0,0,1,0,8.7,1,0,26.44,0
25.01,9,2,0,0,0,0,0,120.6,1,2,20.06,0
13.16,14,1,1,0,0,0,0,73.0,0,1,18.76,0
56.84,18,4,1,0,1,0,0,70.5,1,1,101.12,0
26.46,16,1,1,0,0,0,0,15.3,1,3,61.78,0
16.93,8,1,2,0,0,0,0,10.7,0,0,15.6,0
29.82,18,3,0,0,0,0,0,12.2,2,2,9.2,0
178.23,13,2,2,0,0,0,0,18.6,2,4,71.7,0
73.8,18,1,0,0,0,0,0,102.8,0,2,7.23,0
554.38,21,9,11,3,1,0,1,307.9,8,8,22.14,1
27.64,9,3,1,0,0,0,0,80.4,2,1,55.62,0
100.04,12,2,2,0,1,0,0,21.3,1,1,16.58,0
22.14,18,2,2,0,0,0,0,15.5,1,1,29.4,0
9.73,10,3,1,0,0,0,0,39.5,1,0,28.49,0
39.62,18,2,1,0,0,0,0,96.6,5,0,11.94,0
160.07,13,2,0,0,0,0,0,13.8,0,4,13.61,0
30.54,16,3,1,0,0,1,0,79.6,1,1,74.25,0
18.85,15,0,0,0,0,0,0,4.3,1,0,11.38,0
9.06,17,2,0,0,0,0,0,28.2,2,2,9.49,0
378.33,13,1,1,0,0,0,0,160.5,2,1,28.91,0
56.43,14,2,2,0,0,1,0,4.1,1,2,61.28,0
8.18,10,0,1,0,3,0,0,104.0,1,1,10.21,0
209.23,19,5,6,1,3,1,0,198.5,3,3,78.18,1
82.45,8,2,3,0,1,0,0,34.1,1,2,10.38,0
57.48,17,3,1,0,0,0,0,51.8,2,0,13.0,0
81.99,19,3,3,0,0,0,0,94.7,0,0,12.62,0
45.62,15,1,1,0,0,0,0,139.3,0,1,110.68,0
16.14,17,2,1,0,1,0,0,24.9,0,2,282.4,0
3.88,13,1,2,0,1,0,0,153.2,2,1,25.65,0
29.62,14,4,1,0,2,0,0,41.3,2,1,6.43,0
12.07,14,2,2,0,0,0,0,15.7,1,1,31.25,0
18.84,9,3,0,0,0,0,0,81.6,1,0,54.89,0
155.1,20,0,2,0,0,0,0,28.7,2,3,23.79,1
32.86,14,2,1,0,0,0,0,30.3,1,2,15.16,0
8.49,19,0,0,0,0,0,0,28.8,2,2,21.5,0
13.76,17,4,0,0,0,0,0,76.0,0,1,16.36,0
28.49,20,2,1,0,1,0,0,0.6,0,2,73.02,0
81.77,19,2,1,0,0,0,0,51.0,0,0,46.35,0
67.39,3,6,6,0,1,0,1,94.5,0,4,38.19,0
47.3,17,1,0,0,0,0,0,40.6,2,2,32.96,0
17.17,16,2,1,0,0,0,0,180.1,1,2,38.2,0
46.98,10,2,2,0,0,0,0,33.6,1,0,24.05,0
10.71,14,7,0,0,1,0,0,401.5,0,7,14.97,0
34.98,9,1,0,0,0,0,0,4.9,1,1,19.83,0
4.96,10,2,0,0,1,0,0,29.8,1,0,33.4,0
32.44,17,3,2,0,0,0,1,83.8,2,0,6.43,0
10.52,14,2,2,0,0,0,0,75.0,1,0,29.66,0
21.08,19,4,0,1,0,0,1,19.3,3,3,6.82,1
34.34,18,5,2,0,2,0,1,209.8,2,1,47.16,0
5.49,17,0,1,0,0,0,0,20.8,0,0,10.52,0
65.98,14,2,1,0,0,0,0,5.5,1,0,6.58,0
17.94,8,4,1,0,0,0,0,43.8,1,1,43.7,0
7.05,17,1,0,0,1,0,0,50.5,2,1,19.06,0
45.4,14,3,3,0,0,0,0,122.3,3,0,31.13,0
22.37,8,3,0,0,0,0,0,6.5,3,3,8.86,0
13.18,14,2,0,0,0,0,0,151.3,1,3,15.99,0
17.85,19,2,1,0,1,1,0,43.5,2,0,7.36,0
29.16,15,3,0,0,0,0,0,46.1,1,1,11.08,0
35.66,16,1,1,0,0,0,0,3.5,1,2,66.33,0
11.96,15,3,1,0,0,0,0,75.5,1,2,29.98,0
19.44,13,2,1,0,0,0,0,4.3,2,3,62.88,0
38.69,19,0,0,0,0,0,0,2.7,2,3,28.6,0
33.91,8,0,0,0,1,0,0,5.5,2,3,30.5,0
14.87,18,3,0,0,0,0,0,109.0,2,0,29.34,0
36.21,8,1,1,0,0,0,0,94.5,1,0,59.42,0
78.77,16,1,1,0,0,0,0,9.6,1,2,10.43,0
50.95,14,5,3,0,0,1,1,63.0,4,0,11.85,0
13.73,12,2,0,0,0,0,0,51.1,1,2,6.18,0
44.83,14,1,0,0,0,0,0,22.8,2,3,35.71,0
60.13,16,1,0,1,1,0,0,68.9,2,2,47.52,0
24.42,20,0,0,0,1,0,0,114.9,1,1,35.53,0
23.4,12,5,2,0,0,0,0,24.9,0,1,13.49,0
28.52,16,1,1,0,1,0,0,61.7,0,4,73.43,0
15.28,14,2,1,0,0,0,0,17.8,1,1,26.94,0
110.36,17,0,0,0,0,0,0,134.6,1,0,35.88,0
26.41,8,2,0,0,0,0,0,1.2,3,1,29.63,0
75.83,11,0,2,0,0,1,0,72.6,2,0,107.43,0
76.32,10,2,1,0,0,0,0,73.2,1,1,17.97,0
14.16,8,6,2,0,2,0,0,65.1,0,4,12.12,1
13.4,13,3,0,0,0,0,0,76.6,2,2,91.6,0
43.81,12,3,2,0,0,0,1,8.3,1,4,19.15,0
26.02,19,0,0,0,3,0,0,97.6,1,3,30.12,0
25.08,15,3,0,0,0,0,0,103.9,0,0,38.45,0
20.81,12,6,2,0,1,0,0,52.5,3,4,8.8,0
41.97,18,4,2,0,0,0,0,39.1,3,2,58.79,0
16.35,20,3,1,0,0,0,0,12.2,1,1,10.61,0
59.16,20,3,2,0,0,0,0,21.7,3,3,82.73,0
65.77,15,4,0,0,0,0,0,15.5,3,3,26.71,0
29.82,15,3,1,0,0,0,0,26.6,1,4,11.1,0
87.71,15,3,1,0,0,0,0,42.9,3,1,30.57,0
7.86,18,2,1,0,0,0,0,24.3,1,3,7.09,0
21.52,11,3,1,0,0,0,0,28.8,1,2,38.87,0
56.97,11,2,0,0,1,0,0,12.1,0,1,105.68,0
28.08,8,1,2,0,2,0,0,49.7,0,2,6.51,0
15.59,21,7,1,0,0,0,0,40.6,1,1,45.6,0
24.47,19,1,0,0,1,1,0,32.1,0,2,32.59,0
5.72,17,0,0,0,1,0,0,33.3,2,0,70.62,0
42.93,15,1,0,0,0,0,0,88.4,1,2,44.02,0
9.19,9,3,1,0,0,0,0,17.2,0,2,7.46,0
166.67,6,4,6,0,2,1,1,71.1,5,1,23.29,0
7.46,14,3,1,0,0,0,0,33.1,1,1,20.39,0
16.83,12,3,0,0,0,0,0,66.3,1,2,4.01,0
50.25,12,2,2,0,0,0,0,51.1,1,2,3.84,0
58.86,18,2,0,0,0,0,0,105.6,2,1,44.22,0
20.22,12,4,0,0,0,1,0,118.9,2,3,20.96,0
4.66,15,4,0,0,0,0,0,7.8,0,0,24.43,0
6.93,14,0,0,0,0,0,0,8.3,1,3,11.63,0
82.14,8,6,0,0,0,0,0,18.4,1,3,56.96,0
31.28,17,1,0,0,0,0,0,53.4,1,0,55.7,0
156.47,21,13,6,2,8,1,1,72.0,5,7,6.88,1
32.99,17,1,1,0,0,0,0,44.7,0,0,11.9,0
34.57,17,4,1,0,0,0,0,107.0,1,3,16.62,0
55.86,10,0,0,0,0,0,0,46.8,1,1,11.19,0
72.59,20,0,1,0,1,0,0,24.8,2,1,44.45,0
18.05,9,2,1,0,0,0,0,22.4,2,2,103.11,0
38.8,10,4,2,0,0,1,0,30.4,5,3,31.05,0
15.25,16,2,2,0,0,0,0,22.6,1,2,59.72,0
213.03,22,15,7,1,2,1,1,212.8,5,7,19.24,1
30.91,14,2,0,0,0,0,0,61.6,3,0,15.49,0
62.22,14,1,1,0,0,0,0,21.2,1,1,16.54,0
24.64,19,0,1,0,1,0,0,131.1,1,4,101.0,0
214.36,3,7,6,3,6,0,1,50.0,5,4,47.58,1
18.27,19,2,2,0,0,0,1,45.1,3,0,20.64,0
7.27,21,2,0,0,0,0,0,49.1,0,3,8.74,0
169.24,8,0,2,0,2,0,0,53.4,0,1,35.19,0
39.43,17,2,0,0,0,0,0,34.5,2,0,25.89,0
27.96,10,3,1,0,0,0,0,38.2,0,0,35.41,0
7.49,15,2,0,0,0,0,0,2.4,1,3,9.56,0
28.16,15,0,2,0,0,1,0,97.2,0,2,17.53,0
119.53,21,2,0,0,2,0,0,11.4,1,4,42.52,0
16.5,8,1,1,0,0,0,0,10.8,1,1,41.98,0
14.15,19,6,0,0,0,0,0,96.8,2,1,48.15,0
54.33,19,2,1,0,0,0,0,107.8,1,2,16.48,0
22.63,18,1,1,0,0,0,1,7.1,0,1,15.28,0
24.49,11,2,0,0,0,0,0,35.1,0,0,73.47,0
39.86,1,3,3,0,2,1,1,569.0,5,5,15.75,0
140.3,19,2,0,0,0,0,0,215.5,1,1,41.81,0
37.23,13,2,2,0,0,0,0,16.0,0,2,51.68,0
5.07,12,1,3,0,0,0,0,9.6,0,2,41.78,0
116.34,19,5,3,1,1,0,0,191.9,4,3,58.82,0
151.66,16,1,1,0,0,0,0,129.9,2,1,14.03,0
20.74,18,2,0,0,0,0,0,62.4,2,7,46.41,0
13.05,12,2,1,1,0,0,0,40.9,0,1,77.26,0
8.62,13,2,0,0,0,0,0,5.1,1,3,4.86,0
42.02,0,3,2,0,1,0,0,103.9,4,3,8.32,0
39.91,19,3,0,0,0,0,0,38.5,1,0,29.66,0
181.63,13,2,2,0,0,0,0,72.2,1,2,74.41,0
42.84,14,1,1,1,1,0,0,27.5,0,1,14.75,0
20.63,15,3,3,0,1,0,0,14.4,1,1,15.66,0
19.48,16,1,0,0,0,0,0,21.0,0,0,10.97,0
6.54,20,2,1,0,0,0,0,10.5,2,1,6.03,0
1.51,14,0,1,0,0,0,0,210.5,1,4,28.33,0
498.21,0,4,7,2,3,1,1,264.7,5,3,103.7,1
120.67,17,2,0,0,0,0,0,23.0,1,0,28.03,0
23.44,20,3,1,0,0,0,0,8.8,1,2,14.72,0
306.78,18,5,2,0,0,0,0,20.1,1,1,13.94,0
55.14,19,5,1,0,0,0,0,3.6,0,1,6.34,0
21.49,18,0,1,0,0,0,0,2.7,2,2,44.53,0
6.55,14,3,0,0,0,0,0,32.8,2,0,54.95,0
54.5,21,3,2,1,1,0,0,80.9,2,1,44.45,0
51.4,13,1,2,0,0,0,0,2.0,1,0,44.37,0
44.22,8,1,2,0,0,0,0,157.6,0,3,5.26,0
52.95,10,3,2,0,0,0,0,18.6,1,0,80.95,0
21.24,11,4,2,0,0,0,1,3.9,0,1,17.72,0
64.35,15,2,0,0,0,1,0,52.5,0,0,8.21,0
39.34,8,2,1,1,0,0,0,29.1,0,2,10.0,0
20.91,13,2,0,0,0,0,0,0.2,2,3,25.3,0
1111.31,8,11,8,5,4,1,1,302.0,6,3,33.64,1
17.29,12,0,0,0,0,0,0,10.8,0,4,10.56,0
51.59,5,6,4,0,4,0,0,799.2,4,2,8.85,0
23.05,10,2,2,0,0,0,0,339.8,1,2,14.56,0
13.22,9,2,2,0,0,0,0,3.4,4,1,59.54,0
10.0,7,6,7,0,2,1,0,287.7,5,3,21.36,0
6.87,10,2,2,0,0,0,0,195.4,0,1,12.2,0
2.43,9,1,1,0,0,0,1,54.4,1,0,276.77,0
65.54,20,1,0,0,0,0,0,46.9,4,0,69.85,0
149.42,19,6,12,3,4,1,0,309.3,2,5,23.81,1
53.07,19,2,1,0,1,0,0,14.6,0,0,10.96,0
50.51,18,0,0,0,0,0,0,9.4,1,3,11.06,0
250.81,14,5,2,0,1,0,0,171.8,1,1,22.6,0
162.34,9,0,0,0,0,0,0,55.6,0,2,48.3,0
32.33,10,1,0,0,0,0,0,29.6,1,3,43.64,0
148.94,16,6,6,0,1,0,0,115.1,3,2,110.72,0
9.66,10,2,1,0,0,0,0,54.4,0,0,27.52,0
25.46,15,2,1,0,0,0,0,82.5,0,1,74.62,0
22.85,14,2,1,0,0,0,0,82.1,0,0,13.45,0
33.63,11,2,2,0,1,0,0,29.2,1,0,18.88,0
53.69,8,2,2,0,0,0,1,15.2,1,2,138.39,0
59.14,15,1,0,0,0,0,0,55.0,4,2,4.32,0
9.12,8,1,0,0,1,0,0,74.8,2,1,51.96,0
95.53,14,6,4,0,1,0,1,88.0,0,2,82.43,0
57.51,18,4,0,0,0,0,0,47.1,2,0,37.88,0
125.42,17,1,0,0,0,0,0,109.5,0,2,23.94,0
10.87,16,1,0,0,1,0,0,60.3,3,0,54.73,0
34.7,21,1,0,0,0,0,0,48.9,0,1,21.23,0
340.99,15,6,5,0,1,1,1,101.6,5,1,23.35,0
4.61,20,3,1,0,0,0,0,67.3,2,4,52.33,0
52.18,14,3,1,0,1,0,0,17.4,2,0,11.0,0
13.85,13,2,0,0,1,0,0,48.5,1,1,1.88,0
6.82,14,0,3,0,2,0,0,23.5,2,1,51.84,0
8.89,18,2,1,0,1,0,0,25.9,0,1,13.75,0
12.63,20,2,3,0,0,0,0,16.0,2,2,22.01,0
9.8,11,3,2,0,1,0,0,37.9,1,1,154.49,0
160.83,14,8,3,0,1,1,0,105.3,3,6,13.69,0
49.13,18,2,0,0,1,0,0,239.7,1,2,17.19,0
34.16,9,0,1,1,0,0,0,138.1,1,2,4.68,0
18.51,16,1,1,0,1,0,0,109.4,2,1,30.04,0
176.67,19,2,1,0,0,0,0,18.4,0,1,11.25,0
41.8,12,2,1,1,1,0,0,13.6,0,1,9.72,0
14.09,15,4,1,0,0,0,0,5.9,2,0,136.61,0
29.81,8,4,2,0,1,0,0,8.2,1,1,206.67,0
51.1,11,0,0,0,0,0,0,44.0,1,2,3.34,0
3.83,13,0,1,0,0,0,0,1.7,0,3,58.3,0
22.82,19,0,1,0,0,0,0,29.3,0,2,9.67,0
9.98,10,2,0,0,0,0,0,9.8,0,2,6.57,0
112.98,20,2,0,2,0,0,0,60.5,0,4,10.79,0
223.84,17,2,1,0,0,0,0,23.7,3,1,28.85,0
39.19,20,1,1,0,0,0,1,6.5,2,2,16.87,0
6.71,8,1,2,0,0,0,0,91.8,4,1,7.26,0
34.85,12,2,1,0,0,0,0,86.3,0,0,13.03,0
6.82,10,1,1,0,1,0,0,29.2,1,1,79.94,0
54.42,10,3,1,0,0,0,0,250.8,0,1,38.3,0
4.96,9,2,0,0,0,1,0,14.0,0,1,68.53,0
18.9,10,3,1,0,0,0,1,137.7,1,0,6.67,0
185.16,22,10,9,1,8,1,1,674.7,2,4,4.45,1
102.09,18,0,1,0,2,0,0,9.5,1,1,8.11,0
55.31,17,1,0,0,0,0,0,3.1,0,2,26.66,0
12.67,13,2,1,0,0,0,0,118.2,1,1,13.36,0
5.19,11,3,0,1,0,0,0,123.0,2,1,23.33,0
11.42,14,2,0,0,1,0,0,41.7,0,3,57.14,0
81.24,15,3,1,0,0,0,0,94.4,1,0,16.26,0
3.01,17,2,2,0,0,0,0,7.3,2,3,27.27,0
23.52,15,2,3,0,0,0,0,86.7,2,0,13.0,0
31.0,16,0,1,0,0,0,1,141.2,1,2,9.98,0
15.75,9,4,1,0,1,0,0,48.9,1,3,3.63,0
75.34,6,5,5,1,3,0,0,166.0,1,1,10.19,0
25.29,9,1,1,0,2,0,0,37.6,1,2,73.34,0
9.38,13,2,0,0,1,0,0,36.3,2,1,33.69,0
23.58,9,4,10,0,0,0,0,171.4,2,5,45.87,0
78.09,11,0,1,0,0,0,0,207.1,0,4,28.18,0
10.11,9,0,1,0,0,0,0,89.1,2,4,17.08,0
10.32,8,1,0,0,0,0,1,38.8,0,3,8.02,0
12.42,20,2,1,0,0,0,0,26.4,1,0,8.7,0
11.9,19,1,0,0,0,0,0,124.4,3,0,47.48,0
14.58,21,4,0,0,0,0,0,111.9,0,2,25.43,0
20.51,19,3,0,0,0,0,0,124.6,2,0,35.12,0
6.57,20,1,0,0,0,1,0,72.3,0,0,5.02,0
17.89,14,2,1,0,0,0,0,51.6,2,1,37.93,0
53.29,11,1,2,0,1,0,0,24.1,2,2,14.24,0
7.72,18,0,2,0,0,0,0,67.4,0,2,10.57,0
103.98,17,1,0,1,0,0,0,8.7,0,1,24.96,0
39.85,21,1,3,0,0,0,0,2.9,1,2,89.51,0
35.97,13,3,0,0,0,0,0,100.8,3,4,11.2,0
127.69,13,1,0,0,0,0,0,224.9,1,2,20.46,0
23.05,13,2,1,0,0,0,0,32.8,0,1,11.89,0
53.13,13,3,0,0,0,0,0,10.8,0,1,25.24,0
70.89,18,2,1,0,0,0,0,220.0,1,1,39.79,0
37.54,14,1,1,0,2,0,0,2.7,2,1,10.72,0
289.67,14,0,1,0,0,0,1,36.3,1,1,1.75,0
15.58,14,3,2,0,0,0,0,3.0,0,0,22.89,0
40.73,14,0,0,1,0,0,0,47.4,1,0,55.3,0
18.67,10,1,0,0,0,0,0,11.0,1,2,28.84,0
8.2,18,1,0,0,0,0,0,9.3,0,1,32.36,0
4.48,17,0,3,0,1,0,0,3.0,0,1,8.12,0
144.98,12,1,4,0,1,0,0,18.8,0,1,17.74,0
116.79,11,0,0,0,1,0,0,65.4,1,0,55.84,0
15.66,9,1,2,0,0,0,0,92.7,0,1,72.32,0
283.83,6,3,8,3,2,0,1,50.0,2,3,2.62,1
11.48,15,3,1,0,0,0,0,22.6,2,0,50.82,0
463.43,14,7,10,1,5,1,0,122.0,6,6,69.37,1
20.9,17,1,0,0,0,0,0,61.0,1,2,22.62,0
18.97,14,3,1,0,0,0,0,23.8,3,2,12.34,0
8.67,16,2,0,2,0,0,0,58.4,1,2,113.93,0
24.98,10,3,0,0,0,0,0,2.0,0,3,14.21,0
22.7,11,3,0,0,0,1,0,25.6,2,2,38.58,0
26.76,18,8,4,0,1,1,1,320.2,1,4,17.88,0
60.86,16,2,0,0,0,0,0,45.5,1,0,13.89,0
39.16,11,0,1,0,0,0,0,14.0,0,3,21.98,0
39.93,11,3,1,0,0,0,0,9.5,1,0,68.75,0
13.91,12,2,0,0,0,0,0,84.2,1,1,10.23,0
5.54,16,2,0,0,1,0,0,37.2,1,2,49.36,0
21.95,9,1,2,0,0,0,0,99.7,0,2,7.08,0
33.72,11,2,0,0,1,0,0,41.7,0,2,43.83,0
32.51,11,1,1,0,0,0,0,85.2,1,3,17.96,0
75.8,18,3,5,1,0,1,0,413.3,1,4,43.38,0
103.98,14,3,1,0,0,0,0,44.3,2,3,22.11,0
59.54,8,1,1,0,0,0,0,158.7,4,2,4.59,0
18.38,16,2,0,0,0,0,0,5.0,1,2,51.12,0
10.72,16,1,1,0,0,0,0,71.9,2,1,67.65,0
36.31,14,2,0,0,0,0,0,155.5,1,2,8.47,0
71.74,16,2,2,1,1,0,0,9.7,3,0,20.3,0
4.9,13,1,0,0,0,0,0,101.6,2,1,4.61,0
110.47,12,2,0,0,0,0,0,57.5,0,2,26.51,0
46.13,15,0,2,0,1,0,0,5.8,0,0,12.55,0
21.34,13,0,1,0,1,0,0,31.5,4,3,24.95,0
6.85,9,5,0,0,0,0,0,50.3,1,3,36.06,0
3.19,13,2,2,0,0,0,0,20.3,0,1,51.74,0
71.48,14,4,1,0,1,0,0,42.3,0,2,81.32,0
1.33,15,3,1,0,1,0,0,3.5,0,2,66.62,0
12.47,12,2,1,0,0,0,0,40.6,1,1,20.41,0
140.47,14,4,2,0,0,0,0,41.8,0,2,73.78,0
32.84,19,2,1,0,0,0,0,7.0,1,1,42.0,0
21.47,8,0,1,0,0,0,0,129.2,1,0,8.77,0
56.99,15,2,1,0,0,0,0,32.6,1,0,22.38,0
44.53,20,5,3,0,0,0,0,13.7,0,1,53.86,0
47.6,16,3,0,0,0,1,0,18.1,1,1,74.01,0
43.49,9,2,1,0,0,0,0,40.0,0,2,23.47,0
10.51,15,4,2,0,0,0,0,6.8,3,1,11.02,0
29.86,9,1,0,0,0,0,0,29.9,0,1,81.17,0
32.93,16,1,0,0,0,0,0,110.8,0,2,47.7,0
26.37,17,3,0,0,0,0,0,31.0,1,0,19.15,0
6.97,9,4,3,0,0,0,0,77.7,0,2,68.94,0
22.01,4,3,6,1,1,1,0,232.8,1,1,7.6,0
27.92,13,2,0,0,0,0,0,0.1,2,3,22.88,0
54.95,18,0,2,0,0,0,0,23.0,2,2,53.86,0
57.78,10,0,0,0,0,0,0,47.8,1,1,22.31,0
32.47,19,2,0,0,0,0,1,12.2,2,0,25.6,0
45.86,20,1,0,0,0,0,0,17.4,0,4,5.72,0
67.23,13,3,0,0,0,0,0,28.9,3,1,18.75,0
5.79,12,2,1,1,0,0,0,3.9,3,0,46.0,0
40.55,20,2,1,0,0,0,0,36.2,3,3,88.41,0
7.48,11,2,1,0,0,0,0,34.4,1,1,16.63,0
12.23,15,4,1,0,1,0,0,34.6,1,2,33.86,0
86.7,9,2,0,0,0,0,0,24.5,1,0,143.27,0
459.85,20,7,7,3,5,0,1,569.6,1,4,24.53,1
11.36,14,2,0,0,0,0,0,21.6,1,2,44.57,0
41.0,16,2,0,0,0,0,0,63.1,1,4,43.97,0
154.89,16,4,2,0,1,1,0,90.2,4,4,58.49,0
17.2,10,1,0,0,0,0,0,61.2,0,2,23.97,0
59.09,10,3,0,0,0,0,0,23.1,1,1,55.58,0
143.63,20,1,1,0,0,0,0,14.8,1,1,6.85,0
114.25,15,5,5,1,0,0,1,194.5,0,2,32.01,0
18.55,10,2,0,0,0,0,0,25.6,1,1,70.43,0
8.52,10,0,1,0,0,0,0,2.7,2,4,17.33,0
19.56,9,1,1,0,0,0,0,159.5,1,1,13.98,0
6.76,19,0,0,0,0,0,0,145.5,2,2,110.99,0
4.95,16,3,0,0,1,0,0,12.2,3,1,62.4,0
120.47,1,13,10,2,2,1,0,198.9,2,2,38.3,1
236.39,14,7,3,2,1,1,1,292.4,4,8,13.75,1
12.59,10,1,1,0,0,0,0,28.5,1,1,50.01,0
11.6,10,0,4,0,0,0,0,19.6,1,2,11.06,0
53.07,14,3,2,0,0,0,0,16.3,3,3,69.07,0
17.14,18,1,1,0,1,0,0,125.5,1,0,186.68,0
18.96,19,4,1,0,0,0,0,9.0,2,2,38.91,0
14.74,19,6,0,0,0,0,0,79.4,0,3,40.36,0
39.94,16,2,1,0,1,0,0,133.4,1,0,12.88,0
15.54,21,4,1,0,0,0,0,32.2,1,0,245.37,0
110.28,21,1,0,0,0,0,1,122.2,0,2,34.6,0
43.24,16,0,2,0,0,0,0,89.9,1,4,19.99,0
116.35,10,0,1,0,0,0,0,23.0,4,1,3.97,0
20.8,13,2,0,0,0,0,0,23.4,1,2,56.58,0
19.53,20,1,1,0,0,0,0,35.6,1,0,124.61,0
27.28,9,2,0,0,0,0,0,57.8,1,0,44.39,0
83.87,17,4,0,0,1,0,1,41.0,4,3,184.67,0
30.89,4,6,6,0,4,1,0,1173.7,1,2,17.4,0
70.38,13,2,1,0,1,0,0,39.9,0,1,45.27,0
88.48,14,3,1,0,1,0,0,56.7,1,1,8.2,0
46.92,16,2,0,1,0,0,0,30.4,4,2,39.81,0
33.29,12,1,0,0,0,0,0,35.1,3,1,12.55,0
38.31,11,1,1,0,0,0,0,0.9,0,2,56.07,0
41.1,4,7,4,1,1,0,0,321.2,2,6,36.91,0
25.94,11,1,1,0,0,0,0,76.5,0,6,6.12,0
29.39,13,2,3,0,1,0,0,16.2,2,4,26.49,0
68.67,20,1,1,0,0,1,0,1.4,1,0,29.06,0
24.0,15,1,2,0,0,0,0,13.9,2,2,13.53,0
89.01,20,6,2,0,1,0,0,39.3,3,0,9.84,0
4.11,19,2,2,0,0,0,0,30.6,1,3,35.83,0
378.5,2,6,0,0,1,0,0,41.2,3,4,6.52,0
76.85,11,5,1,0,1,0,0,16.5,2,2,18.27,0
134.47,21,7,6,0,1,1,1,404.1,6,4,39.84,0
14.49,16,0,1,0,0,0,0,45.0,1,2,3.95,0
10.59,12,1,1,0,1,0,0,25.2,0,1,58.02,0
8.05,10,5,1,1,0,0,0,47.0,1,0,67.01,0
63.12,16,1,1,0,0,0,0,60.7,1,5,8.87,0
10.33,10,1,0,0,0,0,0,69.7,2,0,15.72,0
33.73,14,0,0,0,0,0,0,8.4,1,3,19.06,0
26.86,17,1,0,0,2,0,1,13.8,1,0,17.1,0
22.83,16,1,0,0,1,0,0,171.9,0,0,14.89,0
54.29,11,3,2,0,1,0,0,7.7,0,1,6.82,0
13.09,13,1,0,0,0,0,0,2.4,0,1,8.43,0
83.93,13,1,0,1,2,0,0,27.0,0,2,37.02,0
12.85,10,5,2,0,0,0,0,4.7,0,3,18.17,0
32.55,9,2,4,0,0,0,0,54.5,0,0,37.0,0
45.18,15,0,1,0,0,0,0,51.3,2,2,31.47,0
44.26,17,2,2,0,0,0,0,63.1,1,2,10.82,0
33.03,12,6,0,0,0,0,0,25.5,0,2,27.32,0
47.46,9,1,1,0,0,0,0,23.8,2,0,19.12,0
11.27,10,2,1,0,0,0,0,4.5,1,3,48.74,0
15.86,8,3,1,0,0,0,0,30.6,1,5,20.12,0
274.04,19,2,1,0,1,0,0,122.0,5,4,25.04,0
15.04,14,3,0,0,0,0,0,39.5,1,1,19.13,0
13.44,16,1,3,0,0,0,0,8.1,1,3,3.04,0
25.0,8,3,3,0,0,1,0,26.4,1,2,11.58,0
6.65,18,1,1,0,0,0,0,7.1,1,0,24.45,0
114.57,9,5,6,0,0,0,0,102.6,4,1,78.28,0
32.98,11,6,0,0,0,0,0,76.8,1,0,43.73,0
43.86,9,1,1,0,0,0,0,3.0,0,0,27.01,0
70.73,20,2,0,0,0,0,0,43.4,2,1,25.85,0
26.57,18,1,1,0,0,0,0,32.8,1,1,100.61,0
20.23,12,4,0,0,0,0,0,70.2,1,0,11.8,0
132.08,8,2,0,0,0,0,0,13.8,3,3,23.67,0
86.88,19,4,0,0,0,0,0,8.7,3,2,13.14,0
49.77,13,5,0,0,0,1,1,8.7,3,0,13.6,0
25.29,12,1,0,0,1,0,0,253.4,1,3,48.94,0
8.17,9,1,0,0,0,0,0,95.4,3,4,98.94,0
11.4,12,1,0,0,0,0,0,50.7,1,2,8.17,0
16.25,16,2,1,0,2,0,0,108.1,0,2,22.62,0
111.88,17,2,0,0,0,0,0,97.3,1,2,13.31,0
259.93,22,6,5,0,2,0,1,95.7,2,3,10.32,0
18.67,9,0,0,0,0,0,0,42.5,1,2,18.88,0
28.74,17,1,0,0,1,0,0,138.7,0,1,12.82,0
26.9,13,1,1,0,2,0,0,52.7,2,0,9.7,0
12.18,12,3,2,0,1,1,0,0.4,3,0,25.92,0
15.08,14,3,0,0,0,0,0,24.7,1,0,13.99,0
61.42,17,0,0,0,0,0,0,4.6,1,0,27.86,0
15.05,10,4,4,0,0,0,0,14.5,1,1,12.46,0
32.87,13,2,2,0,0,0,0,23.6,2,0,36.06,0
25.88,14,4,2,0,0,0,0,58.2,1,1,19.29,0
25.88,19,1,1,0,0,0,0,63.1,2,2,25.45,0
66.85,11,2,1,0,1,0,0,6.0,4,0,35.85,0
6.88,14,1,0,0,0,0,0,24.6,0,0,65.75,0
45.51,14,2,1,0,1,0,0,17.1,1,3,28.27,0
27.62,19,1,2,0,0,0,1,215.1,1,2,30.98,0
24.74,15,4,1,0,0,0,1,12.7,2,1,15.71,0
14.52,15,4,1,0,1,0,0,69.1,2,3,37.7,0
26.25,17,4,2,0,1,0,0,96.1,0,0,31.04,0
23.88,16,0,1,0,0,0,0,11.1,1,0,56.28,0
52.49,10,4,1,0,0,0,0,8.6,0,2,9.51,0
44.89,17,4,0,0,1,0,0,34.5,1,2,33.23,0
18.75,13,5,2,0,0,0,0,55.6,1,1,32.74,0
26.28,16,1,0,0,0,0,1,62.4,0,2,31.88,0
34.73,15,2,1,0,0,0,0,8.8,2,1,13.15,0
19.52,9,2,1,0,1,0,0,10.6,0,1,74.54,0
12.03,17,2,2,0,0,0,0,85.0,3,0,5.75,0
30.67,18,2,0,0,0,0,0,51.0,1,3,67.95,0
9.9,20,1,1,0,1,0,0,14.0,2,0,5.4,0
28.82,8,3,1,1,0,0,0,24.4,0,1,19.83,0
9.71,13,2,2,0,0,0,0,3.8,2,3,11.31,0
18.63,16,0,1,0,0,0,0,84.3,0,3,48.36,0
5.11,21,3,3,0,1,0,0,2.4,2,1,31.7,0
22.39,11,2,1,0,1,0,0,46.4,1,3,8.16,0
33.91,14,4,1,0,1,0,0,3.1,0,1,10.98,0
19.27,8,2,0,0,0,0,1,106.6,0,3,53.77,0
6.82,14,2,0,0,0,0,0,81.5,1,1,6.95,0
59.69,10,1,0,0,0,0,0,2.8,1,0,6.49,0
41.55,15,2,0,0,1,0,0,7.4,0,5,41.15,0
15.99,17,3,1,2,2,0,0,338.8,0,4,24.26,1
4.41,20,4,0,0,0,0,1,198.1,4,0,32.84,0
63.82,17,0,2,1,0,0,0,7.8,0,4,9.63,0
28.2,11,4,0,0,1,0,0,27.9,0,1,17.89,0
53.53,12,2,0,0,0,0,1,8.4,1,0,110.77,0
323.18,2,8,3,0,5,1,0,34.7,3,1,29.96,0
10.24,18,3,0,0,2,1,0,1.8,1,0,8.38,0
60.55,10,2,2,0,1,0,0,75.2,1,0,19.82,0
11.05,10,3,0,0,0,0,0,58.4,2,2,30.19,0
57.03,13,0,1,0,0,0,0,50.9,0,3,17.48,0
26.14,18,2,0,0,0,0,0,1.7,1,1,26.57,0
13.23,13,4,2,0,1,0,0,29.3,0,0,27.76,0
10.95,19,2,2,0,0,0,0,2.6,1,1,4.24,0
35.14,11,1,1,0,0,0,0,25.3,2,1,51.14,0
24.4,18,5,1,0,0,0,0,25.8,1,4,6.08,0
43.52,14,1,2,0,0,0,0,131.7,0,2,76.65,0
73.76,11,0,1,0,0,0,0,178.6,0,3,10.65,0
25.55,12,1,1,0,1,0,0,29.5,3,2,24.98,0
27.35,16,3,1,0,0,0,0,75.0,3,1,21.76,0
48.85,17,1,1,0,0,0,0,113.3,1,1,12.51,0
255.38,0,6,6,4,5,0,1,465.1,3,6,25.76,1
46.27,19,2,2,0,0,0,0,18.6,1,1,13.05,0
10.82,10,1,1,0,0,0,0,45.6,2,0,38.59,0
31.93,18,1,2,0,0,0,0,7.5,2,0,185.45,0
77.57,19,5,2,0,0,0,1,31.3,0,0,18.92,0
19.59,8,2,5,1,1,0,0,11.8,3,1,59.16,0
83.54,10,1,3,0,2,0,0,106.2,0,1,82.55,0
79.73,9,0,0,0,1,0,0,91.3,3,0,29.58,0
22.79,16,4,1,0,0,0,1,187.0,1,1,17.42,0
33.07,11,1,3,0,0,1,0,12.0,1,1,161.82,0
524.9,8,8,3,0,5,0,0,187.2,2,2,23.18,0
40.18,18,1,0,0,0,0,0,63.3,0,2,76.51,0
190.12,18,5,0,0,1,0,0,63.3,3,2,27.96,0
28.66,16,5,0,0,0,1,0,48.8,1,1,8.36,0
31.82,13,4,0,0,0,0,0,2.5,2,4,19.53,0
37.5,10,0,1,0,0,0,0,3.7,1,1,34.09,0
41.16,17,2,1,0,1,0,0,66.0,1,0,33.01,0
13.5,16,3,0,0,0,1,0,5.3,2,0,89.59,0
77.2,9,3,0,0,0,0,0,81.8,2,0,68.29,0
64.7,15,2,2,0,0,0,0,123.1,0,1,26.07,0
21.87,10,0,1,0,0,0,0,19.3,3,2,7.78,0
6.83,17,4,0,0,0,1,0,144.0,2,1,32.76,0
76.73,15,2,0,0,0,0,0,2.1,1,0,23.51,0
23.77,18,4,0,0,0,0,0,153.0,2,0,90.81,0
14.87,17,2,1,1,0,0,0,53.7,1,0,25.27,0
6.66,14,2,1,0,0,0,0,51.6,1,0,14.06,0
12.53,13,2,3,0,0,0,0,12.7,0,2,13.0,0
8.42,10,0,0,0,1,0,0,8.2,0,1,15.39,0
53.1,12,3,1,0,0,0,0,21.7,1,2,20.01,0
27.62,11,1,1,0,0,0,0,82.6,0,1,50.52,0
21.12,18,1,3,0,1,0,0,137.1,1,1,21.04,0
4.4,17,4,0,0,0,0,0,32.4,3,0,65.05,0
11.2,15,1,0,0,1,0,0,121.7,0,2,37.28,0
16.62,18,3,2,1,0,0,0,31.7,1,0,68.25,0
84.17,14,3,1,1,3,1,0,37.8,2,2,26.12,0
177.87,17,4,3,0,1,0,0,177.2,1,5,22.66,0
29.1,13,2,2,0,0,0,0,88.8,0,1,124.82,0
55.5,19,8,6,0,3,0,0,653.2,5,3,8.05,0
96.44,21,0,1,0,0,0,0,18.8,2,0,32.12,0
58.41,14,2,1,0,0,0,0,21.4,1,2,51.48,0
18.05,19,3,0,0,0,0,0,12.4,2,0,14.31,0
6.9,18,2,0,0,0,0,0,35.8,0,1,12.64,0
18.91,13,0,1,0,0,0,0,18.7,1,2,15.91,0
9.66,12,2,0,0,0,0,0,3.0,2,1,9.16,0
12.07,11,3,1,0,0,0,0,97.2,0,1,50.46,0
10.99,13,1,2,0,1,0,0,82.4,2,3,45.79,0
2.23,17,2,1,0,1,0,1,110.5,2,1,34.55,0
26.31,9,4,2,0,0,0,0,65.2,0,1,24.71,0
21.36,15,4,1,0,0,0,0,32.9,0,0,14.04,0
25.31,16,2,1,0,0,0,0,7.4,3,0,5.78,0
166.48,11,5,3,0,0,0,0,36.5,0,0,30.57,0
6.98,11,3,1,0,1,0,0,32.8,1,1,83.03,0
4.36,11,2,0,0,0,0,0,7.7,1,3,26.57,0
36.48,19,0,1,0,2,0,0,8.6,0,0,19.49,0
3.73,18,2,0,0,0,0,0,2.4,1,1,100.14,0
22.92,9,4,2,0,0,0,0,8.6,2,2,10.48,0
65.18,11,1,2,0,1,0,0,34.6,2,2,24.66,0
30.68,15,4,1,0,0,0,0,46.9,0,2,37.74,0
11.16,12,0,1,0,1,0,0,34.5,2,0,26.01,0
7.23,20,4,0,0,0,0,0,72.8,2,0,16.95,0
98.03,11,3,1,0,0,0,0,6.2,0,2,21.42,0
11.14,15,2,2,0,1,0,0,59.5,1,2,14.07,0
1.36,11,2,0,0,0,0,0,36.8,2,2,16.54,0
20.02,9,2,0,0,0,0,0,24.4,2,1,30.46,0
43.93,10,2,0,0,0,0,0,28.0,1,1,29.63,0
65.94,14,8,8,0,2,0,0,173.3,2,2,66.35,0
646.57,17,7,1,0,4,0,0,150.3,3,3,12.34,0
19.3,9,1,0,0,0,0,0,27.5,2,0,20.59,0
4.43,12,1,2,0,0,0,0,23.6,1,2,10.72,0
13.04,16,2,0,0,0,0,0,30.6,1,1,162.22,0
17.11,16,2,0,0,0,0,0,79.1,0,2,12.42,0
58.24,20,2,0,0,0,0,0,68.8,0,1,31.91,0
29.03,15,2,1,0,0,0,0,42.2,1,0,13.24,0
56.22,8,0,1,0,1,0,0,0.7,1,2,6.87,0
46.34,2,10,2,1,4,1,1,326.8,7,4,7.24,1
17.08,11,5,1,0,0,0,0,38.9,1,1,12.39,0
14.88,12,3,3,0,0,0,0,125.4,2,1,14.71,0
166.73,17,7,5,1,6,1,1,219.8,3,4,27.84,1
14.52,17,1,1,0,0,0,0,17.8,0,2,14.9,0
12.88,13,2,2,0,1,1,0,16.6,0,1,53.36,0
44.07,18,5,1,0,0,0,0,32.2,2,1,30.6,0
19.81,8,3,2,0,0,1,0,1.6,1,2,20.98,0
29.32,10,3,1,0,0,0,0,108.9,0,3,21.75,0
9.07,12,0,1,0,0,0,0,54.9,0,0,56.4,0
13.3,9,1,0,0,0,0,0,0.4,2,1,38.01,0
15.69,15,3,2,0,1,0,0,1.2,1,5,8.66,0
42.53,9,3,0,0,0,0,0,28.9,2,1,21.02,0
28.57,13,3,0,0,0,0,0,72.4,3,2,16.79,0
11.17,19,4,1,0,0,0,0,4.9,2,4,178.37,0
66.35,5,9,3,1,0,0,0,25.3,2,2,46.7,0
36.21,17,2,2,0,0,0,0,30.4,0,1,32.74,0
53.72,6,6,5,0,1,0,1,67.7,0,3,9.09,0
8.71,16,4,0,0,0,0,0,100.6,1,0,13.23,0
12.77,19,3,1,0,0,0,0,55.2,2,2,17.19,0
10.88,13,4,1,0,1,0,0,61.6,2,0,27.68,0
23.73,20,4,2,0,0,0,0,45.6,0,1,53.86,0
83.5,20,5,5,0,2,0,1,32.5,1,1,19.35,0
24.85,9,3,1,0,0,0,0,157.1,1,2,7.5,0
54.02,19,4,2,0,1,0,0,166.9,1,3,109.73,0
287.31,8,2,1,0,2,0,0,114.6,0,2,7.97,0
11.53,11,1,0,0,0,0,0,24.6,2,1,3.82,0
42.97,12,4,3,0,0,0,0,24.1,0,1,126.56,0
25.99,11,3,3,0,1,0,0,46.6,0,0,49.02,0
113.37,13,2,0,0,0,0,0,27.9,1,2,23.99,0
5.81,14,1,1,0,1,0,0,32.5,1,2,12.35,0
10.12,9,1,0,0,0,0,0,16.9,2,0,135.36,0
33.38,21,1,3,0,0,0,0,137.3,1,0,14.99,0
27.05,11,5,0,0,0,0,0,43.6,1,1,74.37,0
46.05,13,4,0,0,0,0,0,10.2,1,0,25.69,0
55.65,1,8,4,1,1,1,0,62.6,0,1,5.68,0
7.6,19,5,0,0,0,0,0,13.3,1,1,96.7,0
21.8,16,3,0,0,0,0,0,73.8,2,4,9.3,0
86.02,18,2,0,0,1,0,0,107.6,1,1,18.28,0
56.29,10,1,1,0,1,0,0,21.9,0,4,40.29,0
68.46,14,0,0,0,0,0,0,25.6,3,0,24.31,0
39.17,9,1,1,0,0,0,0,7.5,0,2,38.78,0
57.75,20,1,1,0,1,0,0,5.9,3,3,6.22,0
8.21,11,1,1,0,0,1,0,39.6,0,0,32.31,0
32.91,19,0,0,0,0,0,0,74.3,0,0,142.34,0
34.06,18,3,3,0,0,0,0,23.2,1,2,29.0,0
104.24,15,0,3,1,1,0,1,46.5,2,0,64.15,1
39.36,12,4,0,0,0,0,0,9.9,0,1,149.4,0
47.11,14,1,1,0,0,0,0,34.1,2,2,6.61,0
12.14,15,1,0,0,0,0,0,81.3,1,2,7.59,0
10.99,10,2,2,0,0,0,0,54.0,0,0,56.52,0
40.71,8,2,1,0,0,0,0,44.3,1,2,11.63,0
48.18,16,1,0,0,0,0,0,7.6,0,0,54.03,0
111.67,23,8,6,0,5,1,0,205.2,3,7,30.87,1
62.84,12,1,3,0,0,0,1,153.0,2,1,50.99,0
15.81,12,0,1,0,0,0,0,68.6,0,2,63.69,0
3.57,10,0,2,0,0,0,0,11.4,0,1,24.58,0
109.77,14,0,0,0,0,0,0,22.0,2,3,58.86,0
13.95,17,3,0,0,0,0,0,0.6,0,0,8.15,0
69.61,10,1,0,0,0,0,0,6.6,0,2,25.22,0
10.15,15,1,0,0,0,0,0,14.3,0,4,35.88,0
10.4,9,2,0,0,0,0,0,2.7,1,0,41.34,0
9.15,18,1,2,0,0,1,0,2.2,0,0,44.04,0
56.06,12,0,2,0,0,0,0,46.9,1,1,11.09,0
13.77,13,4,1,0,0,0,0,23.8,1,1,7.45,0
19.63,17,3,2,0,0,0,0,13.1,1,3,46.82,0
9.23,20,2,2,0,0,0,0,13.3,1,2,22.38,0
7.17,11,6,2,0,0,0,0,7.3,2,1,6.62,0
1.37,14,1,3,0,0,0,0,8.2,0,1,13.99,0
17.51,21,1,1,0,0,0,0,45.4,0,3,7.2,0
9.06,8,0,2,0,0,0,0,32.8,2,0,15.46,0
16.13,11,0,3,0,0,0,0,60.1,1,1,81.6,0
31.97,14,2,0,0,0,0,0,72.9,2,1,197.12,0
101.82,7,7,5,2,4,1,0,472.4,5,3,25.72,1
187.49,14,4,1,0,1,0,0,75.4,4,9,81.94,0
5.95,9,2,1,0,0,0,0,41.1,1,3,14.93,0
88.86,9,0,0,0,0,0,0,3.3,1,4,7.51,0
2.12,15,2,2,0,2,0,0,12.3,0,0,100.16,0
10.0,12,4,2,1,3,0,0,57.4,0,1,38.19,0
45.9,19,3,0,1,0,0,0,13.0,1,1,25.89,0
27.15,18,0,1,0,3,0,0,112.8,0,5,45.13,0
23.99,12,2,1,0,1,0,0,67.6,3,0,34.85,0
228.35,10,9,6,2,3,0,1,50.0,4,5,41.67,1
155.06,18,2,2,0,0,0,0,19.8,2,1,33.01,0
9.49,9,2,0,0,0,0,0,100.2,2,0,52.7,0
53.21,20,4,0,0,1,0,0,88.0,2,1,59.55,0
27.37,18,5,0,0,0,0,0,104.4,0,0,37.36,0
78.59,17,2,1,0,0,0,1,50.8,3,2,16.3,0
170.06,11,2,0,0,2,1,0,51.2,1,2,20.81,0
103.06,12,3,0,0,1,0,0,1.4,2,1,14.65,0
159.99,15,1,1,0,0,0,0,7.5,1,0,44.16,0
13.8,16,4,1,0,1,0,0,10.5,2,1,29.22,0
25.86,11,3,1,1,0,0,0,77.2,0,1,11.08,0
13.44,19,2,0,0,0,0,0,157.7,0,2,42.29,0
76.22,22,5,6,0,2,0,1,233.8,5,5,59.59,0
9.85,15,4,2,0,0,0,0,21.7,3,3,20.14,0
23.5,15,2,2,0,0,0,0,2.2,2,0,42.75,0
28.39,20,3,1,0,2,0,0,49.8,2,0,190.76,1
46.5,16,2,1,0,1,1,0,27.3,1,3,10.44,0
83.87,14,2,1,0,0,0,0,51.7,1,2,7.92,0
44.54,19,2,0,0,0,0,0,39.4,1,0,11.51,0
66.44,15,1,0,0,3,0,0,25.0,0,1,121.38,0
7.83,12,2,1,0,0,0,0,28.0,2,1,27.41,0
218.36,13,4,5,0,3,1,0,15.7,1,2,11.32,0
101.31,20,0,1,0,0,0,0,15.5,1,2,3.56,0
29.25,9,1,2,0,0,0,0,37.4,1,0,42.5,0
8.43,21,1,0,0,0,0,0,13.2,2,6,48.43,0
43.55,18,1,1,0,0,0,0,11.0,1,1,43.12,0
74.27,13,4,1,0,0,0,0,63.8,0,1,10.89,0
46.98,18,1,0,0,0,0,0,54.1,2,3,28.21,0
13.87,21,5,0,0,2,0,0,23.8,0,0,2.27,0
46.82,17,2,0,0,0,0,0,65.0,0,1,11.89,0
22.24,12,1,1,0,0,0,0,11.8,0,2,56.69,0
129.77,19,6,7,0,0,1,1,709.6,2,3,6.19,0
295.4,3,3,4,0,2,1,1,397.6,0,2,75.21,0
63.82,14,2,3,0,0,0,0,6.7,2,1,78.38,0
10.56,14,1,1,0,1,0,0,26.0,0,2,86.71,0
82.26,12,4,0,0,0,0,0,15.7,1,1,16.52,0
45.11,12,0,0,0,0,0,0,2.9,2,0,15.14,0
15.7,10,1,3,0,0,0,0,12.8,0,2,9.13,0
4.15,19,4,2,1,0,0,0,3.4,2,0,41.9,0
22.78,10,1,0,0,0,0,0,20.2,2,2,36.69,0
36.32,20,1,1,0,0,0,0,71.1,1,0,18.1,0
60.9,15,1,0,0,1,0,0,24.1,2,1,29.66,0
22.31,14,3,0,0,0,0,0,1.7,0,2,18.88,0
482.94,22,7,5,3,3,0,1,353.4,6,8,59.21,1
35.09,19,0,0,0,0,0,0,267.7,2,1,191.09,0
15.76,12,2,0,0,0,0,0,110.6,1,1,8.04,0
14.84,18,0,0,0,0,0,0,6.6,2,2,64.46,0
16.54,16,1,0,0,0,0,0,92.5,1,0,74.64,0
7.49,14,3,0,0,0,0,0,26.3,1,1,12.31,0
22.63,10,1,0,0,0,0,0,50.3,1,2,36.25,0
23.54,9,1,1,0,0,0,0,19.9,1,1,68.1,0
46.29,19,2,5,0,0,0,1,15.1,5,1,62.24,0
60.55,14,2,3,0,0,0,0,20.6,1,1,26.78,0
37.98,21,0,1,0,0,0,0,22.8,1,2,39.47,0
30.81,18,1,1,0,0,0,0,151.2,0,3,72.65,0
11.32,15,4,4,0,0,0,0,23.6,0,2,97.02,0
64.39,15,0,0,0,0,0,0,10.7,2,2,11.8,0
37.89,10,3,1,1,1,0,0,118.2,1,0,165.72,0
12.9,21,0,0,0,0,0,1,3.0,2,1,25.47,0
21.86,17,7,7,0,4,1,0,551.0,7,4,24.52,1
75.86,15,3,2,0,1,0,0,42.2,0,0,55.43,0
31.43,16,1,0,0,0,0,0,27.2,2,1,66.31,0
30.06,14,3,0,0,0,0,0,28.1,1,1,103.0,0
27.08,17,1,0,0,0,0,1,54.0,1,4,82.69,0
15.65,12,1,0,0,1,0,0,0.4,2,3,9.1,0
89.41,4,3,1,0,0,1,1,204.8,1,3,35.26,0
52.45,19,3,3,0,1,0,0,20.9,1,4,7.64,0
8.76,16,3,0,0,1,0,0,88.6,0,2,21.45,0
36.36,19,2,1,0,0,0,0,103.9,3,3,209.58,0
13.54,15,5,2,0,0,0,0,57.0,0,0,71.55,0
17.45,10,1,2,0,0,0,0,17.2,2,2,31.35,0
9.28,12,0,2,1,0,0,0,42.3,0,3,41.52,0
24.77,17,3,0,0,0,0,0,32.5,1,2,67.3,0
832.5,12,5,4,0,1,0,0,221.2,2,5,39.41,0
21.91,15,1,0,0,1,0,0,66.9,1,2,12.85,0
37.95,18,0,1,0,0,0,0,21.9,2,2,11.72,0
17.74,21,4,1,0,0,0,0,52.0,1,0,48.33,0
2.48,12,0,3,0,0,0,0,9.2,0,1,10.27,0
14.69,14,2,0,0,0,0,0,4.4,0,3,6.34,0
55.12,16,2,0,0,0,0,0,161.1,0,0,14.36,0
46.72,13,4,1,1,0,0,1,204.7,2,2,76.69,1
13.13,19,3,1,0,0,0,0,43.8,0,2,5.77,0
41.13,8,3,2,0,1,0,0,125.4,1,1,65.27,0
24.22,8,3,0,0,1,0,0,63.7,2,2,35.63,0
27.77,19,1,0,0,0,0,0,19.5,2,1,17.87,0
11.61,10,1,1,0,2,0,0,208.8,0,1,24.5,0
688.24,21,5,1,0,4,0,1,121.4,3,6,38.46,0
12.67,18,2,2,0,0,0,0,71.6,0,2,11.17,0
26.32,13,2,0,0,4,0,0,73.9,1,2,113.96,1
5.94,17,2,0,0,1,0,0,27.6,1,0,120.04,0
65.8,19,2,0,0,1,0,0,16.6,0,3,13.12,0
30.0,20,1,1,0,0,0,0,5.4,0,1,36.43,0
39.79,20,1,0,0,0,0,0,11.2,1,1,42.89,0
39.08,18,5,3,0,0,0,0,55.7,0,2,21.46,0
15.48,14,2,2,1,2,1,1,77.3,3,3,11.68,0
19.21,11,0,1,0,0,0,0,18.4,2,1,122.8,0
62.33,16,2,2,0,0,0,0,29.7,0,0,30.67,0
15.11,18,3,0,0,0,0,0,2.4,1,2,123.4,0
16.1,17,2,0,0,1,0,1,4.4,1,2,11.58,0
175.54,15,3,5,1,1,0,0,69.3,6,3,79.84,0
67.9,14,1,2,0,2,0,0,11.6,1,3,21.42,0
11.52,18,2,0,0,1,0,0,183.8,1,0,44.79,0
10.07,10,3,1,0,0,1,0,143.6,0,2,12.51,0
15.5,12,1,1,0,1,0,1,3.8,1,1,14.41,0
20.49,9,2,1,0,0,0,0,6.3,1,2,14.18,0
15.16,20,5,0,0,0,0,0,103.5,2,1,16.33,0
178.13,11,4,2,0,0,0,0,18.2,2,0,39.31,0
40.06,19,3,0,0,0,0,0,107.4,0,1,32.55,0
115.98,15,1,0,0,0,0,0,3.8,1,3,16.45,0
10.75,19,3,2,0,1,0,0,3.0,0,0,16.09,0
42.18,16,3,0,0,0,0,0,60.3,0,2,17.78,0
152.65,15,2,0,0,0,0,0,221.1,0,3,33.15,0
26.45,10,2,0,1,0,0,0,24.7,0,0,20.61,0
54.07,18,0,0,0,0,0,0,22.2,1,2,10.09,0
22.51,20,2,1,0,1,0,0,23.1,1,1,9.14,0
192.3,14,1,0,0,0,0,0,69.9,1,1,224.8,0
6.1,20,3,0,0,0,0,0,2.2,2,0,94.39,0
16.29,12,3,0,0,0,0,0,77.8,0,4,18.79,0
9.77,18,4,4,0,0,0,0,15.6,2,1,44.27,0
12.92,18,0,1,0,0,0,0,10.3,0,0,34.96,0
39.5,14,6,3,0,0,0,0,10.2,2,0,26.94,0
21.86,15,1,2,0,0,1,0,13.2,1,4,23.68,0
23.14,17,3,1,0,0,0,0,1.0,2,3,15.73,0
28.7,19,9,6,0,1,1,0,248.2,4,1,23.71,0
1545.35,16,6,3,0,5,0,1,364.1,2,3,7.72,1
15.95,12,3,2,0,0,0,0,50.4,1,2,14.21,0
72.38,16,2,0,0,0,0,0,52.4,1,1,13.72,0
9.49,14,0,2,0,0,0,0,42.5,0,1,24.72,0
12.45,12,4,2,0,0,0,0,26.8,0,0,212.11,0
50.08,19,1,1,0,0,0,0,42.9,1,4,50.26,0
60.42,17,2,0,0,1,0,0,116.3,0,1,20.99,0
8.03,13,3,1,0,0,0,0,129.3,0,2,12.05,0
37.44,9,2,2,0,1,0,1,100.4,1,1,32.05,0
13.58,15,2,0,0,0,0,0,93.1,1,1,8.88,0
74.05,7,2,4,1,0,1,1,10.0,1,0,3.96,0
21.41,10,0,1,0,0,0,0,32.4,1,1,42.45,0
10.92,12,1,2,0,0,0,0,38.1,0,1,20.43,0
41.53,9,1,3,0,0,0,0,82.0,1,0,18.3,0
57.68,16,2,3,0,1,0,0,0.5,0,0,28.37,0
25.34,17,2,0,0,1,0,0,42.0,1,1,28.25,0
58.08,10,2,3,0,0,0,0,30.5,2,1,13.7,0
44.44,12,2,1,0,0,0,0,26.0,2,3,10.73,0
23.85,12,4,1,0,0,0,0,7.4,0,0,100.17,0
8.43,20,3,2,0,0,0,0,9.5,0,3,16.26,0
56.45,21,5,2,0,1,0,1,30.4,2,1,29.44,0
79.36,19,3,0,0,0,0,0,46.3,1,1,8.02,0
18.86,19,0,1,0,1,0,0,45.2,1,2,5.77,0
1056.62,21,6,7,1,5,1,1,145.7,4,3,47.97,1
40.87,17,0,0,0,0,0,0,48.9,0,1,18.36,0
9.2,18,0,1,1,0,0,0,106.9,3,1,10.07,0
35.38,9,1,2,0,0,0,0,185.8,0,1,35.85,0
23.14,18,5,0,0,1,0,0,67.3,1,1,28.59,0
45.88,13,4,0,0,0,0,0,25.7,0,0,10.41,0
19.61,18,3,1,0,0,0,0,35.2,0,0,60.57,0
84.05,15,3,0,0,0,0,0,0.5,0,3,14.42,0
33.5,18,3,2,0,0,0,0,10.3,0,1,25.61,0
22.19,14,0,1,0,0,0,0,28.3,0,5,11.61,0
56.7,4,4,6,0,0,0,0,34.6,1,1,29.97,0
131.8,13,1,2,0,0,0,1,2.4,1,2,44.06,0
17.21,14,1,2,0,0,0,0,68.7,2,2,11.7,0
108.16,21,4,5,1,1,0,1,213.1,4,1,14.6,0
158.98,13,0,1,0,1,0,0,35.5,2,1,85.48,0
70.37,12,2,0,0,1,0,0,23.2,1,0,13.06,0
7.45,13,2,1,0,0,0,0,13.4,0,2,17.19,0
87.04,1,5,3,1,3,0,0,228.9,1,6,156.82,0
42.67,15,3,2,0,1,0,0,90.8,0,5,32.89,0
5.96,18,3,1,0,2,0,0,11.3,1,4,36.2,0
19.67,14,3,0,0,0,0,0,13.3,3,3,33.96,0
39.35,14,3,3,1,0,0,0,28.9,2,0,46.47,0
8.24,11,2,0,0,0,0,0,12.2,3,1,18.65,0
24.94,9,1,1,0,0,0,0,1.9,1,1,33.4,0
68.1,11,0,0,0,0,0,0,99.1,4,1,15.26,0
18.89,8,5,0,0,0,0,0,30.5,1,3,63.99,0
62.14,13,2,0,0,1,0,0,66.7,0,2,58.55,0
34.69,15,3,0,0,0,0,0,9.0,1,1,5.79,0
6.29,11,4,1,0,0,0,0,209.6,0,6,40.97,0
58.98,21,1,0,0,1,0,0,60.0,0,0,14.84,0
60.56,20,2,1,0,0,0,0,40.1,2,1,46.25,0
27.49,15,1,1,0,0,1,0,17.1,0,0,120.09,0
25.09,13,3,2,0,0,0,0,60.0,1,3,51.67,0
41.38,11,1,1,0,1,0,0,105.4,0,0,18.96,0
48.96,16,6,1,0,0,0,0,66.7,3,2,38.17,0
133.4,11,2,0,0,1,0,0,151.0,1,2,7.44,0
34.55,10,2,0,0,0,0,0,21.8,1,2,12.81,0
23.71,16,3,3,0,0,0,0,45.2,0,5,11.6,0
26.73,14,2,1,0,2,0,0,10.7,0,1,181.62,0
155.48,2,8,4,1,4,1,0,170.1,3,1,11.51,0
13.82,13,1,1,0,0,0,0,130.5,1,1,5.66,0
26.33,13,1,0,0,0,0,0,105.1,1,2,32.96,0
33.9,19,4,1,0,0,0,0,124.5,1,2,9.22,0
65.72,16,4,0,0,2,0,0,126.3,0,1,9.6,1
54.34,14,1,1,0,0,0,0,85.7,1,1,5.14,0
63.16,15,1,1,0,1,0,0,10.3,1,1,24.39,0
84.7,18,5,0,0,1,0,0,132.2,0,2,66.48,0
15.27,21,1,2,0,0,0,0,0.6,3,2,85.4,0
16.63,9,1,1,0,0,0,0,60.0,1,4,43.99,0
204.66,23,4,2,0,2,1,0,462.3,2,3,17.72,0
10.0,17,4,5,0,3,0,1,15.1,3,2,7.08,0
14.17,20,0,3,0,0,0,0,85.5,1,5,15.79,0
22.02,10,0,0,0,2,0,0,166.1,0,2,42.36,0
8.06,15,5,0,0,0,0,0,34.1,2,1,64.97,0
256.32,18,4,2,0,1,0,0,102.3,6,6,39.42,0
57.85,9,0,0,0,0,0,0,36.3,2,1,16.8,0
10.05,19,1,2,0,0,0,0,31.2,0,2,12.86,0
12.85,14,2,2,0,0,0,0,42.1,1,4,33.41,0
83.0,17,1,1,0,0,0,0,43.5,2,2,40.57,0
10.53,11,4,2,0,0,0,0,19.6,3,2,6.18,0
14.63,14,1,0,0,0,0,0,81.3,1,6,25.27,0
5.8,13,0,0,0,0,0,0,34.7,2,1,34.01,0
12.85,19,3,0,0,0,0,0,33.1,1,2,49.28,0
16.57,11,3,2,0,0,0,0,80.0,1,2,18.39,0
74.99,13,3,1,0,0,0,0,42.4,3,0,20.36,0
29.52,13,0,3,0,0,0,0,11.5,1,2,14.99,0
257.08,10,6,7,0,3,0,1,429.1,1,1,20.92,0
27.24,11,1,0,0,0,0,0,6.1,2,0,84.16,0
77.51,19,7,0,0,0,0,0,11.4,1,3,55.18,0
61.25,13,2,0,0,0,0,0,25.8,1,0,9.04,0
20.67,20,3,0,0,1,0,0,39.8,0,2,10.87,0
29.38,15,0,1,0,0,0,0,27.3,1,3,7.89,0
221.68,19,2,1,0,1,0,0,156.3,2,1,21.91,0
99.96,13,2,0,0,0,0,0,166.5,0,1,19.87,0
104.52,11,8,8,0,0,1,0,104.4,2,3,10.89,0
15.08,15,3,1,0,0,0,0,18.7,0,0,41.71,0
18.57,9,0,0,0,0,0,0,9.5,1,4,10.49,0
86.39,16,1,1,0,1,0,0,79.6,0,2,22.64,0
8.68,14,1,0,0,0,0,0,60.5,0,0,19.32,0
69.45,11,4,5,0,2,0,1,332.2,1,5,8.0,0
59.26,15,1,1,0,0,0,1,14.8,1,1,11.2,0
119.28,20,2,0,0,1,0,0,81.5,1,2,29.8,0
7.85,9,3,1,0,2,0,0,8.5,1,2,18.58,0
5.7,10,2,2,0,0,1,1,39.6,1,4,23.02,0
28.38,13,2,0,0,1,0,0,63.4,1,2,50.37,0
2.76,17,2,1,0,1,0,0,90.7,2,1,12.84,0
13.02,18,1,1,0,2,0,0,89.1,1,2,50.99,0
52.31,13,2,0,0,0,0,0,29.0,1,0,128.15,0
27.58,14,3,0,0,1,0,0,146.1,1,1,22.74,0
24.94,16,1,0,0,0,0,0,134.4,1,0,26.08,0
22.39,11,0,1,0,1,0,0,126.2,2,3,40.64,0
24.9,14,2,1,0,1,0,0,97.6,1,2,12.25,0
896.66,6,11,7,1,6,1,1,137.7,4,4,13.08,1
34.85,9,0,1,0,0,0,0,0.1,0,1,29.38,0
28.76,10,4,0,0,0,0,0,7.4,0,3,14.07,0
45.48,15,1,1,0,0,0,0,117.7,0,1,15.39,0
92.22,10,3,0,0,0,0,0,90.3,1,0,64.58,0
14.3,13,4,1,0,1,0,0,10.1,2,2,13.15,0
164.91,13,2,0,0,1,0,0,19.4,1,1,101.23,0
21.22,8,1,4,0,1,0,0,10.2,1,5,33.73,0
43.63,15,2,2,0,0,0,0,33.6,2,2,11.23,0
5.54,21,4,3,1,0,0,0,30.1,1,1,18.14,0
31.87,20,1,2,0,0,0,0,52.7,0,1,47.68,0
10.75,15,0,0,0,0,0,0,13.4,0,2,6.22,0
11.7,14,0,0,0,0,0,0,63.2,1,2,38.79,0
39.81,10,0,2,0,1,0,0,153.9,0,0,20.07,0
7.0,21,2,0,0,0,0,0,40.3,0,2,20.83,0
118.09,5,18,2,1,2,1,1,573.3,3,7,35.65,1
9.16,12,0,1,0,0,1,0,39.2,1,1,31.11,0
39.54,21,4,2,0,0,0,0,97.0,3,2,49.14,0
15.54,15,1,0,0,0,0,0,26.1,2,4,33.86,0
41.62,10,2,1,0,0,0,0,1.1,1,0,11.17,0
16.92,19,0,1,0,0,0,1,51.1,1,1,15.28,0
21.89,9,0,1,0,1,0,0,52.1,1,0,47.43,0
44.26,15,1,0,0,0,0,0,45.4,0,2,4.55,0
7.14,18,1,0,0,0,0,0,12.7,0,1,58.88,0
96.17,16,3,1,0,0,1,0,68.1,1,1,7.55,0
366.8,18,0,1,0,0,0,0,12.3,1,1,24.49,0
69.37,11,3,1,0,1,0,0,34.1,1,1,14.63,0
39.71,10,4,1,0,0,0,0,54.8,1,2,7.89,0
35.81,14,2,0,0,0,0,0,147.2,3,1,30.11,0
9.77,18,4,1,0,0,0,0,0.5,0,4,12.9,0
18.25,13,1,0,0,1,0,0,44.3,2,3,15.24,0
72.99,13,5,3,0,1,0,0,70.2,2,1,11.48,0
17.42,18,5,0,0,1,0,0,16.4,0,4,13.01,0
22.2,13,0,0,0,0,0,0,58.6,1,0,74.75,0
12.9,15,3,1,0,0,0,1,327.7,0,5,184.6,0
26.09,18,3,3,0,0,0,0,71.5,1,0,32.44,0
32.11,11,2,0,0,1,0,0,46.6,0,0,33.44,0
18.73,20,1,2,0,0,0,0,17.8,0,2,28.03,0
3.91,14,1,1,0,4,0,0,5.8,2,1,81.62,0
9.98,14,0,0,0,1,0,0,31.2,1,0,45.49,0
12.65,16,0,3,0,0,0,0,42.9,1,0,43.89,0
21.14,15,4,1,0,0,0,0,8.9,0,2,11.03,0
141.01,10,5,1,0,0,0,0,61.5,1,4,57.32,0
34.22,13,3,0,0,0,0,0,33.3,0,1,31.85,0
78.96,5,8,2,0,0,0,1,10.1,0,4,13.91,0
4.39,17,4,0,0,1,0,0,20.4,1,1,15.24,0
53.68,9,2,1,0,0,0,0,38.0,2,5,50.86,0
7.55,15,1,0,0,0,1,1,80.8,1,2,51.42,0
42.15,12,3,1,0,0,0,0,111.2,3,2,29.64,0
38.35,11,4,2,0,0,0,0,22.4,1,1,27.24,0
30.61,12,1,1,0,1,0,0,25.4,1,3,51.01,0
33.49,11,4,1,0,0,0,0,51.5,0,1,46.62,0
31.91,11,3,2,0,0,0,0,16.5,1,4,11.99,0
54.41,19,2,1,0,1,0,0,23.1,0,2,15.28,0
8.95,19,4,0,1,2,0,0,152.4,2,1,24.69,0
19.86,13,2,2,0,0,0,0,11.9,0,0,7.61,0
15.63,11,3,2,0,0,0,0,41.6,0,0,12.52,0
63.27,14,2,0,0,0,0,0,14.0,0,0,118.19,0
38.52,10,1,1,0,0,0,1,99.4,3,2,12.91,0
4.85,14,0,0,0,1,0,0,21.4,0,5,22.08,0
2.72,11,4,5,0,1,0,0,0.5,1,0,96.2,0
99.15,20,3,0,0,0,0,0,13.0,1,3,23.88,0
28.28,13,3,1,0,0,0,0,11.4,1,2,87.77,0
28.5,14,0,1,0,1,0,0,54.2,3,2,17.56,0
6.95,13,1,1,0,0,0,0,169.5,0,2,42.36,0
65.47,9,5,2,0,2,1,0,73.1,1,1,10.16,0
96.82,13,3,1,0,0,0,0,66.4,1,2,18.78,0
74.41,11,1,2,0,0,0,0,9.8,2,3,31.49,0
10.31,10,3,0,0,0,0,0,10.7,4,2,24.46,0
19.86,19,1,2,0,0,0,0,27.1,1,0,84.01,0
45.17,6,5,7,0,4,1,1,267.1,4,2,5.57,1
37.99,17,1,0,0,1,0,0,64.9,1,2,125.02,0
30.64,13,3,2,0,1,0,0,0.2,1,1,13.63,0
102.57,17,6,3,0,2,1,0,30.1,4,6,13.35,0
124.91,13,2,2,0,0,0,0,40.5,0,2,27.41,0
24.55,10,3,1,0,0,0,0,4.7,1,2,24.94,0
75.15,17,5,1,0,0,0,0,9.3,0,1,23.64,0
30.82,19,3,0,0,1,0,0,101.5,2,3,177.92,0
40.0,16,2,1,0,1,0,0,66.2,1,2,14.48,0
55.94,18,2,0,0,2,0,0,32.6,0,2,15.29,0
5.82,18,2,0,0,0,0,1,25.6,1,3,20.76,0
44.33,13,0,3,0,1,0,0,44.2,0,0,39.88,0
69.81,12,0,1,0,0,0,0,24.8,2,2,33.56,0
24.42,10,3,1,0,0,0,0,0.4,1,1,54.02,0
18.25,20,0,1,0,0,0,0,115.7,1,0,89.56,0
54.27,10,3,2,0,0,0,0,50.7,2,1,56.06,0
42.89,11,1,0,0,0,0,0,92.4,0,2,24.1,0
19.89,17,2,1,0,0,0,0,0.4,1,5,45.52,0
19.73,11,3,2,0,0,0,0,2.0,1,2,2.5,0
26.51,11,1,0,1,1,0,0,13.9,0,0,112.16,0
24.72,16,0,0,0,0,0,0,9.3,0,3,30.55,0
10.39,13,2,1,0,0,0,0,13.2,0,1,27.95,0
7.14,15,2,1,0,1,0,0,95.0,0,0,52.11,0
9.43,13,3,0,0,0,0,0,124.9,0,0,24.78,0
18.92,14,3,0,0,0,0,1,7.6,0,2,160.24,0
91.63,15,4,3,0,3,0,0,18.9,1,2,11.99,0
93.61,6,5,2,0,2,1,1,214.7,1,2,23.41,0
33.18,21,1,2,0,0,0,0,0.1,1,3,23.88,0
16.6,8,4,0,0,1,0,0,2.0,0,3,9.3,0
3.76,8,3,0,0,0,0,0,12.9,0,4,35.44,0
114.39,19,6,1,0,0,0,0,22.4,2,2,11.71,0
8.19,12,2,0,0,1,0,0,192.8,4,3,11.43,0
24.85,19,3,2,0,0,0,0,4.8,0,1,5.39,0
5.6,16,2,1,0,0,0,0,7.3,1,2,6.29,0
39.42,11,3,1,0,1,0,0,188.4,0,4,20.34,0
41.03,11,2,1,0,0,0,0,34.9,2,3,14.91,0
15.05,8,1,0,0,1,0,0,82.4,2,2,26.82,0
5.63,18,2,0,0,1,0,0,17.9,0,0,48.63,0
17.66,19,1,1,0,0,0,1,19.5,3,4,283.38,0
6.11,11,1,2,0,0,0,0,61.9,2,2,59.68,0
15.01,17,1,2,0,0,0,0,1.0,2,1,6.93,0
53.87,12,0,3,0,0,0,0,1.3,1,1,17.24,0
8.06,14,2,0,0,0,0,0,74.5,1,4,37.02,0
50.52,21,5,2,1,0,1,0,225.8,3,3,23.6,0
68.14,11,7,1,0,0,0,0,6.1,0,3,4.53,0
52.11,12,1,0,0,1,0,0,38.7,0,1,51.87,0
34.85,17,2,0,0,1,0,0,15.7,0,1,12.87,0
40.54,20,3,0,0,0,0,0,29.7,1,5,7.72,0
25.66,16,2,1,0,1,0,0,60.7,1,2,19.82,0
11.35,13,1,1,0,0,0,0,113.3,1,1,72.7,0
73.18,13,1,2,0,0,0,0,60.2,2,0,30.19,0
39.38,16,1,1,0,0,0,0,20.1,3,5,46.19,0
10.3,9,1,2,0,1,0,0,9.4,2,2,11.46,0
68.38,20,6,2,0,0,0,0,16.5,1,1,27.1,0
111.35,19,7,7,0,4,1,0,77.9,0,1,22.5,0
11.03,21,2,2,0,0,0,0,22.2,1,3,109.45,0
50.4,12,2,2,0,1,0,0,19.5,1,3,6.65,0
7.63,20,2,4,0,0,0,0,74.4,0,1,26.71,0
31.79,11,1,0,0,2,0,0,25.9,3,1,39.45,0
24.61,13,1,1,0,0,0,0,2.2,1,2,19.69,0
4.49,19,1,0,0,1,0,0,5.4,2,2,31.13,0
16.02,13,0,3,0,0,0,0,60.2,0,0,8.72,0
32.25,19,5,2,1,0,0,0,19.5,2,1,39.22,0
5.14,14,2,2,0,1,0,0,71.8,3,1,32.82,0
16.1,12,3,0,0,0,0,0,15.7,1,1,37.5,0
19.05,15,3,0,0,1,0,0,45.6,1,0,43.29,0
11.43,8,1,3,0,0,0,0,22.9,1,0,19.78,0
35.37,17,2,2,1,1,0,0,30.9,1,4,21.51,0
81.07,1,7,2,0,2,0,0,259.5,3,4,48.14,0
145.64,7,2,3,0,5,0,0,173.1,1,3,12.48,0
261.78,4,4,7,1,5,1,1,84.4,2,4,7.18,1
125.41,20,7,0,1,0,0,0,35.0,0,2,330.47,0
20.85,8,2,2,0,1,0,0,58.9,1,3,81.71,0
80.93,11,1,1,0,0,0,0,17.8,0,0,42.56,0
109.83,14,0,1,0,0,0,0,109.9,0,1,28.07,0
51.73,14,2,1,0,0,0,0,43.7,0,2,27.01,0
225.32,2,12,2,2,5,1,1,67.1,8,4,17.32,1
121.6,8,1,1,0,1,0,0,164.3,1,0,10.15,0
18.4,20,1,1,0,0,0,0,67.3,3,1,38.8,0
14.53,16,2,0,0,0,0,0,91.9,0,3,7.71,0
18.6,17,4,0,0,0,0,0,44.8,2,2,20.89,0
28.04,13,1,0,0,0,0,0,93.3,1,0,20.43,0
59.77,17,1,1,0,1,0,0,99.6,2,1,8.49,0
42.02,20,2,0,0,0,0,0,57.6,1,1,22.4,0
152.02,13,2,2,0,1,0,0,12.9,2,1,10.67,0
47.57,17,4,1,0,1,0,0,64.7,0,2,9.73,0
25.36,15,3,0,0,0,0,0,22.0,1,0,11.48,0
24.53,15,0,1,0,0,0,0,27.7,2,3,53.52,0
5.67,14,4,4,0,1,0,0,28.6,3,1,32.76,0
3.79,15,1,0,0,0,0,0,49.8,4,3,32.62,0
4.53,20,3,0,1,0,0,0,79.8,1,3,38.27,0
176.43,17,5,3,1,3,0,1,166.1,1,2,31.37,1
20.41,15,3,0,0,0,0,0,91.1,0,5,37.38,0
44.97,18,3,2,0,2,0,0,21.4,1,0,199.08,0
7.51,13,2,0,0,0,0,0,23.5,0,3,134.27,0
14.43,18,2,1,0,0,0,0,39.9,2,0,119.0,0
15.97,10,0,0,0,0,0,0,61.1,2,1,65.92,0
8.59,10,0,3,0,1,0,0,14.1,1,2,17.87,0
84.98,19,2,1,0,0,0,0,87.7,0,1,27.15,0
26.69,13,4,1,0,0,0,0,88.3,1,1,43.17,0
38.8,16,0,3,0,1,0,0,4.0,2,2,9.65,0
41.57,12,1,1,0,0,0,0,14.0,1,3,21.88,0
7.61,21,3,0,0,0,0,0,83.0,2,2,22.28,0
20.33,9,2,0,0,1,0,0,33.2,2,0,14.81,0
117.39,20,4,0,0,1,0,0,8.6,0,1,133.53,0
70.33,16,1,0,0,0,0,0,30.0,2,0,106.96,0
34.7,10,4,3,0,0,1,0,214.5,0,3,12.39,0
10.05,16,2,1,0,0,0,0,212.1,0,0,75.78,0
12.73,14,0,2,0,0,0,0,68.1,1,3,45.18,0
42.66,8,1,1,0,0,0,0,34.4,0,3,210.83,0
20.23,9,2,1,0,0,0,0,43.1,1,5,55.1,0
25.12,9,1,1,1,0,0,0,21.9,2,1,88.49,0
20.36,10,1,2,0,2,0,0,25.2,1,1,9.34,0
9.69,10,2,1,0,0,0,0,67.8,1,0,76.64,0
12.12,12,1,1,0,0,0,0,2.5,0,1,22.53,0
72.35,17,1,1,0,0,0,0,42.1,3,1,13.66,0
78.69,15,10,3,1,4,0,0,76.2,5,2,29.24,0
57.74,13,0,1,0,0,0,0,47.2,0,1,32.11,0
4.24,16,4,1,0,0,0,1,0.9,2,2,40.91,0
10.04,20,4,1,0,0,0,0,19.0,1,2,5.56,0
68.4,12,2,0,0,0,0,0,63.7,2,2,29.95,0
12.12,10,2,0,0,0,0,0,40.1,2,1,80.38,0
29.89,21,0,0,0,0,0,1,2.3,3,2,44.51,0
24.23,12,4,0,1,1,0,0,51.2,0,2,12.63,0
22.03,16,1,1,0,0,1,0,72.4,0,0,97.47,0
26.47,15,1,3,0,0,0,1,17.1,3,1,39.41,0
26.98,12,1,1,0,0,0,0,42.1,1,0,30.39,0
21.48,16,0,2,0,0,0,0,73.1,3,1,15.38,0
20.54,12,5,1,0,1,0,0,42.8,0,4,23.31,0
20.8,16,1,1,0,1,0,0,45.6,0,3,35.54,0
4.95,20,0,4,1,0,0,0,62.2,1,2,11.16,0
32.79,15,3,1,0,0,0,0,99.3,3,1,103.41,0
48.04,8,1,2,0,0,0,0,15.9,1,0,48.3,0
22.75,9,1,1,0,0,0,0,13.9,2,4,6.9,0
14.58,11,0,3,0,0,0,0,305.0,2,1,63.83,0
4.55,21,5,1,1,1,0,0,90.1,0,1,35.08,0
19.84,10,1,4,0,0,0,0,44.3,2,3,28.44,0
13.26,10,3,0,0,0,0,0,7.6,0,0,11.01,0
75.45,18,3,0,0,0,0,0,48.2,2,2,33.51,0
14.29,20,4,1,0,0,0,1,46.1,2,1,64.84,0
60.07,9,0,0,0,0,0,0,18.6,0,0,47.42,0
105.43,10,3,0,0,0,0,0,8.9,2,0,6.75,0
19.28,16,3,0,0,0,1,0,95.6,0,2,24.31,0
15.02,11,4,1,0,0,0,0,15.9,0,2,13.45,0
30.83,19,4,0,0,0,0,0,29.9,2,1,8.75,0
8.02,16,2,1,0,1,0,0,77.5,0,3,26.52,0
224.71,11,2,0,0,0,0,1,116.0,2,1,25.14,0
31.17,17,1,0,0,1,0,0,24.9,0,4,40.03,0
8.8,18,5,1,0,0,0,0,131.8,1,3,14.44,0
24.92,23,8,5,0,3,0,1,68.6,1,1,6.69,0
10.55,11,1,2,0,1,0,0,77.6,1,0,15.59,0
47.98,18,3,1,0,0,0,0,48.8,2,3,15.77,0
30.59,19,2,2,0,0,0,0,26.8,1,0,148.84,0
30.94,10,7,0,0,0,1,0,143.5,1,5,63.21,0
46.29,16,2,3,0,0,0,0,257.4,2,6,3.75,0
79.66,10,5,1,0,0,0,0,2.6,0,1,13.33,0
111.45,17,3,2,0,0,0,0,24.6,3,2,47.48,0
96.51,12,1,0,0,0,0,1,17.8,1,0,14.77,0
8.98,15,3,0,0,0,0,1,1.8,1,2,49.84,0
53.47,16,1,0,0,1,0,0,44.6,0,1,128.26,0
8.66,13,2,1,0,0,0,0,37.6,1,3,33.9,0
37.64,10,2,1,0,0,0,0,26.5,2,4,34.94,0
34.43,18,0,0,0,1,0,0,55.3,0,1,10.97,0
42.99,15,2,0,0,0,0,0,3.2,0,1,10.85,0
12.11,18,3,0,0,0,0,0,105.2,0,1,216.61,0
16.56,10,1,0,0,0,0,0,27.3,1,1,41.26,0
5.72,14,2,2,0,2,0,0,18.5,0,3,44.18,0
59.95,9,3,0,0,0,0,0,56.3,1,1,14.45,0
14.0,13,1,1,0,0,0,0,25.2,3,0,11.89,0
11.83,14,1,0,0,0,0,0,88.2,1,4,10.76,0
14.32,18,3,1,0,0,0,0,16.8,0,1,98.21,0
26.84,15,5,1,0,0,0,0,47.7,1,2,79.63,0
23.83,19,2,1,0,0,0,0,16.9,0,0,14.2,0
511.83,15,9,4,1,3,0,0,63.4,4,7,25.75,1
10.29,14,2,0,0,0,0,0,17.9,1,1,77.0,0
7.96,12,4,0,0,0,0,0,61.0,1,1,28.28,0
40.2,14,2,0,0,0,0,0,20.5,2,1,106.64,0
81.08,21,2,1,0,0,0,0,88.3,1,3,1.72,0
24.16,17,4,0,0,0,0,1,48.7,1,1,15.12,0
206.64,9,2,2,0,0,0,0,10.2,2,1,28.3,0
38.02,9,3,1,0,0,0,0,23.6,1,0,22.73,0
95.65,9,2,1,0,0,0,0,104.2,0,3,93.39,0
18.68,9,1,0,0,1,0,0,22.5,1,0,11.52,0
63.57,13,3,1,0,0,0,0,9.7,0,1,52.63,0
59.2,23,5,2,2,1,0,1,92.5,2,2,55.29,0
4.56,20,0,1,0,0,0,0,164.9,0,1,19.61,0
11.6,20,2,1,0,0,0,0,6.8,5,0,8.5,0
21.87,19,1,1,0,0,0,0,93.4,1,0,17.99,0
21.93,9,1,1,0,0,0,0,35.4,1,1,119.38,0
62.7,14,2,1,0,0,0,0,11.8,0,4,55.4,0
15.72,16,2,2,0,1,0,0,55.5,0,2,26.49,0
22.25,11,0,1,0,2,0,0,14.1,1,2,12.82,0
30.44,9,3,0,0,0,0,0,93.5,3,1,60.99,0
45.38,15,3,0,0,0,0,0,8.0,0,2,31.94,0
16.39,14,2,4,0,0,0,0,8.1,0,3,13.53,0
54.81,17,2,1,0,1,0,1,30.7,3,2,48.26,0
86.26,8,2,0,0,0,0,1,171.7,1,1,74.9,0
9.48,18,2,0,0,1,0,0,94.8,2,2,7.82,0
24.87,10,1,1,0,0,0,0,25.0,1,1,5.69,0
37.35,12,4,2,0,0,0,0,0.3,1,0,61.09,0
39.52,21,7,4,0,4,0,0,65.0,4,3,27.31,0
32.3,17,4,5,0,2,1,0,209.2,3,2,31.63,0
26.78,16,2,0,1,1,0,0,6.4,3,2,25.57,0
34.01,13,1,1,0,0,0,0,112.5,3,1,46.18,0
13.09,15,1,0,0,0,0,0,13.0,0,3,5.67,0
45.41,16,2,1,0,1,0,0,74.3,2,1,79.09,0
12.24,12,2,1,0,0,0,1,113.7,1,1,39.57,0
54.47,16,2,3,1,2,0,1,204.9,5,5,16.95,0
65.19,19,4,0,0,1,0,0,33.4,0,2,88.52,0
64.52,17,3,1,0,1,0,0,68.0,1,1,26.33,0
16.38,19,3,1,0,2,0,0,12.2,0,0,22.26,0
96.42,7,5,1,0,2,1,0,28.5,1,1,40.27,0
71.34,19,2,1,0,0,0,0,29.4,1,2,42.48,0
37.71,10,2,1,0,0,0,0,47.4,1,1,6.06,0
73.36,12,1,1,0,0,1,0,154.5,0,0,9.91,0
14.59,20,0,1,0,0,0,0,16.0,0,1,9.05,0
30.44,21,1,1,0,0,0,0,45.4,1,1,37.61,0
11.86,14,3,2,0,0,0,0,14.7,1,1,12.29,0
104.65,6,6,3,0,0,0,0,20.0,5,0,1.93,0
51.87,14,0,2,0,1,0,0,114.9,0,0,27.65,0
31.23,11,0,1,0,0,0,0,5.4,1,3,17.6,0
4.04,13,1,0,1,0,0,0,38.0,1,0,31.35,0
123.78,14,8,2,0,3,0,1,10.0,4,4,10.91,0
6.9,18,1,1,0,0,0,0,80.0,1,0,9.59,0
27.0,8,1,3,0,0,0,0,78.8,4,2,21.09,0
4.18,16,1,1,0,0,0,0,27.5,1,1,40.73,0
30.12,14,4,0,0,1,0,0,34.1,2,3,5.9,0
58.03,12,0,3,0,0,0,0,22.5,2,3,26.53,0
19.93,19,4,1,0,0,0,0,24.6,0,2,25.46,0
34.53,0,4,1,0,1,0,0,33.3,3,4,7.34,0
48.43,17,5,2,0,1,0,0,34.1,1,0,16.5,0
13.86,15,1,0,0,1,0,0,7.6,1,1,13.99,0
12.3,16,2,0,0,1,0,0,19.3,2,3,17.63,0
35.04,15,3,2,0,0,0,0,15.3,1,0,23.36,0
30.96,14,0,0,0,1,0,0,11.1,1,1,32.84,0
184.49,11,1,1,0,1,0,0,33.4,2,2,16.03,0
829.44,13,5,8,1,3,1,1,261.8,3,7,52.87,1
10.85,5,1,4,0,2,1,1,322.2,2,9,18.07,1
9.85,10,0,1,1,0,0,0,40.8,0,2,39.15,0
15.84,11,3,1,0,0,0,0,36.2,1,0,263.07,0
6.57,11,4,4,0,0,0,0,19.6,2,1,82.83,0
17.49,19,2,1,0,0,0,0,1.5,3,3,6.01,0
6.72,20,2,0,0,1,0,0,42.9,3,4,2.75,0
65.69,17,6,0,0,0,0,0,20.6,0,1,7.21,0
63.35,1,7,5,0,1,1,1,19.8,2,0,20.41,0
28.38,11,1,1,0,0,0,0,104.7,2,0,78.86,0
78.47,2,8,5,0,1,1,1,10.0,1,3,23.12,0
29.95,12,1,1,0,0,0,0,20.9,1,1,54.78,0
91.42,8,5,5,1,5,1,1,1169.1,4,7,21.84,1
6.06,16,7,0,0,0,0,0,1.6,1,1,8.45,0
47.05,12,2,2,0,0,0,0,31.4,1,2,12.1,0
30.01,22,2,2,0,3,0,0,614.0,3,7,7.01,0
15.8,10,0,0,0,0,0,0,81.2,1,2,30.59,0
62.93,9,2,9,0,5,1,1,316.6,2,3,37.65,1
24.22,12,3,0,1,0,0,0,43.8,1,1,29.61,0
46.13,12,3,3,0,0,0,0,6.3,1,0,18.23,0
27.9,19,1,2,0,0,0,0,37.7,1,0,38.91,0
21.35,12,1,2,0,0,1,0,24.7,1,2,10.08,0
208.85,4,2,6,0,2,1,0,105.1,1,0,27.29,0
12.23,18,1,1,0,0,1,0,30.5,0,1,56.98,0
48.71,12,0,1,0,0,0,0,82.5,1,1,22.88,0
202.32,15,3,0,0,1,0,1,45.1,2,3,7.22,0
77.81,17,3,0,0,0,0,0,40.8,0,0,82.37,0
54.93,21,3,4,0,3,0,0,262.1,2,4,11.76,0
10.07,13,2,1,0,0,1,0,241.5,1,2,71.32,0
37.21,13,0,1,1,0,0,0,21.3,0,4,18.29,0
35.41,16,1,0,0,0,0,0,8.8,0,0,19.71,0
32.18,11,3,1,0,0,1,0,18.6,5,0,11.35,0
39.19,13,2,0,0,0,0,0,10.1,3,1,9.73,0
30.17,20,1,1,0,0,0,1,110.2,2,1,5.66,0
491.7,16,11,6,2,3,1,1,264.8,5,1,25.45,1
15.1,21,0,1,0,0,0,0,3.6,1,1,9.09,0
50.0,17,5,4,0,1,0,1,46.8,1,3,119.91,0
37.33,10,2,1,0,0,0,0,95.7,2,5,110.12,0
6.03,17,1,3,0,1,0,0,134.1,1,0,12.32,0
15.75,19,4,1,0,1,0,0,120.7,3,3,20.98,0
20.73,19,2,3,0,0,0,0,5.9,0,0,45.69,0
8.86,11,2,1,0,0,0,0,8.8,1,2,12.93,0
19.44,11,1,1,0,1,0,0,71.4,1,2,87.31,0
33.11,20,1,1,0,0,0,0,40.2,2,1,12.49,0
10.49,11,1,3,0,0,0,0,211.2,2,2,6.54,0
38.45,18,1,0,0,0,0,0,54.4,0,4,12.08,0
18.87,20,2,2,0,0,0,0,141.0,1,0,64.63,0
21.14,14,4,0,0,0,1,0,18.4,1,0,7.92,0
11.57,10,3,3,0,0,0,0,53.7,2,1,244.97,0
35.75,13,3,1,0,0,0,0,17.6,0,1,108.97,0
18.56,9,2,1,0,1,0,0,53.8,4,0,5.42,0
63.9,16,5,7,0,3,1,1,23.4,3,4,6.28,0
114.81,8,1,1,0,0,0,0,61.6,4,1,240.15,0
23.48,15,1,0,0,0,0,0,0.3,1,2,14.39,0
7.51,11,3,2,0,0,1,0,54.1,0,0,31.28,0
11.95,10,1,1,0,1,0,0,65.7,0,2,7.59,0
7.39,18,3,0,0,0,0,0,101.4,0,1,43.51,0
68.58,16,1,0,0,0,0,0,96.1,2,5,5.19,0
46.1,16,2,3,0,0,1,0,2.6,1,1,15.2,0
67.69,17,5,3,0,0,0,0,2.0,2,2,19.25,0
39.55,10,1,1,0,0,0,0,47.8,0,1,94.96,0
4.35,8,3,3,0,0,0,0,43.2,2,2,44.94,0
18.91,10,1,1,0,0,0,0,18.0,2,2,15.83,0
60.56,8,4,2,0,0,0,0,3.7,1,3,11.94,0
11.57,11,3,2,0,0,0,0,14.1,4,1,20.59,0
111.42,18,1,2,0,0,0,0,13.8,2,0,16.68,0
14.8,16,2,2,0,1,0,0,186.1,4,3,23.75,0
39.67,8,1,0,0,0,0,0,38.5,1,1,6.3,0
42.7,11,2,1,0,0,0,0,106.9,0,3,41.28,0
18.06,9,1,1,1,0,0,0,6.0,3,2,338.44,0
314.29,6,6,4,0,3,1,0,10.0,3,2,11.53,0
41.33,11,7,0,0,0,0,1,84.8,1,2,27.43,0
32.17,16,3,0,0,2,0,0,2.4,1,1,40.52,0
43.27,16,2,1,0,0,0,0,70.8,1,3,25.88,0
14.2,14,1,0,0,0,0,0,38.7,0,4,14.38,0
76.96,11,4,2,0,1,0,0,93.9,1,1,46.21,0
135.57,8,2,2,0,1,0,0,77.3,1,0,25.21,0
126.03,14,1,0,0,0,0,1,37.5,0,3,38.19,0
55.51,10,2,1,0,1,0,0,40.4,0,3,29.28,0
11.01,18,9,3,0,1,1,0,206.1,1,2,2.53,0
28.81,14,3,0,0,0,0,0,16.2,2,4,4.85,0
10.97,14,1,1,0,0,0,0,151.9,2,2,17.89,0
9.38,21,2,3,0,1,0,0,36.6,3,4,35.72,0
5.26,15,1,0,0,1,0,0,36.5,3,0,53.02,0
4.02,19,1,0,0,0,0,0,18.0,2,0,18.71,0
70.67,14,3,0,0,0,0,0,41.3,2,3,32.85,0
17.79,16,6,3,0,0,0,0,40.0,1,2,23.3,0
19.88,8,2,0,0,1,0,0,38.1,1,0,1.87,0
9.56,15,3,1,0,0,0,0,53.2,2,1,18.72,0
38.74,15,3,1,0,0,0,0,63.9,0,2,11.04,0
288.13,11,5,4,0,4,1,1,420.7,0,0,31.03,0
21.82,18,1,1,0,1,1,0,116.4,4,3,10.84,0
15.33,14,3,2,0,0,0,0,82.7,2,1,29.87,0
10.1,13,1,0,0,0,0,0,154.7,3,1,26.95,0
69.71,15,2,0,0,0,0,0,30.3,3,1,11.06,0
126.96,1,6,5,1,7,0,1,378.4,5,3,136.62,1
115.09,9,1,1,0,0,0,0,11.5,1,2,58.97,0
17.65,11,4,1,0,0,0,0,6.1,0,3,21.8,0
11.77,9,1,0,0,0,1,0,21.4,2,1,17.52,0
58.19,15,1,0,0,1,0,0,23.7,0,1,115.6,0
77.39,17,0,1,0,0,0,0,22.4,2,1,32.2,0
65.48,8,4,2,0,0,0,0,188.1,1,0,71.41,0
37.23,10,1,1,0,1,0,0,41.5,2,1,5.11,0
370.8,14,6,8,0,1,0,0,102.4,2,3,16.44,0
50.5,15,2,0,0,0,0,0,33.8,1,2,14.64,0
77.95,16,4,3,0,3,1,1,129.1,4,3,9.27,0
24.74,10,1,0,0,0,0,0,59.5,1,1,65.64,0
8.85,18,0,1,0,0,0,0,152.2,1,3,14.24,0
196.98,2,7,4,1,4,1,1,50.0,5,10,61.56,1
33.06,10,0,0,0,0,0,0,78.4,1,1,19.47,0
26.92,18,4,1,0,0,0,0,50.0,0,1,77.45,0
308.22,22,13,5,4,4,1,1,1876.8,6,6,67.25,1
59.77,11,0,2,0,0,0,0,7.4,4,1,5.34,0
82.31,16,1,0,0,0,0,0,22.8,2,0,143.25,0
71.81,15,2,2,0,1,0,0,226.0,0,1,25.12,0
151.17,17,0,0,0,0,0,0,279.8,1,1,40.61,0
17.38,9,1,3,0,0,0,0,18.1,0,1,28.25,0
34.8,8,2,1,0,1,0,0,96.9,2,1,68.36,0
52.09,16,1,1,0,0,0,0,29.2,0,4,108.91,0
35.08,22,7,5,0,4,0,0,496.7,3,4,54.42,0
59.46,10,1,3,0,0,0,0,60.8,2,2,19.66,0
117.16,13,3,7,1,2,0,0,225.5,1,4,37.93,0
31.19,14,2,0,0,1,0,0,7.5,2,3,10.89,0
39.25,16,1,1,0,1,0,0,227.0,1,2,8.62,0
12.9,14,2,0,0,0,0,0,20.9,1,2,19.42,0
158.38,22,3,6,0,1,1,0,280.4,1,1,5.0,0
10.1,19,1,1,0,0,0,0,11.6,1,1,81.44,0
4.83,9,1,1,0,0,0,0,14.0,2,1,67.73,0
210.58,17,2,0,0,0,0,0,53.8,2,0,46.93,0
75.35,18,1,4,0,0,0,0,125.8,5,0,31.07,0
28.31,12,4,1,0,0,0,0,13.6,2,1,61.08,0
25.64,19,2,4,0,2,0,0,71.4,0,1,30.54,0
10.34,13,5,1,0,0,0,0,48.6,2,0,25.04,0
84.2,11,3,1,0,1,0,0,8.2,1,1,32.2,0
17.25,12,5,0,0,0,0,0,69.4,3,2,13.85,0
28.77,17,0,0,0,0,0,0,33.8,3,1,43.7,0
46.45,19,1,0,0,0,0,0,11.7,0,1,65.64,0
30.7,9,5,2,0,0,0,0,39.3,1,4,18.51,0
20.12,12,3,1,0,0,0,0,63.0,2,1,12.69,0
207.67,14,3,6,1,2,1,0,39.1,1,2,17.25,0
8.44,10,2,2,0,0,0,0,30.8,2,2,42.79,0
27.22,14,2,1,0,0,0,0,41.9,0,1,10.11,0
37.56,21,2,2,0,0,0,0,51.9,1,1,26.84,0
24.99,20,3,1,0,0,0,0,15.6,2,2,93.94,0
88.11,8,5,3,2,2,1,1,316.5,0,4,18.67,0
2.92,20,1,2,0,2,0,0,37.2,1,1,92.52,0
16.18,16,4,1,0,0,0,0,146.6,2,2,25.16,0
45.26,20,0,0,0,0,0,0,128.1,3,0,59.49,0
59.0,20,1,1,0,0,0,0,111.0,2,3,17.99,0
97.5,20,3,3,0,0,0,0,196.0,0,1,27.07,0
26.62,17,4,0,0,0,0,0,5.5,1,4,8.29,0
10.85,20,2,0,0,0,0,0,131.0,1,1,136.9,0
70.0,7,5,4,0,1,1,1,254.6,3,4,161.05,0
77.18,13,2,1,0,0,0,1,12.5,1,2,12.48,0
26.57,14,2,0,0,0,0,0,70.7,1,1,37.97,0
71.92,16,3,7,1,1,0,1,188.4,1,4,10.06,0
11.77,14,3,0,0,0,0,0,14.0,2,8,19.03,0
31.72,11,4,0,0,0,0,0,83.0,2,0,143.66,0
61.53,21,4,2,0,0,0,0,2.8,4,3,35.29,0
42.68,21,2,0,0,0,0,0,32.6,0,4,39.74,0
38.1,14,1,1,0,0,0,0,104.4,1,2,7.61,0
35.5,14,3,1,0,0,0,0,15.2,2,1,7.6,0
34.91,12,1,1,0,0,0,0,20.5,0,2,115.0,0
6.31,17,1,1,0,1,0,0,64.4,1,2,56.81,0
37.08,16,1,1,0,0,0,1,7.2,1,2,13.95,0
45.52,10,2,1,0,0,0,0,17.6,0,2,12.12,0
5.99,11,6,1,0,0,0,0,0.5,0,2,27.88,0
7.79,19,1,2,0,0,0,0,30.8,1,1,18.42,0
17.56,17,5,2,0,0,0,0,87.7,0,2,29.25,0
41.42,12,1,0,0,0,0,0,0.6,1,2,44.11,0
2.59,14,2,0,0,0,0,0,47.6,1,2,12.8,0
70.83,16,0,2,0,1,1,0,52.3,2,1,4.84,0
26.59,20,3,2,0,0,0,0,9.2,3,4,15.96,0
76.01,9,4,1,0,0,0,0,61.2,2,0,32.0,0
22.12,17,2,2,0,0,0,0,2.3,0,1,30.14,0
10.9,16,0,1,0,0,0,1,95.9,0,1,11.79,0
40.19,19,4,1,0,0,0,0,47.4,0,1,58.66,0
74.43,11,5,4,0,2,0,1,360.5,2,5,19.2,0
7.48,19,2,0,0,0,0,0,26.6,1,1,7.58,0
246.71,9,4,1,0,1,0,0,111.4,1,4,20.46,0
310.9,2,8,5,0,1,0,1,962.9,4,3,34.97,0
23.44,12,2,2,0,0,0,0,8.2,2,3,35.5,0
145.25,13,8,4,0,3,0,0,148.1,1,7,21.84,0
12.18,19,0,1,0,1,0,0,9.3,2,5,19.25,0
11.14,9,1,0,0,0,0,1,34.7,4,1,31.49,0
24.44,16,3,2,0,0,0,0,25.4,2,1,98.42,0
20.73,11,2,2,0,0,0,1,11.9,0,1,13.26,0
20.93,11,3,3,0,0,0,0,9.8,0,2,12.0,0
34.41,11,2,2,0,0,0,0,162.0,2,1,26.09,0
84.21,11,2,2,0,0,1,0,12.2,2,0,66.3,0
13.64,8,5,1,0,1,0,0,40.2,0,1,29.24,0
12.31,19,2,0,0,0,0,0,84.5,1,2,28.45,0
20.13,21,1,3,1,0,0,0,8.4,2,3,11.19,0
32.02,14,3,1,1,0,0,0,10.9,0,2,16.76,0
27.57,8,3,0,0,1,0,0,70.3,0,4,17.93,0
7.49,12,2,0,0,0,0,0,16.2,2,0,31.93,0
14.87,9,4,1,0,0,0,0,25.2,1,2,2.28,0
33.51,11,1,1,0,0,0,0,50.3,2,5,54.57,0
11.02,13,1,2,0,1,1,0,13.9,1,3,249.74,0
35.31,17,1,1,0,0,0,0,54.7,1,3,17.28,0
29.98,14,2,1,0,0,0,0,6.2,3,1,12.08,0
25.52,11,2,1,0,1,1,0,84.3,1,0,5.59,0
34.27,13,0,0,0,1,0,0,54.9,0,0,27.64,0
4.44,10,2,1,0,0,0,0,25.4,3,0,9.32,0
24.61,17,4,0,0,1,0,0,73.6,1,2,21.25,0
15.32,16,3,2,0,0,0,1,13.1,2,1,11.3,0
65.92,15,3,2,0,0,0,0,26.8,2,1,15.83,0
20.53,15,0,0,0,0,0,0,50.3,1,2,9.38,0
19.4,12,2,1,0,1,0,1,14.3,3,1,18.73,0
31.9,12,4,2,0,1,0,0,1.3,2,0,11.82,0
13.62,8,2,0,0,0,0,0,130.2,3,2,64.65,0
183.56,13,2,0,0,0,0,0,59.1,1,2,17.29,0
24.69,8,2,1,0,0,0,0,19.7,1,0,5.49,0
42.86,9,2,1,0,0,0,0,14.1,1,0,25.2,0
19.66,18,0,0,0,0,0,0,40.8,1,1,62.93,0
23.44,12,6,3,0,0,1,0,12.2,2,0,64.25,0
97.55,16,2,1,0,1,0,0,146.9,1,2,32.22,0
11.23,14,1,2,0,0,0,0,2.7,3,2,16.94,0
15.05,12,4,2,0,2,0,0,0.4,4,0,214.17,0
150.05,0,9,4,0,2,0,1,212.8,0,3,17.75,0
9.14,10,5,0,0,0,0,0,12.7,2,3,4.18,0
18.13,18,3,1,0,0,0,0,78.9,1,2,58.31,0
8.72,11,3,0,1,1,0,0,11.6,1,3,30.21,0
17.81,17,2,2,0,0,0,0,2.2,1,1,23.62,0
57.21,16,2,1,0,0,1,0,10.2,3,2,14.9,0
12.23,16,1,2,0,0,0,0,66.4,1,4,41.36,0
18.72,13,0,1,0,0,0,0,3.5,0,1,25.79,0
34.08,12,2,3,1,1,0,0,133.8,2,1,56.32,0
105.64,15,2,0,0,1,0,0,36.7,0,4,6.53,0
9.28,15,3,1,0,1,0,0,103.2,3,4,22.01,0
35.45,16,1,0,0,1,0,0,42.9,2,1,62.68,0
6.11,17,3,0,0,0,0,0,39.5,0,0,3.14,0
15.07,19,4,1,0,0,0,0,19.2,3,2,17.11,0
20.48,10,3,0,0,0,0,0,17.2,2,1,18.42,0
61.59,17,4,0,0,1,0,0,21.7,1,1,24.09,0
30.12,20,0,1,0,0,0,0,155.7,1,2,83.83,0
6.25,17,2,1,0,1,0,0,4.0,2,2,33.99,0
19.69,12,2,0,0,0,0,0,34.3,2,0,37.63,0
7.43,17,3,1,0,0,0,0,33.5,1,2,20.82,0
21.66,12,1,1,0,0,0,0,1.3,1,0,17.12,0
25.37,16,3,1,0,0,0,0,12.4,5,1,14.88,0
8.09,11,1,1,0,1,0,0,4.8,1,0,21.72,0
29.85,17,1,0,0,2,0,0,51.1,0,2,5.02,0
12.49,19,2,0,0,2,0,0,136.5,1,1,110.43,0
130.4,3,11,8,0,3,1,1,494.8,4,4,3.06,1
11.85,17,2,0,0,0,0,0,4.8,0,0,15.63,0
83.26,12,0,0,0,0,0,0,116.0,1,2,31.0,0
7.97,13,4,0,0,0,0,0,11.3,0,1,88.15,0
19.83,14,3,0,0,2,0,1,21.9,0,0,28.17,0
82.14,9,2,0,0,0,0,0,3.0,0,2,63.06,0
9.81,19,2,0,0,0,0,0,5.7,3,2,17.2,0
8.23,15,0,1,0,0,0,0,77.8,0,1,47.5,0
10.57,15,3,0,0,0,0,0,54.8,1,1,119.45,0
41.66,17,1,0,1,0,0,0,115.9,0,2,28.95,0
49.48,11,6,0,0,0,0,0,8.1,1,1,13.89,0
13.43,12,1,4,0,0,0,0,70.3,1,0,27.93,0
33.41,19,6,1,0,0,0,0,16.7,0,0,35.86,0
22.98,9,5,0,0,0,0,0,30.9,1,0,11.62,0
13.73,10,2,2,0,0,0,0,0.8,1,0,12.69,0
20.31,9,0,0,0,0,0,0,15.0,1,2,15.06,0
15.27,20,1,2,0,0,1,0,32.9,1,0,10.3,0
175.75,12,4,0,0,0,0,0,126.0,0,1,6.11,0
11.11,11,8,5,2,3,0,0,115.7,0,1,3.25,0
23.02,12,3,0,0,0,0,0,35.2,0,1,37.4,0
71.78,10,8,3,1,1,0,0,75.9,1,1,45.15,0
57.52,16,3,5,0,1,1,0,91.3,3,2,59.72,0
15.17,10,2,1,0,0,0,0,36.2,1,1,17.74,0
221.41,15,4,3,0,0,0,0,51.2,2,1,5.86,0
11.56,18,1,1,0,0,0,0,65.4,1,0,12.78,0
10.69,17,1,3,0,0,0,1,2.6,1,1,11.38,0
54.51,14,1,1,0,0,0,0,46.3,0,5,112.42,0
342.92,5,6,6,0,2,0,0,131.5,4,4,12.16,0
9.79,8,2,0,0,0,0,0,126.5,0,3,17.76,0
7.78,14,2,0,0,1,0,0,54.6,1,1,34.15,0
163.94,9,1,3,0,0,0,0,64.3,1,1,18.03,0
24.2,12,0,1,0,1,0,0,31.9,3,1,28.99,0
4.02,12,1,0,0,0,0,0,14.4,4,0,26.9,0
7.28,10,5,3,0,0,0,0,6.3,1,2,10.27,0
40.89,14,1,1,0,0,0,0,136.8,1,3,45.68,0
12.31,17,3,1,0,0,0,0,76.2,1,1,19.21,0
49.41,21,2,0,0,0,0,0,14.8,0,1,8.21,0
3.73,12,0,2,0,0,0,0,3.8,3,2,19.64,0
29.9,19,3,0,0,0,0,0,1.3,2,1,12.5,0
11.37,21,0,0,0,0,0,0,61.5,2,1,15.09,0
22.11,16,5,0,0,0,0,0,41.4,2,3,13.14,0
132.35,15,1,1,0,0,0,0,135.6,2,1,17.69,0
30.11,12,0,1,0,0,0,0,36.2,2,4,30.43,0
12.46,18,2,0,0,0,0,0,114.1,1,3,68.53,0
49.39,20,1,2,0,0,0,0,4.2,1,1,21.98,0
112.81,8,1,1,1,2,0,0,33.9,0,3,41.24,0
12.51,19,2,0,0,0,0,0,2.5,0,3,12.6,0
10.54,9,0,1,0,0,0,0,6.3,2,5,13.99,0
213.65,16,6,7,0,2,0,1,106.1,5,2,55.86,0
33.35,15,4,1,0,0,0,0,40.2,3,4,30.43,0
108.0,1,3,1,0,2,0,0,41.4,3,0,36.08,0
88.01,10,2,0,0,0,0,0,23.2,1,1,21.41,0
15.0,13,2,1,0,0,0,0,22.3,1,1,33.42,0
51.41,8,2,1,0,0,1,0,5.8,2,0,20.85,0
12.86,19,1,0,0,0,0,0,51.7,2,2,21.96,0
12.17,18,1,0,0,1,0,0,37.7,3,3,65.23,0
58.47,12,2,1,0,1,0,0,65.0,1,2,36.3,0
12.55,12,1,3,0,1,0,0,21.1,0,1,10.41,0
14.63,12,1,1,0,0,0,0,4.6,2,2,7.53,0
56.43,8,3,1,0,0,1,0,16.9,1,2,6.09,0
53.43,14,2,1,0,0,1,0,5.1,3,4,10.3,0
9.32,12,3,0,0,0,0,0,19.1,0,2,10.38,0
6.85,9,1,1,0,0,0,0,10.9,1,0,10.54,0
28.6,19,2,1,0,1,0,0,408.6,1,1,31.49,0
31.75,20,0,2,0,0,0,0,8.4,1,0,7.85,0
32.07,12,4,0,0,1,0,0,86.8,2,0,11.69,0
35.6,9,0,2,0,0,0,0,205.6,0,2,64.27,0
53.16,9,4,0,0,1,0,0,39.3,0,3,32.13,0
27.22,19,2,0,0,0,0,0,73.9,3,1,21.92,0
44.26,14,1,1,0,0,0,0,9.3,1,0,26.79,0
15.18,20,1,0,0,0,0,0,6.9,3,2,13.13,0
22.64,11,4,1,0,0,0,0,39.4,4,2,4.6,0
42.42,11,1,1,0,0,0,0,116.3,1,1,98.91,0
65.89,9,1,4,1,1,0,0,66.8,2,4,10.16,0
71.55,13,1,0,0,0,0,0,36.3,0,1,10.21,0
48.1,15,4,1,0,1,0,0,157.3,0,1,74.74,0
182.12,20,0,1,0,0,1,0,91.3,0,1,8.68,0
928.07,8,4,4,0,3,0,1,47.1,2,2,34.93,0
7.36,18,1,1,0,0,0,0,48.0,2,3,33.61,0
12.22,10,1,0,0,0,0,0,75.1,1,2,101.64,0
7.34,14,2,1,0,0,0,0,18.3,4,3,23.66,0
33.26,14,2,1,0,2,0,0,61.4,1,1,90.69,0
80.02,18,2,2,0,0,0,0,13.2,2,1,17.39,0
13.98,21,5,1,0,0,0,0,3.1,1,1,30.03,0
28.89,16,1,2,0,0,0,0,9.1,0,2,62.17,0
124.43,17,1,1,0,1,0,0,18.3,1,2,3.23,0
59.17,17,2,2,0,0,0,1,118.6,0,2,78.45,0
54.51,16,0,1,0,0,0,0,4.2,1,1,21.56,0
62.03,13,1,0,0,0,0,0,14.8,2,1,11.53,0
50.13,20,2,0,0,0,0,0,70.1,1,0,8.92,0
31.69,11,4,1,0,0,0,1,3.4,1,0,22.24,0
4.97,16,3,0,0,0,0,0,16.6,2,3,70.91,0
41.42,15,1,0,1,0,0,0,4.6,1,2,36.97,0
22.96,13,3,0,0,0,0,0,60.6,1,1,16.67,0
81.17,0,8,5,1,0,0,1,1167.1,3,1,18.36,0
41.91,13,1,1,0,0,0,0,49.1,0,0,95.47,0
77.76,20,9,5,2,5,1,1,109.2,5,5,8.89,1
9.52,13,2,2,0,0,0,0,7.1,1,3,11.67,0
37.63,13,4,1,0,0,0,0,9.1,0,1,10.45,0
9.47,8,3,0,0,1,0,0,302.6,2,1,8.14,0
7.88,18,2,1,0,0,0,0,2.5,0,0,8.1,0
34.26,16,2,0,1,1,0,0,11.6,1,2,66.76,0
16.17,10,4,1,0,0,0,0,40.5,2,0,38.83,0
13.83,8,1,1,0,1,0,0,86.0,2,2,14.99,0
38.56,10,2,0,0,0,0,0,78.5,1,5,101.36,0
23.54,18,1,1,0,0,0,0,57.0,1,1,13.81,0
40.69,14,3,3,0,0,0,0,10.4,0,2,89.0,0
52.4,18,1,1,1,1,0,0,88.6,2,1,10.55,0
14.85,15,0,0,0,0,0,0,17.5,1,1,56.82,0
26.66,20,4,1,0,0,0,0,64.8,1,1,25.63,0
52.05,19,0,1,0,0,0,0,94.0,2,0,14.25,0
38.47,18,2,0,0,0,0,0,16.4,2,2,6.82,0
55.56,15,1,2,0,0,0,0,26.1,1,3,33.83,0
14.97,9,3,1,0,0,0,0,4.0,0,2,28.97,0
5.0,16,3,3,0,0,0,0,4.4,2,1,18.85,0
14.69,8,1,1,0,0,0,0,98.2,1,1,12.1,0
20.59,17,1,2,0,0,0,0,37.0,3,3,14.32,0
12.01,9,2,2,0,2,0,0,22.4,2,2,30.71,0
18.62,14,2,3,0,0,0,1,23.9,0,0,36.86,0
12.73,9,2,1,0,0,0,0,91.8,1,1,34.48,0
11.6,14,2,1,0,0,0,0,7.5,1,2,38.87,0
19.95,12,3,0,0,0,0,1,31.0,3,5,20.76,0
31.83,10,2,0,0,0,0,0,11.1,2,2,28.7,0
11.27,17,2,2,0,0,0,0,14.6,3,1,23.75,0
9.15,16,2,3,0,1,0,0,202.2,1,1,20.42,0
13.84,14,2,2,0,0,0,0,181.3,3,3,12.46,0
272.17,22,4,5,1,2,0,1,68.2,2,0,29.04,0
7.87,13,5,0,0,1,0,0,10.8,3,1,19.13,0
8.67,14,3,4,0,0,0,0,47.5,0,1,17.79,0
15.26,21,1,1,0,0,0,0,31.5,0,1,49.18,0
51.65,14,1,3,0,1,0,1,115.5,2,0,13.57,0
53.36,12,2,1,0,0,0,0,61.6,0,0,19.61,0
16.63,18,0,1,0,1,0,0,137.4,2,1,20.1,0
44.35,20,1,0,0,0,0,0,56.2,3,0,22.99,0
49.39,1,5,4,0,1,0,0,737.7,3,3,20.81,0
21.34,18,0,1,0,1,0,0,9.2,3,2,17.86,0
80.04,13,2,1,0,0,0,0,45.1,3,0,35.17,0
18.69,18,0,2,0,0,0,0,184.1,0,1,1.3,0
17.3,12,3,2,0,0,0,0,19.4,1,3,33.36,0
68.68,18,1,1,1,0,0,0,209.1,2,2,50.86,0
26.92,17,0,0,0,1,0,0,73.9,3,2,12.81,0
51.36,15,4,0,0,0,0,0,41.2,1,1,79.29,0
25.91,13,2,2,0,0,0,0,52.1,4,1,22.05,0
256.04,2,4,7,0,3,0,0,545.4,3,4,17.06,1
40.58,8,6,3,0,1,0,0,10.2,2,0,23.29,0
33.57,12,4,2,0,0,0,0,49.6,1,1,10.65,0
25.99,18,6,0,0,1,0,0,27.3,3,2,34.65,0
22.02,13,3,0,0,0,0,0,2.3,1,0,37.34,0
113.9,0,7,3,0,5,0,1,178.9,1,2,20.69,0
45.23,17,3,0,0,0,0,0,129.5,1,1,22.82,0
34.34,14,4,3,0,0,0,1,52.3,1,4,24.59,0
20.75,17,1,0,0,0,0,1,64.2,2,2,75.45,0
10.09,15,1,1,0,1,0,0,28.2,1,2,12.71,0
18.53,12,5,1,0,0,0,0,51.6,0,1,19.56,0
16.57,10,4,1,0,0,0,0,5.7,0,4,50.55,0
25.2,11,0,1,0,0,0,0,17.5,1,0,22.16,0
9.31,21,2,1,0,0,0,0,58.4,0,1,10.53,0
15.59,19,2,0,0,0,0,0,61.1,0,0,17.72,0
5.29,9,0,0,0,0,0,1,134.3,0,1,7.12,0
47.57,3,3,6,0,3,1,0,511.2,0,3,28.37,0
24.19,15,1,1,0,1,0,0,69.8,1,2,10.05,0
6.85,15,1,1,0,0,0,0,49.4,0,2,15.6,0
82.43,17,2,2,0,0,0,0,151.8,1,2,4.6,0
151.88,6,3,4,1,1,0,1,94.2,2,3,37.51,0
22.86,9,0,2,0,0,0,0,7.2,0,3,159.57,0
9.57,11,1,2,0,0,0,0,231.5,0,2,66.41,0
14.55,18,1,2,0,0,0,0,48.5,1,2,40.27,0
56.98,20,1,2,0,2,0,0,29.2,1,1,37.76,0
22.68,10,2,2,2,2,1,0,467.7,1,5,10.82,0
3.85,18,1,1,0,0,0,0,107.1,0,1,32.85,0
19.05,15,2,0,0,0,0,0,79.8,3,0,5.53,0
209.83,12,4,1,0,1,0,0,10.4,2,1,5.49,0
18.86,15,4,2,0,1,0,0,11.1,1,2,8.15,0
451.13,8,1,4,0,0,0,0,18.0,1,2,8.65,0
36.73,13,3,0,0,0,0,0,21.1,2,1,74.72,0
229.51,10,3,0,0,0,0,0,6.8,1,1,9.75,0
197.97,15,2,3,1,2,0,0,969.5,2,6,36.04,0
20.53,18,1,2,0,2,0,0,112.7,0,1,11.69,0
71.08,11,3,0,0,0,0,0,24.0,1,1,38.6,0
15.04,17,2,0,0,0,0,0,18.4,1,2,63.67,0
24.42,12,2,1,0,0,0,0,15.7,1,0,18.21,0
21.82,18,2,0,0,1,0,0,8.5,2,2,23.6,0
19.61,15,3,1,0,1,1,0,19.6,0,2,22.64,0
62.09,8,2,0,0,0,1,0,8.9,0,2,20.38,0
15.37,17,3,2,0,0,0,0,50.8,0,2,11.08,0
27.3,15,3,1,0,0,0,0,88.3,0,2,67.66,0
18.22,19,0,2,0,1,0,0,17.4,0,1,22.12,0
3.96,16,2,1,1,0,0,0,16.0,1,7,71.59,0
58.5,16,2,2,0,1,0,0,15.2,0,1,8.72,0
19.39,17,0,1,0,0,0,0,0.6,0,0,3.04,0
31.83,17,2,0,0,0,0,0,35.1,1,4,24.36,0
10.96,1,6,2,0,0,0,0,75.1,4,1,6.79,0
154.98,20,4,0,1,0,0,0,20.8,0,2,204.73,0
32.74,15,1,2,0,0,0,0,43.8,1,1,42.32,0
116.08,13,2,0,0,0,0,0,8.0,0,2,51.64,0
130.13,3,5,3,0,3,0,0,78.4,4,2,21.27,0
84.49,15,4,2,0,0,0,0,3.1,1,2,49.32,0
43.83,16,3,1,0,2,0,0,19.2,1,2,39.33,0
25.27,19,1,3,0,0,0,0,3.7,3,0,51.91,0
9.71,20,2,0,0,0,0,0,31.7,1,1,54.74,0
97.81,11,0,0,0,0,0,0,23.4,0,0,4.3,0
97.23,14,1,3,0,0,0,0,8.6,1,0,13.28,0
24.94,9,2,1,0,0,0,0,1.5,0,2,35.11,0
11.35,10,3,3,0,0,0,0,31.9,0,2,116.43,0
3.73,12,5,0,1,0,0,0,2.2,3,1,33.33,0
134.02,11,4,3,1,2,0,0,311.2,1,6,65.1,0
148.76,0,6,8,3,6,0,1,1431.5,4,4,9.16,1
10.54,8,2,1,0,0,0,0,29.7,0,1,7.61,0
123.21,8,1,1,1,0,0,0,119.7,2,3,20.82,0
15.14,14,1,1,0,2,0,0,88.4,1,0,50.49,0
21.06,19,3,2,1,0,0,1,39.1,0,0,83.34,0
31.52,18,0,0,0,0,0,0,74.7,2,1,14.81,0
5.77,17,0,2,0,0,0,1,46.8,1,1,19.86,0
37.13,16,0,0,0,0,0,0,98.5,1,3,5.36,0
10.79,20,0,1,1,1,0,0,42.5,0,0,23.14,0
7.84,14,1,0,0,1,0,0,4.5,1,0,19.01,0
121.37,3,7,3,2,3,1,1,316.6,0,7,31.99,1
65.84,17,0,0,0,1,0,0,57.1,2,0,13.18,0
14.31,14,3,2,0,0,0,0,17.0,1,1,39.15,0
36.4,21,5,1,0,1,0,0,92.3,0,0,14.55,0
36.5,21,6,3,0,4,0,0,410.8,5,5,30.4,0
12.89,11,0,1,0,1,0,0,12.0,0,3,22.84,0
58.4,8,2,3,0,1,0,0,50.2,1,2,46.2,0
72.59,12,3,1,1,0,0,0,10.4,0,2,7.17,0
13.05,12,4,2,0,1,0,0,100.6,2,3,159.63,0
26.21,19,2,0,0,1,0,0,57.3,0,4,16.84,0
91.93,13,10,5,0,1,0,0,222.3,2,3,32.22,0
28.38,9,3,1,0,0,0,0,78.9,0,1,54.26,0
10.76,21,2,3,0,0,0,0,2.4,1,1,22.19,0
49.46,19,1,5,0,0,0,0,122.4,0,0,10.57,0
116.73,4,5,5,0,4,1,0,206.1,3,2,62.09,0
17.92,11,2,3,0,1,0,0,13.1,1,2,19.86,0
65.44,19,3,2,0,1,0,1,15.5,2,1,47.15,0
1.81,12,4,0,0,0,0,0,13.8,1,3,13.93,0
57.98,9,1,1,0,0,0,0,66.7,0,2,124.6,0
36.42,17,1,0,0,1,0,0,165.2,4,0,32.97,0
44.56,11,0,2,0,1,0,0,67.8,1,1,11.12,0
12.01,10,1,1,0,0,0,0,66.6,2,0,48.0,0
123.53,10,3,0,0,0,0,0,82.6,0,4,12.93,0
79.31,21,1,2,0,0,0,0,59.7,0,2,43.44,0
51.2,13,0,1,0,0,0,0,19.2,2,1,8.93,0
16.38,9,1,0,0,0,0,0,155.6,1,1,69.77,0
74.75,15,5,2,0,0,0,0,70.1,1,0,21.92,0
78.76,16,2,2,0,0,0,0,22.8,0,1,17.53,0
43.73,9,0,0,0,0,0,0,104.1,4,2,6.37,0
86.88,4,6,10,3,4,1,1,225.2,6,8,212.38,1
5.32,13,1,1,0,0,0,0,22.2,1,2,16.47,0
155.6,18,1,0,1,0,0,1,224.7,0,3,8.7,0
41.82,11,3,1,2,0,0,0,2.7,4,2,14.38,0
11.42,12,4,1,0,0,0,0,70.4,1,2,12.88,0
9.09,12,5,0,0,0,0,0,208.0,1,2,14.19,0
17.51,18,2,0,0,0,0,0,175.3,3,2,25.79,0
30.16,21,5,1,0,1,0,0,23.7,0,0,9.17,0
31.86,20,2,1,0,0,0,0,135.5,0,3,10.35,0
78.31,5,9,3,0,0,1,0,21.2,2,2,34.69,0
22.61,19,2,2,0,0,0,0,99.4,3,3,25.07,0
9.16,15,0,1,0,0,0,0,42.1,4,3,65.13,0
37.77,10,4,0,0,0,0,0,83.2,0,1,20.4,0
72.46,18,3,0,0,0,0,0,17.8,0,3,28.69,0
26.38,8,3,1,0,1,0,0,38.0,5,1,28.54,0
57.35,17,4,0,1,0,0,0,69.3,2,0,46.24,0
30.23,13,1,3,0,0,0,0,10.8,1,2,20.46,0
29.27,18,0,2,0,0,0,0,50.3,1,2,27.4,0
14.08,9,2,0,0,1,0,0,5.5,2,2,4.7,0
17.4,12,2,1,0,2,0,0,9.0,1,0,21.49,0
42.21,8,8,6,2,5,1,1,86.1,3,4,111.2,1
27.99,18,1,1,0,0,0,0,62.5,2,1,37.08,0
25.51,8,2,0,0,0,0,0,22.0,1,2,16.27,0
17.75,9,2,0,0,0,0,0,38.5,0,1,22.58,0
19.35,16,3,1,1,0,0,0,91.6,1,0,64.25,0
21.09,17,0,0,0,0,0,0,35.9,2,0,17.89,0
107.32,20,5,1,1,2,1,0,84.9,5,3,40.65,0
13.11,13,1,0,0,0,0,0,61.4,2,0,5.03,0
17.36,9,1,0,0,0,0,0,40.8,2,5,17.67,0
63.47,15,3,1,0,1,0,0,25.6,1,1,32.63,0
17.2,9,1,0,0,0,0,0,10.3,0,2,17.62,0
21.21,16,1,0,0,0,0,0,9.7,3,2,96.02,0
8.42,19,1,0,0,1,0,0,55.4,0,1,14.66,0
13.83,12,3,0,0,0,0,0,33.7,2,2,26.77,0
35.19,5,12,10,0,7,0,1,50.0,8,3,13.56,1
29.68,20,4,1,0,0,0,0,20.8,0,2,12.65,0
8.58,13,1,1,0,0,0,0,4.1,4,1,79.63,0
11.14,18,3,1,0,0,0,0,19.3,1,1,85.02,0
17.12,8,5,0,0,0,0,0,53.6,4,1,32.73,0
25.09,20,3,2,0,0,1,0,53.5,0,1,6.89,0
107.04,20,6,0,1,0,0,0,27.4,1,1,12.8,0
18.69,12,2,1,0,1,0,0,3.6,0,3,24.11,0
14.39,13,1,1,0,0,0,0,40.0,0,5,46.79,0
178.72,18,2,1,0,0,1,0,17.9,1,0,16.42,0
13.19,9,2,1,0,0,0,0,84.5,1,0,76.01,0
44.39,12,2,0,0,0,0,0,5.1,0,0,28.15,0
18.28,20,1,1,0,1,0,0,29.3,0,1,18.7,0
28.16,17,1,2,0,1,0,0,9.6,0,1,9.14,0
57.66,9,3,1,0,0,0,0,156.8,2,0,494.55,0
15.49,15,0,1,1,0,0,1,0.6,0,1,26.49,0
25.06,19,4,4,1,0,1,1,143.7,3,1,73.81,1
13.9,9,2,2,0,0,0,0,22.5,1,2,90.26,0
36.01,18,0,2,0,0,0,0,57.7,4,1,25.74,0
18.48,13,1,0,0,1,1,0,52.5,1,0,47.06,0
3.19,18,3,2,0,0,0,0,52.0,2,1,14.3,0
29.3,13,1,1,0,2,0,0,22.0,2,0,9.69,0
27.78,15,1,2,0,0,0,0,11.2,0,2,57.08,0
4.54,16,2,1,0,0,0,0,29.7,0,3,22.89,0
13.26,19,2,2,0,0,0,0,150.7,0,2,55.3,0
13.38,9,0,0,0,0,0,0,83.0,4,1,5.6,0
8.02,17,3,4,0,0,1,0,82.6,0,1,25.63,0
13.0,17,1,3,0,0,0,0,38.3,0,1,14.79,0
21.06,18,8,4,2,2,1,0,124.0,3,3,62.39,0
7.86,13,3,3,0,0,0,0,5.1,1,1,15.41,0
61.54,23,2,5,1,4,0,1,119.8,1,1,35.0,0
9.7,11,2,0,0,1,0,0,168.6,1,1,10.78,0
20.54,10,0,1,0,0,0,0,60.6,1,1,62.67,0
26.81,14,3,0,0,1,0,0,27.2,3,3,51.62,0
17.17,13,2,0,0,0,1,0,231.4,3,2,38.14,0
27.95,12,3,0,0,0,0,0,36.1,1,0,23.97,0
20.19,19,3,0,0,0,0,0,11.2,0,3,97.56,0
62.17,19,3,1,0,0,0,0,33.0,1,2,9.79,0
24.71,14,3,2,0,0,0,0,3.2,1,1,24.19,0
1185.87,14,10,4,1,4,1,1,108.7,6,2,139.0,1
83.13,18,1,0,0,0,0,0,10.1,2,1,18.14,0
13.85,18,1,1,0,1,0,0,70.6,1,2,78.6,0
290.81,23,4,4,0,4,0,1,205.7,2,2,13.2,0
52.75,17,0,1,0,0,0,0,6.7,1,1,21.91,0
83.02,15,4,1,0,0,0,1,111.1,0,1,153.24,0
68.29,8,1,3,0,0,0,1,47.0,1,3,17.83,0
31.68,20,1,1,0,0,0,0,5.1,3,1,14.68,0
13.71,21,3,0,0,2,0,0,53.0,0,2,12.15,0
11.98,15,3,2,0,0,0,0,55.5,2,0,134.3,0
30.67,11,1,2,0,2,0,0,25.4,1,3,40.35,0
135.91,10,1,1,0,1,0,0,44.0,0,2,60.95,0
21.52,15,2,2,0,0,0,0,21.4,0,3,8.57,0
15.06,12,3,2,1,0,0,0,170.5,1,3,18.6,0
11.1,21,0,1,0,1,0,0,7.0,2,0,9.0,0
44.75,13,3,2,0,0,0,0,15.4,1,2,92.86,0
36.06,15,2,1,0,0,0,0,17.2,1,4,6.6,0
49.7,18,3,1,0,0,0,0,46.6,1,1,44.93,0
34.13,16,2,0,0,1,0,0,31.5,1,1,7.17,0
139.12,11,2,1,0,1,0,0,76.8,0,0,38.12,0
34.7,19,4,0,0,0,0,0,3.2,0,1,26.85,0
49.3,12,2,0,0,0,0,0,7.4,1,3,21.39,0
25.99,17,0,1,0,0,0,0,176.3,1,2,43.61,0
53.03,14,2,0,0,0,0,0,18.5,0,2,15.02,0
13.53,15,4,2,0,0,0,0,9.1,1,1,9.99,0
27.98,16,2,2,0,0,0,0,44.5,3,2,28.89,0
144.65,19,1,0,0,0,0,0,119.9,2,3,26.84,0
23.72,12,4,0,0,0,0,0,110.6,5,0,55.44,0
58.57,20,0,1,0,1,0,0,78.2,2,3,24.34,0
17.02,13,3,1,0,0,0,0,46.5,2,1,22.53,0
120.75,15,3,3,0,0,0,0,66.9,3,1,2.12,0
11.74,19,1,1,0,0,0,0,103.4,0,1,53.53,0
21.69,15,3,1,0,0,1,0,112.2,0,4,17.23,0
210.87,10,2,3,1,1,0,0,10.0,2,4,52.3,0
25.4,15,4,0,0,1,0,0,195.9,0,0,31.56,0
46.22,11,2,0,1,0,0,0,5.3,1,0,74.21,0
12.02,9,1,1,0,0,0,1,23.5,0,2,13.63,0
74.24,1,5,10,1,8,1,0,50.0,5,3,42.41,1
4.98,10,6,3,0,0,0,0,237.1,1,3,4.69,0
74.73,8,3,2,0,1,0,0,20.0,2,3,4.44,0
10.05,10,9,3,0,2,1,0,191.6,3,5,3.88,0
74.25,11,5,0,0,1,0,0,86.2,2,0,19.14,0
23.69,11,1,0,0,1,0,0,10.2,1,0,86.08,0
13.03,16,3,2,0,0,0,1,64.6,3,1,13.07,0
137.96,13,1,0,0,0,0,0,64.2,0,4,27.72,0
5.23,13,1,1,0,0,0,0,13.4,0,2,16.71,0
37.96,19,2,0,0,1,0,0,44.9,2,3,5.5,0
25.29,20,2,3,0,2,0,0,58.2,0,2,17.31,0
39.35,8,3,0,0,1,0,0,89.9,0,0,22.1,0
10.93,14,3,1,0,0,0,0,8.0,3,1,9.56,0
38.81,19,4,2,0,0,0,0,4.2,1,1,17.81,0
9.38,18,1,0,0,0,0,1,22.3,1,3,100.9,0
16.77,10,2,1,0,0,0,0,7.4,1,3,102.31,0
36.8,11,2,0,0,0,0,0,20.2,2,3,66.81,0
41.0,10,3,0,0,0,0,0,22.9,2,5,25.45,0
50.07,12,3,0,0,0,0,0,40.8,2,1,8.54,0
594.93,1,5,3,0,1,0,0,593.6,2,5,97.89,0
33.34,21,2,1,0,0,0,0,5.9,1,0,6.48,0
388.8,8,5,5,1,3,0,0,37.1,3,1,11.04,0
30.92,18,3,1,0,0,1,0,6.7,0,1,20.28,0
93.68,11,3,0,0,0,0,0,48.1,0,3,61.71,0
40.61,6,9,3,1,2,1,1,67.2,1,4,24.52,0
1.94,12,4,0,0,1,0,0,21.1,1,2,26.31,0
39.72,10,1,1,0,0,0,0,14.3,0,2,29.71,0
30.85,19,1,1,0,0,0,0,121.2,1,3,34.75,0
35.26,10,2,0,0,1,0,0,80.7,0,3,15.98,0
70.46,10,1,1,0,0,0,1,14.3,0,1,21.68,0
16.69,19,3,0,0,1,0,0,24.2,2,1,20.27,0
8.98,14,0,0,0,1,0,0,13.2,1,2,50.35,0
25.54,18,2,1,0,1,0,0,105.8,2,2,37.57,0
115.78,22,13,7,3,3,0,1,108.4,7,7,29.46,1
28.69,8,3,1,0,0,0,1,198.4,0,4,32.04,0
18.34,21,6,1,1,0,0,0,11.2,2,1,13.79,0
10.71,17,3,3,0,0,0,0,27.2,1,0,7.97,0
19.76,19,3,1,0,0,1,0,49.6,1,0,56.19,0
16.93,9,1,3,0,0,0,0,19.2,0,1,15.12,0
167.27,15,1,0,0,0,0,0,30.7,1,2,20.27,0
13.15,14,3,2,0,0,0,0,26.8,1,2,20.24,0
37.11,19,2,1,0,0,0,0,20.8,1,0,26.41,0
33.16,11,3,0,1,0,0,0,8.8,0,1,31.37,0
43.2,20,0,1,0,1,1,0,50.6,2,3,8.18,0
18.26,10,3,1,0,0,0,0,7.8,1,0,52.37,0
19.37,18,4,1,0,1,0,0,61.4,2,2,16.41,0
9.92,13,3,1,0,0,0,0,40.0,0,3,19.77,0
18.6,17,1,2,0,1,0,0,102.7,1,2,5.99,0
25.8,15,0,2,0,0,1,0,66.8,1,2,62.63,0
43.8,9,3,1,0,0,0,0,53.6,0,1,28.27,0
2.25,15,0,1,0,0,0,0,17.0,3,5,48.43,0
28.15,11,1,0,0,1,0,0,98.2,1,0,23.78,0
21.76,10,0,1,0,1,0,0,146.6,0,2,15.72,0
30.36,11,2,0,0,1,0,0,88.9,0,2,36.63,0
66.83,14,5,0,0,1,0,0,4.9,2,0,25.76,0
28.04,17,3,1,0,0,0,0,53.2,0,1,7.22,0
43.83,8,0,1,0,0,0,0,105.4,0,2,26.3,0
18.6,20,1,1,0,0,0,0,18.9,1,4,11.95,0
112.46,14,0,3,0,0,0,0,11.3,0,0,69.74,0
74.48,15,3,0,0,2,0,0,29.8,1,3,76.45,0
49.68,14,3,2,0,0,0,0,11.5,1,0,53.42,0
9.91,10,4,0,0,0,0,0,183.4,1,3,51.02,0
38.55,17,2,0,0,0,0,0,10.9,0,0,19.54,0
15.73,16,2,3,0,0,0,0,12.6,2,1,25.66,0
11.38,11,3,1,0,0,0,0,16.7,1,3,23.63,0
194.26,8,8,6,0,2,0,0,67.8,1,3,26.53,0
47.72,11,3,2,0,1,0,0,22.4,1,2,52.32,0
9.24,19,2,1,0,0,0,0,94.4,1,2,125.63,0
77.08,9,2,1,0,1,0,0,12.5,2,2,7.45,0
26.28,16,0,1,0,0,0,0,26.6,0,2,81.93,0
84.67,13,1,0,0,0,0,0,14.0,1,3,51.71,0
10.25,21,5,3,0,2,1,1,140.5,5,4,111.56,0
19.0,20,1,1,0,0,0,0,33.4,0,0,14.69,0
84.46,22,5,3,0,5,1,0,351.6,4,3,12.66,0
36.38,12,4,2,0,0,0,0,90.4,0,2,39.34,0
18.51,19,4,3,0,0,1,0,36.3,3,2,22.51,0
44.66,18,1,3,0,0,0,0,48.2,1,3,67.76,0
9.78,10,6,0,1,0,1,0,95.7,1,0,21.91,0
22.7,20,1,1,0,0,0,0,46.2,0,1,16.41,0
8.31,20,1,0,1,0,0,0,59.8,0,2,39.5,0
31.37,3,8,8,0,3,1,1,228.9,9,5,91.85,1
8.86,14,0,1,0,0,0,0,28.7,2,2,25.82,0
294.34,19,3,5,1,3,0,1,148.2,6,5,108.5,0
13.43,20,2,0,0,0,0,0,21.6,1,2,28.97,0
7.06,11,2,0,0,0,0,0,27.0,2,2,11.13,0
21.73,9,0,2,0,0,0,0,26.3,1,3,22.09,0
70.51,18,0,1,0,0,0,0,14.2,0,0,41.45,0
24.41,10,3,2,0,0,0,0,44.8,2,0,63.17,0
56.08,11,4,1,0,0,0,0,87.4,2,0,5.84,0
11.31,21,0,0,0,0,0,0,42.6,1,1,25.78,0
31.58,16,1,1,0,0,0,0,7.8,1,3,35.04,0
14.44,8,2,3,0,0,0,0,0.3,1,0,18.79,0
44.26,19,2,2,0,1,0,1,42.8,2,2,29.94,0
9.71,9,1,0,0,0,0,0,19.9,0,0,67.41,0
33.28,9,0,0,0,1,1,0,8.8,2,0,99.37,0
19.23,20,4,2,0,0,0,1,150.9,2,2,11.99,0
12.66,20,1,1,0,0,0,0,78.8,1,1,2.48,0
8.38,17,2,1,0,1,0,0,25.7,0,3,14.36,0
29.65,13,3,2,0,0,0,0,119.7,1,0,24.16,0
27.68,16,0,0,0,1,0,0,18.3,4,0,22.55,0
47.25,16,7,5,1,2,0,0,248.2,5,7,27.92,1
14.9,20,2,3,0,0,0,0,14.0,4,2,51.1,0
45.48,9,2,0,0,0,0,0,69.7,2,0,56.61,0
54.16,15,9,3,0,4,0,0,433.0,0,2,65.38,0
47.3,19,1,2,0,0,0,0,60.0,2,2,20.72,0
237.14,8,1,1,0,0,0,0,23.1,1,1,16.61,0
36.5,12,2,1,0,1,0,0,111.1,3,3,57.58,0
14.06,9,2,0,0,2,0,0,9.5,1,0,19.67,0
15.77,19,1,2,0,0,0,0,94.4,1,1,68.73,0
48.62,17,4,0,0,1,0,0,278.0,1,4,31.78,0
54.29,11,1,3,0,1,0,0,76.2,3,2,67.4,0
49.36,19,1,0,0,0,0,0,9.8,1,1,20.25,0
23.27,8,0,2,0,0,0,0,25.0,1,1,6.3,0
25.3,9,1,2,0,0,0,0,0.9,2,3,6.15,0
6.14,17,2,1,0,0,0,0,216.8,1,2,55.49,0
69.46,12,2,1,0,0,0,0,43.7,0,1,86.8,0
114.77,17,1,0,0,0,0,0,13.4,1,0,50.7,0
16.34,12,2,1,0,1,0,0,237.1,0,2,51.17,0
10.34,21,1,2,0,0,0,0,53.0,2,0,48.88,0
20.67,13,4,2,0,0,0,0,51.3,1,1,35.11,0
29.0,10,0,2,0,0,0,0,11.8,1,4,15.48,0
21.83,16,3,2,0,1,0,0,202.1,0,1,37.99,0
33.44,16,2,2,0,0,0,0,19.4,2,1,6.87,0
27.44,13,6,1,0,0,0,0,20.3,2,1,3.49,0
30.05,8,3,2,0,0,0,0,38.4,1,0,5.96,0
21.58,18,3,1,1,0,0,0,145.6,0,2,8.62,0
29.34,19,3,1,0,1,0,0,6.5,0,1,14.8,0
280.74,0,12,4,2,2,0,1,96.4,6,8,27.41,1
12.54,13,3,0,0,0,0,0,100.0,0,2,25.79,0
6.9,20,0,0,0,1,0,0,43.7,1,0,8.42,0
49.8,13,1,0,0,0,0,0,76.4,1,2,51.58,0
30.87,17,3,1,0,1,0,0,19.1,1,2,27.54,0
23.29,14,6,4,0,5,0,1,41.7,2,2,15.97,0
27.5,10,7,1,0,1,0,0,108.0,0,0,10.69,0
69.23,13,0,2,0,0,0,0,40.2,2,2,8.13,0
7.59,9,1,0,0,0,0,0,18.8,2,6,19.3,0
10.67,13,1,1,0,1,0,0,58.6,3,4,35.46,0
42.9,15,2,2,0,0,0,0,20.5,1,0,10.47,0
23.51,12,2,1,0,0,0,0,15.4,2,1,57.1,0
32.24,18,0,0,1,1,0,0,18.2,2,0,44.08,0
32.74,17,3,1,0,0,1,0,21.4,0,1,23.07,0
9.27,15,1,4,0,0,0,0,55.7,4,1,32.82,0
72.99,14,2,1,0,0,0,0,24.3,0,3,9.26,0
68.32,20,6,1,0,1,0,0,55.9,1,0,24.98,0
19.0,19,4,0,0,0,0,0,102.1,0,1,30.73,0
19.76,19,3,1,0,1,0,0,16.0,3,2,16.09,0
36.78,8,1,1,0,1,0,0,30.1,4,3,14.06,0
22.37,14,2,0,0,0,0,0,63.3,2,1,30.62,0
50.13,20,2,0,0,0,0,0,119.8,1,1,7.84,0
15.83,14,1,1,0,2,0,0,3.9,4,1,23.92,0
130.48,10,3,0,0,0,0,0,25.4,2,0,35.9,0
7.7,20,1,1,0,0,0,0,95.4,2,0,11.89,0
63.37,18,3,0,0,0,0,0,35.0,2,4,62.58,0
67.91,11,2,0,0,0,0,0,64.1,2,0,8.7,0
37.26,18,4,1,0,1,0,0,59.8,1,0,16.13,0
7.75,20,3,0,0,0,0,0,8.3,0,1,6.83,0
41.64,17,2,2,0,0,0,0,29.4,1,0,8.82,0
13.29,18,2,2,0,1,0,0,72.7,0,0,11.9,0
25.05,18,3,1,0,1,0,0,4.4,2,2,56.32,0
25.86,20,0,2,0,0,0,1,9.0,1,1,13.65,0
91.04,12,1,1,0,1,0,0,101.8,2,2,46.28,0
33.94,15,2,0,0,0,0,0,19.5,2,1,46.77,0
12.22,18,1,0,0,1,0,0,75.7,2,2,2.06,0
8.55,19,2,1,0,0,0,0,7.8,1,3,18.26,0
32.22,12,1,0,0,0,0,0,53.4,1,1,32.79,0
14.81,21,2,0,0,0,0,0,25.5,2,0,21.92,0
20.8,21,2,3,0,1,0,0,65.5,3,1,30.15,0
43.72,11,3,0,0,0,0,0,16.1,2,1,22.5,0
16.37,16,1,1,0,0,0,0,81.4,2,3,171.79,0
8.67,17,1,0,0,0,0,1,67.1,1,0,14.9,0
104.99,17,4,6,0,4,0,1,59.4,2,5,60.13,0
52.62,3,5,6,0,2,0,0,168.0,1,3,28.91,0
172.09,13,2,2,0,0,0,0,179.3,2,1,52.29,0
18.08,11,0,0,0,1,0,0,11.1,0,2,17.12,0
31.47,10,2,0,0,0,0,0,6.6,3,3,34.77,0
28.43,16,2,3,0,0,0,1,35.4,1,1,14.16,0
30.31,11,0,2,0,0,0,0,30.6,0,0,58.88,0
12.8,12,2,1,0,0,0,0,30.6,1,1,149.08,0
126.11,6,4,6,0,4,0,0,472.5,1,5,129.67,0
27.83,20,3,0,0,0,0,0,65.2,4,1,97.37,0
7.53,19,1,0,0,0,0,0,3.1,2,1,30.45,0
1.41,15,1,3,1,0,0,0,84.2,0,1,49.76,0
29.95,8,1,1,0,0,0,0,23.2,1,0,238.19,0
128.33,9,3,1,0,0,0,0,73.7,3,1,20.44,0
20.65,19,1,2,0,0,0,0,20.1,1,1,3.76,0
78.59,18,2,1,0,0,0,0,1.4,0,0,10.59,0
26.52,15,3,0,0,0,0,0,47.0,1,0,68.87,0
125.8,9,1,2,0,0,0,0,121.8,1,1,13.14,0
2.78,8,2,2,0,0,0,0,45.5,0,0,76.05,0
21.02,20,2,0,0,0,0,0,14.6,1,3,13.98,0
33.39,21,2,2,0,0,0,0,12.1,2,2,48.87,0
41.11,21,3,2,0,1,0,0,1.8,0,3,11.85,0
9.9,17,4,2,0,1,0,0,4.0,3,3,6.97,0
8.34,14,3,1,0,0,0,0,30.5,0,4,62.13,0
17.01,10,2,1,0,0,0,0,71.7,0,0,49.46,0
151.82,9,0,1,0,1,0,0,46.5,0,1,6.91,0
8.69,11,2,1,0,0,0,0,105.7,1,1,26.4,0
74.81,16,3,0,0,0,0,0,16.2,2,4,12.62,0
99.9,17,0,2,0,0,0,0,76.5,2,1,37.9,0
9.43,18,2,1,0,0,0,0,61.3,0,2,20.77,0
284.93,4,6,4,1,5,1,0,1722.6,2,5,37.38,1
15.84,18,4,0,0,0,0,0,11.1,0,1,15.16,0
43.49,14,4,2,0,0,0,0,12.0,0,5,39.47,0
9.6,12,0,1,1,0,0,0,45.3,1,3,20.24,0
48.71,22,1,3,0,2,0,0,101.4,5,3,23.49,0
63.65,19,1,1,0,2,0,0,27.9,3,2,9.46,0
13.01,17,1,2,0,0,0,0,40.8,3,1,63.66,0
60.32,11,1,0,0,0,0,1,41.6,1,3,58.72,0
441.04,10,3,1,0,1,1,1,172.0,2,3,15.58,0
228.23,11,2,1,0,0,0,0,102.4,2,4,72.1,0
9.91,20,2,2,0,0,0,0,156.0,0,0,14.71,0
15.2,9,3,2,0,2,0,0,24.6,1,0,11.67,0
5.02,9,2,1,0,0,0,0,18.9,1,4,17.69,0
88.91,11,1,0,0,0,0,0,23.1,2,1,8.53,0
14.2,10,4,0,0,1,0,1,30.6,1,3,38.5,0
36.82,12,3,2,0,0,0,0,96.6,0,4,34.35,0
3.0,20,0,0,0,0,0,0,16.0,0,2,27.7,0
23.58,8,0,2,0,0,0,0,11.5,2,0,41.98,0
13.2,8,0,3,0,0,0,0,42.4,0,1,45.67,0
32.8,17,3,1,0,0,0,0,41.4,3,0,9.15,0
77.98,9,1,0,0,1,0,0,96.6,2,1,16.68,0
12.88,18,2,0,0,1,0,0,9.5,0,2,8.96,0
145.61,11,1,0,0,0,0,0,0.6,2,0,20.19,0
87.64,9,5,1,0,0,0,0,41.2,1,1,6.27,0
9.48,19,1,4,0,0,0,0,76.3,1,2,30.33,0
7.35,17,1,0,0,0,0,0,77.4,0,1,68.82,0
42.91,15,4,2,0,1,0,0,48.8,1,2,10.68,0
8.24,14,1,3,0,2,0,0,91.5,2,0,31.34,0
8.9,17,1,0,0,0,0,0,8.4,0,1,34.41,0
14.56,10,4,1,0,1,1,0,16.4,0,2,11.08,0
48.8,16,0,0,0,0,0,0,31.1,1,1,15.13,0
93.37,5,12,5,0,1,0,1,10.0,2,1,59.17,0
50.82,13,2,1,0,2,0,0,71.4,1,3,24.48,0
28.91,12,2,1,0,0,0,0,25.1,0,2,18.28,0
12.83,17,0,2,0,0,0,0,14.5,1,0,30.08,0
26.05,16,1,0,0,0,0,0,81.7,1,1,115.28,0
183.74,12,2,1,0,0,0,0,29.6,0,1,2.64,0
5.29,16,5,0,0,1,0,0,113.6,2,1,184.92,0
99.8,20,2,0,0,0,0,0,9.5,5,2,63.67,0
32.55,9,1,1,0,0,0,0,35.2,2,4,14.43,0
31.63,9,1,0,0,0,0,0,25.5,1,1,50.44,0
54.36,12,1,2,0,0,0,0,74.6,2,1,22.48,0
18.01,19,2,0,0,0,0,0,143.3,1,4,50.04,0
39.91,17,1,1,0,0,0,0,22.2,1,0,55.11,0
13.22,19,3,1,0,0,0,0,32.3,2,1,35.08,0
2.2,9,2,0,0,1,0,0,13.7,2,0,60.67,0
7.54,19,3,0,0,0,0,0,148.2,2,3,16.1,0
13.22,14,1,1,0,1,0,0,81.9,1,2,13.39,0
3.96,11,0,0,0,0,0,0,14.0,1,1,21.5,0
15.49,20,2,0,0,1,0,0,14.9,1,2,7.92,0
18.32,10,4,0,0,0,0,0,14.2,1,1,3.98,0
11.96,11,2,0,0,1,0,0,1.3,0,3,24.91,0
16.14,19,1,3,0,1,0,0,1.5,0,3,9.93,0
238.47,14,1,0,1,1,0,0,83.8,1,2,28.68,0
27.44,11,1,0,0,0,0,0,31.2,0,1,7.11,0
67.1,11,0,1,0,0,0,1,39.6,1,1,2.55,0
5.21,18,2,0,0,0,0,0,0.3,0,1,27.21,0
70.76,19,5,8,1,1,1,0,109.9,4,3,51.37,0
15.78,10,3,3,0,0,0,0,38.0,0,2,38.18,0
19.93,14,2,0,0,0,0,0,4.1,2,2,82.5,0
83.56,11,3,2,0,0,0,0,48.7,1,2,9.92,0
20.1,19,2,0,0,0,0,0,103.8,2,1,28.65,0
24.26,19,0,1,0,1,0,0,68.0,2,0,24.72,0
63.99,16,1,0,0,1,1,0,8.7,1,2,58.61,0
126.36,21,1,1,0,0,0,0,18.7,0,1,4.55,0
18.22,13,2,2,1,0,0,0,49.9,3,3,82.06,0
11.59,18,8,2,0,2,0,0,14.7,1,2,23.91,0
75.01,1,7,7,0,2,0,0,13.0,7,2,9.27,0
51.7,12,0,2,0,1,0,0,12.9,0,0,2.58,0
20.8,8,2,1,0,0,0,0,8.2,1,0,19.69,0
53.59,18,3,1,0,1,0,0,107.4,0,0,16.13,0
20.91,12,1,2,0,0,0,0,172.2,0,2,8.39,0
20.74,19,0,0,0,1,0,0,37.9,1,1,20.06,0
65.57,18,3,2,0,0,0,0,92.7,1,0,19.92,0
111.19,6,6,2,0,3,0,1,21.5,2,6,124.36,0
19.83,10,2,1,0,1,0,0,7.4,2,0,51.88,0
6.88,10,3,1,0,1,0,0,106.0,0,1,24.31,0
32.83,18,1,0,0,0,0,0,11.1,2,1,62.64,0
108.75,21,2,1,0,0,0,0,5.9,2,0,78.94,0
67.91,17,3,1,0,0,0,0,33.1,6,2,16.15,0
24.5,17,1,1,0,2,0,0,4.3,1,1,12.47,0
47.48,19,1,3,0,0,0,0,9.8,2,2,12.26,0
195.63,11,2,1,1,0,0,0,9.0,0,1,52.54,0
6.34,18,5,0,0,0,0,0,25.8,0,0,129.72,0
70.31,16,1,0,0,1,0,0,169.1,1,4,41.3,0
30.76,8,2,0,0,1,0,0,75.2,0,0,7.35,0
38.69,13,2,0,0,0,0,0,44.2,1,0,8.67,0
17.61,15,0,0,0,0,0,0,121.8,1,0,18.68,0
17.91,9,3,1,0,0,0,0,1.0,2,2,21.03,0
19.15,21,4,2,0,0,0,0,13.1,1,2,39.74,0
33.11,18,7,3,1,3,0,0,328.6,2,0,25.18,0
32.25,15,2,1,0,1,0,0,45.9,1,1,64.15,0
10.31,15,3,1,0,1,0,0,47.6,0,2,8.54,0
33.5,17,1,0,0,0,0,0,19.9,1,3,20.01,0
79.42,11,1,0,0,0,0,0,21.0,3,1,37.56,0
179.24,15,5,2,0,0,0,0,50.8,4,1,54.93,0
5.18,12,0,1,0,0,0,0,21.7,2,1,99.75,0
16.79,12,2,1,0,1,0,0,90.1,3,2,32.91,0
27.6,15,1,2,0,0,0,0,17.0,0,0,18.12,0
21.91,16,4,2,0,0,0,0,74.9,0,1,22.86,0
59.51,15,1,1,0,0,0,0,146.6,0,1,7.42,0
3.41,16,1,1,0,0,0,0,17.0,1,2,16.28,0
66.73,13,6,0,0,0,0,0,49.7,1,2,13.79,0
23.56,16,4,1,1,1,0,0,13.4,1,2,18.38,0
46.74,10,2,2,0,1,0,0,37.1,0,4,17.8,0
30.9,13,3,2,0,0,0,0,101.0,0,2,54.65,0
41.72,21,1,0,0,0,1,0,16.9,3,4,193.57,0
38.11,16,1,0,0,1,0,0,40.1,2,4,56.16,0
31.16,15,3,1,0,1,1,0,27.7,0,3,19.0,0
10.38,15,1,1,0,0,0,0,44.0,0,0,29.2,0
131.81,10,1,1,0,0,0,0,60.9,1,0,76.64,0
7.45,13,1,2,0,1,0,0,12.3,2,1,39.68,0
9.83,15,2,1,0,0,0,1,72.8,0,0,40.45,0
27.01,9,0,1,0,0,0,0,32.8,0,0,16.99,0
23.84,14,0,2,0,0,0,0,17.6,0,1,15.98,0
82.18,18,3,0,0,0,0,0,2.5,0,0,41.85,0
7.32,19,2,3,0,0,0,0,29.7,1,0,12.55,0
19.81,12,2,0,0,1,0,0,87.6,1,1,11.15,0
11.99,20,4,0,0,0,0,0,17.8,1,3,19.18,0
11.58,9,5,2,0,0,0,0,102.1,2,2,57.73,0
23.34,16,5,5,0,3,0,0,34.0,3,4,4.75,0
6.89,9,5,2,0,0,1,0,90.6,3,2,6.88,0
11.31,12,2,0,0,1,0,0,44.0,0,2,67.14,0
69.97,18,3,1,0,0,0,0,13.6,1,1,6.42,0
10.97,0,5,6,0,3,0,0,112.6,2,3,33.21,0
53.53,15,0,1,0,1,0,0,57.3,0,1,31.64,0
63.61,14,3,0,1,1,0,0,27.7,2,0,33.22,0
8.06,8,2,2,0,0,0,0,97.9,2,0,24.2,0
8.95,9,1,3,0,0,1,0,88.9,1,2,74.27,0
400.84,18,7,2,1,1,0,0,211.4,1,4,12.91,0
11.38,14,2,1,0,1,0,0,44.1,0,2,3.19,0
10.55,21,6,0,0,0,0,1,24.4,0,3,51.35,0
27.75,21,3,1,0,2,0,0,35.0,1,0,4.45,0
41.02,18,2,0,0,0,0,1,11.7,3,0,114.34,0
11.09,17,1,1,0,0,0,0,30.3,1,2,6.85,0
11.12,9,0,0,0,0,0,0,31.5,1,1,61.93,0
110.08,15,3,2,0,1,0,0,9.0,1,2,26.65,0
24.64,10,3,0,0,0,0,0,60.0,0,2,24.66,0
16.7,14,1,0,0,1,0,0,20.0,0,2,3.44,0
58.9,22,4,7,1,5,0,1,395.6,2,4,35.72,0
21.33,13,1,1,0,1,0,0,0.5,2,0,44.62,0
30.18,17,2,1,0,0,1,0,59.6,2,1,3.67,0
18.48,10,2,0,0,0,0,0,6.0,1,0,18.5,0
72.43,16,4,2,0,1,0,0,18.8,1,2,8.22,0
9.75,18,1,3,0,0,0,0,7.0,1,1,78.29,0
47.41,13,5,5,0,1,0,1,426.3,2,7,26.47,0
4.38,11,0,2,0,0,0,0,7.6,1,2,27.59,0
35.79,18,4,1,0,2,0,0,0.7,3,0,66.8,0
39.4,13,1,2,0,0,0,0,105.8,1,1,77.45,0
83.81,8,2,1,0,0,0,0,64.5,3,2,52.37,0
37.62,15,2,0,0,1,0,0,25.4,2,1,15.49,0
7.02,13,3,2,0,0,0,0,123.1,2,2,6.92,0
9.92,14,1,0,0,1,0,0,24.5,3,0,25.94,0
16.98,21,5,1,0,1,0,0,19.4,0,2,3.66,0
17.2,19,1,2,0,0,1,0,10.2,2,1,80.25,0
88.62,13,4,1,0,0,0,0,17.6,3,2,25.33,0
21.5,10,0,1,0,0,0,0,18.1,2,1,20.31,0
18.94,9,1,1,0,0,0,0,48.8,2,4,31.46,0
44.67,14,6,8,0,4,0,1,289.0,2,4,29.69,1
12.23,15,4,2,0,1,0,0,56.8,3,2,23.6,0
19.12,17,1,1,0,0,0,0,125.0,2,2,27.37,0
68.66,10,3,1,0,0,0,0,74.2,0,2,9.77,0
11.91,10,2,3,0,0,0,0,76.2,1,1,37.95,0
59.19,16,3,0,0,0,0,0,28.1,0,1,38.57,0
14.37,12,4,1,1,1,0,0,21.2,2,2,233.99,0
22.72,12,3,1,0,0,1,0,76.6,3,0,29.24,0
5.63,16,3,2,0,0,0,0,11.8,0,0,68.37,0
1297.19,4,7,1,2,0,1,1,198.4,3,1,22.85,0
24.04,11,2,3,0,0,0,0,18.2,0,2,10.09,0
17.86,18,4,1,0,1,0,0,8.5,1,1,104.06,0
40.94,15,1,4,0,0,0,0,81.8,1,1,37.74,0
42.57,12,0,0,0,0,0,0,161.4,1,1,19.97,0
19.96,11,0,0,0,0,0,0,3.4,2,0,18.53,0
33.16,14,1,0,0,0,0,0,58.2,4,2,143.35,0
10.79,9,0,1,0,1,0,0,0.1,1,1,37.02,0
210.8,15,0,2,0,0,0,0,10.8,2,3,52.6,0
3.97,15,0,5,0,0,1,0,21.1,2,1,13.04,0
28.3,13,2,2,0,0,0,0,47.6,2,0,29.51,0
11.97,17,0,2,0,1,0,0,42.6,2,3,21.66,0
18.88,14,3,2,0,0,0,1,12.7,3,2,61.64,0
48.15,11,1,1,0,0,0,0,67.8,2,2,20.09,0
32.72,18,1,3,0,0,0,0,61.4,1,2,8.43,0
24.42,14,1,0,0,0,0,0,46.6,0,0,18.54,0
14.41,9,2,2,1,1,0,0,64.4,0,1,26.98,0
4.61,9,1,1,0,0,0,0,127.7,1,1,35.12,0
27.46,15,3,1,0,0,0,0,59.5,0,0,13.36,0
21.8,10,1,1,0,0,0,0,12.2,2,2,10.96,0
18.88,15,3,0,0,0,0,0,6.5,2,1,32.16,0
133.4,11,2,0,0,0,0,0,91.1,1,0,69.87,0
97.55,13,5,1,0,0,1,0,44.0,0,2,13.96,0
27.08,13,2,1,0,0,0,0,114.8,2,1,88.23,0
21.43,16,1,1,0,0,0,0,35.7,1,3,52.63,0
25.57,8,1,0,0,1,0,0,102.1,0,3,3.74,0
58.02,13,0,1,1,0,0,0,8.8,3,1,32.43,0
9.43,11,1,2,0,0,0,0,29.1,2,1,8.4,0
333.61,9,3,7,1,4,0,1,78.5,3,3,6.98,0
20.81,16,1,0,0,0,1,0,46.8,0,4,14.77,0
13.22,9,1,1,0,0,0,0,148.4,1,1,15.02,0
122.02,12,4,0,1,0,0,0,97.7,1,2,38.5,0
15.19,12,2,3,0,0,0,0,74.5,1,2,79.63,0
43.03,14,3,1,0,0,0,0,60.7,0,0,26.04,0
12.55,12,1,0,0,0,0,0,15.7,3,0,19.91,0
72.52,14,1,0,0,1,0,0,39.9,0,1,11.25,0
4.01,18,3,2,1,0,0,0,2.2,1,1,47.3,0
84.16,18,3,1,0,0,0,0,20.8,0,4,22.75,0
60.3,14,1,2,0,1,0,0,41.9,0,1,16.95,0
17.61,18,2,0,0,1,0,0,33.1,1,0,50.33,0
23.16,13,3,0,0,0,0,0,1.4,0,2,146.11,0
3.6,13,3,1,0,0,0,0,60.4,1,2,29.58,0
30.33,12,2,0,0,0,0,0,14.6,3,5,52.32,0
251.32,13,7,6,0,5,0,0,440.5,1,3,2.1,0
76.09,18,5,2,0,1,0,0,25.3,0,4,22.08,0
14.1,13,3,3,0,0,0,0,4.3,1,1,15.16,0
27.78,19,3,0,0,0,0,0,81.0,3,0,18.43,0
9.9,20,2,2,0,0,0,0,3.9,1,1,7.37,0
9.75,13,3,0,0,1,0,0,144.4,3,3,25.65,0
129.35,18,2,0,0,0,0,0,34.3,1,0,32.7,0
8.78,11,4,1,0,0,0,0,183.7,1,2,174.41,0
15.52,19,1,2,0,0,1,0,34.3,0,1,11.14,0
51.49,14,2,1,0,1,0,0,65.3,2,5,6.55,0
3.83,20,0,1,0,0,0,0,2.5,1,2,46.93,0
5.89,11,1,0,0,0,0,0,15.6,1,3,59.02,0
37.35,17,0,0,0,1,0,0,120.6,0,1,12.18,0
31.84,12,1,0,0,0,1,0,18.7,0,4,15.54,0
12.71,5,5,4,0,0,0,1,140.0,3,3,50.2,0
10.93,9,5,1,0,0,0,0,17.9,0,1,4.0,0
17.92,20,4,0,0,0,0,0,220.9,2,1,42.59,0
38.69,9,2,2,0,0,0,0,35.2,0,2,25.64,0
181.99,13,3,2,0,3,0,0,10.0,0,2,9.9,0
26.73,16,4,2,0,0,0,0,136.0,5,3,49.21,0
37.62,14,1,1,0,0,0,0,244.6,2,1,7.69,0
10.68,14,3,1,1,2,0,0,67.9,3,1,10.2,0
41.11,9,0,1,0,0,0,0,57.7,1,1,31.59,0
12.38,13,4,1,0,0,0,0,86.6,0,1,9.01,0
55.01,9,2,0,0,1,0,0,7.6,4,4,4.33,0
23.96,18,2,6,0,0,1,1,1068.7,2,2,14.15,0
41.97,17,3,2,0,1,0,0,188.8,1,0,80.99,0
46.2,14,1,1,0,0,1,0,22.8,1,0,10.72,0
13.38,15,1,1,2,0,0,0,93.7,0,3,42.92,0
37.61,20,1,2,0,0,1,0,13.0,0,3,199.31,0
14.19,11,0,3,0,3,0,0,79.9,2,0,12.61,0
42.37,11,3,1,0,0,0,0,44.1,0,1,11.47,0
224.5,0,3,5,0,2,0,0,110.8,3,7,60.35,0
20.86,19,2,2,0,0,0,0,59.4,1,2,10.36,0
21.03,8,2,0,0,0,0,0,61.9,3,1,16.64,0
31.79,11,0,1,0,0,0,0,9.5,3,2,80.34,0
45.67,9,3,0,0,0,0,0,11.4,0,2,15.33,0
51.19,13,2,1,0,0,0,0,103.2,1,0,32.61,0
6.52,18,2,0,0,0,0,0,50.3,0,1,16.13,0
8.87,19,3,0,0,0,0,0,33.4,1,4,17.97,0
23.56,15,3,2,0,1,0,0,9.3,0,1,36.01,0
13.66,12,0,0,0,0,0,0,26.5,2,1,22.83,0
58.32,12,1,2,0,0,0,0,31.8,1,4,7.24,0
8.15,14,3,0,0,0,0,0,134.3,2,2,33.88,0
8.0,15,1,0,0,0,0,0,38.3,0,2,10.71,0
132.26,22,5,5,0,6,0,0,405.7,4,1,17.94,0
35.58,13,6,0,0,1,0,0,54.4,1,1,30.39,0
21.14,12,1,1,0,0,0,0,5.9,0,2,61.14,0
6.23,13,4,3,0,0,0,0,9.6,3,3,32.17,0
55.68,12,2,0,0,1,0,0,11.6,2,1,18.39,0
4.53,14,1,0,0,0,0,0,49.0,1,3,56.0,0
13.2,10,2,4,0,0,0,0,25.6,1,1,15.4,0
16.72,11,3,2,1,0,0,0,5.0,3,4,9.4,0
57.97,20,5,3,0,2,0,0,347.2,3,1,14.51,0
25.02,9,4,2,0,0,0,0,17.8,2,1,35.95,0
43.63,14,3,0,0,0,0,0,23.2,2,3,46.21,0
54.87,15,1,1,0,1,0,0,53.0,1,2,58.57,0
6.27,19,2,0,0,0,0,0,30.6,0,2,34.43,0
12.95,14,2,6,0,0,0,0,25.4,4,1,4.15,0
9.63,21,1,0,0,0,1,0,0.4,0,2,7.73,0
26.16,9,2,3,0,0,0,0,183.7,0,1,30.83,0
74.31,20,3,0,1,0,0,0,16.8,1,2,30.68,0
4.47,10,3,2,0,1,0,0,50.3,0,0,11.65,0
17.32,10,3,0,0,1,0,0,13.9,0,3,60.2,0
2.96,9,4,0,0,0,0,0,62.9,1,2,10.29,0
19.03,12,3,0,1,0,0,0,15.6,0,7,35.43,0
76.59,7,6,6,0,2,0,0,94.7,1,3,50.35,0
14.84,11,0,0,0,1,0,0,24.5,2,2,39.85,0
11.73,16,2,0,1,1,1,0,56.0,1,2,75.29,0
14.47,8,1,3,0,1,0,0,28.8,1,3,71.19,0
16.86,17,1,1,0,0,0,0,221.3,1,2,101.09,0
72.91,11,0,0,0,0,0,1,102.0,1,1,38.87,0
59.79,3,6,4,0,1,1,0,10.0,0,4,27.97,0
31.79,16,5,0,0,0,0,0,87.5,3,3,55.02,0
32.45,19,1,1,0,1,0,0,143.8,2,5,9.89,0
18.63,11,3,0,0,0,0,0,68.9,0,2,3.52,0
118.56,17,5,13,3,4,0,0,50.0,6,4,43.46,1
293.1,21,4,4,1,1,1,1,20.7,5,4,22.95,0
36.77,10,0,0,0,0,0,0,16.0,3,4,147.7,0
4.52,16,1,0,0,0,0,0,34.5,4,5,32.04,0
8.69,19,3,4,1,0,0,0,3.7,2,2,14.06,0
31.14,8,2,1,0,1,0,0,118.4,5,2,6.01,0
1720.39,19,9,3,0,2,1,0,644.8,1,5,13.54,0
13.46,8,2,0,0,1,0,0,1.3,3,1,95.51,0
121.83,16,3,3,0,0,0,0,7.5,1,2,9.18,0
170.43,11,2,0,0,0,0,0,114.0,0,1,8.79,0
39.63,21,2,0,0,0,0,1,52.8,0,2,16.16,0
3.47,11,3,0,0,1,0,0,27.1,2,2,17.44,0
18.34,15,3,2,0,0,0,0,113.6,1,1,34.02,0
40.73,19,1,1,0,0,0,0,26.5,0,0,15.04,0
10.06,9,1,1,0,0,0,0,33.9,2,2,5.3,0
57.23,15,7,3,0,3,1,1,300.9,2,2,59.98,0
12.01,15,3,3,0,1,0,0,15.0,3,1,41.01,0
34.91,18,1,2,0,0,0,0,212.9,3,0,95.2,0
197.42,11,2,0,0,1,0,0,12.0,1,1,162.68,0
135.33,15,2,1,0,0,0,0,65.4,1,1,27.52,0
19.55,11,1,0,0,0,1,0,8.0,1,1,6.11,0
10.0,4,3,4,0,2,0,0,413.8,4,1,17.9,0
30.03,14,1,0,0,1,0,0,78.3,1,1,31.42,0
113.18,21,3,0,0,1,0,0,33.2,2,1,4.78,0
24.85,21,4,1,0,0,0,0,85.4,0,1,50.43,0
13.14,9,0,1,0,0,0,0,36.8,0,1,18.13,0
62.7,15,1,2,0,0,0,0,116.1,1,2,25.76,0
844.79,10,2,4,1,3,0,0,35.0,2,5,147.36,0
16.49,13,2,0,0,0,0,0,16.0,1,2,8.7,0
39.39,19,2,1,0,0,0,0,46.1,0,2,51.36,0
58.69,12,0,0,1,0,0,0,104.2,0,1,23.75,0
34.32,17,0,1,0,1,0,0,70.8,1,1,15.03,0
44.14,12,2,0,0,0,0,0,176.1,1,1,14.14,0
300.78,10,9,7,0,1,1,1,189.4,2,3,88.37,0
69.4,20,1,0,0,0,0,0,58.5,1,1,9.88,0
25.91,20,2,0,0,0,0,0,5.9,1,0,61.34,0
16.5,16,3,3,0,0,0,0,10.4,1,0,10.24,0
19.59,12,4,2,0,0,0,1,113.3,2,1,13.34,0
7.73,17,2,0,0,1,0,0,127.8,2,3,16.28,0
15.29,11,1,1,0,0,0,0,33.8,0,1,56.22,0
4.66,18,2,1,0,0,0,0,18.3,2,2,56.3,0
29.07,18,0,0,0,2,0,0,101.9,1,3,2.94,0
19.55,13,2,2,0,0,0,0,121.1,1,2,42.82,0
50.12,13,0,0,0,1,0,0,21.1,0,1,73.14,0
86.88,21,2,2,1,1,0,0,54.0,2,2,25.06,0
25.53,9,1,2,0,0,0,0,47.6,0,0,26.99,0
54.69,18,3,1,0,0,0,0,74.0,0,2,45.26,0
79.35,8,4,2,0,3,0,0,654.6,5,5,17.7,0
11.58,16,5,1,0,0,0,0,8.8,1,3,2.87,0
66.94,17,2,2,0,0,0,0,5.4,0,1,20.82,0
5.08,20,3,1,0,0,0,1,29.4,4,2,42.86,0
22.55,14,4,2,0,2,0,0,63.0,1,1,35.52,0
13.03,14,1,1,0,0,0,0,20.3,1,0,85.55,0
22.57,17,2,1,0,0,0,0,336.3,1,0,13.51,0
25.2,18,0,1,0,0,0,0,33.9,0,0,26.83,0
36.06,0,6,4,0,1,0,1,225.8,1,8,2.77,0
13.91,21,1,2,0,0,0,0,23.1,3,0,8.02,0
3.83,16,0,2,0,1,0,0,36.6,0,1,16.05,0
21.79,12,1,2,0,0,0,0,73.7,1,1,31.36,0
28.34,15,1,0,0,0,0,0,8.6,1,1,45.32,0
13.6,10,2,2,0,1,0,0,9.3,0,1,215.9,0
6.99,9,8,1,0,0,0,0,11.8,1,2,20.33,0
16.76,12,1,0,0,2,0,0,180.6,2,1,55.44,0
51.36,14,2,1,0,0,0,0,17.7,1,4,24.72,0
12.69,9,0,2,0,0,0,0,22.4,2,3,21.03,0
39.74,19,1,2,0,0,0,0,7.2,0,1,14.66,0
50.34,14,1,0,0,0,0,0,5.7,2,1,23.74,0
7.65,10,3,0,0,0,0,0,63.3,1,3,48.65,0
15.02,8,2,1,0,0,0,0,55.0,0,2,62.76,0
29.3,19,0,1,0,0,0,0,50.9,2,1,66.34,0
72.31,20,2,0,0,0,0,0,29.9,0,3,24.07,0
9.89,13,3,2,0,0,0,0,85.8,0,0,28.17,0
51.69,9,0,0,0,0,0,0,17.1,1,0,221.4,0
10.66,8,3,0,0,0,0,0,15.7,0,1,29.33,0
110.46,10,2,0,0,0,0,0,88.2,0,4,21.43,0
92.64,20,1,1,0,1,0,0,75.3,0,0,28.39,0
42.73,12,1,0,0,0,0,0,97.4,0,1,23.53,0
69.42,18,5,5,0,1,1,0,60.1,5,4,33.39,0
29.02,15,3,3,0,0,0,0,65.4,1,1,53.67,0
48.52,15,0,0,0,0,0,1,31.0,1,1,11.22,0
156.76,14,3,0,0,0,1,0,28.3,1,2,51.14,0
47.23,15,3,2,0,0,0,0,15.4,1,1,12.31,0
29.12,20,1,1,0,0,0,0,112.2,2,2,16.68,0
32.4,21,2,0,0,1,0,0,14.1,0,3,97.64,0
289.21,15,5,7,0,1,0,0,209.2,3,4,31.7,0
22.85,17,1,1,0,0,0,0,98.6,0,0,43.86,0
10.34,18,1,1,0,0,0,0,75.1,1,1,63.84,0
323.63,21,9,5,2,2,0,0,18.1,4,3,24.69,0
501.05,5,10,6,1,3,1,1,195.0,5,6,32.75,1
34.28,10,3,0,0,0,0,0,43.3,3,1,67.93,0
56.94,19,1,0,0,0,0,0,6.7,2,2,80.4,0
11.16,15,2,1,0,1,0,0,1.2,0,1,52.53,0
20.88,10,6,0,0,0,1,0,6.0,2,0,12.76,0
49.69,19,1,5,0,0,0,0,45.1,2,2,16.09,0
34.81,15,4,1,0,0,0,0,7.4,3,2,7.62,0
9.72,13,1,1,0,0,0,0,34.3,3,2,100.44,0
58.48,18,0,0,0,2,0,0,173.4,1,0,35.46,0
91.21,9,2,1,0,0,0,0,18.2,3,1,21.81,0
21.68,16,5,5,1,5,1,0,196.8,2,2,22.74,0
150.84,18,1,1,0,0,1,0,170.1,0,5,16.07,0
43.53,19,1,1,0,2,0,0,5.2,1,0,95.69,0
580.28,11,5,8,0,4,0,0,67.8,2,5,70.21,1
105.96,13,4,2,0,0,0,0,14.7,1,3,27.75,0
2.21,21,0,0,0,0,0,0,123.0,1,1,121.58,0
48.94,14,1,1,1,1,0,0,13.3,0,3,30.07,0
9.26,14,2,0,0,0,0,0,16.6,2,2,21.19,0
58.7,21,1,2,0,0,0,0,107.2,0,1,41.9,0
99.08,9,0,1,0,0,0,0,2.1,1,1,23.95,0
28.04,21,2,0,0,0,0,0,40.3,1,1,4.85,0
87.87,19,14,5,0,4,1,1,50.0,10,5,12.2,1
11.41,15,2,0,0,1,0,0,39.8,2,2,22.96,0
11.66,12,2,0,0,0,0,0,198.1,1,2,18.04,0
66.56,9,1,3,0,1,0,0,50.9,0,3,19.06,0
29.74,12,3,0,0,0,0,0,23.6,1,1,9.14,0
97.51,11,0,1,0,1,0,0,18.9,0,0,28.41,0
34.64,20,2,0,0,1,0,0,63.2,0,1,14.27,0
28.82,17,1,1,0,0,0,0,19.7,2,1,18.54,0
4.71,11,1,0,0,0,0,0,45.7,0,1,61.16,0
17.69,11,3,2,0,0,0,0,5.6,1,1,20.44,0
29.44,13,1,0,0,0,0,0,8.8,0,0,41.63,0
41.53,19,2,0,0,0,0,0,41.7,0,1,46.09,0
11.66,19,0,0,0,1,0,0,10.1,1,3,75.54,0
461.05,0,7,6,0,3,1,0,773.8,5,4,17.44,1
20.01,9,2,1,0,0,0,0,101.7,2,1,96.16,0
11.03,20,1,1,0,0,0,0,42.3,3,1,14.79,0
15.37,13,0,0,0,0,0,0,20.5,0,0,29.54,0
83.17,15,0,0,0,0,0,0,174.3,3,0,41.02,0
19.87,9,3,0,0,0,0,0,7.1,0,1,3.95,0
80.75,20,3,1,0,0,0,0,53.9,3,3,32.02,0
153.07,13,2,1,0,0,0,0,119.9,0,1,22.8,0
11.02,15,2,2,0,0,0,0,25.2,2,0,8.35,0
26.63,19,2,1,0,0,0,0,96.8,3,1,65.48,0
15.65,15,1,4,0,2,0,0,82.3,1,3,13.14,0
92.42,13,1,1,0,0,0,0,141.8,1,3,7.83,0
119.84,17,3,3,0,0,0,0,62.6,0,1,17.41,0
28.31,14,0,1,0,0,0,0,124.0,0,2,25.98,0
27.27,9,1,2,0,0,0,0,36.0,1,2,17.36,0
60.24,18,2,0,0,1,0,0,60.9,1,0,45.74,0
10.7,14,1,2,0,0,1,0,115.3,1,3,14.16,0
7.41,8,4,2,0,1,0,0,17.9,0,1,56.77,0
4.58,8,2,1,0,1,0,0,48.5,1,1,23.22,0
18.92,17,4,2,0,1,0,0,5.7,2,2,18.15,0
3.71,10,2,0,0,0,0,0,71.6,0,0,48.56,0
133.55,5,8,3,1,5,1,1,195.3,2,7,8.72,1
127.1,18,1,0,0,0,0,0,23.0,3,1,16.98,0
29.57,19,2,2,0,0,0,0,25.3,2,0,82.05,0
19.73,19,2,1,0,0,0,0,44.1,5,3,27.0,0
13.66,16,2,1,0,1,0,0,27.6,3,0,18.25,0
22.25,16,2,1,0,0,0,0,13.5,1,0,5.43,0
60.32,8,3,0,0,0,0,0,62.8,2,1,5.14,0
26.9,14,1,0,0,1,0,0,8.1,3,1,83.19,0
18.22,13,3,2,0,0,0,0,55.9,0,0,29.08,0
463.19,12,4,1,0,1,0,0,126.5,0,1,30.71,0
29.57,12,5,5,0,0,0,1,77.4,0,2,7.75,0
43.98,18,2,0,0,0,0,1,13.4,2,1,55.46,0
124.5,12,3,2,0,4,1,1,105.2,0,2,20.57,0
23.3,22,3,3,0,3,0,1,459.1,2,1,33.82,0
53.6,13,1,2,0,0,0,0,43.9,0,0,11.95,0
22.4,16,0,0,0,1,0,1,35.5,2,1,63.28,0
18.96,8,3,1,0,1,0,0,23.0,0,2,40.01,0
32.74,18,4,1,0,1,0,0,4.0,1,1,3.82,0
42.58,13,2,0,0,0,0,0,40.2,3,2,33.18,0
9.5,13,1,0,0,1,0,0,117.0,1,1,34.12,0
17.2,15,2,0,0,1,0,0,35.7,1,4,15.83,0
71.33,6,7,3,0,0,0,1,451.2,4,1,40.0,0
17.36,20,1,1,0,0,0,1,10.0,3,4,18.66,0
59.3,19,1,1,0,0,0,0,116.0,1,3,12.6,0
56.7,1,9,2,1,0,1,1,193.9,1,3,71.33,0
48.98,14,1,1,0,0,0,0,19.8,3,4,12.94,0
15.37,15,0,1,0,0,1,0,79.6,2,3,28.3,0
162.17,21,9,1,0,7,0,0,10.0,2,3,48.59,0
6.08,12,1,3,0,0,0,0,17.2,2,2,14.4,0
22.02,14,2,0,0,0,0,1,13.4,1,0,55.12,0
45.17,18,3,3,0,1,0,0,33.0,2,4,49.78,0
7.9,12,3,0,0,0,0,1,16.0,2,0,20.74,0
7.12,19,5,0,0,0,0,1,12.0,0,2,2.45,0
13.94,10,0,0,1,0,0,0,43.5,2,1,80.55,0
75.7,20,5,2,0,1,0,0,10.4,2,4,10.27,0
16.75,15,0,0,0,0,0,0,60.2,0,3,7.84,0
9.91,18,5,0,0,0,0,0,1.6,3,1,40.77,0
15.27,13,2,1,0,2,0,0,25.5,1,2,4.75,0
5.69,10,1,1,0,1,0,0,197.1,1,3,11.12,0
5.92,14,2,0,0,1,0,0,8.4,1,4,4.79,0
253.03,5,8,7,2,6,0,0,446.8,6,6,13.11,1
25.37,17,1,0,0,1,0,0,12.6,0,1,13.62,0
11.87,19,2,0,0,0,0,0,57.1,1,2,85.8,0
5.46,16,2,0,0,1,0,0,41.5,1,2,12.81,0
20.13,21,3,0,0,0,0,0,9.2,1,1,25.57,0
17.11,15,1,1,0,0,0,0,39.6,2,1,3.39,0
49.21,18,4,1,0,1,0,0,38.4,2,3,14.95,0
13.7,18,2,1,0,1,0,0,36.3,0,5,8.68,0
67.09,22,5,6,0,3,0,0,278.2,3,1,25.63,0
16.99,18,0,2,0,1,0,0,16.2,2,0,21.65,0
17.5,17,1,0,0,0,0,0,3.2,1,0,49.93,0
11.51,10,3,0,0,0,0,1,101.0,1,2,70.01,0
9.86,13,0,1,0,0,0,0,15.9,2,1,20.6,0
12.49,15,0,1,0,0,0,0,73.4,1,1,11.41,0
28.05,12,1,0,0,0,0,0,43.5,1,1,43.99,0
36.41,11,4,5,0,0,0,0,42.9,4,0,25.8,0
17.68,8,2,2,0,0,0,0,36.7,1,1,12.15,0
46.11,20,1,1,0,0,0,0,48.2,1,2,106.87,0
9.0,12,0,1,0,1,0,0,93.6,0,1,61.1,0
21.67,11,1,1,1,0,0,0,129.4,0,0,89.8,0
20.65,13,3,1,0,1,0,0,16.7,0,1,88.07,0
39.52,10,3,0,0,0,0,0,129.3,1,1,160.44,0
33.01,17,0,1,0,0,0,0,1.6,1,1,31.61,0
63.17,11,4,1,0,1,0,0,42.2,0,0,53.24,0
10.75,18,1,1,0,1,0,0,33.5,1,1,55.83,0
59.41,10,0,0,0,0,0,0,1.2,0,1,77.37,0
27.6,15,3,1,0,1,0,0,27.8,2,4,26.14,0
24.25,16,2,1,1,0,0,0,31.2,1,3,237.53,0
19.9,14,1,2,0,0,0,0,26.2,2,0,4.99,0
97.62,11,1,2,0,0,0,0,135.1,2,2,15.16,0
14.05,14,2,1,0,0,0,0,50.7,2,0,71.97,0
21.64,18,3,1,0,1,0,0,188.8,0,0,22.54,0
70.41,14,2,0,0,2,0,0,3.5,1,0,48.71,0
18.45,12,0,0,0,1,0,0,97.4,3,0,45.85,0
105.55,10,0,0,0,0,0,0,30.2,0,0,10.25,0
18.89,13,1,1,0,1,0,0,13.1,2,0,25.24,0
8.56,18,2,1,0,1,0,0,25.8,0,2,100.0,0
48.89,9,3,0,0,0,0,0,12.4,3,1,6.84,0
52.07,17,4,1,0,0,0,0,10.1,1,5,24.74,0
23.16,9,2,2,0,1,0,0,109.9,1,2,78.32,0
15.54,6,8,1,0,2,0,0,121.2,1,7,36.42,0
25.47,15,4,0,0,0,0,0,16.1,4,5,11.08,0
188.77,2,5,5,1,2,0,1,267.3,3,1,40.15,0
35.87,19,4,2,0,1,0,0,27.9,0,1,56.79,0
14.3,17,2,1,0,0,0,0,14.6,0,2,18.21,0
25.2,10,4,1,0,0,0,0,54.9,3,1,23.0,0
22.63,20,2,1,0,0,0,0,18.4,0,4,22.75,0
95.03,12,2,1,0,0,0,0,117.9,1,3,32.24,0
38.07,9,3,2,0,0,0,0,3.4,2,3,22.86,0
74.7,19,0,0,0,0,0,0,62.7,2,1,12.12,0
5.54,17,0,2,0,1,0,0,24.6,0,2,4.71,0
43.96,17,2,0,0,1,0,0,29.9,1,1,8.05,0
14.08,19,2,1,0,1,0,0,71.9,0,3,152.38,0
41.36,9,5,1,0,0,0,0,93.1,0,2,17.6,0
29.76,13,3,1,0,0,0,0,181.8,2,4,44.22,0
5.17,20,2,1,0,1,0,0,54.7,0,1,22.75,0
5.32,21,3,3,0,0,0,0,3.6,0,3,17.01,0
56.48,8,1,1,0,2,0,0,94.7,2,2,49.77,0
4.42,14,0,3,0,0,0,1,109.4,0,0,49.4,0
24.77,13,2,0,0,2,0,0,98.9,3,0,89.67,0
42.26,13,0,1,0,0,0,0,55.7,2,2,8.69,0
10.01,9,2,0,1,0,0,0,18.2,0,2,22.63,0
23.37,13,2,0,1,0,0,0,32.9,1,2,115.94,0
29.07,15,2,0,0,0,0,1,35.9,1,1,3.74,0
19.08,11,3,2,0,0,1,0,18.0,2,3,16.84,0
39.58,9,1,1,0,0,0,0,102.9,1,1,47.15,0
56.12,3,4,2,2,1,0,0,113.5,0,2,57.86,0
19.75,12,4,1,0,0,0,0,44.8,0,1,54.66,0
32.66,14,2,1,0,0,0,0,25.4,1,1,84.6,0
25.22,8,1,2,0,0,0,0,1.0,0,1,126.91,0
23.94,11,1,2,0,0,0,0,74.7,1,4,9.18,0
55.1,15,2,3,0,1,0,0,56.5,1,2,86.48,0
49.59,17,0,0,0,0,0,0,33.0,0,1,46.82,0
17.89,17,2,0,0,0,1,0,11.7,0,5,45.0,0
21.41,10,0,3,0,1,0,0,67.2,2,1,38.64,0
49.05,9,2,0,0,1,0,0,37.9,0,0,18.03,0
27.3,8,3,1,0,1,0,0,14.5,1,5,22.67,0
40.93,18,2,0,0,0,0,0,11.5,1,4,35.73,0
12.29,12,2,0,0,0,0,0,36.3,1,1,11.24,0
17.73,9,2,1,0,0,0,0,24.9,1,1,26.88,0
91.78,20,3,0,0,1,0,0,1.8,1,2,40.92,0
1630.89,6,4,2,1,3,1,0,49.3,3,4,9.75,0
11.73,18,3,1,0,0,0,0,7.2,1,1,11.03,0
11.33,15,0,0,0,0,0,0,70.9,2,1,56.74,0
9.95,15,3,1,0,1,0,0,52.1,0,2,14.69,0
51.72,13,1,2,0,0,0,0,7.6,0,3,3.82,0
12.98,21,4,0,0,0,0,0,39.4,4,2,101.87,0
228.2,14,2,1,0,1,0,0,81.8,0,1,55.57,0
65.71,19,5,2,0,0,0,0,143.2,3,0,15.89,0
58.74,11,2,1,0,0,0,0,99.4,3,2,113.62,0
249.49,19,2,1,0,0,0,0,84.8,3,0,45.2,0
20.36,10,1,0,0,0,0,0,3.8,0,3,24.03,0
10.74,11,2,2,0,1,1,0,85.8,1,2,49.48,0
258.85,12,1,2,0,1,0,0,193.4,1,0,60.4,0
25.12,9,2,2,0,1,0,0,84.3,0,2,3.65,0
38.54,19,0,1,0,0,0,0,3.8,1,1,9.89,0
17.96,17,3,0,0,0,0,0,39.2,1,1,13.34,0
17.77,21,4,1,0,0,0,0,23.0,0,3,59.21,0
181.56,10,3,2,0,0,0,0,100.3,0,2,27.19,0
45.55,10,3,0,0,0,0,0,23.5,1,2,14.12,0
130.32,2,5,1,0,2,1,1,631.7,5,2,5.03,0
18.15,13,4,1,0,0,0,0,37.6,1,3,20.29,0
90.03,15,5,2,0,0,0,0,63.9,1,2,71.14,0
45.94,16,0,1,1,0,0,0,29.3,1,1,74.09,0
37.78,14,0,0,0,0,0,0,20.8,2,1,106.78,0
13.89,16,3,2,0,0,0,0,4.4,1,0,29.17,0
102.36,9,2,1,0,0,0,0,70.5,1,2,53.48,0
2.08,9,4,1,0,0,0,0,124.9,1,2,16.59,0
372.88,13,5,2,1,0,0,1,210.1,2,4,7.72,0
29.43,18,2,0,0,1,0,0,280.3,1,3,20.16,0
124.04,15,1,1,0,1,0,1,70.0,0,0,5.45,0
57.32,18,2,2,0,0,1,1,226.0,0,1,65.13,0
50.22,9,3,1,0,0,0,0,27.1,2,2,9.04,0
20.91,15,2,1,0,0,0,0,9.3,2,3,119.79,0
31.74,19,3,1,0,1,0,0,149.5,1,1,5.38,0
58.15,17,2,0,0,1,0,0,11.6,1,1,21.83,0
28.11,13,2,1,0,0,0,0,56.3,0,0,37.28,0
6.24,18,1,1,0,0,0,1,19.3,0,2,27.2,0
29.17,9,1,1,0,0,0,0,89.9,0,2,19.97,0
20.95,19,4,0,1,0,0,0,163.7,0,1,38.96,0
109.52,19,2,1,0,0,0,0,59.4,2,2,82.49,0
21.5,19,0,2,0,0,0,0,3.2,0,1,17.05,0
224.38,20,3,1,0,0,0,0,117.1,0,1,97.14,0
4.0,12,2,1,0,1,0,0,0.9,4,4,10.59,0
16.75,15,1,1,0,2,0,0,39.4,0,1,21.29,0
8.64,8,0,1,0,0,0,0,76.3,1,1,38.99,0
15.65,12,2,0,0,2,0,0,2.3,0,1,35.11,0
29.4,12,1,2,0,0,0,0,15.8,2,2,79.51,0
45.35,11,2,1,0,0,0,0,13.4,1,0,11.85,0
57.97,14,2,0,0,0,0,0,11.5,0,0,17.69,0
70.27,9,2,2,0,0,0,0,25.7,0,1,25.06,0
33.24,12,2,3,0,0,0,0,37.1,0,0,89.64,0
35.48,16,5,2,0,2,1,0,551.6,3,0,56.44,0
22.08,17,2,0,0,2,0,0,54.8,0,0,18.72,0
9.73,14,6,1,0,0,0,0,130.6,1,0,14.9,0
93.03,5,3,2,1,3,1,1,167.1,2,3,18.75,0
27.22,10,3,0,0,0,0,0,10.9,3,0,50.76,0
47.54,9,1,0,0,0,0,0,125.4,3,0,17.12,0
21.81,15,4,4,1,0,0,0,32.9,0,2,6.54,0
44.31,19,1,1,0,1,0,0,68.7,1,1,231.34,0
9.66,16,1,0,0,0,0,0,38.9,1,1,36.54,0
8.0,12,0,2,0,1,0,0,13.7,1,3,13.76,0
4.71,9,3,0,0,0,0,0,241.2,2,2,45.35,0
20.97,16,0,3,0,0,0,0,101.0,0,3,65.42,0
13.67,9,0,1,0,0,0,0,8.3,0,1,24.48,0
9.07,14,1,1,0,1,0,0,14.9,5,1,66.6,0
23.36,11,5,0,0,1,0,0,30.0,2,1,29.74,0
12.45,11,0,1,0,0,0,0,6.0,1,2,82.95,0
22.11,13,2,1,0,1,0,0,25.1,1,2,179.11,0
16.5,3,5,7,0,5,1,0,40.3,3,1,54.43,0
12.54,9,1,5,0,0,0,0,18.4,0,0,54.0,0
25.4,13,5,1,0,1,1,0,8.4,3,0,9.16,1
24.22,9,2,1,0,0,0,0,8.0,0,0,17.44,0
9.25,21,4,0,0,1,0,0,34.6,0,0,14.6,0
16.59,19,3,0,0,0,0,0,126.8,1,1,13.91,0
90.08,12,0,1,0,1,0,0,90.5,0,0,12.81,0
17.72,11,0,2,0,0,0,0,56.7,3,2,2.26,0
7.61,13,1,1,0,0,0,0,70.1,3,3,25.22,0
105.11,10,6,2,1,1,1,0,137.2,3,3,4.99,0
25.39,14,0,3,0,0,0,0,59.1,2,1,99.42,0
21.19,9,1,2,0,0,0,1,8.6,2,3,17.35,0
50.89,13,1,4,0,1,0,0,63.9,1,1,159.22,0
39.68,9,0,1,0,0,0,0,179.0,0,0,20.25,0
268.79,10,13,6,5,4,1,0,137.8,4,3,13.07,1
8.15,21,1,3,0,0,0,0,52.2,0,0,11.19,0
10.89,8,5,1,0,0,0,0,0.7,0,0,47.82,0
10.35,9,2,2,0,0,1,0,38.7,1,2,37.18,0
19.65,10,3,2,0,0,0,0,16.2,0,1,29.73,0
15.08,18,0,1,0,0,0,0,29.4,0,4,84.65,0
35.91,19,3,0,0,0,0,0,17.5,0,0,36.24,0
47.54,11,3,2,0,0,0,0,7.9,1,2,9.31,0
19.01,11,2,3,0,0,0,0,13.6,1,0,52.76,0
80.37,15,3,1,0,0,0,0,110.8,0,3,237.65,0
24.04,19,4,3,0,0,0,0,48.4,2,3,40.22,0
5.9,19,2,1,0,0,0,0,57.4,0,1,17.85,0
21.58,10,2,2,0,0,0,0,55.0,3,3,22.52,0
14.69,9,5,2,0,0,0,0,11.8,0,3,8.81,0
13.03,17,1,1,0,0,0,0,33.3,3,2,29.66,0
37.49,20,3,2,0,0,0,0,52.2,0,0,22.1,0
10.28,14,3,0,0,0,0,0,89.7,1,2,20.59,0
17.43,17,0,3,0,0,0,0,32.6,2,2,139.66,0
60.17,17,3,0,0,0,0,0,75.1,1,0,12.23,0
29.16,15,3,0,0,0,0,0,90.9,3,2,46.87,0
30.27,17,3,3,0,0,0,0,88.1,3,0,10.16,0
8.77,16,3,0,0,0,0,0,32.5,1,1,12.2,0
54.97,13,3,1,0,0,0,0,41.6,1,2,19.78,0
11.37,10,1,1,0,1,0,0,181.6,0,2,9.4,1
57.32,18,1,0,1,1,0,0,155.8,2,2,13.54,0
35.52,20,12,8,0,4,0,1,157.8,2,3,21.14,1
14.65,13,2,1,0,0,0,0,50.5,2,2,30.85,0
16.78,21,2,1,0,0,0,0,32.1,2,0,33.63,0
9.53,18,1,1,0,1,0,0,38.7,1,1,24.54,0
3.95,15,2,1,0,1,0,0,1.3,1,1,6.58,0
3.49,15,2,3,0,0,0,0,122.7,2,2,11.51,0
50.1,12,2,2,0,0,0,0,116.4,2,1,67.12,0
27.65,10,0,2,0,0,0,0,14.9,2,1,33.99,0
100.97,13,8,8,0,1,0,0,214.4,4,2,10.32,0
195.62,8,4,4,0,0,0,0,151.5,1,6,11.73,0
83.62,18,2,1,0,0,0,0,25.0,4,1,25.21,0
54.82,13,1,1,1,0,0,0,5.6,0,0,12.1,0
73.41,9,0,0,0,1,0,0,6.2,2,0,54.65,0
5.96,12,2,0,1,0,0,0,18.1,0,2,48.51,0
14.74,13,2,0,0,1,0,0,67.0,0,5,34.28,0
20.98,21,1,0,0,0,0,0,35.7,1,3,23.42,0
57.27,17,2,3,0,1,0,0,63.9,0,1,24.9,0
23.29,21,3,0,0,0,0,0,133.5,3,1,301.12,0
18.23,17,3,1,0,0,0,0,175.0,2,2,16.2,0
15.39,12,3,2,0,1,0,0,24.8,2,2,21.06,0
12.83,12,0,1,0,2,0,0,30.3,0,3,49.74,0
14.67,16,2,1,0,2,0,0,74.7,2,0,26.7,0
22.36,19,4,3,1,0,0,0,35.7,3,3,19.88,0
205.33,2,2,4,1,1,0,1,255.5,3,1,15.96,0
22.13,19,1,3,0,0,0,0,11.1,1,0,90.79,0
5.51,13,3,3,0,0,0,1,9.6,2,0,11.0,0
88.84,14,3,1,0,1,0,0,111.3,1,0,34.4,0
60.38,6,5,2,1,4,0,0,376.7,6,0,37.04,0
1001.03,5,4,5,0,4,0,0,35.5,8,0,11.85,0
59.83,17,4,0,0,0,0,0,16.3,1,1,29.6,0
66.61,15,4,1,0,1,0,0,23.1,1,1,7.83,0
24.54,12,1,1,0,0,0,0,49.6,2,0,14.19,0
22.28,13,5,1,0,0,0,0,97.2,3,0,19.09,0
43.78,17,2,1,0,0,0,0,19.4,0,1,61.05,0
10.63,12,2,0,1,0,0,0,16.0,1,2,24.94,0
52.2,11,4,1,0,1,0,0,104.4,3,2,22.34,0
28.23,18,3,1,0,1,0,0,62.0,0,1,11.56,0
717.88,9,7,7,0,3,0,1,143.5,2,8,12.59,1
162.87,11,4,0,0,0,0,0,119.8,0,2,96.77,0
25.65,16,2,2,0,2,1,0,5.6,1,2,128.56,0
6.74,18,3,2,0,0,0,0,13.8,1,1,28.29,0
48.68,18,3,2,0,0,0,0,4.4,1,3,6.42,0
22.55,11,2,2,0,2,0,0,18.3,0,0,33.66,0
37.52,21,3,1,0,0,0,0,3.3,1,3,11.63,0
26.22,8,1,0,0,0,1,0,57.5,1,2,48.56,0
35.1,20,3,0,1,0,0,0,25.4,0,0,35.39,0
22.03,16,3,1,0,2,0,0,23.1,1,2,37.55,0
125.1,19,4,0,0,2,0,0,2.8,2,2,48.71,0
35.4,20,2,4,0,0,0,0,35.7,0,1,67.26,0
5.98,17,0,0,0,2,0,0,26.5,0,1,16.84,0
7.46,15,1,0,0,0,0,0,197.5,1,2,25.68,0
37.36,15,2,0,1,0,0,0,97.4,0,0,64.08,0
29.55,2,9,3,0,0,0,0,208.7,2,1,53.06,0
13.2,14,3,1,0,0,1,0,0.9,0,0,24.07,0
15.84,20,1,2,0,0,0,0,116.4,1,0,10.9,0
9.61,17,3,1,0,1,0,0,26.4,3,1,36.61,0
13.15,20,1,1,0,0,0,0,51.8,1,4,20.77,0
11.2,17,2,1,0,0,0,0,1.1,1,3,6.66,0
7.55,17,2,3,0,1,0,0,126.5,2,2,11.41,0
34.94,18,1,0,0,1,0,0,150.5,2,1,117.37,0
69.35,18,5,5,0,3,1,0,19.1,1,3,32.98,0
8.63,15,0,1,0,2,0,1,13.1,1,2,61.33,0
71.27,12,0,0,0,0,0,0,47.5,2,1,17.16,0
53.75,14,3,2,0,1,0,0,11.1,1,0,27.18,0
74.66,18,2,1,0,0,0,0,220.7,1,1,18.24,0
179.82,20,1,1,0,0,1,0,16.8,2,1,72.51,0
432.89,9,7,3,1,2,0,0,57.4,4,7,11.2,0
21.8,9,1,0,0,0,0,0,2.5,0,1,46.73,0
2.29,15,4,1,0,0,0,0,228.4,2,1,5.58,0
37.49,17,2,1,0,0,0,0,40.8,0,2,1.73,0
9.53,11,6,1,0,0,0,0,13.5,2,1,12.27,0
28.59,15,5,1,0,1,0,0,12.6,3,3,90.15,0
78.16,20,2,1,0,0,0,0,16.8,3,2,58.16,0
96.73,11,2,0,0,0,0,0,35.5,2,3,117.94,0
35.59,14,0,1,0,0,0,0,13.7,1,1,20.42,0
214.41,14,0,0,0,0,1,0,77.7,0,2,20.51,0
166.76,12,4,4,0,1,1,1,350.6,1,0,36.09,0
12.59,16,1,0,0,0,0,0,107.5,2,3,24.77,0
21.33,17,1,0,0,0,0,0,26.4,0,1,50.64,0
7.14,18,2,2,0,0,0,0,73.8,0,1,10.23,0
75.68,12,0,1,0,0,0,0,19.2,2,1,54.65,0
10.04,9,2,1,0,0,0,0,4.2,2,1,101.91,0
33.68,14,3,1,0,0,0,0,25.3,1,1,66.13,0
373.63,23,4,2,0,4,1,0,242.6,4,5,89.11,0
26.98,14,2,0,1,0,0,0,9.2,3,1,47.21,0
10.47,18,1,1,0,1,1,0,28.8,3,1,53.58,0
16.23,19,3,2,0,0,0,0,43.9,0,1,39.8,0
7.34,18,1,1,0,1,0,0,63.0,1,1,22.81,0
25.27,21,3,1,0,1,0,0,86.8,0,4,51.16,0
29.9,13,2,1,0,0,0,0,80.7,1,2,14.09,0
20.12,18,3,0,0,0,0,0,94.9,1,3,47.3,0
2.33,16,1,1,0,0,0,0,58.5,2,2,8.41,0
16.68,8,1,1,0,0,0,0,36.9,1,0,11.78,0
7.23,11,6,3,0,3,0,0,35.1,1,3,44.19,0
50.61,12,2,0,0,0,0,0,56.3,3,2,11.82,0
22.11,11,1,2,0,1,0,0,59.1,2,0,41.07,0
287.32,15,4,3,0,2,1,0,134.1,5,4,29.57,0
33.74,12,2,1,0,0,0,0,86.9,1,2,80.81,0
101.98,13,1,1,0,1,1,0,0.2,0,2,13.82,0
22.62,17,1,0,0,0,0,0,214.7,1,0,226.28,0
206.7,4,3,5,1,4,0,1,129.7,3,4,20.14,1
101.22,21,2,2,0,0,0,0,32.6,1,2,40.54,0
13.29,11,4,0,0,0,0,0,32.4,3,2,30.33,0
41.94,16,2,1,0,0,0,0,8.0,2,3,7.12,0
24.7,21,4,5,0,1,0,1,50.2,4,3,124.89,0
36.86,17,0,1,0,0,0,1,176.1,0,1,28.47,0
93.79,12,2,0,0,1,0,0,47.8,1,3,12.03,0
8.66,14,0,1,0,1,0,0,46.7,4,0,48.85,0
103.76,10,3,2,0,0,0,0,133.1,0,0,18.03,0
11.85,12,2,1,0,1,0,0,69.1,0,0,27.79,0
4.02,11,2,0,0,1,0,0,4.0,0,0,48.62,0
63.13,17,5,1,0,0,0,0,68.3,3,2,17.83,0
14.34,18,3,1,0,0,0,0,181.4,1,3,16.25,0
19.06,20,2,1,0,0,0,0,55.7,0,3,11.88,0
39.31,17,2,0,1,0,0,0,43.0,0,1,16.35,0
111.3,11,1,1,0,0,0,0,2.8,2,2,36.55,0
51.04,15,5,5,0,2,0,1,545.1,2,1,16.52,0
13.23,14,4,3,0,0,0,0,6.3,0,4,19.94,0
60.46,16,4,1,0,1,0,0,189.8,2,1,168.5,0
13.52,14,1,1,0,0,0,0,78.9,0,0,26.23,0
129.31,9,1,1,0,1,0,0,75.8,2,1,24.05,0
28.46,15,2,1,0,0,0,0,8.1,2,3,18.4,0
17.46,17,0,0,0,0,0,0,59.2,0,1,6.62,0
654.28,16,5,4,0,1,0,0,116.3,1,3,20.49,0
140.56,19,3,1,0,0,0,0,7.8,4,4,6.2,0
27.21,16,4,1,0,0,1,0,9.0,0,1,6.75,0
44.53,12,2,1,0,1,0,0,30.0,2,0,63.65,0
36.69,11,3,0,0,0,0,0,85.9,1,1,166.37,0
140.43,13,1,0,0,0,0,1,61.2,1,2,7.27,0
36.0,18,0,0,0,0,0,0,53.8,2,1,20.67,0
23.68,12,2,1,0,0,0,0,36.9,3,2,27.13,0
68.45,14,5,4,0,1,0,0,52.2,1,2,10.67,0
8.69,19,0,1,0,0,0,0,104.0,1,0,32.21,0
18.75,18,4,0,0,0,0,0,73.7,2,1,5.48,0
49.11,18,7,0,0,0,0,0,16.2,1,4,12.74,0
13.81,9,3,2,0,0,0,0,32.0,3,0,36.56,0
33.01,14,0,0,0,0,0,0,7.6,0,1,6.34,0
96.75,12,3,1,0,0,0,0,107.4,1,2,40.45,0
41.92,10,2,0,0,0,0,0,72.7,2,1,5.75,0
20.85,14,0,5,0,0,0,0,95.8,4,0,59.63,0
82.73,9,0,2,0,0,0,0,20.9,1,2,17.51,0
93.31,10,0,1,0,0,0,0,125.6,4,1,10.68,0
75.93,14,1,5,0,2,0,1,29.9,2,2,23.24,0
99.41,20,5,5,1,2,0,0,371.1,4,2,20.79,0
5.5,18,3,2,0,0,0,0,135.6,2,4,27.8,0
312.99,5,9,10,2,2,1,1,244.8,6,5,31.89,1
2.24,10,1,1,0,1,0,0,31.2,2,5,3.87,0
11.17,15,2,1,0,0,0,0,89.3,1,3,25.61,0
17.08,15,2,0,0,0,0,0,140.6,2,1,137.51,0
28.25,17,2,0,0,0,0,0,40.3,0,1,5.66,0
23.86,11,1,2,0,0,0,0,10.5,0,1,11.95,0
97.83,4,10,2,0,2,1,0,21.6,1,7,39.9,0
182.21,2,1,7,1,2,0,0,346.6,3,2,94.4,0
35.6,8,0,0,0,0,0,0,49.5,2,2,14.7,0
25.39,10,0,0,0,0,0,0,35.5,3,1,28.77,0
25.7,10,3,2,0,1,0,0,3.8,1,1,37.24,0
6.75,13,2,0,0,0,0,0,131.5,2,1,21.75,0
105.4,20,0,2,0,1,0,0,71.7,4,2,21.34,0
40.71,16,3,0,0,0,0,0,58.8,1,2,22.13,0
12.91,10,0,1,0,0,0,0,35.2,3,4,104.7,0
11.64,10,1,3,0,0,0,0,16.5,0,2,38.39,0
107.41,16,3,3,0,1,0,0,171.4,1,0,11.76,0
16.82,16,1,0,0,0,0,0,70.6,1,0,7.66,0
51.75,14,3,3,0,2,0,0,103.5,3,3,65.25,0
14.28,9,3,1,0,0,0,0,16.4,2,0,19.74,0
8.09,11,2,0,0,0,0,0,2.5,1,1,39.07,0
6.16,19,3,1,0,0,0,0,3.8,1,0,33.02,0
40.12,21,1,3,0,0,0,0,31.6,3,0,16.08,0
51.07,12,0,1,0,0,0,0,24.6,1,2,12.69,0
23.44,16,0,0,1,0,0,0,0.7,1,1,15.78,0
19.7,20,0,1,0,0,0,0,7.7,2,1,18.07,0
4.16,13,2,0,0,0,0,0,81.1,0,0,27.22,0
3.56,16,0,0,0,0,0,0,33.8,1,3,7.38,0
19.61,10,1,4,0,0,0,0,13.9,1,5,92.82,0
11.28,14,1,0,0,0,0,0,5.9,0,4,16.52,0
217.51,15,1,1,0,0,0,0,50.7,0,2,22.59,0
20.66,16,3,0,0,0,0,0,38.6,3,3,31.0,0
59.88,16,7,7,0,0,1,0,133.3,2,2,15.23,0
25.25,15,1,0,0,0,0,0,30.1,0,0,21.4,0
38.24,11,1,1,0,0,0,0,68.0,0,1,67.76,0
54.55,20,4,2,0,2,0,0,6.6,1,0,26.51,0
25.59,9,0,3,0,0,0,0,78.3,1,1,125.41,0
21.35,15,1,0,0,0,0,0,16.6,1,1,13.99,0
20.89,12,1,1,0,0,0,0,26.3,2,1,29.53,0
9.47,17,1,1,1,2,0,0,16.6,0,2,12.72,0
18.81,17,2,3,0,0,0,0,181.7,0,1,19.13,0
9.99,14,7,3,0,0,0,0,85.8,0,0,18.05,0
4.45,20,1,2,0,1,0,0,136.3,0,2,19.49,0
72.24,12,1,0,0,0,0,0,191.8,1,2,51.05,0
16.71,20,3,0,0,0,0,0,138.3,1,2,22.3,0
15.23,10,1,0,0,0,0,0,28.0,4,0,9.9,0
42.34,15,5,1,0,0,0,0,89.5,1,2,261.37,0
29.31,19,2,0,0,1,0,0,0.6,1,2,19.95,0
39.97,15,2,1,0,1,0,0,57.4,0,1,3.45,0
103.45,10,2,2,0,0,0,0,63.7,6,2,35.54,0
17.18,12,1,0,0,0,1,0,119.5,1,1,32.08,0
34.34,19,2,2,0,0,0,0,13.6,3,0,11.65,0
246.47,5,8,3,3,3,1,0,354.4,6,5,17.61,1
10.93,9,1,1,0,0,0,0,4.9,0,4,47.09,0
41.05,5,7,4,0,2,0,1,45.1,3,3,63.58,0
24.83,14,1,0,0,0,0,0,45.1,2,3,30.56,0
32.17,0,7,5,3,3,1,1,400.7,4,5,4.29,1
24.01,13,0,1,0,0,0,0,15.0,1,2,29.3,0
14.57,19,2,2,0,0,0,0,29.9,1,1,24.62,0
97.89,10,2,0,0,0,0,0,56.9,0,1,210.46,0
10.58,10,1,1,0,0,0,0,151.2,0,1,5.49,0
61.02,10,2,1,0,0,0,0,1.0,2,2,44.31,0
19.48,8,2,2,0,1,0,0,5.3,1,1,20.95,0
15.98,12,1,1,0,0,1,0,21.9,2,1,15.73,0
31.1,16,1,0,0,0,0,0,30.0,2,4,47.66,0
17.17,9,0,1,0,0,0,0,20.2,2,1,46.0,0
190.9,13,3,1,0,0,0,0,23.2,1,1,17.9,0
27.82,17,3,0,0,0,0,0,167.8,0,1,48.92,0
1681.52,6,5,5,0,2,0,1,29.7,1,7,12.61,0
5.88,10,2,0,1,0,0,0,15.0,1,1,11.54,0
14.42,14,6,1,0,3,1,1,499.1,5,7,88.07,0
21.34,14,1,1,0,0,0,0,41.2,2,1,30.77,0
32.67,14,1,0,0,0,0,0,48.3,1,2,4.52,0
14.58,10,4,1,1,0,0,0,76.5,0,2,10.83,0
15.03,16,1,2,1,0,0,0,39.0,2,0,37.99,0
21.08,13,2,1,0,0,0,0,8.0,0,3,62.83,0
68.29,2,12,8,2,3,1,0,566.6,5,5,59.65,1
9.75,13,3,0,0,0,0,0,32.0,1,1,32.58,0
27.43,14,2,1,0,0,0,0,35.2,2,1,23.22,0
29.05,14,3,1,0,1,0,1,37.9,0,2,37.34,0
93.29,11,1,1,0,0,0,0,95.8,2,1,14.14,0
140.4,14,5,7,1,5,0,1,43.3,3,1,7.3,0
20.79,9,1,2,0,0,0,0,45.2,0,1,62.03,0
113.34,9,3,0,0,1,0,1,6.7,2,2,27.17,0
33.71,13,1,0,0,0,0,0,9.9,0,2,41.59,0
27.63,15,1,2,0,0,0,0,16.9,1,4,24.08,0
42.97,8,1,0,0,0,1,0,35.6,1,3,15.92,0
29.98,19,4,2,1,0,0,0,256.2,0,3,16.14,0
29.71,9,5,3,0,1,0,0,131.2,3,3,52.08,0
34.15,11,1,3,0,0,0,0,2.2,0,1,2.77,0
83.76,9,6,3,0,4,0,1,457.1,2,2,69.87,0
92.78,11,2,1,0,0,0,0,36.2,1,0,28.58,0
10.0,23,5,3,0,1,1,0,10.0,2,2,35.95,0
28.23,11,1,0,0,0,0,0,80.7,0,1,72.44,0
43.56,16,1,1,0,0,1,0,66.9,1,2,12.56,0
110.32,23,4,4,0,1,0,1,561.2,3,6,85.77,0
73.78,13,3,2,0,1,0,0,38.8,1,0,230.25,0
9.97,19,3,1,0,0,0,0,77.1,3,2,39.84,0
15.71,17,4,0,0,0,0,0,54.2,1,2,19.23,0
92.08,2,5,4,0,0,1,1,399.9,2,1,71.19,0
36.13,20,4,1,0,0,0,0,8.0,1,0,32.48,0
22.3,19,2,1,0,0,0,0,48.6,0,2,6.79,0
22.65,21,3,1,0,0,0,0,3.5,0,0,13.7,0
15.24,17,2,1,0,1,0,0,9.2,2,3,26.08,0
46.07,18,1,1,0,0,0,0,81.1,3,0,66.34,0
19.12,20,0,2,0,0,0,0,33.9,2,0,68.5,0
239.24,16,2,1,0,0,0,0,15.3,3,0,9.13,0
58.64,9,0,0,0,0,1,0,1.5,0,2,26.75,0
23.2,8,2,0,0,1,0,0,85.3,1,1,56.95,0
17.59,18,0,0,0,1,0,0,23.0,1,2,28.77,0
18.2,12,4,0,0,0,0,0,17.6,1,1,26.0,0
3.61,14,0,2,0,0,0,0,20.7,0,3,35.14,0
281.22,2,3,4,0,1,0,0,40.0,4,2,33.45,0
11.77,14,2,0,0,0,0,0,25.8,2,0,9.06,0
25.02,16,5,0,0,1,0,0,29.7,1,3,36.21,0
4.47,9,2,0,0,1,0,0,5.9,0,0,54.21,0
129.84,11,3,0,0,1,0,0,59.4,2,3,51.54,0
3.87,16,1,3,0,2,0,0,2.3,1,1,28.23,0
29.12,21,1,1,0,0,0,0,34.8,1,0,60.24,0
8.63,12,0,0,0,0,0,0,43.8,3,1,81.55,0
200.9,2,7,3,0,2,0,0,227.0,2,5,85.86,0
12.07,14,1,2,0,0,0,0,77.3,1,1,9.73,0
31.97,12,3,1,0,1,0,0,18.3,1,2,3.45,0
13.08,11,1,0,0,1,0,0,120.6,0,1,4.66,0
23.09,16,3,1,0,0,0,0,62.8,0,1,45.47,0
16.64,16,4,2,0,0,0,0,7.3,2,3,27.84,0
41.01,20,1,0,0,1,1,0,8.3,2,1,266.77,0
12.4,9,2,1,0,2,0,0,47.2,2,0,9.1,0
29.06,13,2,2,0,0,0,0,53.4,0,2,12.0,0
46.1,10,2,2,0,0,0,0,31.3,1,2,54.0,0
18.92,8,1,0,0,0,0,0,119.0,2,1,33.55,0
73.08,0,5,5,0,2,1,0,44.5,5,3,19.24,0
14.9,9,2,1,0,2,0,0,9.3,0,2,19.9,0
31.63,9,3,0,0,0,0,0,104.2,1,2,27.63,0
83.22,15,2,0,0,2,1,0,7.0,1,1,11.31,0
68.66,14,6,7,1,0,1,1,233.3,4,7,35.54,1
14.52,10,1,0,0,0,0,0,101.9,1,0,12.18,0
17.48,19,3,1,0,0,0,0,44.5,2,0,67.36,0
34.01,12,4,2,0,0,0,0,16.7,0,0,10.06,0
17.64,15,1,2,0,0,0,0,72.6,0,3,7.77,0
15.18,18,5,1,0,0,0,0,54.7,2,1,103.59,0
21.13,14,2,0,0,0,0,0,64.4,2,1,30.24,0
41.04,7,2,3,0,5,1,0,794.9,5,1,37.5,0
42.38,14,2,0,0,0,0,0,58.2,1,1,29.02,0
34.86,8,1,3,0,1,0,0,46.3,0,1,14.15,0
31.31,13,3,1,0,0,0,0,44.7,2,2,75.06,0
36.47,19,2,1,0,1,0,0,32.0,0,4,21.22,0
12.19,15,1,1,0,1,0,0,29.6,1,0,39.67,0
905.61,12,5,3,0,3,0,0,44.3,4,5,7.05,0
31.7,16,0,1,0,0,0,0,24.6,2,3,87.45,0
29.39,9,2,0,0,0,0,0,98.6,1,2,56.32,0
21.88,12,2,1,0,1,0,0,6.2,2,4,6.71,0
22.44,15,1,1,0,0,0,0,35.1,1,2,48.55,0
81.11,21,3,4,0,0,0,0,7.6,3,0,17.54,0
48.25,11,0,2,0,0,0,0,22.5,1,0,38.94,0
22.48,15,4,0,0,0,0,0,11.4,1,2,37.76,0
62.54,23,5,4,1,3,1,1,1133.0,5,1,33.01,1
21.31,10,4,1,1,0,0,0,117.6,3,3,27.42,0
23.84,20,2,1,0,0,1,0,146.5,0,2,12.22,0
4.18,16,0,0,1,0,0,0,9.9,3,1,16.66,0
11.59,12,2,0,0,0,0,0,28.3,1,1,53.67,0
166.75,14,0,1,0,0,1,0,140.1,1,2,20.91,0
20.47,10,1,1,0,0,0,0,20.1,2,1,33.37,0
114.58,12,1,2,0,0,0,0,25.9,2,1,17.0,0
51.64,15,3,1,0,0,0,0,67.8,2,2,7.57,0
6.9,17,1,2,0,0,0,0,22.9,0,0,16.09,0
13.67,19,2,1,0,1,0,0,50.6,2,0,138.38,0
86.97,16,1,1,0,2,1,0,8.0,4,2,26.04,0
14.41,11,2,0,0,0,0,0,23.3,1,2,37.58,0
15.45,11,0,1,0,1,0,0,56.8,0,2,6.57,0
13.03,12,3,1,0,0,1,0,254.0,2,4,20.92,0
28.04,10,2,0,0,1,0,0,29.1,2,2,12.12,0
24.98,8,4,1,0,0,0,0,90.2,1,2,4.76,0
18.89,20,4,6,0,2,1,1,303.8,2,10,4.13,0
84.13,15,1,0,0,0,0,0,52.9,1,1,131.55,0
10.38,21,1,0,0,0,0,0,18.9,0,0,16.09,0
46.33,2,6,3,1,2,0,0,574.4,1,4,18.15,0
38.09,13,1,0,0,0,0,0,69.4,1,3,17.88,0
17.53,16,1,1,0,0,0,1,16.6,1,0,437.73,0
12.7,18,2,0,1,0,0,1,3.3,1,2,23.59,0
49.44,13,3,2,0,0,0,0,22.8,0,0,12.04,0
36.64,13,0,2,0,0,0,0,41.5,1,2,10.39,0
34.76,13,3,0,0,0,0,0,22.5,1,2,63.11,0
24.16,14,5,3,0,1,0,0,23.2,3,2,44.37,0
50.89,17,0,0,0,0,0,0,7.5,1,1,9.1,0
128.99,16,3,2,0,0,0,0,28.4,1,0,19.63,0
12.15,14,1,1,0,0,0,0,6.0,2,1,21.14,0
16.8,20,1,4,0,0,0,0,15.6,1,0,9.49,0
11.88,12,4,1,0,0,0,1,73.7,1,2,17.51,0
38.98,14,4,0,0,0,0,0,41.6,2,1,6.68,0
13.25,12,5,0,0,0,0,1,13.5,1,1,30.0,0
31.66,18,0,1,0,1,0,1,74.5,2,1,31.23,0
12.38,11,2,1,0,1,0,0,38.2,0,1,8.65,0
76.29,2,6,2,0,3,0,0,144.2,4,7,38.04,0
4.59,10,6,0,0,2,0,0,56.1,1,2,25.7,0
20.27,21,3,1,0,0,0,0,5.0,0,2,104.06,0
23.23,12,1,1,0,0,0,1,244.7,1,3,38.23,0
88.26,20,2,0,0,1,0,0,45.4,2,3,173.77,0
21.48,11,0,0,0,0,1,0,36.0,0,1,7.28,0
9.85,9,2,1,1,0,1,0,31.1,3,2,6.38,0
161.19,16,2,2,0,1,0,0,164.9,3,0,13.05,0
109.82,17,4,11,3,5,0,1,637.3,6,3,10.59,1
7.01,16,3,1,1,0,0,0,24.6,0,0,48.44,0
12.48,9,3,3,0,2,0,0,23.9,1,0,12.76,0
12.99,15,2,2,0,1,0,0,202.5,0,2,27.63,0
14.36,8,2,1,0,0,0,0,71.6,1,1,14.02,0
33.48,13,2,3,0,0,0,0,91.7,0,2,22.02,0
29.5,20,6,0,0,0,0,0,24.6,2,1,45.87,0
177.89,15,5,5,0,3,1,0,571.8,1,4,32.45,0
23.71,18,3,0,0,1,0,0,8.0,3,5,15.09,0
48.68,12,0,1,1,0,0,0,42.2,1,0,11.29,0
15.26,21,2,1,0,0,0,0,30.4,1,2,14.38,0
272.3,4,6,7,3,2,1,0,170.9,3,1,14.6,0
14.77,14,3,3,0,1,0,0,152.4,3,2,9.9,0
110.69,9,0,1,0,0,0,0,26.6,1,2,15.71,0
120.87,9,1,2,1,0,0,0,1.4,1,0,4.33,0
19.09,10,1,1,0,0,0,0,39.3,0,2,38.22,0
69.5,19,4,0,0,0,0,0,89.5,0,2,24.81,0
106.69,13,3,1,0,1,0,0,65.3,1,2,29.18,0
27.27,13,0,1,0,0,0,0,0.8,2,1,36.22,0
13.78,11,0,0,0,2,0,0,1.7,0,1,22.6,0
4.36,21,1,0,0,0,0,0,16.9,0,4,3.74,0
12.74,9,3,0,0,0,0,0,54.0,3,2,23.91,0
144.06,19,1,0,0,0,0,0,4.8,1,0,14.08,0
73.57,19,0,0,0,0,0,0,37.6,2,2,38.76,0
8.2,16,4,1,0,0,0,0,104.4,0,2,1.0,0
149.61,12,9,7,1,2,1,1,232.2,3,3,62.32,1
26.34,22,9,3,0,4,0,1,684.2,2,2,23.63,0
16.24,14,4,1,0,0,0,0,37.2,3,3,37.96,0
44.27,11,1,0,0,0,0,0,12.2,3,1,21.17,0
43.94,13,5,2,0,0,0,0,26.1,1,1,9.72,0
14.87,17,2,1,0,0,0,1,32.6,0,1,19.2,0
84.72,18,7,1,1,0,0,0,32.5,2,1,23.57,0
108.71,11,1,1,0,1,0,0,75.9,0,0,95.65,0
72.66,18,0,0,0,0,0,0,108.1,3,0,82.56,0
35.57,9,1,1,0,0,0,0,41.9,2,1,8.61,0
40.37,11,3,3,0,0,0,0,0.4,0,0,17.9,0
3.39,12,1,1,0,0,0,0,13.0,2,1,10.3,0
68.3,15,7,1,1,1,1,1,229.9,3,3,21.17,0
49.06,14,5,0,0,1,0,0,16.9,0,1,14.56,0
15.11,18,0,2,0,0,0,0,3.4,1,1,13.25,0
71.12,11,3,0,0,0,0,0,52.9,1,1,44.18,0
15.89,10,2,0,0,1,0,0,13.4,3,4,14.34,0
37.8,11,0,0,0,0,0,0,26.3,1,3,25.85,0
6.46,15,2,1,0,0,0,0,61.0,2,1,10.95,0
14.09,16,0,3,0,0,0,0,9.3,2,1,11.58,0
19.28,16,1,4,0,0,0,1,9.4,1,4,10.13,0
20.45,10,2,0,0,1,1,0,30.5,2,2,27.26,0
10.64,16,1,0,0,0,0,0,26.7,0,2,43.63,0
53.88,10,2,2,1,0,0,0,52.6,2,2,20.03,0
224.07,12,3,0,0,1,0,0,78.4,1,0,3.57,0
42.99,18,4,2,0,0,0,0,20.9,1,0,30.51,0
20.22,16,0,1,0,0,0,0,27.8,1,0,39.94,0
104.67,9,6,6,0,1,1,0,162.8,4,3,86.93,0
52.78,19,3,2,0,0,0,0,98.2,1,0,51.88,0
8.74,18,3,3,0,0,0,0,43.1,1,1,107.62,0
8.22,10,1,0,0,0,0,0,8.4,3,1,27.6,0
142.8,6,9,2,0,4,1,0,176.4,2,2,94.34,0
48.11,10,1,2,0,0,0,0,61.1,2,2,53.6,0
17.68,14,3,1,0,0,0,0,9.3,1,1,62.35,0
6.17,13,0,0,0,1,0,0,13.3,0,2,25.58,0
76.97,15,1,0,0,0,0,0,44.8,3,0,39.0,0
16.77,14,0,0,0,0,1,0,27.4,4,2,13.01,0
23.79,19,3,1,0,0,0,0,45.1,1,0,146.51,0
68.09,16,1,1,0,0,0,0,14.3,1,2,85.63,0
28.95,16,2,0,0,0,0,0,2.6,1,0,30.23,0
26.12,9,3,1,0,1,0,0,9.4,2,1,116.57,0
25.37,14,1,2,0,1,0,0,73.9,0,0,11.69,0
11.83,8,4,2,0,0,0,0,19.1,1,2,12.94,0
21.81,21,2,0,0,0,0,0,5.0,0,2,24.39,0
82.2,10,3,1,0,0,0,0,48.2,1,0,9.42,0
8.49,12,1,1,0,0,0,0,240.7,1,2,21.56,0
40.95,9,1,0,0,0,0,0,16.2,3,1,28.05,0
27.77,16,2,0,0,0,0,0,46.1,1,0,8.39,0
36.73,15,3,1,1,0,0,0,59.8,3,0,5.97,0
19.62,17,1,0,0,0,0,0,10.6,2,0,87.08,0
18.36,21,2,2,0,0,0,0,59.1,0,0,22.36,0
27.22,16,1,1,0,0,0,0,23.6,0,2,35.3,0
45.02,12,2,0,0,1,0,0,77.8,2,0,16.48,0
126.32,19,0,0,1,1,0,0,18.8,3,4,17.99,0
34.87,10,2,1,0,1,0,0,4.2,4,6,33.33,0
63.75,12,3,1,0,0,0,0,66.1,1,2,22.34,0
77.92,17,3,0,0,0,0,0,15.9,3,0,12.18,0
6.09,14,3,3,0,1,0,0,138.9,1,1,60.58,0
6.81,18,3,1,0,2,0,0,2.1,0,0,35.86,0
124.72,22,9,6,1,5,0,0,660.7,2,6,31.52,0
492.73,4,9,4,2,2,1,1,522.7,7,3,13.75,1
33.46,12,1,3,0,0,0,0,11.2,1,3,54.66,0
14.51,11,5,0,0,1,0,0,7.5,1,3,154.58,0
36.98,16,4,1,0,0,0,0,18.5,0,1,18.08,0
107.59,17,2,2,0,1,0,0,59.6,3,4,87.25,0
23.38,18,3,6,0,0,0,0,44.0,3,0,34.15,0
129.8,16,0,3,0,0,0,0,188.6,2,1,15.25,0
17.67,13,1,2,0,0,0,0,223.5,1,0,52.11,0
12.16,17,0,1,0,0,0,0,61.4,3,2,19.08,0
93.43,11,1,2,0,0,0,0,29.3,1,0,21.21,0
15.59,12,5,1,0,1,0,0,20.4,0,1,46.72,0
18.48,20,1,0,0,0,0,1,4.3,1,1,64.59,0
14.26,14,5,1,0,0,0,0,23.8,4,0,25.88,0
38.5,18,3,0,0,0,1,0,89.3,2,2,18.8,0
62.51,19,3,1,0,0,1,0,40.8,0,2,9.08,0
4.22,17,0,3,0,0,0,0,84.7,1,1,9.34,0
22.36,19,1,2,0,0,0,0,11.1,2,1,56.47,0
30.81,20,2,0,0,0,0,0,18.8,3,2,18.96,0
9.24,18,2,2,0,0,0,0,97.5,0,0,28.33,0
55.1,20,3,2,0,2,0,0,59.7,0,1,11.74,0
96.48,10,0,0,0,0,0,0,36.8,4,0,8.12,0
35.55,15,1,1,0,0,0,0,7.3,0,2,15.53,0
17.54,9,3,1,0,1,0,0,129.7,1,1,23.92,0
16.78,11,1,1,1,0,0,0,92.4,2,2,6.11,0
45.32,16,3,0,0,1,0,0,36.9,1,3,50.24,0
60.81,20,3,0,0,0,0,0,8.3,2,0,32.5,0
19.94,17,1,0,0,0,0,0,61.0,0,2,15.35,0
11.28,16,1,1,0,0,0,0,20.1,0,2,28.18,0
30.54,15,1,1,0,0,0,0,24.9,1,2,13.83,0
9.01,14,1,2,1,0,0,0,56.5,2,0,86.36,0
65.46,16,1,0,0,0,0,0,58.6,0,1,44.25,0
16.45,17,3,4,0,1,0,0,155.6,3,2,5.49,0
63.2,15,0,1,0,1,0,0,51.8,1,0,17.96,0
48.39,12,1,1,0,1,0,0,27.6,1,4,90.57,0
31.5,19,1,1,0,0,0,0,88.4,0,3,36.21,0
98.04,9,6,4,0,4,0,0,53.3,2,1,4.19,0
11.97,13,3,0,0,0,0,0,53.7,0,5,15.76,0
131.04,16,1,0,0,0,0,0,27.9,5,1,45.96,0
17.0,20,3,1,0,0,0,0,9.3,3,0,11.13,0
10.16,15,1,1,0,0,0,0,98.3,0,1,34.81,0
57.84,12,0,1,0,0,1,0,2.8,3,2,14.83,0
8.58,9,7,4,0,0,0,0,77.0,1,2,14.73,0
28.81,19,2,2,0,2,0,0,4.9,1,1,31.28,0
111.05,13,1,0,0,0,0,0,5.5,1,1,45.64,0
9.61,20,2,0,1,0,0,0,29.0,0,0,21.52,0
80.68,14,2,0,0,0,0,0,11.1,0,1,59.12,0
3.67,21,3,2,0,0,0,0,14.0,2,2,15.86,0
244.81,15,7,7,1,4,1,1,391.2,6,5,31.73,1
7.68,20,3,0,0,0,0,0,126.9,1,4,43.69,0
15.24,18,3,1,0,1,0,0,18.5,3,2,46.6,0
61.08,9,2,0,0,0,0,0,108.9,2,1,62.1,0
74.39,8,3,1,0,0,0,0,30.1,0,0,27.31,0
92.57,19,4,0,0,0,0,0,59.4,0,1,13.14,0
3.54,15,3,4,0,0,1,0,0.1,3,2,8.63,0
12.27,17,1,1,0,1,1,1,40.6,0,0,12.75,0
65.11,12,3,1,0,0,0,0,8.7,1,2,38.19,0
9.13,9,2,3,0,0,0,0,2.9,0,3,6.67,0
12.28,20,2,0,0,0,0,0,155.8,0,1,52.53,0
14.4,19,3,0,0,0,0,0,140.2,1,2,29.9,0
41.9,14,2,3,0,1,0,0,8.7,4,3,11.65,0
19.36,10,3,2,0,1,0,0,2.9,0,1,10.94,0
18.79,14,5,2,0,0,0,1,105.2,1,0,26.81,0
54.59,14,2,1,0,0,0,0,97.5,3,0,18.59,0
15.32,16,4,0,0,0,0,0,31.1,0,1,25.0,0
29.65,17,2,1,0,0,0,0,4.3,1,3,14.6,0
49.5,18,4,0,0,0,0,0,5.1,2,2,7.84,0
20.49,11,2,1,0,0,0,0,19.1,1,3,8.35,0
59.99,14,2,0,0,0,0,0,67.9,0,4,94.11,0
29.4,19,4,0,0,4,0,0,1.2,0,0,43.59,0
96.71,14,1,0,0,0,0,0,17.2,6,2,61.37,0
52.46,3,3,3,0,3,0,0,312.2,2,10,8.87,0
8.36,18,6,2,0,0,0,1,20.2,1,1,65.67,0
39.31,20,5,5,0,4,1,1,358.1,4,3,16.5,0
235.47,15,18,7,0,4,0,1,627.1,7,6,7.99,1
5.67,19,1,3,0,0,0,0,57.4,3,1,11.4,0
65.06,12,1,0,0,0,0,0,3.3,1,0,27.16,0
23.29,16,1,2,0,0,0,0,16.6,1,3,26.82,0
43.34,16,0,0,1,0,0,0,17.4,1,3,60.7,0
17.44,18,0,2,0,0,0,0,73.3,1,1,10.48,0
28.74,9,0,0,0,0,0,0,101.0,0,0,20.9,0
171.98,23,8,6,1,2,1,0,41.4,0,1,44.71,0
31.01,11,0,0,0,1,0,0,83.3,0,3,33.48,0
18.34,21,1,0,0,0,0,0,17.0,1,1,50.65,0
34.65,12,0,1,0,0,0,0,157.5,3,2,11.82,0
38.02,14,5,0,0,0,0,0,51.2,0,0,20.5,0
72.52,14,1,3,0,1,0,0,50.5,1,2,14.7,0
124.3,21,2,2,0,1,0,0,12.6,2,2,27.34,0
6.83,11,3,1,0,0,0,0,21.7,0,2,34.24,0
79.37,12,2,1,0,0,0,0,5.2,1,1,6.87,0
6.03,13,2,1,1,1,0,0,50.7,0,3,8.47,0
42.09,10,2,0,0,1,0,0,59.6,1,1,7.7,0
142.57,10,3,0,0,1,0,0,48.0,1,1,85.46,0
35.63,20,2,2,0,0,0,0,76.5,1,1,24.73,0
116.62,20,2,0,2,1,0,0,30.5,0,3,2.74,0
44.36,18,2,2,1,1,0,0,30.1,1,4,46.58,0
26.05,16,2,1,0,1,0,0,31.9,1,3,37.12,0
44.5,18,2,1,0,0,0,0,68.5,6,3,50.9,0
8.5,13,1,3,0,0,0,0,71.0,2,2,14.86,0
705.3,10,5,1,0,1,1,0,41.4,2,1,40.16,0
74.72,18,3,0,0,0,0,0,12.7,2,4,12.77,0
32.85,12,3,0,0,0,0,0,56.4,2,1,34.38,0
73.92,12,2,0,0,0,0,0,2.1,1,0,8.64,0
67.72,20,0,1,0,1,0,0,61.4,2,2,39.08,0
25.98,15,1,2,1,0,0,0,4.1,1,2,26.34,0
19.28,10,3,1,0,0,0,0,42.6,0,0,10.65,0
11.34,17,1,2,0,0,0,0,19.5,0,5,23.84,0
25.78,11,2,1,0,0,0,0,170.6,1,0,18.56,0
45.73,13,5,0,0,0,0,0,128.4,0,4,59.11,0
17.51,18,0,1,0,1,0,0,30.2,1,0,92.72,0
10.31,9,4,1,0,1,0,0,45.2,2,0,26.18,0
28.49,11,2,1,0,0,0,0,115.7,1,2,8.72,0
120.74,11,5,4,0,2,0,0,673.1,3,5,111.13,0
5.21,14,6,1,0,0,0,0,11.8,3,0,71.8,0
122.89,17,2,3,0,0,0,0,14.0,2,3,27.73,0
28.65,10,0,0,0,1,0,0,71.8,3,1,61.39,0
16.6,9,0,1,0,1,0,0,33.3,0,3,28.72,0
9.96,15,2,0,0,0,0,1,83.3,1,2,29.1,0
120.97,12,3,1,0,0,0,0,6.3,0,2,54.0,0
8.26,13,4,3,0,1,0,0,16.1,0,2,15.36,0
85.82,3,7,3,1,0,0,1,115.7,6,6,8.6,1
53.68,10,0,2,0,1,0,0,21.3,2,1,20.12,0
12.09,15,2,0,0,0,0,0,1.6,3,1,27.74,0
16.64,14,1,1,0,1,0,0,8.0,3,1,41.22,0
60.56,14,2,0,0,1,0,0,27.1,2,1,19.02,0
38.53,9,5,0,0,1,0,0,5.4,1,1,15.51,0
100.97,10,2,0,0,0,0,0,98.7,1,0,49.22,0
23.46,17,3,1,0,0,0,0,14.6,1,2,220.22,0
16.63,11,3,1,0,0,0,0,32.4,1,1,70.43,0
41.78,18,1,0,0,1,0,0,36.9,1,0,164.2,0
14.44,12,1,2,0,0,0,0,60.6,2,3,48.79,0
17.04,13,3,1,0,1,0,0,41.5,1,4,9.98,0
6.47,13,1,0,0,0,0,0,61.1,0,2,8.41,0
26.57,15,4,1,0,0,0,0,43.9,0,0,165.48,0
19.35,16,1,2,0,1,0,0,144.5,1,3,43.32,0
3.85,12,3,1,0,0,0,0,80.7,1,1,25.15,0
39.73,11,0,2,0,0,0,0,184.0,1,1,62.77,0
28.05,14,2,1,0,0,0,0,66.4,0,0,12.84,0
11.02,15,1,1,0,0,0,0,58.6,1,1,11.43,0
71.56,18,0,1,0,0,0,0,27.6,1,2,87.83,0
20.79,21,2,0,0,0,0,0,110.2,1,0,42.46,0
38.46,10,3,1,0,0,0,0,12.9,2,2,45.61,0
59.92,19,5,1,0,1,0,0,63.3,4,0,37.78,0
46.04,10,1,2,0,0,0,0,15.5,1,2,60.9,0
16.4,3,4,2,0,0,0,0,466.9,4,0,18.18,0
27.32,20,2,1,0,0,1,0,21.1,1,1,11.47,0
14.61,19,0,1,0,0,0,0,13.2,1,1,11.78,0
29.47,17,4,0,0,2,0,0,3.9,1,1,18.61,0
37.25,15,0,2,0,0,0,0,1.5,1,3,18.41,0
8.14,11,2,1,0,1,0,0,40.3,2,0,16.71,0
60.06,12,3,0,0,0,0,0,52.1,2,2,16.27,0
134.81,9,0,0,1,0,0,0,32.6,1,0,4.81,0
30.35,20,2,0,0,0,0,0,24.6,2,3,27.49,0
41.95,14,1,0,0,0,0,0,59.7,2,2,3.96,0
33.04,8,2,0,0,1,0,0,28.9,1,3,75.85,0
26.64,11,3,1,0,0,0,0,43.9,1,1,108.27,0
13.51,13,1,1,0,0,0,0,177.4,1,1,76.63,0
35.34,5,1,2,0,0,1,0,293.8,5,4,40.78,0
24.97,16,3,0,0,1,0,0,12.7,0,3,72.7,0
2.45,17,0,2,0,0,0,0,5.7,0,0,34.69,0
37.6,14,3,1,0,0,1,0,195.7,4,2,44.62,0
31.2,16,1,1,0,0,0,0,47.5,1,1,8.9,0
31.25,13,4,2,0,1,0,0,1.7,0,1,4.38,0
22.62,21,1,3,0,0,0,1,11.8,1,3,92.91,0
16.18,16,1,1,0,1,0,0,197.1,0,0,19.68,0
14.46,13,2,1,0,0,0,0,80.2,1,1,10.16,0
62.61,12,2,1,0,0,0,0,1.9,2,2,13.39,0
4.07,8,4,2,0,0,1,0,15.9,0,2,12.34,0
76.87,9,1,1,0,0,0,0,151.5,3,3,29.27,0
103.6,17,2,1,0,0,0,0,5.8,2,5,36.47,0
2.21,16,1,0,0,0,0,0,46.5,0,0,29.49,0
20.44,8,3,1,0,1,0,0,22.2,1,0,8.76,0
8.35,18,1,2,0,0,0,0,57.9,1,2,10.29,0
60.2,17,1,1,0,0,0,0,12.9,0,2,22.84,0
51.19,10,2,2,0,0,0,0,46.0,2,1,11.02,0
72.54,8,4,3,0,0,0,0,29.3,1,2,248.53,0
32.86,21,2,2,0,0,0,0,40.3,1,1,12.06,0
11.7,15,2,1,0,1,0,0,68.3,2,0,35.86,0
46.49,14,2,0,0,1,0,0,41.7,1,2,15.03,0
6.82,15,1,1,0,0,0,0,88.0,1,4,66.41,0
22.44,13,1,0,0,0,1,0,52.6,0,2,6.35,0
31.28,15,1,2,0,1,0,0,8.6,2,3,31.85,0
17.56,9,0,0,0,0,0,0,39.4,2,2,22.95,0
7.45,17,2,1,0,0,0,1,22.9,2,2,143.35,0
36.26,15,2,2,0,0,0,0,17.9,2,2,25.63,0
179.22,15,6,0,0,1,0,0,10.2,2,0,24.63,0
44.32,18,1,1,0,0,1,0,8.1,1,0,4.35,0
85.34,19,4,0,0,0,0,0,26.4,2,2,91.53,0
24.19,12,1,0,0,0,0,0,74.5,1,0,40.2,0
55.92,20,4,1,0,1,0,0,61.1,2,1,61.34,0
22.12,16,0,0,0,0,0,0,116.7,0,3,19.87,0
34.61,17,3,1,0,0,0,0,17.6,1,1,21.64,0
25.85,13,4,5,1,2,1,0,63.4,1,3,89.98,0
55.68,15,3,0,0,1,1,0,55.5,2,3,54.76,0
27.28,19,1,0,0,0,0,0,10.7,1,0,29.71,0
21.09,15,0,1,0,0,0,0,2.8,0,5,15.04,0
11.0,10,2,0,0,0,0,0,5.0,0,1,34.01,0
40.37,12,4,3,0,0,0,0,24.1,1,1,43.22,0
41.6,18,3,4,0,0,0,0,3.0,1,1,18.39,0
18.24,12,2,0,0,0,0,0,58.2,2,1,66.18,0
84.21,14,2,0,0,0,0,0,2.4,1,1,15.24,0
21.06,20,1,3,0,0,0,0,15.0,0,1,14.12,0
15.01,10,5,0,0,0,0,0,7.9,1,0,19.6,0
31.25,13,2,2,0,2,0,0,0.8,0,3,40.17,0
10.72,12,5,3,0,0,0,0,12.6,0,2,26.21,0
100.41,15,4,1,0,0,0,0,10.3,0,5,18.75,0
59.89,17,1,0,0,0,0,0,107.6,2,2,13.45,0
17.91,18,2,2,0,0,0,0,2.7,1,0,30.19,0
23.07,13,2,0,0,1,0,0,1.1,2,3,9.28,0
16.32,17,0,1,0,0,0,0,76.1,1,1,70.31,0
28.86,16,2,0,0,0,0,1,2.5,1,2,16.44,0
25.41,9,2,1,0,2,0,0,0.2,0,0,11.19,0
5.11,20,4,0,0,1,0,0,60.9,0,3,28.83,0
61.77,15,3,0,1,0,0,0,16.7,0,2,45.21,0
73.71,8,0,1,0,0,0,0,53.9,1,0,64.83,0
82.14,11,4,2,0,2,0,0,353.9,3,3,13.52,0
150.82,18,1,2,0,0,0,0,40.0,0,3,21.78,1
979.32,2,2,5,1,0,1,0,190.4,4,6,18.08,0
103.67,19,1,2,0,0,0,0,64.4,0,0,17.89,0
44.26,20,2,0,0,0,0,0,36.6,1,1,38.77,0
33.76,15,4,1,0,1,0,0,70.1,3,1,22.98,0
104.84,17,2,2,0,0,1,0,11.8,1,2,24.06,0
12.42,10,1,1,0,0,0,0,2.8,0,3,52.27,0
20.49,14,2,0,0,1,0,0,28.9,2,1,16.79,0
53.69,12,2,1,0,0,0,0,51.5,2,1,39.05,0
47.1,17,1,1,0,0,0,0,19.1,0,1,53.15,0
49.35,12,0,0,0,1,0,0,66.3,2,0,25.16,0
145.86,18,3,7,1,2,0,1,230.8,3,5,7.62,0
87.37,17,1,1,0,0,0,0,25.1,2,2,75.76,0
2.61,8,2,1,0,1,0,0,19.7,3,2,8.14,0
23.03,9,1,1,0,0,1,0,53.7,1,1,6.12,0
39.18,2,2,5,0,1,0,0,131.1,0,6,11.56,0
32.65,8,1,0,0,0,0,0,44.5,4,1,74.36,0
37.66,18,0,0,0,0,0,0,49.9,1,1,61.05,0
18.29,17,3,2,1,1,0,0,5.8,0,2,12.12,0
23.11,14,3,3,1,0,0,0,54.8,1,2,12.43,0
24.75,17,2,3,0,1,0,0,27.9,1,5,27.99,0
16.33,14,4,1,0,0,0,1,0.9,1,1,14.99,0
211.09,10,0,1,0,0,0,0,50.1,3,1,9.85,0
32.65,13,2,1,0,1,0,0,47.2,1,0,41.74,0
88.36,21,4,3,1,1,0,0,3.5,2,5,37.83,0
39.41,12,0,1,0,1,0,0,124.7,0,2,24.32,0
18.99,19,1,3,0,0,0,0,47.7,1,1,53.36,0
31.55,8,1,0,0,0,0,0,10.2,1,1,24.32,0
18.03,14,0,0,0,0,0,0,69.7,0,0,29.15,0
4.4,14,4,0,0,0,0,0,15.2,1,1,57.54,0
66.09,15,2,6,0,3,0,1,79.8,3,3,17.16,0
28.73,10,3,1,0,0,0,0,222.8,1,2,23.75,0
35.47,11,0,0,0,0,0,0,5.1,1,1,9.56,0
56.68,9,4,1,0,0,0,0,23.0,0,0,49.02,0
27.07,13,0,1,0,3,0,0,2.2,2,2,34.35,0
17.54,15,2,1,0,0,0,0,65.4,0,2,31.86,0
13.41,14,1,0,0,0,0,0,169.8,1,1,25.19,0
6.86,14,3,0,0,1,0,0,74.0,0,1,13.7,0
51.17,11,5,3,1,1,0,0,28.9,1,4,11.3,0
55.5,20,2,2,0,0,0,0,55.4,1,1,13.57,0
7.94,9,1,2,0,0,0,0,46.9,1,1,62.85,0
49.65,15,4,0,0,0,0,1,5.1,0,2,36.26,0
54.15,11,5,2,1,1,0,0,58.0,4,5,5.96,0
105.89,19,3,3,0,1,0,0,127.7,3,0,15.1,0
102.27,0,8,4,0,3,1,1,413.6,1,8,35.94,1
22.39,18,1,0,0,1,0,0,25.1,0,3,64.37,0
60.39,9,3,0,0,0,1,0,136.9,4,3,76.27,0
66.47,17,4,0,0,0,1,0,55.3,0,2,50.05,0
21.61,11,1,1,0,0,0,0,12.5,2,0,25.39,0
29.48,19,3,1,0,0,0,1,17.0,0,1,21.05,0
64.74,18,3,2,0,1,0,0,38.4,1,2,44.06,0
62.7,17,1,0,0,0,0,0,21.3,2,3,35.81,0
14.22,13,0,2,0,0,0,0,29.3,2,1,39.68,0
33.64,18,1,1,0,0,0,0,42.5,1,1,39.14,0
13.26,16,0,1,0,1,0,0,8.5,1,3,29.39,0
175.64,17,9,8,2,2,1,1,401.5,7,8,22.86,1
3.11,12,5,1,0,0,0,0,36.1,1,0,127.54,0
49.88,17,2,1,0,0,0,0,93.3,2,2,8.5,0
26.97,14,1,2,0,1,0,0,27.4,0,2,32.47,0
13.71,13,5,2,0,0,0,1,33.5,0,0,22.03,0
6.4,11,3,0,0,1,0,0,9.1,3,0,11.15,0
33.77,9,2,0,0,1,1,0,106.2,1,2,27.78,0
22.8,18,1,1,0,0,0,0,124.9,2,2,12.14,0
32.61,13,1,3,0,0,0,0,66.1,0,3,71.28,0
13.26,9,1,0,0,0,0,0,5.9,0,2,28.05,0
81.43,19,0,1,0,0,0,0,13.1,1,0,91.82,0
33.51,11,0,0,0,0,0,0,36.0,2,2,21.92,0
126.48,19,1,2,0,0,0,0,13.7,1,1,130.68,0
41.93,11,2,0,0,0,0,0,8.7,1,2,18.62,0
15.99,20,2,2,0,0,0,0,107.3,2,3,15.38,0
8.66,17,0,2,0,0,0,0,45.0,0,1,15.28,0
12.67,10,2,0,0,0,0,0,3.8,2,1,20.58,0
6.85,17,2,0,0,0,0,0,9.0,1,4,13.61,0
49.7,16,2,2,0,0,0,0,7.7,2,3,27.62,0
22.19,10,2,1,0,0,0,0,159.6,1,2,15.4,0
4.55,18,1,1,0,1,0,0,182.0,1,0,55.78,0
44.24,8,2,2,1,0,0,0,29.7,0,1,5.06,0
11.8,9,3,0,0,0,0,0,32.3,2,1,14.03,0
80.16,5,4,1,0,3,0,0,98.3,4,2,38.82,0
44.9,15,0,2,0,0,0,0,149.7,3,3,12.79,0
95.83,14,3,0,0,0,0,0,58.6,1,1,13.42,0
30.75,13,4,1,1,0,0,0,19.0,2,4,64.31,0
28.59,8,2,0,0,0,0,0,8.0,2,2,37.42,0
965.46,23,4,3,1,1,1,0,38.2,0,6,28.68,0
10.21,20,4,1,1,1,0,0,63.6,0,1,28.94,0
66.94,20,0,1,1,1,0,0,22.5,4,1,36.31,0
20.36,21,2,0,0,0,0,0,80.5,0,1,73.19,0
7.22,10,1,1,0,0,0,0,10.4,0,1,47.37,0
44.65,20,1,1,1,1,0,0,105.7,1,0,29.92,0
13.86,10,2,0,0,0,0,0,24.4,4,4,16.99,0
7.76,18,5,0,0,2,0,0,77.9,2,1,13.49,0
37.5,21,4,1,0,0,0,0,38.7,1,0,73.39,0
49.23,13,1,1,0,1,0,0,3.3,1,0,7.36,0
9.44,11,3,1,0,0,0,0,35.5,0,1,39.92,0
9.28,15,3,2,0,0,0,0,15.8,1,1,16.16,0
19.18,19,4,1,0,0,0,0,29.1,3,1,11.91,0
34.45,14,2,6,0,1,0,0,58.4,1,4,36.31,0
97.11,5,4,6,3,0,1,1,50.0,4,3,22.96,1
28.03,12,0,2,0,1,0,0,42.7,2,2,7.93,0
50.34,13,2,3,0,0,0,0,13.0,3,2,39.28,0
17.74,9,1,2,0,0,0,1,5.0,1,2,23.71,0
25.57,14,2,1,0,2,0,0,20.6,3,0,110.53,0
8.25,17,2,0,0,0,0,0,24.8,1,1,16.1,0
22.38,17,1,3,0,2,0,0,17.5,2,3,10.82,0
16.48,10,4,1,0,0,0,0,24.3,2,3,22.04,0
209.96,4,5,3,0,2,0,0,163.7,5,8,33.78,0
57.14,13,5,3,1,0,0,0,120.9,2,3,18.84,1
22.1,10,2,1,0,1,0,0,17.4,1,1,30.5,0
11.35,18,2,1,0,0,0,0,102.2,0,0,15.09,0
53.76,15,1,2,0,0,0,0,36.7,1,2,16.84,0
9.46,14,0,1,0,0,0,0,17.9,1,0,34.97,0
16.15,9,2,1,0,1,0,0,38.3,0,1,12.94,0
80.66,18,2,1,0,0,0,0,1.3,0,1,23.61,0
10.06,19,1,1,0,1,0,0,21.4,2,1,96.94,0
73.13,4,3,2,1,2,1,0,23.8,1,5,58.84,0
262.15,6,1,9,0,2,0,1,346.6,3,1,18.75,0
111.69,9,7,5,0,3,1,0,410.2,4,2,36.91,0
53.53,12,1,1,0,2,0,0,146.3,0,1,14.7,0
74.19,21,1,3,0,0,0,0,43.4,1,0,49.31,0
15.76,14,2,1,0,1,0,0,17.1,2,0,67.93,0
53.91,18,1,2,0,0,0,0,49.4,1,0,9.54,0
24.02,18,2,0,0,0,0,0,41.5,1,0,8.56,0
24.37,12,3,3,0,1,0,0,4.5,0,4,26.91,0
15.89,19,3,1,0,0,0,0,52.5,1,1,21.06,0
42.47,14,4,0,0,1,1,0,153.1,1,1,30.22,0
62.43,14,3,0,0,1,0,0,134.1,2,0,12.54,0
33.55,17,1,0,0,0,0,0,67.9,1,1,213.34,0
7.14,17,6,1,0,0,0,0,7.5,3,0,39.35,0
29.29,20,4,0,0,0,0,0,70.6,1,1,13.15,0
166.09,18,6,3,0,0,0,1,13.4,5,1,6.25,0
53.23,20,6,1,1,0,0,0,73.4,2,2,4.2,0
55.27,16,2,0,0,1,0,0,73.7,1,3,9.11,0
8.28,10,1,1,0,0,0,0,18.0,1,1,28.73,0
17.25,20,3,1,0,0,0,0,25.5,1,2,14.18,0
27.46,18,2,2,0,1,0,0,10.3,2,3,130.78,0
56.89,19,0,2,0,0,0,0,21.4,1,1,37.42,0
84.03,16,0,2,0,0,0,0,6.8,1,1,12.56,0
27.89,19,1,1,0,0,0,0,34.5,0,1,26.76,0
37.13,11,2,2,0,1,0,0,16.8,0,1,35.83,0
32.41,9,2,2,0,1,0,1,22.7,2,0,10.09,0
88.08,14,5,7,0,3,1,1,10.0,3,3,18.49,0
2.65,18,1,0,0,0,0,0,74.8,0,1,23.99,0
26.37,6,6,3,0,2,0,1,541.1,4,3,13.11,0
30.97,15,3,0,0,0,0,0,0.6,0,0,86.48,0
14.69,17,1,1,0,0,0,0,53.7,0,2,50.7,0
509.24,9,2,4,0,0,0,1,10.0,3,0,25.18,0
99.65,15,2,1,1,0,0,0,39.6,0,1,5.98,0
18.7,15,2,0,0,0,0,1,41.3,0,1,16.86,0
108.32,8,3,2,0,4,0,0,99.5,3,3,31.37,0
11.94,21,2,0,0,1,0,0,106.9,2,1,54.4,0
29.65,18,1,0,0,2,0,0,33.1,0,1,37.79,0
216.16,15,0,0,0,1,0,1,30.1,0,0,52.4,0
16.73,17,3,1,0,0,0,0,8.2,0,1,25.24,0
30.07,17,4,2,0,4,1,0,179.3,4,3,50.47,0
21.73,14,4,0,0,1,0,0,7.5,0,3,216.54,0
15.26,16,1,0,0,0,0,0,60.3,0,0,32.81,0
18.5,11,0,1,1,1,0,0,66.0,0,1,62.29,0
363.01,15,4,4,0,4,0,1,27.8,4,2,31.81,0
167.2,9,1,0,0,0,0,0,53.9,2,1,39.18,0
153.05,12,3,1,0,0,0,0,76.5,1,3,16.85,0
36.98,14,0,2,0,1,0,0,90.0,3,1,33.52,0
28.56,9,2,1,0,0,0,0,61.3,1,1,2.89,0
259.82,2,7,6,0,2,0,0,84.4,6,2,32.09,0
13.27,16,2,0,0,0,0,0,165.0,0,4,23.04,0
9.28,19,1,1,0,0,0,0,16.8,1,2,2.99,0
20.58,8,2,0,0,0,0,0,191.1,1,3,132.98,0
11.13,18,1,1,0,0,0,0,1.9,1,2,16.99,0
62.11,18,5,0,0,0,0,0,41.2,3,1,71.61,0
37.87,16,1,0,0,1,0,0,5.0,2,0,69.91,0
6.16,9,1,0,0,0,0,0,78.5,0,1,83.77,0
23.44,21,3,1,0,1,1,0,32.0,0,0,9.31,0
56.28,16,2,0,0,0,0,0,10.7,3,2,11.96,0
37.42,19,0,0,0,0,0,0,23.9,1,1,23.18,0
20.01,17,2,1,0,0,0,0,32.0,2,0,14.76,0
25.53,17,4,1,0,0,0,0,8.9,2,1,86.51,0
57.67,15,2,1,0,1,0,0,136.7,2,4,20.1,0
21.48,16,2,2,0,2,0,0,3.3,0,3,16.09,0
73.96,14,6,4,1,3,0,0,154.7,4,7,61.3,0
31.05,17,2,1,0,0,0,0,7.5,1,3,49.32,0
7.78,15,0,0,0,0,0,0,20.7,1,3,99.47,0
49.97,14,2,0,0,0,0,0,66.9,1,0,30.61,0
26.75,21,0,1,1,0,0,0,9.0,0,0,48.86,0
11.48,18,5,0,0,0,0,0,19.7,1,1,18.05,0
21.72,15,2,2,0,0,0,0,17.2,1,2,55.82,0
50.57,12,3,0,0,1,0,0,16.2,2,0,90.96,0
59.22,15,0,4,0,1,0,0,79.7,0,0,15.34,0
5.84,8,1,1,0,0,0,0,59.8,1,4,10.15,0
40.14,19,1,3,0,0,0,0,28.3,1,2,68.36,0
607.57,15,4,3,0,1,0,0,16.2,2,1,41.99,0
30.1,8,3,0,0,0,0,0,7.0,1,1,73.94,0
30.43,10,2,2,0,0,0,0,20.0,0,2,14.19,0
117.77,6,4,5,0,3,1,0,474.6,2,5,417.38,0
63.17,19,1,0,0,1,0,0,81.8,2,1,81.88,0
12.72,15,0,1,0,0,0,0,139.4,2,2,32.76,0
253.16,12,6,9,5,3,1,1,653.4,5,4,37.97,1
17.25,14,0,1,0,1,0,0,49.2,0,1,24.07,0
13.89,19,1,1,0,2,0,0,95.4,3,1,35.46,0
8.62,9,1,1,0,0,0,0,1.4,1,1,7.85,0
14.15,14,2,1,0,1,1,0,9.0,1,3,36.51,0
29.57,15,2,0,0,1,0,0,0.8,0,2,19.31,0
100.88,19,1,0,0,0,0,0,105.9,3,0,24.71,0
19.17,15,6,1,0,0,0,0,141.1,2,1,19.97,0
12.32,11,3,1,0,0,0,0,48.6,0,0,65.29,0
144.8,1,5,5,2,2,1,0,269.2,3,9,11.38,1
3.68,21,3,3,0,2,0,0,6.5,0,1,43.69,0
20.43,12,1,1,0,0,1,0,10.9,1,0,8.44,0
21.3,22,5,3,1,0,0,1,173.1,3,3,18.01,0
163.13,6,5,5,0,3,1,1,61.1,1,3,43.2,0
30.73,13,0,1,0,1,0,0,81.5,1,0,9.1,0
42.77,21,3,4,0,0,0,0,17.7,3,1,11.28,0
40.02,21,3,2,0,1,0,0,6.9,0,1,12.67,0
13.81,10,1,1,0,0,0,0,7.5,0,1,39.77,0
21.69,20,0,0,0,0,0,0,1.4,0,0,27.01,0
116.24,16,10,5,4,3,1,1,578.7,2,6,36.07,1
66.79,14,4,1,0,0,0,0,12.7,2,1,78.69,0
12.22,11,2,1,0,0,0,0,54.3,0,2,28.65,0
36.38,14,2,5,0,2,0,0,291.8,2,2,89.2,0
19.37,19,2,2,0,0,0,0,58.9,3,2,8.85,0
57.71,20,1,0,0,0,0,0,52.5,1,3,34.8,0
184.69,7,6,4,0,0,0,0,57.5,3,1,100.03,0
25.82,21,2,1,0,0,0,0,31.3,0,1,23.07,0
10.88,11,2,2,0,0,0,0,11.1,0,3,24.88,0
62.48,9,0,2,0,0,0,0,23.2,4,1,18.02,0
12.12,20,0,0,0,1,0,0,15.1,0,3,28.35,0
50.15,20,2,1,0,1,0,0,29.1,0,1,21.83,0
42.78,17,3,2,0,1,0,0,7.6,2,2,128.9,0
11.11,9,4,1,0,0,0,0,72.5,2,3,25.23,0
45.89,11,4,1,0,0,0,0,24.1,2,0,58.82,0
18.73,15,1,1,0,0,0,0,26.8,1,3,53.43,0
35.76,13,6,3,0,1,0,1,139.7,6,3,16.68,0
28.76,18,3,0,0,0,0,0,12.7,1,1,14.09,0
8.66,19,2,0,0,0,0,0,27.6,1,1,34.79,0
51.72,16,0,1,0,0,0,0,41.9,1,0,22.16,0
11.26,17,4,2,0,0,1,0,31.4,3,1,4.5,0
13.71,9,1,2,0,0,0,0,14.3,1,1,35.81,0
64.3,14,1,0,0,0,1,0,104.6,0,3,32.14,0
157.08,14,2,1,0,0,0,0,110.2,1,0,17.7,0
36.57,17,0,2,0,0,0,0,33.6,0,1,5.35,0
10.63,19,2,1,0,1,0,0,56.2,3,2,11.48,0
36.37,14,0,1,0,0,0,0,16.2,0,3,10.71,0
39.09,19,3,2,0,0,0,0,9.0,0,4,59.52,0
27.8,20,2,1,0,0,0,0,146.4,3,0,18.72,0
25.09,14,3,1,0,0,0,0,30.5,2,1,10.1,0
1018.5,1,6,3,1,1,0,0,679.8,1,5,72.2,0
17.81,20,2,2,0,0,0,0,9.0,0,1,17.38,0
4.51,19,2,1,0,0,0,1,20.7,4,2,7.23,0
58.27,11,3,1,0,0,0,0,3.2,2,0,13.96,0
19.05,15,2,0,0,0,0,0,107.0,2,1,9.8,0
11.51,18,3,0,0,1,0,0,33.3,2,1,13.44,0
13.35,10,1,1,0,0,0,0,13.8,1,2,13.24,0
83.55,11,2,1,1,0,1,0,127.0,1,3,15.01,1
38.9,14,0,1,0,0,0,0,188.7,0,1,19.09,0
21.94,14,1,1,0,0,0,0,35.3,0,2,27.04,0
14.26,19,1,2,0,0,0,0,0.5,0,0,33.97,0
8.25,19,1,1,0,0,0,0,126.9,1,2,39.71,0
26.0,16,5,1,0,0,0,0,37.9,1,3,11.99,0
12.72,15,4,1,0,0,0,0,44.9,2,2,5.24,0
113.44,14,1,3,0,0,0,0,68.6,1,2,30.12,0
17.25,16,1,2,0,0,0,0,8.3,1,0,25.81,0
73.68,15,0,1,0,0,0,0,25.7,1,1,38.68,0
97.53,9,0,0,0,1,0,1,34.2,2,3,40.4,0
58.17,15,5,0,0,0,0,0,279.4,2,1,20.7,0
20.73,20,2,1,0,0,0,0,101.0,0,2,8.72,0
11.45,12,2,1,0,0,0,0,192.7,0,0,67.76,0
10.47,8,2,2,0,0,0,1,28.1,1,0,53.74,0
40.58,9,1,2,0,0,1,0,2.1,1,1,20.41,0
12.24,19,2,0,0,1,0,0,117.5,1,2,26.92,0
17.69,17,2,3,0,0,0,0,82.1,1,3,27.48,0
27.32,13,1,1,0,0,0,0,32.1,2,2,23.1,0
51.25,14,0,1,0,0,0,0,39.5,1,1,61.1,0
14.07,14,1,0,0,1,0,0,54.4,3,2,24.2,0
79.23,1,10,6,1,5,0,1,50.0,5,7,14.04,1
7.06,17,3,0,0,0,0,0,29.9,2,2,8.67,0
126.19,8,0,3,0,0,0,0,49.0,1,3,23.05,0
52.77,1,10,6,2,5,0,0,50.0,6,2,32.54,1
16.24,14,1,2,0,0,0,0,187.5,0,1,11.75,0
58.35,8,5,2,0,3,1,1,77.8,3,1,18.95,0
11.25,9,2,2,0,1,0,0,10.4,1,2,42.29,0
27.29,17,4,2,0,0,0,0,32.1,1,0,11.39,0
26.56,20,2,0,0,0,0,0,4.5,1,1,16.68,0
25.67,19,1,0,0,0,0,0,9.0,0,1,23.35,0
42.8,14,4,6,0,8,0,0,204.6,4,5,13.71,1
574.73,19,1,2,0,0,0,1,140.4,3,2,44.33,0
57.61,16,1,2,0,1,0,0,32.0,2,1,52.82,0
16.57,13,6,1,0,0,0,0,15.3,2,3,38.32,0
25.61,19,2,0,0,0,0,0,23.7,1,1,52.2,0
8.8,14,4,0,0,0,0,0,2.6,0,1,19.29,0
21.52,12,3,2,0,0,0,0,8.7,1,0,87.74,0
6.58,8,3,2,0,1,1,0,65.8,1,0,12.49,0
63.72,19,3,0,0,2,0,0,25.5,0,3,26.22,0
70.38,9,4,0,0,1,0,0,204.5,1,2,27.98,0
5.27,13,1,1,1,1,0,0,23.2,1,2,45.23,0
31.55,18,2,0,0,0,0,0,162.4,2,1,64.62,0
13.52,12,3,0,1,0,0,0,45.7,1,2,28.4,0
22.75,9,0,1,0,0,0,0,129.6,2,0,32.11,0
15.27,20,0,1,0,1,0,0,23.1,1,2,5.5,0
5.58,21,3,0,0,0,0,0,135.0,2,2,74.32,0
19.82,13,2,1,0,1,0,0,72.4,0,2,63.93,0
7.92,14,2,1,0,0,0,0,11.6,1,4,37.78,0
52.2,20,1,0,0,0,0,0,3.0,1,0,47.16,0
19.93,9,0,1,0,0,0,0,52.6,2,0,91.17,0
49.2,9,0,0,0,0,0,0,75.3,3,3,14.34,0
21.07,17,2,1,0,1,0,0,143.5,1,2,7.92,0
12.41,15,4,2,1,2,0,0,36.9,3,1,74.88,0
21.87,12,0,2,0,0,0,0,12.4,0,1,8.57,0
54.08,11,10,7,2,4,1,1,106.5,1,3,15.04,1
8.78,15,2,4,0,0,0,0,129.7,3,1,25.35,0
24.96,11,2,2,1,0,0,0,2.4,1,1,101.45,0
39.31,9,3,1,0,2,0,0,46.9,1,0,35.15,0
8.41,15,1,0,0,0,0,0,7.4,0,0,97.41,0
18.82,15,2,0,0,0,0,1,3.3,0,2,18.72,0
61.14,17,6,4,0,1,0,1,102.8,1,4,141.54,0
41.62,10,2,0,0,0,0,0,183.3,1,3,5.92,0
11.58,8,1,2,0,1,0,1,173.7,0,0,3.68,0
42.55,17,1,0,0,0,0,0,57.9,1,4,4.8,0
16.89,15,2,1,0,0,0,0,115.6,1,1,28.74,0
141.05,8,7,4,0,4,1,1,362.9,2,3,8.92,1
4.96,19,0,1,0,3,0,0,17.8,2,2,13.9,0
7.46,21,1,1,0,0,0,0,67.0,0,4,33.81,0
20.81,15,3,1,0,0,0,0,38.3,0,4,15.91,0
18.85,17,0,1,0,0,0,0,141.9,1,2,8.44,0
11.8,19,4,0,0,1,0,0,26.7,1,2,254.13,0
9.64,14,1,1,0,1,0,0,69.5,1,0,8.98,0
30.5,13,0,0,0,1,0,0,57.2,1,2,38.26,0
19.59,11,4,0,0,0,0,0,284.9,3,2,48.38,0
20.36,18,1,3,0,0,0,0,108.7,2,0,38.49,0
13.05,17,1,2,0,2,0,0,21.9,2,0,33.65,0
199.6,17,4,2,0,1,1,0,10.0,3,3,14.66,0
9.59,20,1,1,0,0,0,0,62.7,1,4,2.74,0
661.49,8,3,6,0,0,1,1,176.5,1,5,27.99,0
34.24,0,7,4,1,1,1,1,54.7,3,5,5.16,0
27.9,12,3,2,0,0,0,0,3.8,2,1,27.87,0
57.24,17,2,0,0,0,0,0,22.3,0,1,77.25,0
37.07,19,5,1,0,0,0,0,80.3,2,1,46.38,0
354.5,15,6,4,2,1,0,0,32.5,4,8,13.44,0
78.72,11,4,1,0,0,1,0,28.5,0,2,85.77,0
22.87,12,3,0,0,0,0,0,2.9,0,1,17.7,0
19.88,9,2,0,0,1,0,0,94.6,0,1,12.46,0
24.2,9,3,2,0,0,0,0,134.0,2,1,39.92,0
58.51,10,3,1,0,0,0,0,73.3,2,3,26.86,0
28.04,18,2,1,0,0,1,0,34.2,9,0,14.19,0
22.5,19,4,1,0,0,0,0,23.7,1,0,108.15,0
32.05,11,1,0,0,0,0,0,13.1,0,3,62.98,0
48.46,10,5,2,0,0,0,0,127.4,1,1,15.67,0
42.98,18,3,1,0,1,0,0,25.5,1,1,9.47,0
36.1,10,3,0,0,0,0,0,21.6,1,1,14.86,0
57.33,19,0,2,0,0,0,0,22.0,0,3,18.02,0
30.64,19,3,3,0,0,1,0,27.8,2,1,6.62,0
15.94,13,2,2,0,1,0,0,69.7,0,1,67.57,0
15.43,14,0,0,0,0,0,0,73.1,1,2,20.42,0
4.74,15,0,0,0,0,0,0,5.5,0,1,36.1,0
30.99,19,0,3,0,1,0,0,43.8,3,5,5.92,0
32.08,14,1,0,0,2,0,0,28.8,2,0,24.53,0
34.77,20,1,1,0,0,0,0,178.9,4,4,19.69,0
15.24,14,2,1,0,1,0,0,44.2,0,2,2.3,0
8.69,14,2,1,1,0,0,0,18.6,1,2,18.52,0
26.25,16,2,0,0,0,0,0,2.9,1,3,42.73,0
668.62,14,12,5,0,1,1,0,109.0,5,3,28.81,0
43.49,16,0,1,0,0,0,0,9.1,1,0,22.59,0
19.82,18,2,1,0,0,0,0,11.0,4,0,8.42,0
15.18,11,2,0,0,0,1,0,21.0,3,1,20.35,0
333.86,9,2,4,0,3,0,0,750.6,2,5,44.33,0
14.68,15,3,1,0,0,0,0,40.0,0,1,121.22,0
20.72,8,3,0,0,0,0,0,2.5,1,1,36.86,0
19.76,15,1,2,0,3,0,0,24.5,1,4,18.37,0
30.27,20,2,0,0,0,0,0,88.7,0,2,7.06,0
11.86,11,4,1,0,0,0,0,9.1,3,0,44.22,0
18.4,12,0,1,0,0,0,0,53.1,1,1,22.09,0
30.09,9,3,1,0,0,0,0,19.9,0,1,23.95,0
457.24,14,11,6,0,5,0,1,202.1,1,5,25.65,1
13.43,21,2,0,0,1,0,0,42.8,0,0,11.76,0
6.84,14,1,0,0,1,0,0,3.8,1,1,59.37,0
32.71,14,3,1,0,0,0,0,57.4,1,0,31.06,0
11.71,16,2,0,0,0,0,0,22.9,0,1,20.33,0
48.05,19,1,1,0,1,0,0,21.2,3,3,29.2,0
72.06,18,0,2,0,0,0,0,17.0,2,0,90.52,0
85.48,14,3,1,0,0,0,0,13.3,1,1,118.08,0
66.99,16,1,2,0,1,0,0,30.7,0,4,36.96,0
18.25,12,1,0,0,2,0,0,46.1,1,1,64.85,0
47.74,8,4,2,0,1,0,0,0.6,0,1,37.16,0
29.08,13,3,1,0,0,0,0,0.6,0,1,19.03,0
29.15,18,2,1,0,0,0,0,176.0,1,0,33.19,0
5.96,18,3,1,0,0,1,0,11.8,2,4,19.53,0
16.25,12,2,3,0,0,0,0,72.1,0,3,23.64,0
58.16,8,1,1,0,0,0,0,145.1,2,2,27.97,0
38.55,15,0,3,0,0,0,0,140.5,1,1,52.79,0
13.78,19,1,1,0,1,0,0,7.5,1,0,5.94,0
18.04,19,0,0,0,0,0,0,129.5,2,2,22.24,0
4.86,18,5,0,0,0,0,0,12.2,0,2,27.85,0
12.3,11,1,2,0,1,0,0,70.8,2,1,33.9,0
168.68,20,4,0,0,0,0,0,118.9,1,4,50.47,0
14.14,20,3,0,0,0,1,0,144.3,1,1,44.13,0
88.94,18,0,0,0,0,0,0,3.2,1,0,66.2,0
42.66,16,2,1,0,0,0,0,53.8,2,0,9.5,0
25.01,20,3,1,0,0,0,0,55.7,0,2,23.3,0
49.42,10,1,1,0,1,0,0,100.8,1,1,30.89,0
14.15,14,16,7,2,3,1,1,907.8,6,5,22.88,1
6.72,18,7,1,0,0,0,0,7.6,2,1,144.66,0
17.63,11,2,0,0,0,0,0,17.2,1,0,39.33,0
37.17,16,0,0,0,2,0,0,81.1,2,2,8.27,0
6.7,9,1,3,0,0,0,0,22.6,0,1,43.9,0
20.84,8,4,4,0,0,0,0,56.7,2,1,32.46,0
11.95,14,3,2,0,0,0,0,14.6,2,0,33.45,0
15.24,21,0,2,0,0,0,0,35.9,1,2,62.73,0
8.0,15,1,1,0,0,0,0,59.4,2,1,37.59,0
12.97,12,2,0,0,1,0,0,35.4,1,1,42.92,0
9.03,20,4,0,0,0,0,0,113.2,1,2,43.21,0
14.34,11,3,0,0,1,0,0,69.0,2,1,73.99,0
26.11,22,12,3,0,2,1,0,174.8,3,3,26.27,0
26.6,15,2,0,0,0,0,0,77.0,2,3,14.82,0
27.93,11,3,1,0,0,0,0,50.6,0,0,87.67,0
43.95,13,2,1,0,0,1,0,1.3,1,2,3.58,0
2.9,14,2,1,0,2,0,0,29.8,2,0,25.39,0
122.25,11,4,3,0,1,0,0,23.3,1,2,43.15,0
24.24,21,3,0,0,0,0,0,158.8,2,1,20.1,0
49.36,20,5,2,0,0,0,0,127.4,0,2,12.83,0
23.49,15,2,1,0,2,0,0,183.2,0,3,21.57,0
32.65,9,3,0,0,0,0,0,23.9,3,3,81.52,0
12.46,16,1,0,1,0,0,0,34.9,1,2,5.45,0
11.75,14,5,4,0,0,0,0,62.1,1,0,22.76,0
55.37,16,0,1,0,0,0,0,7.0,2,2,40.12,0
49.72,13,2,0,0,0,0,1,144.7,1,2,25.71,0
34.21,16,4,2,0,0,0,0,23.1,5,3,55.84,0
228.65,8,3,1,0,0,0,0,124.0,0,0,31.75,0
32.83,9,0,3,0,0,0,0,7.2,1,1,22.05,0
23.02,17,1,1,0,1,0,0,17.3,1,2,5.69,0
3.97,14,1,0,0,0,0,0,7.4,2,0,27.71,0
23.68,8,2,2,0,1,0,0,52.2,2,1,3.24,0
13.19,15,2,0,0,0,0,0,51.1,2,2,9.86,0
161.37,17,5,0,0,0,0,0,51.6,1,1,28.18,0
58.07,20,1,0,0,0,0,0,105.0,1,1,38.84,0
19.6,17,3,1,0,1,0,0,55.4,3,0,5.36,0
45.69,11,2,2,0,0,0,0,153.2,0,2,32.87,0
63.76,19,3,1,0,0,0,0,35.4,0,0,93.31,0
105.87,11,7,4,0,3,1,0,775.2,4,2,169.26,0
52.24,17,2,1,0,0,0,0,10.1,1,1,27.43,0
101.62,19,1,1,1,0,0,0,222.1,0,0,22.55,0
50.63,10,2,0,0,1,0,0,24.3,3,2,45.74,0
4.65,18,4,0,0,0,0,0,55.8,1,1,12.49,0
9.61,10,3,1,0,1,0,0,9.0,0,2,14.39,0
96.36,17,2,3,0,0,0,0,54.2,0,2,48.67,0
48.19,11,3,4,1,0,0,0,54.9,0,0,31.98,0
26.17,11,3,1,0,0,0,1,59.1,1,1,51.17,0
38.92,15,4,5,0,2,1,0,349.6,3,6,32.99,0
24.27,10,1,1,0,1,0,0,21.9,1,0,43.14,0
26.24,21,4,2,0,1,0,0,20.8,3,2,335.91,0
66.2,14,2,3,0,0,0,0,22.9,0,2,13.88,0
10.44,11,2,2,0,0,0,0,143.4,1,4,25.59,0
42.7,20,4,0,1,0,0,0,70.4,1,0,10.35,0
18.51,10,2,2,0,0,0,0,55.0,1,1,37.97,0
44.54,16,2,3,0,0,0,0,49.6,2,4,134.38,0
7.29,19,2,0,0,1,0,0,16.6,2,2,46.18,0
4.08,17,0,0,0,0,0,0,3.2,1,0,53.29,0
81.15,19,0,0,0,0,0,0,133.8,0,2,19.62,0
24.92,18,0,0,0,0,0,0,58.8,1,1,41.91,0
5.64,11,1,2,1,0,0,0,0.1,1,2,8.22,0
135.32,20,3,2,0,0,0,0,101.2,1,2,12.73,0
12.25,16,2,0,0,0,0,0,48.9,2,1,62.16,0
106.94,13,4,0,0,0,0,0,27.1,0,0,16.11,0
88.38,13,2,0,0,1,0,0,77.5,0,2,3.79,0
64.55,9,1,1,0,0,0,0,89.9,0,2,22.08,0
22.57,19,1,0,0,0,0,0,25.8,2,2,27.71,0
29.26,18,1,1,0,0,0,0,18.9,1,3,320.02,0
24.58,18,4,2,0,0,0,0,68.5,1,5,8.96,0
22.66,12,4,0,0,0,0,0,6.6,2,2,3.25,0
15.19,14,3,0,0,0,0,0,0.1,1,2,13.33,0
20.22,21,0,1,0,1,0,0,65.2,0,0,11.91,0
578.84,12,3,3,0,1,1,1,188.2,1,3,98.56,0
34.63,20,2,2,1,0,0,0,46.3,4,2,4.55,0
108.04,5,6,12,0,3,1,1,287.3,3,3,24.92,1
14.17,11,1,2,0,0,0,0,26.9,1,3,12.6,0
12.85,12,1,1,0,0,0,0,14.5,2,1,52.17,0
34.15,13,0,2,0,0,0,0,7.0,0,3,32.57,0
318.43,0,6,2,0,2,0,0,241.3,3,3,6.57,0
99.66,11,0,0,0,0,0,0,52.5,2,1,55.13,0
24.6,9,2,0,0,0,0,0,39.9,4,2,71.93,0
27.5,14,2,1,0,0,0,0,22.9,1,2,28.64,0
10.83,17,3,2,0,0,0,0,78.9,1,3,85.57,0
22.47,11,2,0,0,0,0,0,52.0,1,2,182.65,0
37.35,10,4,2,0,0,0,0,11.3,1,1,9.9,0
5.96,17,2,1,0,0,0,0,100.4,5,3,9.07,0
143.6,17,1,0,0,0,0,0,12.8,0,0,35.4,0
34.75,11,5,0,0,1,0,0,11.9,0,1,24.15,0
157.49,17,3,2,0,1,0,0,171.6,4,5,9.54,0
137.11,8,2,0,0,0,0,0,85.5,3,2,34.76,0
40.87,19,2,1,0,0,0,0,111.8,0,3,6.0,0
22.93,16,2,1,0,0,0,0,39.9,1,0,10.38,0
62.58,22,11,6,2,6,1,1,243.1,5,5,176.94,1
3.56,19,0,2,0,0,0,0,34.4,1,0,60.39,0
15.67,13,1,2,0,0,0,0,164.5,0,1,10.93,0
225.33,20,2,1,0,0,0,0,10.1,0,1,28.25,0
41.32,4,11,6,2,2,1,1,409.8,7,1,19.09,1
49.68,21,1,0,0,0,1,1,48.0,1,2,8.53,0
7.55,17,1,0,0,1,0,0,13.8,0,1,16.27,0
16.43,15,2,1,0,0,0,0,13.4,0,0,2.7,0
306.88,9,0,0,0,0,0,0,111.3,2,0,10.17,0
19.75,14,1,1,0,0,0,0,113.4,2,1,45.01,0
15.19,8,2,4,0,0,0,0,18.0,0,2,48.64,0
88.89,8,7,5,1,2,0,0,96.2,3,1,38.85,0
23.76,20,2,2,0,0,0,0,8.4,3,0,21.45,0
8.82,14,4,1,0,1,0,0,47.5,0,2,15.79,0
22.36,15,3,1,0,0,0,0,105.8,1,1,170.91,0
20.92,10,5,0,0,0,0,0,24.8,0,1,28.4,0
41.16,16,2,2,0,0,0,0,173.4,1,2,22.87,0
15.64,12,2,0,0,0,0,0,49.3,5,3,74.55,0
22.94,15,1,0,0,0,0,0,12.2,2,3,10.88,0
27.84,15,0,0,0,1,0,0,58.1,1,1,11.46,0
20.76,11,1,4,0,1,0,0,33.8,1,0,31.75,0
14.56,8,2,3,0,0,0,0,5.1,1,4,14.83,0
18.93,15,4,1,0,0,0,0,44.0,0,1,13.2,0
11.19,16,2,0,1,0,0,0,25.1,1,0,54.88,0
122.82,13,5,10,0,3,0,0,19.5,2,4,12.78,0
15.7,10,1,2,0,0,0,0,13.4,3,2,5.66,0
15.94,16,4,2,0,1,0,0,15.8,1,0,7.07,0
150.03,13,3,0,0,0,0,0,26.1,1,1,7.75,0
45.86,14,2,4,0,0,0,0,18.0,1,3,13.5,0
368.88,10,8,8,1,5,1,0,271.2,5,7,11.7,1
33.38,18,1,1,0,0,0,0,144.8,0,0,41.19,0
49.96,8,1,0,0,0,0,0,17.5,1,1,20.98,0
56.65,16,1,0,0,0,1,0,78.3,1,1,10.44,0
9.21,18,4,0,0,0,0,0,176.2,3,1,71.08,0
43.36,13,2,1,0,0,0,0,11.3,4,0,10.48,0
167.58,17,2,1,0,1,0,0,78.6,1,2,21.44,0
29.14,12,1,1,0,0,0,0,44.3,1,2,194.91,0
321.13,19,3,9,0,1,1,1,529.0,0,8,20.64,0
64.94,12,3,1,0,0,0,0,13.1,1,1,5.71,0
37.77,20,3,1,0,0,0,0,5.5,1,2,17.39,0
14.24,19,4,0,0,0,0,0,43.7,2,0,74.53,0
6.31,11,2,0,0,1,0,0,74.8,0,1,10.51,0
7.3,21,1,2,0,0,0,0,11.9,0,3,8.85,0
20.0,10,3,2,0,1,0,0,1.3,1,1,9.79,1
51.51,17,2,0,0,0,0,0,56.7,0,0,22.36,0
22.43,20,1,1,0,0,0,0,41.4,1,0,84.88,0
26.04,19,2,0,1,0,0,0,65.2,1,1,17.11,0
19.56,20,1,0,0,0,0,0,28.2,2,0,21.51,0
19.66,11,2,2,0,0,0,0,114.5,1,0,80.85,0
7.14,11,4,2,0,0,0,0,1.2,3,2,31.23,0
19.53,12,1,1,0,0,0,0,15.1,1,0,34.13,0
25.19,9,1,0,0,0,0,0,5.4,1,0,28.73,0
14.18,9,0,1,0,1,0,0,2.7,1,0,21.38,0
18.55,18,3,1,0,0,0,0,83.9,0,1,16.23,0
23.01,12,1,2,0,0,0,0,35.6,0,2,47.68,0
15.63,17,2,0,0,1,0,0,125.2,1,5,9.79,0
19.3,14,1,0,0,0,0,0,0.2,1,2,20.15,0
23.36,13,2,2,0,0,0,0,87.3,0,1,23.47,0
10.91,8,2,1,0,0,1,0,37.9,2,2,30.09,0
26.95,16,0,1,0,0,0,0,28.4,1,3,9.83,0
6.5,12,0,1,0,0,0,0,80.1,2,2,9.8,0
85.22,12,5,1,0,0,0,0,41.1,2,1,12.7,0
9.27,9,0,3,1,0,0,0,100.0,3,1,55.87,0
58.01,11,3,1,0,0,0,0,10.0,4,1,24.04,0
143.2,18,2,1,0,1,0,0,77.6,1,2,50.26,0
20.95,20,1,1,0,1,0,0,130.3,2,1,6.02,0
4.24,20,3,0,0,0,0,1,154.5,1,3,13.34,0
35.85,8,1,1,0,0,0,0,13.9,1,3,11.09,0
8.47,9,1,4,0,1,0,0,26.6,2,1,31.25,0
12.33,14,2,1,0,1,1,0,19.6,1,2,24.45,0
4.4,11,1,1,0,1,0,0,36.6,2,1,4.31,0
23.58,16,2,0,0,1,0,0,51.2,3,0,23.87,0
70.67,17,4,0,0,0,0,0,2.3,1,2,16.79,0
24.94,16,2,1,0,0,0,0,15.7,3,4,19.87,0
44.66,16,3,1,0,1,0,0,13.0,2,0,22.4,0
139.74,20,5,3,0,1,0,1,134.6,2,5,25.63,0
47.77,18,2,1,0,1,0,0,2.8,2,0,19.12,0
21.99,17,4,1,0,0,0,0,51.2,0,0,11.29,0
4.68,10,4,0,0,2,0,0,157.6,0,2,11.18,0
8.66,20,1,1,0,1,0,0,22.8,1,4,13.62,0
72.43,5,10,5,2,3,0,0,304.1,11,2,17.61,1
71.3,20,2,2,0,0,0,0,13.1,0,1,37.49,0
117.91,20,2,1,0,0,0,0,26.4,1,2,43.42,0
62.49,11,1,0,0,0,0,0,47.3,1,3,40.96,0
18.35,19,2,0,0,1,0,0,24.9,2,1,39.93,0
7.51,18,4,2,0,0,0,0,63.5,2,0,4.4,0
24.1,9,4,2,0,0,0,0,121.0,1,2,54.66,0
19.38,5,2,4,0,3,0,1,108.2,3,3,34.03,0
16.0,13,2,2,0,1,0,0,55.2,3,1,26.39,0
5.19,14,3,0,0,0,0,0,3.3,0,1,93.9,0
50.2,19,0,1,0,0,0,0,62.1,0,5,13.02,0
10.65,12,3,0,0,1,0,0,20.2,0,1,9.08,0
13.11,16,3,0,0,0,0,0,67.5,1,3,19.7,0
78.06,16,5,4,0,3,1,1,157.7,2,4,7.05,0
49.19,17,3,0,0,0,0,0,83.8,0,1,23.03,0
32.3,16,0,1,0,0,0,0,66.9,0,4,44.08,0
5.35,15,5,0,0,1,0,0,35.0,1,1,19.28,0
16.63,21,3,1,0,1,0,0,85.8,4,1,32.44,0
32.74,9,0,0,0,0,0,0,16.8,4,0,9.89,0
13.99,21,3,1,0,0,0,0,25.2,1,1,19.98,0
81.91,18,2,2,0,0,0,0,64.0,0,2,22.68,0
20.02,11,2,0,0,2,0,0,115.2,1,0,57.86,0
268.71,5,5,4,0,3,0,1,10.0,3,2,85.63,0
6.77,13,3,1,0,0,0,0,15.0,0,1,14.29,0
73.44,8,0,1,0,0,0,0,23.9,1,2,40.51,0
18.32,14,2,0,0,2,0,0,105.1,2,0,28.21,0
8.49,14,2,2,0,0,0,0,85.7,2,3,5.72,0
40.12,9,2,1,0,0,0,0,2.0,1,1,147.37,0
534.51,9,6,2,1,4,0,1,381.0,2,2,9.39,0
73.37,16,3,2,0,0,0,0,70.6,0,2,43.38,0
17.7,10,3,1,0,2,0,0,33.5,0,2,38.64,0
8.15,19,2,1,0,0,0,0,107.4,1,3,56.59,0
4.13,8,1,0,0,0,0,0,53.4,2,2,31.53,0
226.92,14,2,3,0,0,0,0,195.5,1,2,283.76,0
7.23,8,0,1,0,0,0,0,17.3,2,1,9.7,0
25.95,10,0,3,0,0,0,0,44.8,0,2,20.23,0
7.37,13,1,1,0,0,0,0,47.0,1,2,24.28,0
13.25,20,1,3,0,1,0,0,43.3,2,3,115.58,0
66.3,12,1,0,0,0,0,0,36.4,2,2,54.51,0
15.38,14,3,2,0,0,1,0,38.7,2,1,20.61,0
4.92,19,2,1,0,0,0,0,33.6,1,2,10.94,0
4.78,17,2,0,0,2,0,0,57.3,1,0,45.03,0
18.7,18,2,1,1,0,0,0,6.8,3,1,24.86,0
26.99,9,1,0,0,1,0,0,36.1,3,2,42.43,0
36.52,9,1,1,0,0,0,0,7.3,1,1,84.88,0
101.3,10,2,0,0,0,0,0,13.5,1,2,26.75,0
14.01,13,1,0,0,0,0,0,275.6,0,0,12.18,0
20.95,16,3,3,0,0,0,0,123.7,3,1,25.16,0
14.36,14,0,3,0,0,0,0,70.3,1,2,13.07,0
40.92,18,1,3,0,0,0,0,11.3,1,2,11.2,0
15.84,17,0,0,0,1,1,0,66.9,2,1,43.05,0
7.4,15,0,0,0,0,0,0,11.6,2,1,40.92,0
78.61,17,2,0,0,0,0,0,14.5,4,3,28.1,0
20.54,11,2,2,0,0,0,0,24.9,4,0,3.52,0
48.71,14,3,0,0,0,0,0,12.4,0,0,18.03,0
89.4,9,1,3,0,1,0,0,3.6,1,1,28.9,0
29.93,11,2,2,0,0,0,0,83.8,0,2,64.62,0
18.5,9,1,3,0,0,0,0,88.9,1,1,1.9,0
16.94,13,0,0,0,1,0,0,32.2,3,0,23.11,0
113.04,4,5,5,0,3,0,0,206.2,2,2,160.42,0
15.36,13,0,2,0,0,0,0,30.4,1,2,170.83,0
110.77,13,2,5,1,3,0,1,32.5,2,2,27.83,0
38.43,16,2,1,0,0,0,0,85.5,2,2,41.59,0
15.71,9,2,3,0,1,0,0,9.2,2,1,39.42,0
37.02,8,3,0,0,1,0,0,19.9,2,0,101.37,0
11.63,13,3,0,0,1,0,0,10.3,1,1,63.97,0
22.91,17,1,0,0,1,0,0,83.4,0,3,4.61,0
55.13,13,2,2,0,3,0,0,9.4,0,1,61.04,0
65.52,19,1,0,0,1,0,0,5.8,1,0,18.44,0
121.12,7,8,1,0,5,0,0,374.6,2,3,31.08,0
29.55,17,3,1,0,0,0,0,9.2,0,0,39.6,0
7.74,8,3,0,0,0,0,0,43.9,0,2,18.94,0
57.82,20,3,4,0,0,0,0,24.7,1,2,3.59,0
77.48,16,6,6,2,5,0,1,387.5,4,3,46.43,1
18.73,13,2,3,0,0,0,0,11.2,0,3,18.22,0
22.64,10,2,2,0,1,0,0,75.2,1,2,65.09,0
110.3,20,1,0,0,1,0,0,83.9,1,1,25.5,0
14.98,16,1,0,0,0,0,0,90.7,2,0,44.28,0
27.94,13,3,2,0,0,0,0,8.5,0,1,16.19,0
71.91,9,4,0,0,1,0,0,26.8,3,2,58.01,0
5.45,10,2,0,0,0,0,0,10.4,3,1,2.88,0
59.85,17,1,1,0,1,0,0,6.7,2,2,150.45,0
76.47,9,1,2,0,0,0,0,2.1,1,1,18.79,0
9.43,21,2,1,0,0,0,0,7.7,1,0,5.43,0
194.87,18,9,1,0,1,1,0,77.8,4,3,29.99,0
64.42,19,5,7,1,2,0,0,75.7,3,2,43.94,0
581.86,15,2,2,0,0,0,0,3.8,1,0,14.4,0
46.2,18,1,1,0,0,0,0,176.6,1,2,45.86,0
57.04,15,3,0,0,0,0,0,2.9,0,0,44.14,0
17.46,10,4,1,0,1,0,0,32.8,0,2,23.82,0
31.15,20,2,3,0,0,0,0,38.3,0,0,38.94,0
39.9,21,3,2,0,0,0,0,1.4,1,2,9.48,0
82.79,21,4,1,0,1,0,0,4.5,3,1,32.22,0
19.58,12,3,2,0,0,0,1,164.2,2,0,25.98,0
708.59,1,13,7,0,7,1,0,661.4,3,4,24.16,1
48.48,14,1,1,0,0,0,0,18.3,0,1,72.81,0
8.41,9,1,0,0,0,0,0,12.8,3,1,30.18,0
44.17,16,1,0,0,0,0,1,84.9,2,2,18.18,0
16.59,20,4,3,0,1,0,0,70.9,0,2,123.9,0
53.61,8,1,0,0,0,0,0,56.9,1,2,11.77,0
54.28,13,2,2,0,0,0,0,1.3,2,0,21.34,0
49.15,14,3,1,0,0,0,0,48.2,2,2,13.06,0
30.4,21,2,1,0,0,0,0,12.7,0,1,14.26,0
53.52,13,2,1,0,0,0,0,123.0,0,2,58.56,0
73.05,20,2,1,0,1,1,0,113.3,1,0,43.81,0
38.24,16,2,1,1,0,0,0,73.7,0,0,14.36,0
18.64,11,3,3,0,1,0,0,111.8,2,2,5.78,0
23.13,11,1,0,1,1,0,0,22.5,0,0,12.05,0
223.76,6,4,4,0,1,0,0,29.1,2,3,50.51,0
24.34,8,2,0,0,1,0,0,3.7,0,3,15.63,0
52.45,21,4,6,0,3,1,1,255.7,3,2,19.25,0
14.67,16,3,1,0,0,0,0,0.8,1,3,49.29,0
70.07,6,2,0,0,2,0,0,486.3,3,3,3.97,0
36.51,12,1,2,0,0,0,0,94.3,1,0,64.48,0
5.12,19,2,1,0,1,0,0,34.7,3,1,71.3,0
12.61,15,3,0,0,0,0,0,9.4,1,2,10.26,0
24.85,17,3,2,0,0,0,0,20.0,2,0,19.66,0
4.16,16,3,1,0,1,0,0,1.1,2,1,127.54,0
90.59,10,1,1,0,1,0,0,14.2,0,2,38.54,0
22.38,15,3,0,0,0,0,0,23.2,2,1,43.2,0
3.04,21,3,0,0,0,0,0,38.2,2,2,4.06,0
9.8,20,2,3,0,0,0,0,0.4,1,2,4.8,0
22.64,14,5,5,0,1,0,0,96.4,1,6,39.56,0
202.1,11,2,9,1,0,0,0,233.1,4,1,5.5,0
4.63,16,0,1,0,0,0,0,28.2,0,1,21.01,0
21.24,13,3,3,0,0,1,1,49.1,2,0,66.89,0
65.17,11,6,3,0,0,0,0,503.2,4,7,3.94,0
48.64,20,3,2,0,0,0,0,25.0,1,2,3.56,0
5.68,18,1,1,0,0,0,0,4.3,0,1,51.34,0
74.78,19,1,1,0,0,0,0,67.6,2,1,37.35,0
25.74,18,1,0,0,1,0,0,13.6,2,2,19.94,0
30.03,18,2,1,0,1,1,0,33.6,0,2,63.28,0
55.29,11,0,0,0,0,0,0,18.6,2,4,19.7,0
52.33,21,0,0,0,1,0,0,98.6,0,2,14.55,0
13.25,17,2,0,0,0,0,0,78.1,0,2,7.58,0
17.9,19,3,1,0,0,0,0,131.5,0,1,48.95,0
16.03,16,2,0,0,1,0,0,24.6,0,0,36.17,0
9.93,18,2,0,0,0,0,0,12.6,0,2,4.49,0
46.9,17,6,9,0,5,0,0,101.0,2,1,24.02,0
116.68,11,1,1,0,1,0,0,39.2,5,1,91.23,0
21.69,7,3,6,0,4,0,0,145.2,2,2,17.72,0
33.78,10,0,1,0,0,0,0,31.7,2,1,24.85,0
2.18,14,3,2,0,1,0,1,192.1,2,1,60.44,0
48.37,18,2,0,0,0,0,0,28.5,0,2,84.22,0
84.95,17,5,1,0,1,0,0,11.5,0,2,35.58,0
8.14,10,3,4,0,0,0,0,56.2,2,3,87.87,0
27.62,10,4,2,0,0,0,0,77.4,1,0,11.26,0
139.87,17,2,3,0,1,0,0,30.8,1,4,31.51,0
20.84,16,4,0,0,0,0,0,44.9,1,1,104.51,0
14.13,20,0,1,0,2,0,0,9.0,2,0,3.67,0
93.27,12,4,2,0,4,0,1,579.2,3,3,125.83,0
134.95,19,2,2,0,0,0,0,74.9,2,0,83.56,0
1.0,13,3,1,0,0,1,0,3.2,0,1,51.59,0
50.95,21,2,0,0,1,0,0,72.2,1,1,24.55,0
36.41,10,3,0,0,1,0,0,73.7,2,2,9.22,0
33.88,16,7,1,1,2,0,0,22.6,2,0,8.94,0
19.76,13,1,0,0,0,0,0,110.1,2,3,45.36,0
10.11,18,2,4,0,0,0,0,17.6,2,1,9.21,0
52.43,13,6,2,0,0,0,0,42.9,3,1,46.81,0
15.42,1,3,6,0,1,0,0,191.7,3,3,17.53,0
71.95,13,4,1,0,1,0,0,22.9,0,1,20.6,0
38.51,11,2,0,0,0,0,0,15.2,1,3,27.21,0
276.08,17,2,3,0,9,1,1,363.5,3,3,124.8,0
6.85,14,4,1,0,1,0,0,8.0,3,2,8.82,0
39.37,17,1,1,0,0,0,0,29.1,1,0,20.45,0
28.8,17,1,2,0,1,0,0,42.1,0,0,14.67,0
9.8,10,3,1,1,1,0,0,55.0,0,0,46.14,0
52.21,14,2,0,0,0,0,0,0.7,0,2,50.21,0
47.94,14,0,0,1,0,0,0,30.2,2,3,11.56,0
12.34,10,2,0,0,1,0,0,0.6,0,1,3.61,0
21.5,17,4,0,0,0,0,0,12.0,2,2,112.08,0
44.51,17,0,1,0,0,0,0,4.3,1,1,20.06,0
57.04,15,1,2,0,0,0,0,34.8,1,0,27.68,0
13.63,11,2,4,1,0,0,0,6.1,1,0,9.9,0
76.04,17,2,0,0,0,0,1,291.1,0,0,93.5,0
45.56,11,5,0,0,0,0,0,77.8,2,2,27.01,0
50.61,13,3,0,0,0,0,0,56.8,4,3,6.18,0
9.74,9,5,0,0,0,0,0,76.8,0,2,25.95,0
18.18,11,2,1,0,2,0,0,51.4,1,2,34.93,0
120.47,8,2,0,0,0,0,0,51.3,0,4,42.88,0
21.98,16,0,2,0,0,0,0,44.6,0,0,54.25,0
39.04,10,3,1,0,1,0,1,122.5,1,1,18.56,0
42.36,19,1,1,0,0,0,0,241.8,2,2,8.18,0
16.95,15,4,0,0,1,0,1,81.8,2,1,14.46,0
54.45,12,0,1,0,0,0,0,57.0,2,0,45.09,0
37.93,16,1,0,0,1,0,0,12.1,0,2,3.44,0
9.67,17,4,1,0,0,0,0,51.3,2,2,19.69,0
441.13,9,3,1,1,1,1,1,175.4,5,4,41.33,0
48.18,17,1,1,0,0,0,0,37.1,0,2,2.63,0
8.69,18,2,0,0,0,0,0,65.6,0,0,66.78,0
119.95,15,0,0,1,1,0,0,108.5,0,2,34.92,0
10.24,10,4,2,0,0,0,0,9.2,2,2,13.05,0
107.6,11,1,0,0,0,0,0,38.2,1,3,5.28,0
5.72,16,3,2,0,1,0,0,135.2,1,0,56.7,0
177.86,10,2,2,0,0,0,0,6.4,5,4,5.7,0
28.93,21,2,2,0,0,0,0,30.9,0,2,55.48,0
16.92,16,0,2,0,0,1,0,37.6,0,4,33.08,0
37.63,9,3,0,0,0,1,1,32.3,2,2,109.73,1
9.94,10,1,1,0,0,0,0,22.1,2,1,15.42,0
58.16,15,0,1,0,0,0,0,52.7,1,0,16.31,0
8.12,8,1,0,0,1,0,0,34.0,0,2,45.53,0
11.03,18,0,0,0,1,0,0,4.5,2,0,19.85,0
92.69,17,9,4,0,1,0,0,403.6,4,3,23.4,0
15.12,23,7,4,0,2,1,1,300.3,2,4,7.35,0
6.45,17,0,1,0,0,0,0,100.4,2,1,19.99,0
18.91,21,2,0,0,2,0,0,102.4,0,1,17.89,0
8.52,14,2,0,0,1,1,0,45.9,0,2,57.93,0
131.55,21,3,2,0,2,1,1,295.2,0,3,71.48,0
18.74,10,1,1,0,0,1,0,178.6,2,4,26.76,0
52.88,14,1,2,0,0,0,0,8.6,1,0,14.83,0
11.11,19,1,2,0,0,0,0,16.5,1,0,16.19,0
455.49,3,6,1,0,2,1,1,110.1,3,1,9.29,0
12.77,17,2,1,0,0,0,0,47.0,0,1,17.96,0
21.8,16,1,1,0,0,0,0,35.4,2,4,4.74,0
61.0,11,6,1,1,0,1,0,64.5,3,1,14.07,0
21.16,18,3,1,0,0,0,0,7.3,0,3,12.47,0
10.0,13,7,4,0,6,0,0,645.3,1,2,21.03,0
19.07,19,2,1,0,2,0,0,17.0,0,2,2.7,0
35.24,17,2,0,0,0,0,0,6.5,2,1,17.53,0
46.91,13,2,2,0,1,1,0,12.0,3,1,5.34,0
6.89,19,1,0,0,0,0,0,22.3,1,1,98.91,0
81.08,11,5,0,0,0,0,0,6.0,1,0,237.09,0
45.43,17,3,1,0,0,0,0,4.4,1,0,43.8,0
81.44,11,2,0,0,1,0,0,57.2,0,0,3.81,0
8.65,16,2,1,0,0,0,0,1.0,2,1,16.53,0
16.02,9,2,1,0,0,0,0,60.7,2,0,29.9,0
68.8,12,9,9,1,3,1,1,369.8,3,10,40.76,1
19.65,19,1,0,0,1,0,0,55.3,1,3,6.1,0
13.02,20,3,1,0,0,0,0,51.6,0,2,12.09,0
71.05,16,4,3,0,0,0,0,6.6,2,1,28.86,0
25.96,15,2,1,0,0,0,0,134.9,0,2,7.45,0
34.19,20,3,2,0,0,1,0,56.3,0,4,16.51,0
8.86,14,1,0,0,0,0,0,21.8,1,3,87.73,0
87.22,15,1,1,0,0,0,0,105.3,0,1,27.52,0
9.07,21,2,1,0,0,0,0,88.6,2,1,30.42,0
8.22,13,0,2,0,1,0,0,56.7,0,3,42.42,0
12.53,19,3,3,0,0,0,1,9.1,2,2,22.29,0
13.95,12,1,1,0,1,0,0,19.4,0,0,16.51,0
198.47,8,0,1,0,0,0,0,1.4,2,1,33.12,0
98.14,15,1,0,0,0,0,0,59.9,1,1,47.47,0
10.39,4,8,7,0,2,1,0,19.1,3,1,37.14,0
5.38,9,3,0,0,0,0,0,86.2,0,1,9.86,0
16.98,18,0,1,0,0,0,1,5.5,0,3,14.23,0
32.72,11,4,1,0,1,1,0,17.7,0,1,12.35,0
13.52,17,2,0,0,1,0,0,1.2,0,0,8.29,0
13.59,10,0,0,0,0,0,0,82.5,0,1,24.52,0
44.85,10,1,1,0,1,0,0,3.1,1,0,60.54,0
22.49,13,4,0,0,0,0,0,92.2,2,2,55.06,0
45.41,18,1,1,0,1,0,0,87.4,3,2,31.6,0
29.79,17,1,1,0,1,0,0,64.8,1,2,34.22,0
63.38,8,2,0,0,1,0,0,59.4,0,2,51.57,0
19.32,12,2,1,0,1,0,0,45.4,1,1,19.0,0
3.71,11,2,1,0,1,0,0,117.1,0,1,43.7,0
9.98,16,4,1,0,1,0,0,33.1,1,2,16.4,0
220.65,14,0,1,0,1,0,0,13.4,3,0,81.26,0
36.99,10,2,0,0,0,0,0,65.7,1,5,27.53,0
294.46,5,3,3,0,2,1,1,133.8,0,3,11.93,0
66.79,9,2,2,0,0,0,0,9.7,0,1,53.29,0
46.74,12,1,0,0,0,0,0,30.7,3,2,22.44,0
32.43,2,9,4,3,4,0,1,636.9,5,2,30.57,1
25.12,14,1,1,0,0,0,0,18.0,2,2,97.35,0
105.88,11,3,0,0,0,0,0,4.1,3,1,32.01,0
86.92,11,0,2,0,0,0,0,21.7,0,2,43.56,0
3.41,11,3,1,0,0,0,0,32.4,0,2,21.96,0
8.01,13,2,0,0,0,0,0,1.0,0,0,22.45,0
35.93,20,1,0,0,0,0,0,177.8,2,3,81.88,0
14.65,17,1,1,0,0,0,0,61.2,2,0,56.24,0
3.86,12,2,1,0,1,0,0,73.3,0,0,15.53,0
101.27,7,2,3,1,3,1,1,37.9,4,0,17.98,0
61.26,10,0,0,0,0,0,0,15.5,0,1,90.33,0
9.68,13,1,0,0,0,0,1,37.5,0,1,81.01,0
9.68,13,1,1,0,0,0,0,14.8,0,2,15.36,0
15.84,9,1,0,0,0,0,0,17.4,1,0,37.16,0
29.55,13,7,1,0,0,0,0,7.0,0,0,56.09,0
25.82,15,3,1,0,0,0,0,11.4,0,4,31.55,0
114.22,16,2,1,0,0,0,0,120.7,0,0,32.2,0
15.61,18,2,1,0,0,0,1,111.2,1,1,13.45,0
10.63,14,3,2,0,0,0,0,5.1,0,1,50.6,0
17.59,18,1,0,0,0,0,1,72.4,2,0,22.91,0
48.39,19,1,0,0,0,0,0,43.5,1,2,5.1,0
37.41,11,1,1,0,0,0,0,5.0,2,1,9.02,0
89.44,19,3,1,0,1,0,0,175.9,0,0,9.24,0
22.91,13,3,0,0,0,1,0,71.1,0,2,12.44,0
14.29,13,3,3,0,0,0,0,9.0,2,2,59.61,0
37.31,19,0,0,0,1,0,0,194.1,2,1,21.88,0
37.08,17,1,1,0,0,0,0,50.7,1,1,78.37,0
32.54,9,3,3,0,0,0,0,19.4,2,0,16.25,0
16.74,10,0,0,1,0,0,0,29.5,2,0,23.27,0
243.79,16,2,2,0,0,0,0,57.6,0,1,48.08,0
5.74,14,2,0,0,0,0,1,129.0,1,1,9.14,0
61.62,18,3,1,0,0,0,0,16.3,1,0,20.31,0
89.98,10,3,4,0,0,0,0,19.2,0,2,18.18,0
2.38,19,1,0,0,1,0,0,65.0,2,4,35.92,0
6.47,13,5,0,0,0,0,0,34.3,2,3,93.76,0
27.27,14,2,0,0,0,0,0,88.9,0,3,30.15,0
36.21,19,2,1,0,0,0,0,5.8,1,0,25.71,0
28.3,20,0,0,0,0,0,0,90.8,2,1,23.96,0
20.86,0,6,6,2,4,1,1,271.5,4,4,11.55,1
49.98,14,3,0,0,1,0,0,124.6,3,4,49.07,1
100.57,15,3,1,0,1,1,0,28.4,1,1,32.14,0
17.26,15,0,2,0,1,0,0,3.6,1,1,7.79,0
14.26,13,0,4,0,0,0,0,134.0,3,1,18.2,0
37.48,9,1,1,0,0,0,0,61.6,1,3,2.87,0
10.18,21,2,1,0,0,0,0,100.2,1,0,150.07,0
7.53,20,2,2,0,0,0,0,85.6,0,2,14.8,0
5.35,14,3,1,0,0,0,0,365.4,1,3,20.11,0
49.92,19,3,0,0,0,0,0,0.8,2,1,41.01,0
11.0,16,3,1,0,0,0,0,3.9,2,0,178.08,0
6.3,13,3,0,0,0,0,0,21.9,2,1,10.44,0
46.96,19,4,1,0,0,0,1,81.1,2,2,5.37,0
4.56,20,1,0,0,0,0,0,72.1,0,2,40.5,0
33.61,17,2,1,0,0,0,0,17.2,1,1,13.95,0
7.11,9,2,1,0,1,0,0,32.3,2,2,23.89,0
47.54,11,3,2,0,1,0,0,80.4,2,2,18.31,0
15.43,16,3,0,0,0,0,0,8.8,0,0,52.03,0
9.19,9,1,2,0,1,1,0,49.7,0,1,2.61,0
10.06,16,4,3,0,1,0,0,15.5,2,3,33.73,0
5.56,14,2,1,0,0,0,0,26.7,1,1,4.79,0
59.77,10,1,1,0,0,0,0,12.3,3,2,136.99,0
29.5,21,4,1,0,0,0,0,14.6,3,2,17.0,0
3.96,13,0,1,1,0,0,0,47.1,1,1,73.64,0
30.77,18,5,0,0,0,0,0,33.9,2,1,6.27,0
18.8,9,2,1,0,0,0,0,168.4,1,1,32.29,0
13.04,14,0,0,0,0,1,0,46.3,2,1,24.94,0
240.68,10,7,4,1,0,0,0,39.3,4,2,27.37,0
112.5,15,1,0,0,0,0,0,66.2,1,2,12.42,0
21.09,19,3,0,0,0,0,0,26.6,3,0,12.8,0
40.59,18,0,2,0,0,0,0,1.8,1,3,17.17,0
11.54,19,4,0,1,0,0,0,68.8,1,0,6.57,0
26.72,13,2,0,0,1,0,0,79.8,1,2,29.01,0
20.58,12,2,1,0,1,0,0,68.6,0,1,5.03,0
11.56,18,2,1,0,0,0,0,82.8,0,4,17.74,0
82.36,12,2,0,0,0,1,0,17.5,2,3,16.18,0
18.23,19,1,1,0,0,0,0,122.0,3,2,141.66,0
13.4,20,3,2,0,0,0,0,54.6,0,2,22.83,0
42.82,13,1,1,0,0,0,0,4.5,2,4,15.28,0
18.54,16,1,1,0,1,0,0,136.8,0,2,62.03,0
20.96,17,2,1,0,0,0,0,21.2,0,0,25.08,0
3.41,12,4,2,0,2,1,0,35.7,1,2,31.07,0
8.78,21,1,1,0,0,0,0,8.3,0,0,20.49,0
114.97,0,3,6,0,3,0,0,10.0,1,6,55.86,0
305.2,12,5,1,0,0,0,0,59.3,4,2,13.45,0
13.96,16,0,2,0,0,0,0,8.2,2,1,27.59,0
5.51,11,2,1,0,0,0,0,37.6,1,0,5.13,0
4.26,10,3,2,0,0,0,0,56.9,2,2,55.34,0
3.71,18,2,3,0,0,0,0,20.1,0,2,19.14,0
58.26,12,2,0,0,0,0,0,30.8,2,3,27.36,0
19.43,11,0,3,0,0,0,0,18.3,1,0,10.24,0
4.26,17,1,1,0,0,0,0,19.8,0,1,26.36,0
70.0,3,2,4,0,2,0,0,192.1,3,5,24.51,0
136.38,14,2,2,0,1,0,0,34.2,2,1,16.53,0
38.92,17,1,3,0,0,0,0,25.5,0,1,8.55,0
13.32,9,3,0,0,0,0,0,60.4,2,1,23.98,0
224.23,4,5,2,0,2,1,0,299.8,2,1,7.76,0
35.44,13,3,0,0,0,0,0,6.0,2,2,36.87,0
11.9,11,1,0,0,0,0,1,6.9,1,0,13.21,0
25.22,10,1,2,0,1,0,0,32.7,0,2,33.96,0
37.36,16,2,1,0,0,1,0,162.2,1,3,39.94,0
38.41,20,1,2,0,1,0,0,110.5,1,2,75.37,0
111.13,3,7,6,1,3,1,1,665.5,4,4,78.0,1
14.65,9,2,3,0,0,0,0,3.7,1,0,17.1,0
54.8,18,2,1,0,0,0,0,12.0,2,2,3.94,0
17.49,11,3,1,0,0,0,0,38.4,1,1,30.79,0
18.47,10,3,1,0,0,0,0,28.4,2,1,25.68,0
27.81,10,6,0,0,4,1,0,0.3,3,2,55.11,0
67.52,15,1,2,0,1,0,0,20.1,1,1,186.36,0
27.75,16,3,0,0,0,0,0,5.8,4,1,25.89,0
17.71,13,2,0,0,0,0,0,92.9,1,2,33.72,0
39.96,19,2,1,0,0,0,0,3.1,0,1,84.38,0
4.81,19,2,2,0,1,0,0,214.8,0,2,18.98,0
53.46,10,1,0,0,1,0,1,150.4,1,0,10.0,0
31.29,11,4,5,0,0,0,0,7.9,1,1,80.4,0
1.74,16,0,0,0,0,1,0,16.7,0,0,8.42,0
12.26,14,0,1,0,0,0,0,176.0,0,0,26.84,0
49.83,10,1,0,0,1,0,0,60.1,3,3,48.43,0
14.79,19,2,2,0,0,0,0,18.0,0,2,36.36,0
51.41,21,2,1,0,0,0,0,5.0,2,0,11.43,0
10.67,13,2,4,0,1,0,0,24.6,0,0,5.46,0
52.13,11,2,0,0,0,1,0,37.8,4,2,45.0,0
25.91,19,3,1,0,2,0,0,51.5,0,0,24.53,0
19.87,19,3,2,0,0,0,0,108.6,2,0,13.14,0
9.05,19,1,0,0,0,0,0,57.8,0,2,9.3,0
28.4,18,2,0,0,0,0,0,2.5,1,1,6.52,0
167.25,5,7,6,0,4,0,1,96.7,4,6,38.57,0
13.19,20,3,1,0,0,0,0,107.0,1,0,5.6,0
1.82,9,2,1,0,1,0,0,3.7,1,1,29.03,0
5.04,19,2,1,0,0,0,0,70.7,1,2,3.04,0
6.75,10,5,1,0,0,0,0,55.6,0,2,35.84,0
33.26,17,1,0,0,0,0,0,43.9,1,1,77.61,0
4.74,9,3,0,0,0,0,0,34.7,3,2,75.06,0
36.28,13,4,1,0,1,0,0,1.4,2,0,9.82,0
66.62,17,2,1,0,0,0,0,21.3,0,3,3.97,0
10.99,13,0,1,0,0,0,0,1.4,0,5,101.56,0
19.7,13,3,3,0,1,0,0,34.8,0,1,20.03,0
39.21,10,3,2,0,1,0,0,12.2,1,1,14.25,0
48.86,13,1,0,0,0,0,0,29.9,1,0,5.51,0
110.83,9,11,4,1,4,1,1,402.3,1,4,13.42,1
23.51,11,4,0,0,0,1,1,5.5,0,0,56.56,0
8.19,17,0,4,0,0,0,0,38.8,1,0,92.28,0
17.72,15,2,0,0,0,0,0,43.3,1,2,22.26,0
13.49,18,0,3,0,1,0,0,61.0,1,2,18.1,0
9.46,9,2,2,0,1,0,0,13.9,1,0,11.32,0
15.21,15,2,1,0,1,0,0,276.7,0,0,36.02,0
10.34,17,5,1,0,1,0,0,6.0,3,4,17.0,0
30.75,18,0,2,0,0,0,0,88.1,1,2,50.33,0
38.83,17,4,4,0,0,0,0,38.8,2,0,17.14,0
16.72,20,2,1,0,0,0,0,31.4,1,2,25.31,0
48.55,14,5,0,0,0,0,0,45.2,1,1,8.66,0
23.91,14,0,2,0,0,1,0,122.0,2,2,20.14,0
30.26,17,1,0,0,0,0,0,75.3,2,3,32.31,0
6.9,20,2,2,0,1,0,0,24.5,2,2,16.94,0
10.75,15,6,0,0,0,0,0,3.3,0,2,59.9,0
5.21,11,2,2,0,0,0,0,2.9,1,1,28.81,0
124.33,14,3,4,0,0,0,0,31.5,1,2,18.49,0
47.56,14,0,0,0,1,0,0,44.6,1,4,4.11,0
27.84,15,3,2,0,0,0,0,13.9,2,0,4.99,0
28.69,18,7,4,0,2,0,0,120.8,4,1,35.84,0
11.26,16,1,2,0,0,0,1,8.0,2,1,5.23,0
12.54,14,2,1,0,1,0,0,5.2,1,1,41.1,0
26.37,19,2,0,0,0,0,0,61.4,0,0,138.76,0
36.86,16,2,1,0,0,0,0,75.2,1,0,12.52,0
1.67,19,0,2,0,0,0,0,63.1,1,0,16.88,0
14.72,12,2,2,0,0,0,0,29.6,0,1,71.95,0
70.74,17,3,1,0,0,0,0,73.8,1,2,60.83,0
24.18,14,6,0,0,0,0,0,24.4,0,0,12.19,0
12.74,10,4,1,0,0,0,0,55.8,1,0,53.91,0
13.34,11,3,0,0,0,0,0,12.4,3,0,10.77,0
4.94,10,3,2,0,0,0,0,5.9,0,1,86.64,0
23.14,20,2,0,0,0,0,0,15.3,1,0,41.5,0
17.09,16,1,1,0,0,0,0,228.2,2,3,173.39,0
60.1,9,2,4,0,0,0,0,100.2,1,1,4.8,0
36.0,9,2,0,0,0,1,0,81.7,2,1,17.84,0
30.45,8,1,1,0,1,0,0,6.2,0,1,12.5,0
62.51,14,1,2,0,2,1,0,64.7,0,0,52.09,0
27.12,16,2,0,0,1,0,0,80.7,3,0,16.25,0
261.93,17,1,0,0,0,0,0,0.8,0,2,10.55,0
25.63,15,1,0,0,0,0,0,4.3,2,0,22.53,0
52.32,19,3,1,0,0,0,0,8.1,1,1,23.29,0
28.09,15,2,0,0,0,0,0,26.8,0,1,17.21,0
12.77,20,5,1,0,0,0,0,20.6,2,3,40.1,0
53.25,16,3,2,0,0,0,0,1.9,1,1,20.07,0
15.99,14,3,1,0,0,0,0,59.6,0,2,8.5,0
36.65,19,3,0,0,0,0,0,28.1,0,4,17.74,0
36.78,12,1,1,0,0,0,1,128.0,1,2,39.01,0
61.59,9,2,1,0,0,0,0,7.7,1,2,35.57,0
15.03,13,1,0,0,0,0,0,4.4,1,0,38.85,0
129.58,9,3,2,0,0,1,0,63.2,2,0,33.52,0
58.47,12,3,0,0,0,0,0,15.6,2,2,32.53,0
11.07,15,2,1,0,1,0,0,18.4,2,7,15.29,0
5.71,16,1,0,0,0,1,0,63.9,3,1,36.55,0
4.63,9,3,1,0,0,0,1,2.5,1,0,22.54,0
6.49,16,3,0,0,0,0,0,20.1,0,1,9.68,0
8.37,18,1,0,0,0,0,0,3.6,0,2,30.75,0
186.46,20,5,1,0,0,0,0,26.4,0,2,18.63,0
12.64,10,1,4,0,0,0,0,41.1,0,0,23.24,0
20.46,13,2,1,0,0,0,0,105.6,5,1,55.4,0
22.46,9,1,0,0,0,0,0,4.5,0,2,32.54,0
32.33,12,2,0,0,0,0,0,81.7,0,2,29.4,0
40.71,15,3,4,0,1,1,1,610.8,1,4,48.51,0
18.72,13,3,4,0,0,0,0,87.2,1,3,15.34,0
30.92,15,1,0,0,0,0,0,19.0,0,2,17.35,0
23.47,19,1,1,0,2,0,0,130.4,1,2,2.08,0
3.78,18,2,1,0,0,0,0,0.4,1,1,15.54,0
72.04,18,3,3,1,2,0,0,434.5,2,1,44.85,0
66.56,14,4,0,0,1,0,0,49.0,1,3,56.71,0
40.62,13,3,1,0,3,0,0,38.1,0,2,7.69,0
22.32,18,5,0,1,0,0,0,5.7,5,3,20.72,0
21.06,18,3,1,0,0,0,0,5.9,1,0,123.16,0
356.28,9,8,3,0,2,0,1,134.3,2,4,64.96,0
111.54,10,2,2,0,0,0,0,38.5,1,2,40.06,0
14.92,20,0,0,0,0,0,0,11.0,0,2,58.09,0
802.79,22,7,5,3,6,1,1,154.6,3,3,29.58,1
31.54,19,2,0,0,0,0,0,3.2,1,2,27.53,0
19.0,10,2,1,0,0,0,0,34.3,1,1,49.75,0
67.28,15,3,0,0,0,0,0,1.7,0,1,33.03,0
9.19,14,2,3,0,0,0,0,40.3,2,1,80.01,0
12.81,16,3,1,0,0,0,0,46.0,0,2,17.59,0
10.53,12,3,3,0,0,1,0,68.4,2,0,25.29,0
11.15,10,0,2,0,0,0,0,56.6,0,0,32.55,0
38.67,23,6,6,2,4,0,1,384.3,8,5,11.78,1
17.11,20,3,0,0,2,0,0,43.7,1,0,106.01,0
5.47,17,1,1,0,0,0,0,9.5,1,1,14.01,0
24.71,17,1,0,0,0,0,0,18.9,1,2,20.93,0
695.67,7,3,5,0,1,0,1,235.3,2,3,59.38,0
8.75,17,2,2,1,0,0,0,44.7,0,1,210.8,0
26.3,13,2,0,0,2,0,0,47.1,2,0,34.33,0
24.15,8,2,1,0,0,0,0,69.3,1,4,66.07,0
8.2,16,1,1,0,0,0,0,33.4,2,2,14.75,0
33.16,16,2,1,0,1,0,0,24.1,1,0,89.9,0
13.55,18,2,1,0,0,0,1,72.1,4,1,107.7,0
8.01,9,1,0,0,0,0,0,12.3,1,1,31.29,0
28.21,19,4,1,0,0,0,0,69.9,0,0,11.21,0
7.08,11,2,0,0,0,0,0,96.8,1,3,21.22,0
31.5,11,5,3,0,0,0,0,3.6,0,4,65.68,0
35.05,11,2,0,0,0,0,0,60.8,1,0,13.03,0
4.1,20,5,1,0,0,0,0,4.6,0,1,126.3,0
58.73,15,3,0,0,0,0,0,2.0,0,0,25.79,0
26.23,19,2,2,0,0,0,0,28.9,0,1,48.38,0
113.91,20,4,1,0,0,0,0,50.7,0,3,89.44,0
6.76,8,1,0,0,0,0,0,79.8,0,0,9.34,0
969.53,22,12,4,3,4,1,1,541.4,1,7,69.31,1
7.09,13,1,1,0,1,0,0,10.5,2,2,49.0,0
191.91,3,1,3,0,1,0,0,10.0,2,4,16.46,0
9.23,18,2,0,0,1,0,0,26.0,0,2,19.57,0
254.64,22,3,0,2,3,0,0,213.8,2,3,198.62,0
88.95,17,2,2,0,1,0,0,16.6,2,2,35.01,0
56.77,2,9,6,2,3,1,0,50.0,2,5,18.81,1
4.83,19,1,3,0,0,0,0,166.8,2,3,3.17,0
22.42,18,3,0,0,0,0,0,88.8,0,4,74.63,0
11.17,11,2,1,0,0,0,0,125.8,0,4,55.09,0
17.01,18,3,2,1,1,0,0,26.4,4,1,23.8,0
15.28,20,0,3,0,0,0,1,144.9,0,1,19.65,0
19.53,20,6,1,0,0,0,0,79.3,0,1,16.38,0
7.12,12,3,0,0,1,0,0,28.5,1,2,17.18,0
4.22,21,3,1,0,0,0,0,48.2,2,2,19.12,0
6.23,8,1,1,0,1,0,0,199.7,2,2,49.1,0
9.43,10,2,1,0,1,0,0,6.5,0,1,24.41,0
11.28,19,3,3,0,0,0,0,7.3,1,2,12.95,0
33.91,12,4,1,0,0,0,0,191.2,0,0,35.75,0
42.15,16,2,1,0,0,0,0,7.1,1,1,16.94,0
10.0,5,3,6,0,2,0,0,137.7,4,3,57.83,0
73.58,10,10,6,0,3,1,0,12.5,3,2,24.1,0
11.44,19,1,2,0,0,0,0,3.2,1,0,108.38,0
54.4,17,4,2,0,1,0,0,84.5,2,0,14.96,0
55.22,11,2,1,0,0,0,0,241.8,2,2,17.43,0
40.76,23,3,2,0,3,1,0,31.0,0,5,24.96,0
17.85,19,4,2,0,0,0,0,24.3,0,0,12.98,0
10.32,15,0,2,0,1,0,0,77.5,3,0,9.46,0
48.89,19,3,0,0,0,0,0,4.4,1,1,43.92,0
36.64,16,0,0,0,0,0,1,11.5,1,2,62.21,0
128.7,6,5,2,0,3,1,1,651.4,4,5,16.42,0
76.59,12,5,4,0,4,0,0,74.8,2,0,37.75,0
9.63,8,1,0,0,0,1,0,28.5,0,0,9.34,0
36.36,9,1,1,0,0,0,0,2.3,0,3,12.54,0
34.78,12,4,1,0,0,0,0,11.4,0,2,48.77,0
74.8,0,3,3,0,1,0,1,163.2,3,3,42.06,0
67.38,13,4,1,0,1,0,0,34.7,2,2,47.95,0
173.03,15,0,3,0,1,0,0,43.8,0,0,58.42,0
36.9,17,2,1,0,0,0,0,90.1,0,1,38.93,0
63.81,12,4,0,0,0,0,0,3.7,0,3,50.44,0
4.34,16,1,0,0,0,0,0,131.4,4,1,7.25,0
35.46,12,1,0,0,0,0,0,37.9,1,0,9.66,0
10.93,19,4,2,0,0,0,0,18.5,1,0,25.03,0
31.97,20,1,0,0,0,0,0,11.3,1,2,21.25,0
40.37,9,1,2,0,0,0,0,42.4,0,3,10.84,0
11.74,10,1,0,0,0,0,0,10.7,0,0,220.81,0
10.91,18,4,1,0,1,0,1,61.4,2,1,4.23,0
11.2,18,0,0,0,0,0,0,62.4,3,1,19.86,0
26.25,15,12,3,1,2,1,0,478.6,0,7,6.28,0
9.69,12,0,0,0,1,0,0,9.5,0,2,6.31,0
7.19,10,3,1,0,0,0,0,90.2,0,0,51.09,0
92.15,18,3,3,0,0,0,0,14.0,0,1,10.86,0
7.03,14,2,1,0,0,0,0,132.9,1,0,12.9,0
27.59,9,1,0,0,0,0,0,4.0,0,1,22.64,0
27.94,10,1,0,0,0,0,0,8.2,0,1,5.49,0
57.1,9,2,2,0,0,0,0,136.9,0,1,31.62,0
25.15,14,1,0,0,0,0,0,140.1,3,2,12.1,0
26.79,13,5,1,0,0,0,0,137.2,1,2,100.21,0
25.14,11,2,0,0,1,0,0,21.0,1,3,34.02,0
16.84,11,6,2,0,0,0,0,37.8,2,3,29.27,0
25.61,20,2,1,0,0,0,0,58.3,2,2,26.05,0
75.98,19,3,4,0,0,0,1,20.0,3,2,10.45,0
10.83,9,0,0,0,0,0,0,50.2,0,1,25.4,0
37.9,14,1,0,0,1,0,0,81.4,1,2,73.13,0
9.23,19,0,1,0,0,0,0,6.7,0,1,48.41,0
2.92,19,1,2,0,1,0,0,52.8,0,3,38.47,0
17.08,13,1,0,0,0,0,0,9.8,1,2,69.14,0
12.14,16,3,0,0,1,0,0,34.0,4,1,1.46,0
22.45,8,2,2,0,0,0,0,9.7,0,1,45.58,0
18.27,17,1,1,0,0,0,0,130.1,2,0,68.02,0
142.03,10,9,2,0,2,1,1,252.5,4,2,301.95,0
279.08,6,4,7,0,1,0,1,26.3,3,3,18.34,0
9.11,9,2,2,0,2,0,0,55.0,3,0,11.26,0
19.7,9,2,1,0,0,0,0,26.7,0,2,14.89,0
34.93,18,3,0,0,0,0,0,0.1,1,0,3.53,0
34.76,11,1,2,0,0,0,0,100.5,2,1,27.27,0
84.27,18,2,2,0,1,1,0,13.2,1,2,13.03,0
19.65,21,1,1,0,0,1,0,62.9,0,2,11.07,0
65.62,20,1,0,0,1,0,1,18.6,0,0,20.6,0
8.3,14,4,0,0,0,0,0,84.2,0,2,31.22,0
6.94,9,2,0,0,0,0,0,0.1,1,1,22.92,0
519.27,15,3,3,0,2,0,0,258.3,1,4,9.64,0
18.8,19,3,1,0,1,0,0,159.9,2,2,23.92,0
21.77,19,1,1,0,0,0,0,55.1,0,1,67.28,0
330.92,8,7,3,1,3,1,0,37.8,2,4,22.22,0
8.39,16,3,1,0,0,0,1,76.0,1,1,10.07,0
7.14,11,4,0,0,0,0,0,24.5,2,1,22.5,0
17.27,16,3,0,0,1,0,0,100.0,0,1,136.22,0
89.1,20,4,0,0,0,0,0,12.6,1,0,86.96,0
14.98,12,1,2,0,0,0,0,18.2,1,2,32.53,0
18.99,16,1,0,0,1,0,0,16.1,2,0,10.16,0
12.87,17,2,1,0,1,0,0,54.2,2,1,22.75,0
9.4,19,3,0,0,0,0,0,5.3,1,0,17.81,0
22.81,10,2,3,1,0,0,0,6.4,1,3,20.85,0
28.35,20,4,4,0,0,1,0,49.1,0,0,61.58,1
32.11,17,9,5,0,0,0,1,84.9,2,2,105.31,0
2.93,15,5,1,0,0,0,0,20.8,1,2,27.61,0
29.28,18,2,1,0,2,0,0,3.3,0,2,9.08,0
90.94,20,3,0,1,0,0,0,36.3,1,3,39.34,0
31.17,11,2,1,0,0,0,0,117.5,1,0,38.29,0
25.42,17,2,1,0,0,0,0,23.9,0,2,58.67,0
22.58,14,3,0,0,1,0,0,50.7,2,2,11.45,0
106.73,18,1,1,0,0,0,0,22.0,2,2,232.55,0
23.83,19,4,0,1,0,0,0,32.1,0,1,6.83,0
23.92,9,2,3,0,0,0,0,71.9,2,1,3.19,0
36.71,11,0,1,0,0,0,0,69.1,2,1,19.82,0
44.94,11,1,1,0,0,0,0,19.9,0,1,62.37,0
20.12,15,2,1,0,0,0,1,23.6,0,3,30.04,0
82.7,15,3,2,0,1,0,0,17.6,1,3,12.05,0
25.07,15,2,2,0,1,0,0,253.4,0,0,36.14,0
56.02,17,1,0,0,0,0,0,4.9,2,6,19.12,0
16.02,9,0,0,0,0,0,0,183.2,0,1,18.94,0
40.01,13,0,0,0,0,0,0,2.5,1,4,15.27,0
5.47,10,1,0,0,0,0,0,83.5,1,1,21.97,0
51.38,20,3,4,0,0,0,0,50.6,2,2,98.34,0
20.27,13,1,1,0,0,0,0,1.5,2,4,32.73,0
9.62,19,3,4,0,0,0,0,212.8,1,1,101.99,0
267.31,17,1,0,0,0,0,0,46.8,1,1,7.7,0
15.06,14,3,1,0,0,0,0,141.6,1,0,28.33,0
91.53,8,0,0,0,0,0,0,28.7,1,1,36.85,0
151.67,8,2,0,0,0,0,0,143.2,1,2,38.09,0
53.3,17,1,0,0,0,0,0,44.8,2,2,188.97,0
20.61,11,2,1,0,0,0,0,5.3,0,1,14.5,0
34.14,11,2,0,0,0,0,0,34.4,0,0,81.1,0
363.23,23,5,1,0,3,1,0,574.5,3,2,5.87,0
14.3,20,2,1,0,0,0,0,101.4,0,1,13.39,0
37.72,17,2,0,0,1,0,0,263.3,2,2,22.58,0
16.2,11,2,3,0,0,0,0,93.7,1,0,98.04,0
12.23,14,1,2,0,0,0,0,108.8,0,0,23.55,0
63.03,15,6,3,0,0,0,0,392.7,5,3,27.04,0
11.15,11,3,1,0,1,0,0,55.5,1,1,183.89,0
35.65,13,3,1,0,0,0,0,39.9,1,3,33.81,0
72.46,12,2,0,0,0,0,0,21.8,2,0,27.8,0
9.99,20,3,0,0,0,0,1,168.2,2,0,11.04,0
32.3,18,3,0,0,1,1,0,82.0,1,0,22.08,0
5.67,13,1,1,0,0,0,1,42.4,0,1,12.17,0
15.56,14,1,0,0,1,0,0,21.2,0,1,8.19,0
47.07,9,0,0,0,0,0,0,24.3,1,2,15.58,0
10.14,9,1,0,1,0,0,0,10.2,1,3,25.63,0
88.32,11,1,1,0,2,0,0,62.3,1,2,11.07,0
51.08,18,0,0,0,0,0,0,63.5,0,0,3.85,0
61.37,8,0,2,0,1,0,0,140.7,1,2,21.64,0
233.19,13,2,2,1,0,0,0,2.5,1,3,78.85,0
26.18,15,0,1,0,1,0,0,4.0,2,0,75.89,0
31.16,19,5,1,0,0,0,0,217.3,1,1,26.77,0
18.21,14,2,0,0,0,0,0,7.3,2,2,7.54,0
38.33,17,0,1,0,0,0,0,20.2,0,3,14.7,0
5.71,20,2,2,0,0,0,0,36.7,0,1,7.95,0
33.19,20,0,0,0,0,0,0,6.4,0,1,7.02,0
10.6,10,3,0,0,0,0,0,75.7,0,2,22.77,0
51.04,13,2,2,0,1,0,0,67.6,0,1,78.53,0
5.61,17,3,2,0,0,0,0,2.4,1,3,34.36,0
25.08,11,3,5,0,1,0,1,65.6,5,3,18.58,0
12.85,14,1,3,0,1,0,0,71.4,1,1,32.98,0
15.55,21,2,1,0,1,0,0,1.2,1,1,23.84,0
75.05,17,3,1,1,0,0,0,8.1,1,2,25.77,0
20.05,11,1,0,0,2,0,0,1.7,2,2,41.05,0
118.01,8,3,0,0,1,0,0,52.4,1,2,9.85,0
37.6,18,1,1,0,0,0,0,3.7,0,2,27.67,0
13.4,15,3,1,0,0,0,0,14.6,0,5,37.34,0
15.54,14,2,1,0,0,0,0,8.4,0,4,33.64,0
14.81,21,1,2,0,0,0,0,29.7,0,1,19.48,0
116.49,17,2,0,0,0,0,0,75.7,0,0,45.64,0
8.04,16,2,0,1,0,0,0,100.8,1,1,27.42,0
8.34,16,6,1,0,0,0,0,18.3,1,0,7.76,0
56.2,21,1,3,0,0,0,0,69.4,1,0,58.62,0
24.98,11,1,0,0,0,0,0,76.4,2,1,17.52,0
4.52,20,1,1,0,1,0,0,79.6,0,1,68.8,0
32.32,14,1,2,1,0,0,0,16.2,2,3,17.49,0
17.64,20,2,0,0,0,0,0,1.8,2,1,39.27,0
657.64,5,7,3,0,2,1,1,85.5,4,4,33.64,0
4.52,11,0,1,0,0,0,0,1.5,0,1,15.24,0
7.12,19,1,0,0,1,0,0,36.3,1,1,6.58,0
21.41,14,1,2,0,1,0,0,3.7,0,0,4.0,0
34.22,9,2,1,0,0,0,0,69.8,2,3,60.26,0
53.75,18,3,1,0,0,0,0,55.7,1,0,61.61,0
134.09,14,5,0,0,1,0,0,21.3,0,1,12.59,0
26.78,11,1,0,0,0,0,0,51.9,1,0,66.42,0
14.12,11,3,1,0,0,0,0,119.9,1,1,66.38,0
34.32,0,5,5,0,6,1,1,50.0,5,7,37.06,1
56.09,19,1,1,0,1,0,0,73.2,2,2,7.95,0
7.62,19,0,0,0,1,0,0,15.4,1,0,32.3,0
28.29,22,9,5,1,3,0,0,1014.7,1,4,232.89,0
82.14,18,1,3,0,0,1,0,148.1,2,1,50.95,0
47.29,16,1,0,0,0,0,0,9.7,2,0,48.79,0
36.46,10,1,2,0,1,0,0,10.4,0,2,32.89,0
51.83,19,4,1,0,0,0,1,26.8,0,0,18.74,0
66.79,12,0,1,1,0,0,0,89.3,1,1,28.04,0
20.79,10,1,1,0,1,0,0,29.6,1,3,22.99,0
18.51,12,2,4,0,0,0,0,15.2,1,1,42.64,0
25.77,19,4,4,0,1,0,0,5.5,3,3,27.76,0
18.98,16,6,1,0,1,0,0,137.7,0,1,28.21,0
6.09,14,1,3,0,2,0,0,0.9,3,1,29.61,0
4.44,19,3,1,0,1,0,0,45.4,2,1,17.88,0
27.54,20,0,0,0,0,0,0,9.9,0,2,5.37,0
7.49,10,3,1,0,0,0,0,0.1,2,2,48.54,0
13.37,13,1,2,0,0,0,0,21.1,0,0,119.7,0
143.38,11,4,1,0,0,0,0,4.0,2,0,8.31,0
27.69,14,2,0,0,0,0,0,144.2,0,0,36.5,0
63.27,12,1,1,0,0,0,0,65.6,0,4,19.37,0
11.23,18,2,0,0,0,0,0,2.0,1,2,32.71,0
6.65,8,0,3,0,0,0,0,78.6,1,2,13.23,0
29.14,14,1,0,0,0,0,0,29.7,0,2,43.56,0
66.01,18,2,1,0,1,0,0,42.1,1,1,47.04,0
7.58,16,3,1,0,0,0,0,34.8,3,3,38.01,0
38.23,13,1,0,0,0,0,0,35.3,1,4,18.27,0
12.82,14,3,0,0,0,0,1,6.6,2,3,105.48,0
97.72,9,3,0,0,0,0,0,124.3,0,1,15.51,0
38.19,17,1,1,0,3,0,0,22.3,1,2,45.39,0
60.06,15,4,3,0,0,0,0,191.3,0,0,70.16,0
48.6,9,0,1,0,0,1,0,26.1,0,1,11.59,0
71.78,21,4,1,0,1,0,0,65.7,0,2,104.94,0
39.58,8,5,1,0,0,0,0,53.9,3,1,10.32,0
21.36,14,2,2,0,0,0,0,22.4,3,0,4.6,0
158.68,8,6,3,0,4,0,0,11.7,4,4,44.33,0
51.48,16,2,1,0,0,0,0,2.3,0,2,34.11,0
47.45,15,2,0,0,0,0,0,2.5,1,3,42.96,0
14.83,19,1,0,0,0,1,0,18.0,1,1,20.73,0
44.28,20,2,1,0,1,0,0,123.2,1,2,15.45,0
21.89,14,1,2,0,0,0,0,4.8,2,1,87.38,0
70.85,9,0,0,0,0,0,0,35.8,1,2,22.91,0
8.51,20,6,1,0,1,0,0,100.0,2,3,23.33,0
20.29,13,9,4,1,5,1,1,565.5,3,6,162.93,1
8.66,18,3,1,0,0,0,0,48.5,0,2,15.71,0
13.33,21,5,0,0,0,0,0,11.4,1,1,13.99,0
5.69,13,0,0,0,0,0,0,83.6,1,1,9.51,0
42.86,12,0,2,0,0,0,0,5.6,1,1,32.98,0
10.15,10,4,2,0,1,0,1,110.3,1,7,110.83,0
9.04,17,1,1,0,1,0,0,18.4,0,0,34.17,0
64.4,11,3,1,0,0,0,0,51.6,0,0,6.09,0
8.93,10,1,2,0,0,0,0,19.5,1,0,21.23,0
16.05,20,2,1,0,0,0,0,33.7,0,2,19.69,0
41.77,21,1,1,0,1,0,0,72.9,1,3,18.82,0
97.14,19,0,2,0,0,0,1,65.9,1,0,28.79,0
43.48,14,2,1,0,1,0,0,0.7,0,1,22.43,0
41.23,17,0,2,0,0,0,0,86.4,1,0,21.46,0
39.17,15,3,0,0,0,0,0,102.4,3,5,19.15,0
17.1,8,2,0,0,0,0,0,7.6,2,2,37.15,0
59.16,23,3,3,1,2,1,0,72.0,2,2,14.55,0
10.69,17,7,5,0,0,1,0,97.3,4,4,99.19,0
49.19,18,4,1,0,0,0,0,158.4,2,4,39.78,0
2.69,15,1,1,0,0,0,0,42.8,2,1,14.85,0
5.27,12,5,0,0,0,0,0,25.5,1,1,16.1,0
17.91,20,1,3,0,0,0,1,91.1,0,4,31.67,0
13.14,18,1,0,0,1,0,0,33.0,0,3,3.31,0
15.71,13,3,2,0,0,0,0,47.6,0,1,8.22,0
219.76,16,6,7,0,5,0,1,275.7,1,1,84.84,0
30.95,17,1,2,0,0,0,1,61.4,2,2,54.1,0
4.92,12,4,2,0,0,1,0,51.1,3,0,9.21,0
225.29,17,0,2,0,0,0,0,28.1,1,1,40.45,0
53.63,20,2,2,0,2,0,1,74.2,0,0,15.96,1
12.68,19,2,0,0,0,0,0,16.1,1,4,31.07,0
18.95,14,2,0,0,0,0,0,74.0,0,1,3.89,0
22.8,20,4,2,0,1,0,0,12.5,1,1,19.48,0
34.14,13,3,5,0,2,0,0,10.0,4,5,42.6,0
27.99,10,2,0,0,0,0,0,38.7,0,0,27.13,0
28.63,16,2,0,1,0,0,0,67.7,3,0,20.87,0
241.77,2,6,7,2,4,1,1,162.1,4,4,21.71,1
22.02,20,3,1,0,0,0,0,69.5,1,1,7.55,0
11.97,11,0,1,0,1,0,0,22.7,0,2,6.4,0
50.47,21,2,2,0,2,0,1,10.0,0,3,29.42,0
29.15,12,4,0,0,1,0,0,15.7,4,2,23.12,0
124.25,13,3,2,0,1,0,0,13.2,0,2,28.85,0
46.97,11,6,1,0,1,0,0,102.3,0,0,9.68,0
61.24,4,6,3,0,3,0,1,130.6,4,1,60.4,0
59.88,11,1,1,0,1,0,0,38.7,2,1,65.74,0
29.81,13,3,1,0,0,0,0,127.0,0,1,29.2,0
76.9,0,8,4,0,2,1,1,242.5,5,4,26.38,0
5.67,8,3,0,0,0,0,0,68.6,1,1,21.04,0
84.97,12,1,1,0,0,0,0,6.9,2,7,2.29,0
11.35,8,3,3,0,0,0,0,6.7,1,2,16.14,0
60.84,15,5,1,0,0,0,0,66.1,0,1,8.9,0
30.69,18,1,2,0,0,0,0,2.8,1,0,6.68,0
19.21,17,5,1,0,1,0,0,8.7,1,3,61.2,0
66.82,13,4,1,0,0,0,0,76.9,1,1,94.8,0
37.82,19,2,0,0,0,0,0,20.8,1,3,5.61,0
25.66,17,1,1,0,0,0,0,8.7,1,0,8.57,0
31.84,21,3,0,0,0,0,0,51.3,0,1,7.2,0
33.75,21,1,1,0,0,0,0,27.9,0,1,53.59,0
27.41,10,2,1,0,1,0,0,23.4,1,2,74.83,0
10.03,17,2,1,0,2,0,0,74.3,1,1,33.58,0
18.08,13,0,1,0,0,0,1,37.1,2,2,13.99,0
13.11,16,1,1,0,0,0,0,46.1,0,2,44.75,0
36.96,16,0,1,0,0,0,0,11.9,3,1,32.19,0
12.43,8,3,0,0,0,0,0,8.5,3,1,38.23,0
27.11,12,2,1,0,0,0,0,1.4,0,2,5.9,0
31.25,13,5,1,0,0,0,0,7.6,5,1,17.12,0
190.44,1,7,4,0,1,0,1,134.9,1,2,56.58,0
22.36,15,4,3,0,1,0,0,128.0,1,4,73.27,0
490.7,18,3,0,0,0,0,0,63.5,0,1,44.58,0
8.77,17,2,1,0,0,0,0,134.5,0,0,9.05,0
29.52,11,2,2,0,0,0,0,13.8,0,1,31.34,0
42.13,19,2,0,0,0,0,0,9.6,0,3,24.12,0
14.06,12,2,1,0,0,0,0,98.4,1,0,11.92,0
7.02,12,2,0,0,0,0,0,6.2,0,0,22.86,0
9.94,11,2,0,0,0,0,0,56.7,3,2,38.65,0
46.15,11,1,0,0,0,0,0,97.9,1,2,46.32,0
27.93,10,3,4,0,0,0,0,8.1,1,2,29.49,0
27.82,21,5,0,0,0,0,0,19.4,1,0,26.87,0
7.31,14,1,2,0,1,0,0,83.4,0,1,13.67,0
15.99,20,2,0,0,0,0,0,34.3,0,1,3.98,0
27.56,17,2,0,0,0,0,0,149.8,0,1,15.12,0
29.83,15,2,0,0,1,0,0,43.5,0,2,85.16,0
102.4,17,1,0,0,0,0,0,10.3,0,2,13.02,0
18.37,15,2,2,0,1,0,0,57.4,2,1,18.36,0
25.97,17,1,1,0,1,1,0,22.4,3,2,15.38,0
18.17,12,1,1,0,0,0,0,42.5,0,4,42.31,0
35.39,17,3,1,0,2,0,0,12.2,1,1,25.38,0
14.87,16,0,1,0,0,1,0,118.3,2,1,8.4,0
79.58,20,2,1,0,1,0,0,16.5,1,3,15.05,0
14.11,12,0,0,0,0,0,0,98.2,0,4,15.75,0
80.4,18,7,5,0,1,0,1,10.0,1,7,12.57,0
9.9,10,1,2,0,0,0,0,17.1,1,3,15.12,0
15.26,10,2,0,1,1,0,0,33.1,3,1,8.06,0
50.96,16,3,1,0,0,0,0,303.7,3,2,46.22,0
66.08,18,2,2,0,0,0,0,24.2,4,2,18.6,0
312.2,5,7,6,0,4,1,1,50.0,4,7,22.04,1
16.58,21,4,0,0,2,0,0,78.5,2,2,77.56,0
20.38,16,4,1,0,0,0,0,50.7,0,1,7.97,0
22.74,18,0,0,0,0,1,0,7.1,2,3,104.66,0
9.47,20,1,1,0,0,0,0,61.3,2,2,12.63,0
18.3,17,3,1,0,1,1,0,16.0,1,1,49.55,0
43.35,21,3,1,0,0,0,0,84.7,0,1,23.13,0
151.64,13,5,5,0,2,0,0,233.8,4,1,37.87,0
32.98,10,3,0,0,1,0,1,142.3,1,1,18.53,0
110.18,10,2,1,1,1,0,0,101.9,2,4,37.27,0
11.45,14,0,0,0,0,0,0,223.5,1,2,77.84,0
26.65,12,1,1,0,0,0,0,32.2,1,3,182.17,0
99.67,15,1,0,0,0,0,1,51.5,0,1,9.08,0
99.42,18,3,1,0,1,0,1,101.0,2,3,7.03,0
231.86,13,5,5,0,3,0,0,195.3,5,3,32.19,0
21.91,17,1,1,0,0,1,1,62.5,2,4,28.92,0
16.19,13,1,1,0,0,0,0,97.3,1,0,17.53,0
29.97,14,1,2,0,0,0,0,116.5,0,1,121.67,0
25.4,12,5,1,0,1,0,0,9.4,1,2,9.21,0
63.08,20,5,2,0,0,0,0,47.0,2,3,4.86,0
27.47,13,1,1,0,0,0,0,1.4,2,1,41.69,0
61.81,13,2,0,0,0,0,0,42.7,2,1,18.59,0
14.34,18,2,4,0,0,0,0,102.4,2,3,13.37,0
559.44,16,6,5,0,1,0,0,66.0,2,4,16.55,0
3.68,10,0,2,0,0,0,0,133.6,2,0,25.37,0
12.61,13,4,2,0,0,0,0,1.8,1,4,52.98,0
47.55,20,2,0,0,0,0,0,21.8,2,1,12.93,0
29.12,12,3,2,1,1,1,0,144.5,1,3,97.29,0
9.64,18,3,0,0,1,0,0,100.4,0,1,29.62,0
71.7,19,1,0,0,0,1,0,74.3,1,2,177.9,0
42.82,11,4,0,0,0,0,1,167.4,2,1,41.19,0
20.49,9,3,0,0,0,0,0,73.0,1,1,15.1,0
10.5,9,1,2,0,0,0,1,80.7,4,2,19.51,0
32.53,19,2,3,0,1,0,0,39.2,0,0,25.23,0
14.24,15,0,1,0,0,0,0,22.9,0,1,75.97,0
35.14,13,1,1,0,1,0,0,18.2,1,1,36.51,0
41.68,21,0,2,0,0,0,0,46.4,0,1,18.5,0
218.44,2,5,4,0,3,0,1,102.7,2,5,26.6,0
41.15,13,2,1,0,0,0,0,90.8,2,1,1.78,0
30.47,18,5,3,0,0,0,0,42.0,0,3,14.69,0
33.1,15,2,1,1,0,0,0,4.3,2,0,6.39,0
47.92,20,3,1,0,0,0,0,11.7,2,4,14.02,0
82.21,20,3,1,0,0,0,0,23.9,1,2,16.6,0
143.33,9,1,2,0,0,0,0,97.8,0,1,10.84,0
8.84,18,0,2,0,0,0,0,19.8,1,1,42.08,0
8.53,18,4,2,0,0,0,0,12.8,2,1,20.57,0
8.92,8,3,1,0,0,0,0,56.5,1,2,23.38,0
62.98,8,2,0,0,1,0,0,39.3,2,1,131.96,0
77.24,19,0,1,0,0,0,0,32.4,2,3,48.23,0
12.38,18,1,1,0,0,0,0,21.5,2,5,47.83,0
57.2,11,1,0,0,1,0,1,92.2,0,1,18.03,0
32.11,15,3,1,0,1,0,0,40.2,0,3,45.62,0
10.97,9,2,1,0,0,0,0,46.9,2,1,23.43,0
37.81,3,5,4,0,4,0,0,204.9,3,1,25.08,0
44.86,10,2,1,0,0,0,0,47.6,1,2,10.66,0
11.92,20,1,0,0,0,0,0,60.2,1,4,26.3,0
11.57,15,1,1,0,1,0,0,46.5,1,0,3.81,0
16.82,13,1,1,0,0,0,0,8.6,0,1,91.42,0
19.26,19,2,0,0,0,0,0,87.1,0,3,36.64,0
42.92,15,2,0,0,0,0,0,7.2,1,1,31.13,0
322.88,19,9,3,2,2,1,1,305.7,9,8,22.09,1
17.17,14,5,4,0,0,0,0,8.4,2,3,10.21,0
26.4,18,2,3,0,1,0,0,5.4,0,2,27.46,0
130.05,21,6,6,1,1,0,1,251.5,8,3,19.48,1
50.96,15,4,1,0,0,0,0,51.5,1,3,9.86,0
15.25,19,1,0,0,0,0,0,179.2,1,1,30.81,0
16.1,11,1,0,0,2,1,0,122.8,0,1,19.17,0
25.23,14,3,0,0,0,0,0,63.6,0,0,12.1,0
27.34,16,2,1,0,0,0,0,101.2,0,0,8.36,0
14.25,20,5,3,0,0,0,1,3.3,1,1,29.71,0
53.21,16,2,0,0,0,0,0,27.8,1,4,42.64,0
70.81,14,3,0,0,1,0,0,79.3,2,0,14.82,0
1011.03,11,4,5,0,2,0,0,462.6,3,2,33.42,0
20.59,14,1,2,1,0,0,0,85.4,0,0,45.96,0
37.76,11,2,1,0,0,0,0,86.6,1,0,32.74,0
25.55,10,1,0,0,1,0,0,41.2,0,0,17.98,0
25.97,14,0,1,0,1,0,0,26.6,1,0,27.78,0
45.81,19,0,0,0,0,1,0,264.0,4,0,151.02,0
24.33,11,0,0,0,0,0,0,91.8,3,1,17.34,0
17.14,15,1,0,0,0,0,0,27.0,2,2,36.22,0
14.46,11,0,1,0,0,0,0,18.8,0,1,71.47,0
61.13,18,2,0,0,0,0,0,60.1,1,3,15.4,0
29.05,12,2,1,0,0,0,0,11.2,3,0,20.56,0
19.37,15,1,1,0,0,0,0,3.0,1,1,10.96,0
95.41,9,3,1,0,1,0,0,78.2,1,2,30.56,0
33.25,19,4,0,0,0,0,0,4.6,1,2,37.88,0
19.07,16,0,0,0,0,0,0,12.6,0,0,17.28,0
43.85,12,1,0,0,0,0,0,133.7,0,0,19.74,0
17.45,13,2,0,0,0,0,0,9.2,1,1,32.36,0
25.15,19,3,0,0,0,0,0,75.6,3,2,78.07,0
21.79,9,1,1,0,1,0,1,46.8,1,1,31.86,0
49.47,10,2,2,0,0,0,0,20.3,1,0,45.69,0
1.0,14,2,2,0,0,0,0,12.4,0,0,40.47,0
22.99,19,0,0,0,0,0,0,1.9,2,1,38.74,0
17.9,13,1,2,0,1,0,0,91.1,1,0,13.63,0
13.76,6,7,4,0,2,1,0,277.1,2,6,289.6,0
18.29,17,0,3,0,2,0,0,19.4,0,1,24.57,0
6.04,21,2,1,1,1,0,0,113.0,1,3,20.06,0
69.96,12,1,2,0,0,0,0,56.0,3,3,8.36,0
10.95,16,4,2,0,0,0,0,116.5,1,2,8.45,0
9.96,9,1,0,0,1,1,0,0.3,3,0,37.96,0
6.96,10,2,2,0,0,0,0,155.5,0,0,13.02,0
11.56,20,3,0,0,1,0,0,22.9,3,0,6.91,0
6.09,20,1,0,0,0,0,0,123.0,1,0,33.34,0
16.41,12,2,2,0,0,0,0,7.3,3,1,10.62,0
9.79,9,0,4,1,0,0,0,10.0,0,2,127.43,0
28.93,11,2,0,1,0,0,0,25.9,1,0,36.78,0
18.63,9,3,0,0,1,0,0,80.1,0,2,9.91,0
59.24,9,2,3,0,0,0,0,78.5,3,0,170.67,1
55.08,16,1,1,0,0,0,0,55.8,1,3,16.49,0
7.2,13,0,0,0,0,0,0,110.8,0,3,30.52,0
94.64,14,1,0,0,0,0,0,46.6,2,2,22.16,0
52.62,23,2,5,0,3,1,0,858.5,3,2,51.79,0
19.43,13,1,2,0,1,0,0,31.9,1,0,11.13,0
72.15,16,4,2,0,0,0,0,7.6,1,1,39.22,0
32.6,17,1,1,0,2,0,0,20.5,1,0,3.22,0
3.27,9,1,1,0,0,0,0,1.1,0,0,19.2,0
163.48,11,5,4,0,3,0,0,18.6,4,4,75.86,0
26.99,18,0,0,0,1,0,0,39.8,4,3,19.46,0
15.15,11,1,0,1,0,0,0,34.6,2,1,41.93,0
27.87,9,2,1,0,1,0,0,29.9,1,3,33.14,0
8.32,8,2,1,0,0,0,0,56.8,3,0,8.13,0
4.37,13,4,0,0,0,0,0,105.3,2,0,36.79,0
5.17,10,2,1,0,0,0,0,50.4,2,1,16.55,0
1144.15,3,7,6,0,0,0,0,188.8,2,3,29.72,0
97.59,12,3,0,0,0,0,0,12.0,3,1,143.21,0
21.42,17,0,0,0,0,0,0,87.1,2,0,50.18,0
12.47,11,2,3,1,0,0,1,20.7,2,3,4.04,0
3.28,20,3,1,0,0,0,0,46.5,0,2,16.01,0
84.14,18,2,1,1,3,0,0,26.8,2,1,48.92,1
23.91,21,5,1,0,1,0,0,67.4,2,1,72.44,0
12.86,15,2,0,0,0,0,0,10.2,0,1,10.81,0
148.35,10,0,1,1,1,0,0,120.8,3,1,20.78,0
54.33,10,0,1,0,0,0,0,34.5,1,3,9.17,0
8.44,18,3,2,0,0,0,1,46.7,1,2,58.71,0
27.72,20,4,0,0,0,0,0,79.0,3,0,43.15,0
11.28,12,0,0,0,0,0,0,19.8,0,2,20.85,0
13.44,15,2,1,0,2,0,0,52.7,1,3,41.74,0
29.7,17,1,2,0,0,0,0,16.7,0,1,8.39,0
9.55,10,2,1,0,0,0,0,29.5,0,2,15.08,0
18.81,21,4,2,0,0,0,0,43.7,5,0,22.85,0
58.73,20,1,1,0,0,0,0,42.4,0,0,8.45,0
82.9,17,1,0,1,0,0,0,117.3,0,0,79.26,0
46.42,10,3,1,0,0,0,0,223.1,3,1,35.67,0
49.03,12,3,1,0,1,0,0,36.9,0,3,14.67,0
35.78,16,6,2,0,2,0,0,121.9,5,2,60.78,0
41.68,16,4,0,0,0,0,0,172.4,1,1,176.94,0
25.89,14,3,0,0,0,0,0,83.1,0,5,72.81,0
3.8,8,1,1,0,1,0,0,20.2,2,0,34.73,0
4.58,11,1,2,0,0,0,0,37.6,3,4,2.69,0
9.63,13,1,0,0,1,0,0,72.9,3,1,37.72,0
91.22,8,4,2,0,0,0,0,10.5,2,2,46.0,0
20.25,16,0,1,0,1,0,0,36.6,2,2,18.27,0
44.7,12,2,0,0,0,0,0,35.4,1,0,133.91,0
12.89,11,1,0,1,1,0,0,73.6,3,1,17.44,0
2.67,14,1,0,0,0,0,0,29.2,0,1,15.96,0
127.99,8,4,1,1,2,0,0,130.7,0,5,62.06,0
58.11,11,3,2,0,0,0,0,30.4,4,1,25.68,0
18.02,18,0,1,0,2,0,0,74.9,1,1,65.94,0
85.09,8,5,3,0,0,0,0,10.5,1,1,16.66,0
25.04,14,2,1,0,1,0,0,56.9,0,6,74.53,0
18.51,10,2,0,0,0,0,0,11.2,0,2,25.1,0
12.38,18,7,0,0,1,0,0,172.3,0,2,12.6,0
26.28,12,7,1,0,1,0,0,26.8,1,0,52.77,0
42.82,17,1,3,0,1,0,0,36.9,2,1,15.67,0
40.23,20,4,2,0,0,1,0,39.8,1,0,54.39,0
10.81,9,0,1,0,1,1,0,4.7,1,1,11.92,0
33.66,15,1,2,0,0,0,0,101.0,2,2,45.58,0
41.76,14,0,0,0,0,0,0,3.6,0,2,33.12,0
18.36,18,3,4,0,0,0,0,34.6,3,3,33.44,0
8.85,9,1,0,0,1,0,0,106.7,2,1,5.91,0
28.98,11,4,0,0,0,0,0,29.5,0,2,30.68,0
16.63,15,4,2,0,0,0,0,65.5,0,0,13.82,0
59.47,10,5,2,0,1,0,0,216.9,0,4,41.64,0
6.37,20,2,0,0,0,0,0,18.6,2,0,45.7,0
100.12,12,4,1,0,1,0,0,4.5,0,0,49.02,0
6.38,14,0,2,0,0,0,0,129.3,2,2,11.64,0
86.81,11,5,0,0,0,1,0,60.2,0,1,40.56,0
161.68,4,6,4,0,4,0,0,247.4,2,3,39.75,0
21.51,14,3,1,0,0,0,0,137.8,0,1,6.36,0
89.56,13,2,3,0,0,0,1,57.9,1,1,12.74,0
181.16,15,1,0,0,0,0,0,133.2,1,3,19.62,0
31.47,18,0,3,0,1,0,0,2.0,1,1,6.74,0
29.23,8,3,1,0,0,0,1,27.2,0,0,36.5,0
36.12,17,3,1,0,1,0,0,22.9,2,2,3.71,0
15.33,13,2,1,0,1,0,0,36.2,2,1,7.11,0
50.38,18,3,1,0,0,0,0,43.2,1,0,42.35,0
46.51,11,4,1,0,0,0,0,5.9,1,3,18.05,0
88.51,15,2,1,0,0,0,0,17.4,0,5,46.12,0
36.64,12,2,0,0,0,0,0,3.4,0,0,110.48,0
46.95,19,3,0,0,0,0,0,40.3,4,1,26.74,0
10.57,17,0,0,0,1,0,0,1.3,0,0,14.73,0
38.53,14,2,0,0,0,0,0,0.6,2,3,1.56,0
23.58,18,3,0,0,0,0,0,80.1,4,1,68.66,0
49.49,16,4,3,0,2,0,0,462.8,0,3,51.59,0
27.37,10,0,2,0,0,0,0,32.6,0,0,8.75,0
87.84,8,2,0,0,1,0,0,10.1,0,1,35.48,0
42.72,16,2,1,0,1,0,0,19.1,1,1,75.85,0
466.82,3,7,1,0,1,1,0,696.9,6,0,17.41,0
21.82,11,4,2,0,0,0,0,98.1,0,2,166.82,0
6.42,15,1,2,0,0,0,0,26.7,1,5,5.48,0
9.82,19,4,2,0,0,0,0,3.5,1,4,22.56,0
55.13,13,5,3,1,1,0,1,340.1,5,1,38.33,0
52.05,19,2,0,0,0,0,0,7.1,2,1,40.76,0
14.79,9,2,2,0,0,0,0,16.6,1,0,5.15,0
43.27,11,1,1,0,0,0,0,60.0,1,2,17.68,0
16.97,11,3,1,1,0,0,0,65.8,0,0,13.96,0
25.0,15,2,0,0,1,0,0,86.2,0,0,16.84,0
53.62,13,3,1,0,0,0,0,87.5,0,0,7.24,0
14.39,17,0,2,0,0,1,0,41.4,0,0,39.64,0
54.62,9,1,1,0,1,0,0,25.3,2,1,12.97,0
23.24,18,4,0,0,0,0,0,22.5,1,0,29.24,0
69.68,8,7,4,1,1,0,1,552.6,0,3,52.94,0
59.61,13,0,0,0,0,0,0,14.9,0,1,18.65,0
14.82,10,0,0,0,0,0,0,20.9,2,3,59.36,0
21.7,14,2,1,0,1,0,0,39.7,0,1,5.85,0
28.7,16,0,1,0,0,0,0,9.6,2,0,32.34,0
144.31,12,1,1,0,0,0,0,44.1,2,2,17.57,0
52.73,20,2,0,0,0,0,0,22.2,2,0,28.98,0
47.89,21,5,0,0,0,1,0,48.1,1,1,11.72,0
7.26,13,4,2,0,0,0,0,4.4,3,3,294.66,0
15.48,11,3,1,0,0,0,0,162.8,0,0,15.13,0
81.34,8,3,0,0,0,0,0,21.3,1,0,108.2,0
18.18,9,2,0,0,1,0,0,75.7,3,2,6.61,0
37.45,19,2,1,0,1,0,0,59.2,1,0,113.47,0
9.7,10,0,1,0,0,0,0,10.7,2,3,82.96,0
38.03,16,3,1,0,1,0,0,23.7,0,2,117.7,0
11.21,18,4,4,0,1,1,1,325.4,4,4,29.72,0
31.71,10,0,0,0,0,0,0,37.6,0,1,62.17,0
72.97,11,5,0,0,0,0,0,20.2,0,0,45.16,0
33.53,19,2,0,0,0,0,0,7.8,1,0,25.92,0
20.24,14,1,3,0,0,1,0,13.0,4,0,30.63,0
30.04,13,4,0,0,0,0,0,11.6,1,3,6.77,0
35.16,20,5,3,0,0,0,0,5.4,0,2,4.67,0
15.22,14,4,1,0,1,0,0,204.6,2,0,93.17,0
23.45,18,5,2,0,2,0,0,28.0,0,2,16.93,0
16.78,20,1,1,0,1,0,0,25.8,0,1,26.68,0
9.11,13,4,2,0,1,0,0,8.0,1,2,40.38,0
8.64,20,1,0,0,0,0,0,18.3,2,0,19.96,0
16.32,9,4,1,0,0,1,0,49.5,2,2,19.45,0
22.25,15,1,1,0,0,0,0,234.9,1,1,5.53,0
5.13,16,3,0,0,0,0,0,141.5,1,5,13.03,0
4.65,8,2,0,0,0,0,0,48.2,0,2,36.22,0
44.5,16,3,1,0,1,0,0,57.4,2,0,37.45,0
11.52,10,1,0,0,1,0,0,16.4,3,0,98.5,0
15.96,9,7,0,1,0,0,0,34.6,0,0,43.52,0
26.99,19,3,2,0,0,0,0,118.9,0,3,25.05,0
255.44,16,2,0,0,0,0,0,3.4,2,1,49.55,0
10.38,15,3,0,0,0,0,0,51.0,0,2,32.02,0
26.49,10,3,0,0,0,0,0,74.2,3,2,20.59,0
51.25,18,3,0,0,0,0,0,105.5,1,0,25.79,0
3.33,14,3,1,0,0,1,0,50.7,2,2,7.5,0
22.96,20,1,2,0,0,0,0,38.4,1,0,45.93,0
11.81,19,1,2,0,0,0,0,21.1,0,2,20.54,0
12.85,9,4,2,0,0,0,0,73.9,3,0,25.45,0
35.13,10,5,2,0,1,0,0,12.2,1,0,35.15,0
456.23,12,3,7,0,0,1,0,57.0,1,8,6.67,0
21.84,17,3,0,0,0,0,0,50.9,2,1,61.47,0
23.27,15,4,2,0,0,0,0,0.9,1,1,35.76,0
49.93,15,1,2,0,0,0,0,25.2,2,4,26.31,0
9.87,17,0,2,0,0,0,1,6.4,2,0,21.85,0
11.55,13,4,1,0,0,0,0,24.9,2,0,17.17,0
21.33,9,1,1,1,0,0,0,1.7,2,1,41.74,0
50.41,15,0,2,0,0,0,0,69.4,1,1,47.61,0
58.11,14,1,2,0,2,0,0,80.2,2,0,19.51,0
26.76,13,1,2,0,0,0,0,45.4,2,1,22.52,0
41.53,19,3,4,0,0,0,0,43.3,0,1,8.8,0
407.21,15,8,4,0,2,0,1,196.9,6,4,42.37,0
10.65,20,1,2,0,0,0,0,42.1,2,1,65.7,0
7.24,18,1,2,0,0,0,0,37.5,1,2,29.41,0
19.01,20,3,1,0,0,0,0,7.7,1,1,57.86,0
45.27,20,6,0,0,0,0,0,20.2,0,4,14.01,0
48.59,9,3,0,0,0,0,0,40.6,0,3,10.86,0
3.33,16,3,0,0,0,0,0,50.0,1,3,17.05,0
5.54,9,2,0,0,0,0,0,46.7,3,2,41.98,0
309.93,9,3,1,0,0,0,0,86.4,1,1,59.28,0
80.81,10,1,0,0,1,1,0,16.4,3,3,7.68,0
17.12,10,2,1,0,0,0,0,32.5,1,0,75.07,0
13.88,16,3,1,0,0,0,0,22.9,1,0,21.03,0
39.12,14,0,0,0,0,0,0,6.5,1,2,3.65,0
34.25,13,4,2,0,2,0,0,75.7,1,1,19.87,0
66.13,13,2,1,0,1,0,0,55.8,1,1,48.88,0
22.58,16,2,0,0,0,0,0,7.1,1,2,29.9,0
26.9,14,3,5,1,1,0,1,42.0,1,2,33.91,0
38.77,13,7,4,1,1,0,0,156.3,1,0,22.53,0
21.61,18,2,1,0,1,0,0,62.1,0,2,34.21,0
3.37,21,0,0,0,1,0,0,53.9,0,0,36.75,0
29.45,15,6,2,0,0,0,0,111.9,0,1,78.1,0
20.63,13,1,1,0,0,1,0,1.9,3,2,90.62,0
52.57,11,0,2,0,0,0,0,153.5,1,1,13.89,0
15.38,17,0,1,0,0,0,0,15.2,0,2,18.86,0
21.44,20,3,1,0,0,0,0,13.9,4,0,17.82,0
57.22,17,5,9,1,2,1,1,169.5,4,9,12.98,1
44.24,20,1,0,0,0,0,0,12.2,2,1,44.98,0
55.89,16,0,1,0,0,0,0,73.3,0,1,11.87,0
104.06,10,4,2,0,1,0,1,56.1,0,0,27.79,0
57.69,8,2,6,0,0,0,0,209.9,0,3,31.24,0
23.47,10,2,1,0,0,0,0,85.4,2,3,158.13,0
51.27,18,0,1,0,0,0,0,34.4,0,3,28.76,0
9.21,8,6,0,0,0,0,0,1.1,1,1,43.48,0
24.57,11,2,0,0,1,0,0,113.2,1,3,56.83,0
41.68,17,5,1,0,1,0,0,10.0,2,5,18.08,0
5.29,13,1,1,0,0,0,0,33.8,0,1,30.79,0
4.9,14,0,0,0,0,0,0,100.0,0,2,35.16,0
179.1,17,1,7,2,1,0,0,539.6,7,6,30.51,1
6.09,12,3,2,0,0,0,0,27.2,1,4,22.33,0
52.02,12,0,2,0,0,0,0,3.6,1,1,11.01,0
69.94,11,3,2,0,0,0,0,112.8,1,3,37.56,0
49.74,14,2,1,0,1,0,0,116.6,2,1,5.19,0
42.29,9,0,2,0,0,0,0,33.4,1,1,7.7,0
89.03,16,2,0,0,1,0,0,33.1,0,3,42.2,0
158.69,12,2,2,0,0,0,0,35.0,0,5,14.06,0
84.02,3,6,5,1,3,1,1,128.6,1,1,30.53,0
57.33,13,0,1,0,0,0,0,17.5,1,1,24.97,0
10.64,8,3,2,0,0,0,0,2.4,2,1,31.78,0
12.06,10,2,0,0,0,0,0,67.2,0,0,115.43,0
20.85,20,2,2,0,0,0,1,32.7,2,2,61.98,0
30.19,9,2,0,0,1,1,0,57.6,2,3,40.5,0
182.65,19,3,0,0,1,0,1,25.4,2,1,19.23,0
61.31,14,4,0,0,0,0,0,6.8,1,1,119.53,0
69.65,20,3,0,0,0,0,0,53.1,1,3,10.33,0
41.79,17,1,1,0,0,0,0,99.9,3,3,39.61,0
43.02,17,1,2,0,0,0,0,17.0,0,2,35.24,0
7.84,17,3,0,0,2,0,0,8.8,0,0,32.52,0
235.54,19,2,0,0,0,0,0,69.1,0,0,20.68,0
26.18,12,2,0,0,0,0,0,5.4,1,1,22.53,0
6.56,16,2,1,1,0,0,0,9.1,1,2,79.83,0
18.96,9,0,0,0,1,0,0,7.1,1,3,43.98,0
31.73,10,0,1,0,0,0,0,118.6,1,1,9.03,0
17.51,8,2,0,0,0,0,0,66.5,0,0,31.1,0
23.66,9,0,0,0,0,0,1,17.0,0,0,150.24,0
40.78,16,2,1,0,0,0,0,5.4,0,1,93.12,0
66.21,15,4,0,0,0,0,0,32.0,2,3,107.61,0
32.96,18,4,0,0,0,0,0,21.6,1,3,16.39,0
62.04,14,1,1,0,0,1,0,56.0,1,5,7.73,0
66.33,13,2,1,0,1,1,0,82.0,0,1,19.99,0
51.39,16,6,1,1,0,0,0,34.9,0,2,13.52,0
25.19,11,3,1,0,0,0,0,57.4,0,3,73.65,0
57.54,12,3,2,0,1,0,0,24.7,0,2,12.94,0
63.71,19,3,2,0,0,0,0,16.5,1,2,14.89,0
8.72,14,1,1,0,0,0,0,37.2,1,2,4.04,0
7.17,15,3,1,0,1,0,0,160.0,0,3,33.68,0
40.23,14,4,6,0,2,0,0,70.2,1,3,32.63,0
12.21,15,2,1,0,0,0,0,40.2,0,3,38.0,0
47.55,12,4,2,0,0,0,0,30.3,1,1,45.5,0
14.69,10,4,1,0,0,0,0,8.3,0,1,49.62,0
4.39,10,0,0,0,0,0,0,14.8,0,3,1.96,0
42.85,15,1,0,0,0,0,0,5.2,0,1,13.99,0
37.14,16,1,0,0,0,0,1,12.9,0,2,53.92,0
86.15,19,1,2,0,1,0,0,156.8,1,0,23.5,1
56.11,15,0,2,0,2,0,0,46.7,1,1,21.84,0
20.85,11,1,0,1,0,0,0,12.7,0,2,67.69,0
17.7,13,1,0,0,1,1,0,96.6,1,1,42.05,0
4.34,16,1,2,0,1,0,0,128.3,1,1,49.21,0
14.37,14,2,1,0,0,0,0,14.6,0,2,20.31,0
4.02,10,1,0,0,0,0,0,71.1,1,1,72.65,0
62.19,13,1,1,0,0,0,0,87.6,0,0,18.68,0
20.65,15,1,0,0,0,0,0,52.2,3,2,16.7,0
145.16,20,1,0,0,1,0,0,52.9,1,1,28.12,0
13.52,14,0,0,0,0,1,0,21.5,1,1,106.69,0
876.55,13,7,5,1,5,0,0,305.4,1,1,12.25,0
32.48,9,0,2,0,0,0,0,41.7,1,1,127.55,0
13.06,17,2,2,0,0,0,0,24.7,2,2,31.56,0
69.39,16,2,0,0,0,0,0,15.5,2,0,9.12,0
81.58,17,2,2,0,0,0,0,101.7,0,5,85.8,0
8.78,10,2,1,0,0,1,0,19.2,1,1,42.49,0
64.67,8,4,1,0,1,0,0,293.0,1,2,44.46,0
11.54,9,3,0,0,1,0,0,20.9,1,2,6.58,0
7.02,13,2,0,0,0,0,0,18.0,1,1,30.84,0
40.16,13,1,0,0,0,0,0,93.0,2,1,36.25,0
7.84,10,1,1,0,0,0,0,31.6,0,3,81.55,0
36.26,16,3,4,0,1,0,0,61.7,2,4,20.71,0
80.9,12,1,2,0,0,0,0,30.1,0,3,59.92,0
21.06,9,5,0,0,0,0,0,77.7,1,1,105.46,0
28.52,13,5,0,0,0,0,0,13.4,1,3,74.54,0
18.79,11,2,2,0,0,0,0,37.7,1,0,24.67,0
105.11,8,1,0,0,0,0,0,33.5,0,3,14.45,0
8.66,11,2,1,0,0,0,0,23.5,1,4,10.97,0
23.01,17,0,0,0,0,0,0,16.1,1,0,10.78,0
44.88,19,4,0,0,0,0,0,42.5,3,1,15.14,0
148.7,10,3,1,0,0,0,0,23.8,3,0,14.82,0
113.81,12,4,1,0,0,1,0,1.6,2,2,29.66,0
38.4,12,1,0,0,0,0,0,21.0,2,1,32.89,0
52.44,10,3,2,0,0,0,0,9.7,0,1,44.83,0
28.84,19,4,0,0,1,0,0,39.9,0,1,11.8,0
9.04,17,1,1,0,1,0,0,62.8,1,1,24.15,0
92.78,18,3,1,0,1,0,1,86.9,2,1,31.68,0
89.18,16,2,1,0,2,0,0,7.8,2,0,18.37,0
36.93,12,1,0,0,0,0,0,30.6,1,2,105.86,0
14.31,16,2,2,0,0,0,0,38.1,1,0,70.98,0
13.24,20,1,1,0,0,0,0,119.1,1,2,31.14,0
124.32,15,1,0,0,1,0,0,38.9,0,1,55.31,0
8.79,9,4,0,0,0,0,0,50.4,1,2,26.16,0
3.83,21,2,1,0,0,0,0,9.8,1,1,55.7,0
14.26,17,0,1,0,1,0,0,12.7,0,2,13.26,0
72.83,15,4,1,0,1,0,0,77.4,3,1,20.05,0
40.24,15,1,1,0,0,0,0,25.9,2,0,19.89,0
303.23,22,7,12,0,4,1,1,1054.5,1,3,8.37,1
17.82,16,2,4,0,0,1,0,49.5,2,1,14.05,0
5.96,14,1,1,0,0,0,1,40.9,0,1,27.3,0
42.84,10,3,1,0,0,0,0,10.5,2,0,19.76,0
42.07,12,4,4,0,0,0,0,14.2,1,1,37.72,0
23.06,21,7,1,1,0,0,0,11.0,1,2,66.44,0
9.53,17,1,0,0,0,0,0,25.7,0,1,34.04,0
9.72,14,1,2,0,0,0,0,76.1,1,3,23.38,0
20.71,12,2,0,0,0,0,0,66.7,1,0,7.99,0
20.71,18,0,0,0,0,0,0,60.1,0,0,37.07,0
41.33,8,1,0,0,1,0,0,65.6,0,1,56.9,0
15.0,12,4,1,0,0,0,0,149.9,1,2,106.4,0
12.35,9,1,2,0,0,0,0,55.8,3,1,15.46,0
26.21,13,0,2,0,0,0,0,69.4,1,1,11.68,0
44.19,16,1,1,0,1,0,0,63.8,2,0,9.17,0
17.5,11,0,0,1,0,0,0,66.8,2,0,25.2,0
24.41,20,3,0,0,1,0,0,3.3,2,3,14.01,0
60.95,13,2,0,0,0,0,0,76.8,0,0,19.38,0
40.95,13,1,1,1,1,0,0,1.2,2,0,27.36,0
3.75,17,0,2,0,0,0,0,42.6,1,3,17.32,0
12.62,15,0,0,0,0,0,0,11.8,2,1,51.21,0
32.21,20,5,1,0,0,0,0,39.7,0,2,9.69,0
71.0,8,1,2,0,0,0,0,88.7,0,2,13.23,0
63.14,17,4,2,3,1,0,0,246.3,2,3,10.08,0
26.95,17,1,1,0,0,0,0,110.7,3,0,23.65,0
12.71,12,3,1,0,0,0,0,5.5,2,1,21.16,0
19.65,10,2,3,0,0,0,0,84.0,1,2,72.15,0
40.87,15,1,1,0,0,0,0,15.5,0,2,22.09,0
17.29,11,4,1,0,0,0,0,9.9,1,2,19.77,0
21.9,13,5,0,0,1,0,0,128.5,0,3,5.04,0
34.56,10,0,2,0,0,0,0,42.0,0,1,54.04,0
4.31,20,2,3,0,0,0,0,61.2,2,1,8.46,0
20.36,14,0,0,0,0,0,0,61.7,3,1,25.21,0
5.23,19,0,0,0,0,0,0,30.3,4,2,33.74,0
57.14,8,2,0,0,0,0,0,27.9,1,3,7.12,0
11.28,10,3,1,0,0,0,1,130.6,0,3,4.52,0
73.12,19,3,0,0,0,0,0,12.5,3,1,9.63,0
174.07,17,2,1,0,0,0,0,5.9,1,2,39.72,0
12.92,10,3,1,0,1,0,0,34.5,3,3,36.13,0
41.27,12,3,1,1,0,0,0,41.5,2,1,76.45,0
12.21,19,3,0,0,0,0,0,62.5,0,3,75.87,0
50.92,15,1,1,1,0,0,0,29.0,1,2,35.82,0
65.08,11,2,0,0,2,0,0,5.0,0,0,5.6,0
79.53,14,3,1,0,0,0,0,29.8,3,1,12.5,0
35.43,13,1,0,0,0,0,0,27.0,2,1,3.27,0
142.23,11,2,1,1,0,0,0,311.1,2,1,16.2,0
20.66,14,0,0,0,0,0,0,86.0,2,1,6.24,0
12.04,16,1,0,0,0,0,0,11.5,1,1,5.26,0
26.89,8,3,2,0,0,0,0,4.7,0,5,80.82,0
61.46,14,4,2,0,2,0,0,31.5,0,4,16.93,0
240.39,11,6,5,0,3,0,0,302.4,0,1,127.31,0
92.48,19,1,1,0,1,0,0,68.7,2,0,25.55,0
12.34,14,1,1,0,0,0,0,26.0,1,2,47.85,0
51.48,13,1,1,0,0,0,0,18.9,1,0,365.67,0
5.22,14,2,2,0,0,0,0,84.4,2,3,171.93,0
86.29,14,2,0,0,0,0,0,79.7,1,1,32.04,0
20.94,12,3,1,0,1,0,0,22.1,1,2,106.92,0
4.96,10,0,1,0,0,0,0,135.0,1,0,134.06,0
12.03,15,1,0,0,0,0,0,2.7,0,3,36.33,0
6.35,14,4,0,0,1,0,0,18.8,0,2,74.76,0
55.54,11,4,0,0,0,0,0,34.4,4,2,7.77,0
22.47,17,4,1,0,0,0,0,69.8,1,2,34.95,0
6.14,19,2,3,0,0,0,0,2.1,1,0,11.02,0
77.44,11,2,7,0,1,0,1,18.6,3,0,23.07,0
158.15,10,2,1,0,0,0,0,182.4,2,1,19.49,0
33.53,16,0,1,0,0,0,0,41.8,1,2,5.65,0
107.06,7,4,8,1,0,0,1,179.9,6,1,32.73,0
13.57,11,3,2,1,0,0,0,44.3,1,2,24.0,0
42.31,16,0,3,0,0,0,0,25.7,0,0,8.25,0
183.22,22,3,6,0,2,1,1,278.8,3,3,11.34,0
25.11,12,1,1,0,0,0,0,35.8,2,1,13.25,0
31.16,13,2,2,0,0,0,0,37.3,2,2,10.4,0
29.38,14,2,1,0,0,0,0,14.9,3,1,6.68,0
24.72,20,1,6,0,0,1,1,235.7,4,1,16.02,0
47.07,19,4,0,0,0,0,0,53.0,0,2,229.99,0
37.59,18,1,3,0,1,0,0,52.8,4,0,15.49,0
28.44,13,5,6,1,1,0,0,231.2,1,2,17.34,0
635.46,23,5,5,2,9,1,1,412.2,7,2,22.89,1
25.73,12,1,1,0,1,0,0,1.4,1,0,80.18,0
62.78,19,0,1,0,0,0,0,172.5,2,3,36.84,0
47.4,13,1,0,0,0,0,0,41.7,4,5,27.05,0
5.41,14,4,0,0,0,0,0,37.3,1,2,40.05,0
12.87,15,3,4,0,1,0,0,109.1,0,1,51.49,0
95.27,15,5,1,0,0,0,0,5.0,4,0,46.05,0
29.34,15,4,0,0,1,0,0,84.5,2,1,18.59,0
19.81,9,1,1,0,0,0,0,86.3,1,0,47.08,0
79.7,15,1,0,0,0,0,0,129.0,0,2,70.26,0
13.34,20,5,0,0,0,0,0,22.8,1,2,93.41,0
156.08,13,6,5,2,1,1,1,234.0,4,3,54.77,0
92.06,18,4,2,0,1,0,0,9.5,1,0,7.15,0
59.78,11,1,0,0,0,1,0,23.5,2,2,30.0,0
31.8,18,3,2,0,0,0,0,11.6,1,2,115.65,0
26.12,19,1,0,1,1,0,0,22.2,4,1,22.53,0
51.64,9,2,0,0,0,0,0,115.3,0,2,10.4,0
15.71,17,0,2,0,1,0,0,25.5,1,1,23.38,0
1.71,9,3,1,0,0,0,0,6.7,1,1,40.07,0
88.95,15,4,1,0,0,0,0,58.4,0,0,20.41,0
38.26,17,2,0,0,0,0,0,20.1,1,3,5.43,0
31.01,10,2,1,0,0,0,0,1.0,2,1,18.97,0
6.38,20,1,0,0,1,0,0,21.2,2,1,3.22,0
64.22,23,5,5,1,3,0,1,78.3,1,1,12.67,0
66.22,19,1,0,0,0,0,0,190.8,2,3,17.68,0
6.16,20,2,2,0,0,0,0,19.8,6,3,6.5,0
11.72,18,1,1,0,0,0,0,34.9,2,2,68.44,0
7.58,10,2,2,0,0,0,0,25.4,0,0,37.13,0
68.39,23,4,1,0,1,0,1,237.7,1,3,7.37,0
37.92,12,2,1,0,1,0,0,100.4,1,1,9.77,0
31.16,12,2,1,1,0,0,0,184.0,2,4,20.63,0
15.75,18,2,0,0,0,0,0,121.8,3,1,31.23,0
13.36,17,2,1,0,0,0,0,1.2,1,0,23.71,0
111.74,13,3,1,0,0,0,0,76.4,0,4,22.45,0
6.85,12,1,2,0,0,0,0,15.7,0,0,20.52,0
8.95,10,4,1,0,0,0,0,41.2,1,2,21.33,0
24.88,13,1,1,0,0,0,0,226.5,2,0,11.23,0
55.22,15,1,1,0,1,0,0,95.6,2,2,27.87,0
110.18,11,5,0,0,0,0,0,4.7,0,0,11.35,0
103.79,8,0,0,0,1,0,0,20.9,1,2,6.72,0
27.68,20,0,0,0,0,0,0,3.1,2,3,7.46,0
73.29,10,4,0,0,0,0,0,12.5,1,2,9.91,0
17.49,21,0,1,0,1,0,0,56.0,2,1,79.27,0
28.62,15,4,0,0,0,0,0,16.6,1,1,93.97,0
36.79,11,5,0,0,1,0,0,177.3,2,0,13.6,0
15.51,15,0,2,0,1,0,0,29.9,0,1,15.03,0
49.17,13,4,2,0,0,0,0,31.3,1,1,52.34,0
27.83,9,1,1,0,0,0,0,27.3,2,2,41.82,0
57.38,9,3,2,0,2,0,1,129.5,4,3,30.19,0
60.17,12,5,3,0,0,0,0,60.5,3,1,15.62,0
9.39,11,3,1,0,0,0,0,3.5,0,2,35.83,0
63.1,18,1,1,0,0,0,0,33.3,1,3,3.66,0
161.11,16,0,5,0,2,1,1,167.8,6,2,35.15,0
51.5,20,3,7,0,0,0,0,67.9,2,3,7.42,0
19.85,13,2,0,0,0,0,0,29.0,1,1,58.25,0
66.98,11,2,1,0,0,0,0,6.3,0,3,44.88,0
19.11,10,1,0,0,0,0,0,111.7,2,1,21.2,0
207.07,23,10,7,4,1,1,1,386.1,7,4,62.9,1
19.28,10,5,1,0,1,0,0,0.6,1,1,6.5,0
13.83,19,5,2,1,1,0,0,25.2,0,1,51.81,0
4.8,11,2,0,0,0,0,0,9.7,2,2,24.3,0
49.73,19,3,2,0,0,0,0,18.2,3,2,17.67,0
25.13,14,0,1,0,0,0,0,123.7,3,0,17.62,0
11.33,15,2,1,0,1,0,0,156.4,1,1,27.97,0
37.92,11,1,1,0,0,0,0,9.0,2,2,57.6,0
44.3,20,3,0,0,1,0,0,7.6,3,4,11.86,0
13.77,16,3,0,0,0,0,0,57.6,0,2,27.19,0
12.84,11,5,0,0,1,0,0,7.9,2,2,62.05,0
12.37,12,2,1,0,0,0,0,112.8,0,0,14.31,0
25.46,11,3,1,0,1,0,0,21.8,2,2,76.52,0
17.52,16,4,2,0,0,0,1,61.1,0,1,52.3,0
69.17,14,0,1,0,0,0,0,5.3,1,0,22.58,0
5.39,9,0,2,0,0,0,0,186.3,0,4,37.86,0
40.41,12,3,2,0,0,0,0,3.4,1,0,17.66,0
13.65,11,3,3,0,0,0,0,0.4,0,2,4.94,0
119.64,17,2,1,0,1,0,0,21.9,1,2,25.6,0
22.18,14,0,2,0,1,0,0,5.7,0,0,44.23,0
24.26,9,1,0,0,0,0,0,123.0,1,3,45.48,0
60.5,9,2,0,0,0,0,0,110.8,1,1,15.35,0
34.78,10,3,0,0,0,0,0,20.8,0,0,72.98,0
39.77,14,3,1,0,0,0,0,40.5,1,1,36.29,0
38.35,8,2,0,0,0,0,0,33.4,2,1,27.94,0
441.39,4,6,3,0,0,0,0,55.8,1,2,4.75,0
15.19,14,2,0,0,0,0,0,83.3,2,1,158.86,0
25.24,14,2,1,0,0,0,0,151.4,2,1,87.99,0
127.54,2,9,0,0,0,0,0,92.3,3,4,17.11,0
4.98,13,1,1,0,0,0,0,11.4,1,1,34.11,0
7.65,21,2,0,0,0,0,0,5.1,2,1,9.29,0
12.75,12,1,1,0,1,0,1,12.8,1,1,9.47,0
12.69,11,0,1,0,0,0,0,60.6,0,1,24.49,0
20.26,15,2,3,0,0,0,0,26.7,0,2,13.7,0
39.19,14,1,5,0,0,0,0,19.7,1,1,17.97,0
50.84,20,3,1,0,0,0,0,178.1,0,0,21.61,0
21.04,20,1,0,0,0,0,0,57.7,0,2,9.14,0
37.77,21,2,1,0,0,0,0,15.6,1,3,9.85,0
22.62,19,1,2,0,0,0,0,110.1,0,3,15.91,0
34.37,20,1,2,0,0,0,0,20.8,1,2,15.47,0
161.9,5,5,2,2,1,1,0,237.4,2,1,111.37,0
40.08,14,1,0,0,0,0,0,5.3,2,4,4.44,0
1.9,17,1,1,0,0,0,0,14.9,2,2,118.08,0
6.21,16,0,2,0,0,0,0,91.3,2,3,78.77,0
126.56,18,0,0,0,0,0,0,123.6,1,4,18.4,0
44.95,11,3,1,0,0,0,0,124.5,1,0,21.68,0
17.79,10,2,2,0,0,1,0,19.5,2,2,20.53,0
9.43,15,2,0,0,0,0,0,239.9,1,1,9.93,0
16.88,20,3,5,1,0,0,0,53.5,1,6,15.5,0
21.34,20,3,1,0,0,0,0,152.0,1,1,177.87,0
70.46,20,3,0,0,0,0,0,3.9,1,6,47.32,0
11.52,19,0,0,0,0,0,0,94.1,0,2,7.07,0
91.55,13,1,0,0,0,0,0,28.8,2,1,22.06,0
12.04,11,2,1,0,0,0,0,1.7,0,0,19.23,0
36.0,11,2,0,0,0,0,0,1.9,6,2,21.95,0
14.53,10,3,1,0,0,0,0,95.3,2,2,16.18,0
189.23,20,4,6,0,3,0,0,133.7,1,1,21.77,0
22.49,11,1,0,0,0,0,0,39.9,2,0,9.31,0
194.14,18,0,0,0,1,0,0,4.4,0,0,8.71,0
13.6,18,2,0,1,0,0,0,56.4,4,1,5.98,0
525.17,0,10,9,1,6,0,1,92.9,3,6,32.54,1
23.43,20,0,0,0,0,0,0,3.7,1,0,38.88,0
20.62,17,3,0,0,0,0,0,69.2,0,0,12.65,0
27.57,19,3,1,0,0,0,0,279.6,1,3,17.2,0
10.81,13,0,2,0,0,0,0,30.5,1,2,29.75,0
35.24,11,3,1,0,1,0,0,132.6,2,2,19.26,0
13.65,18,2,1,0,1,0,0,77.4,1,2,20.47,0
115.97,15,3,4,0,1,1,0,49.2,2,6,34.58,0
93.79,11,2,2,0,0,0,0,25.9,0,3,20.79,0
160.34,0,10,10,0,7,0,1,115.5,6,7,61.51,1
24.68,9,3,1,0,1,0,0,64.3,0,0,17.57,0
83.52,5,6,4,1,1,0,1,68.9,3,2,10.12,0
31.24,16,0,1,0,0,0,0,229.3,2,2,16.59,0
35.2,9,5,1,0,0,0,0,87.4,1,0,23.12,0
158.91,16,4,3,0,1,0,1,10.0,1,3,7.7,0
11.25,18,0,0,0,1,1,0,14.7,0,2,16.26,0
29.3,15,2,0,0,0,0,0,54.6,2,1,48.93,0
51.71,13,0,1,0,0,0,0,16.9,0,0,31.44,0
4.98,9,7,0,0,0,0,0,17.2,1,2,14.37,0
18.99,14,0,0,0,0,0,0,14.8,0,3,59.58,0
4.0,13,3,1,0,0,0,0,34.7,0,2,11.5,0
70.75,11,1,2,0,0,0,0,6.7,1,1,16.53,0
38.27,9,1,2,0,0,0,0,72.6,1,1,5.3,0
28.22,19,1,2,0,0,0,0,81.6,1,3,25.78,0
51.13,13,2,1,0,1,0,0,102.4,1,2,9.59,0
28.45,13,2,1,0,0,0,0,122.9,1,2,11.98,0
22.62,13,3,1,0,0,0,0,2.5,0,0,58.71,0
23.77,10,2,0,2,0,0,0,119.1,0,1,15.11,0
4.56,18,4,5,0,0,0,0,215.0,0,1,33.68,0
10.68,19,1,0,0,0,0,0,2.7,3,3,59.56,0
22.39,11,2,1,0,1,0,0,60.9,1,0,24.15,0
23.51,12,2,1,0,0,0,0,2.8,3,2,96.45,0
23.94,18,4,0,0,0,0,0,38.9,0,1,9.23,0
33.27,10,2,1,0,0,0,0,5.0,1,3,22.54,0
39.88,19,1,0,0,0,0,0,10.6,0,2,41.45,0
14.18,16,1,0,0,0,1,0,89.8,0,3,7.48,0
9.26,19,3,0,0,1,0,0,11.5,0,1,14.87,0
15.27,15,3,2,0,3,0,0,808.8,3,0,16.44,0
11.33,12,2,0,0,0,0,0,19.2,0,0,304.39,0
2.07,16,4,1,0,0,0,0,0.4,2,0,122.12,0
278.78,19,3,5,0,4,1,0,281.5,4,2,40.55,0
36.24,9,2,1,0,2,0,0,50.8,1,0,6.72,0
48.4,9,1,3,0,1,0,0,75.0,0,4,25.07,0
52.58,9,3,1,0,0,0,0,55.7,0,2,95.0,0
8.27,15,1,0,0,0,0,0,22.2,1,0,50.28,0
55.64,11,2,1,0,0,0,0,3.0,1,0,58.04,0
24.04,11,2,1,0,0,0,0,42.9,0,3,35.43,0
35.56,10,3,2,0,0,0,0,22.2,1,0,18.06,0
11.55,17,2,3,0,0,0,0,51.2,3,0,21.09,0
41.48,9,1,4,0,0,1,0,154.4,2,4,5.05,0
60.19,20,2,0,0,0,0,0,177.2,2,1,41.14,0
44.03,8,0,2,0,0,0,0,129.6,3,2,33.4,0
8.68,11,1,3,0,0,0,0,58.4,1,1,47.94,0
21.23,8,0,2,0,1,0,1,68.0,1,0,11.34,0
8.9,9,3,1,0,1,0,0,71.1,3,0,136.95,0
21.95,15,1,1,0,0,0,0,2.8,0,1,241.85,0
6.44,11,0,0,0,1,0,0,46.1,2,1,14.07,0
34.99,14,2,2,0,0,0,0,25.9,1,0,15.41,0
31.59,21,2,0,0,0,0,0,22.2,1,0,3.83,0
26.39,15,5,1,1,0,0,0,18.6,1,2,19.82,0
103.91,9,3,2,0,0,0,0,32.0,1,0,38.77,0
12.51,9,1,6,0,0,0,0,30.1,1,1,9.33,0
80.92,14,0,1,0,0,0,0,20.2,1,3,18.72,0
149.18,22,6,7,1,2,1,0,47.4,4,2,51.34,0
15.05,15,2,1,0,0,0,0,26.9,0,1,95.83,0
91.8,11,2,1,0,1,0,0,66.4,0,2,7.25,0
16.21,13,1,1,0,1,0,0,3.2,0,3,43.31,0
147.88,21,8,5,2,2,1,0,1158.0,2,5,192.06,1
72.72,16,2,1,0,0,0,0,91.1,2,0,104.98,0
145.32,12,6,13,0,8,1,1,643.4,1,3,19.18,1
32.05,15,2,1,0,0,0,0,124.1,0,1,12.44,0
10.68,11,1,2,0,0,0,0,13.4,0,1,22.09,0
33.34,11,0,0,0,0,0,0,23.6,2,1,64.29,0
23.3,18,4,1,0,0,0,0,37.3,1,1,14.75,0
10.89,19,1,0,0,0,0,0,77.5,0,1,35.24,0
444.64,4,4,5,1,5,1,1,350.6,2,1,35.17,1
26.55,16,1,1,0,0,1,0,48.4,0,1,12.65,0
104.12,17,0,1,0,0,0,0,109.3,2,0,31.37,0
20.21,9,5,2,0,0,0,0,47.3,1,1,48.36,0
30.41,17,0,1,0,1,0,0,50.6,2,1,60.22,0
6.92,21,5,0,0,0,0,0,9.8,0,2,11.82,0
29.48,19,5,2,0,1,0,0,57.7,1,0,44.41,0
17.45,9,1,0,0,1,0,0,37.5,2,0,4.33,0
18.4,12,2,1,0,0,0,0,2.6,1,2,21.98,0
16.44,19,0,0,0,1,0,0,97.3,1,2,12.94,0
22.11,17,1,1,0,0,0,0,114.4,2,2,14.53,0
25.37,18,0,0,0,0,0,0,188.8,0,0,40.23,0
7.57,15,1,0,0,0,0,0,269.8,4,3,7.9,0
10.78,21,3,1,0,0,0,0,9.4,1,1,33.05,0
85.61,13,4,0,0,0,0,0,62.5,4,0,50.11,0
24.62,23,3,5,0,3,1,0,209.0,2,2,30.56,0
64.87,8,2,2,0,0,0,0,2.7,0,2,9.88,0
377.58,1,9,3,4,5,1,1,993.5,2,7,16.76,1
25.83,17,1,2,0,0,0,0,65.3,0,0,101.47,0
32.59,19,1,0,0,0,0,0,97.7,1,1,14.13,0
15.79,16,1,1,0,0,0,0,44.4,1,0,16.46,0
42.7,8,3,2,0,2,0,0,82.5,6,5,13.14,0
13.31,14,2,2,0,1,0,1,76.6,2,1,90.2,0
18.11,13,1,1,1,2,0,0,1.5,0,5,36.95,0
79.93,1,9,4,1,2,0,0,438.2,2,6,72.84,0
70.98,12,1,0,0,0,0,0,133.1,1,1,78.5,0
14.88,21,4,0,0,0,0,1,1.4,3,0,8.57,0
16.94,11,4,2,1,0,0,1,402.3,3,3,22.64,0
37.11,10,2,0,0,0,0,0,1.4,2,1,27.57,0
43.58,20,1,1,0,1,0,0,20.7,1,3,26.83,0
26.25,9,1,1,0,0,0,1,6.5,1,0,16.04,0
34.88,15,0,1,0,0,0,1,34.9,1,2,20.33,0
30.19,12,3,1,0,0,0,0,67.2,1,2,93.31,0
10.68,21,0,0,0,1,0,0,21.0,2,2,17.06,0
32.35,8,0,2,0,2,1,0,17.3,2,1,13.09,0
2.98,18,4,0,0,0,0,0,47.0,2,5,6.4,0
64.57,16,0,0,0,0,0,0,6.5,0,3,25.99,0
20.33,16,4,1,0,1,0,0,6.9,1,0,249.72,0
21.14,11,1,1,0,0,0,1,21.8,0,2,41.38,0
80.24,21,0,1,0,0,0,0,64.0,0,0,5.28,0
18.9,15,5,0,0,1,0,0,4.4,0,2,120.34,0
24.18,9,4,2,0,0,0,0,115.4,1,3,30.55,0
31.19,17,2,1,0,0,0,0,41.0,3,2,13.21,0
37.93,9,4,1,0,1,0,0,23.1,1,1,34.77,0
111.71,16,0,2,0,0,0,0,26.9,2,1,34.92,0
82.98,16,2,1,0,0,0,0,26.9,0,2,15.51,0
20.88,20,3,0,0,1,0,0,39.1,1,2,38.41,0
5.7,12,2,1,0,0,0,0,104.9,1,2,6.38,0
6.73,15,2,1,0,0,0,0,4.2,2,0,129.44,0
44.54,9,2,2,0,1,0,0,61.9,2,1,37.17,0
28.1,14,2,0,0,0,0,0,0.1,1,2,46.16,0
43.1,16,1,0,0,1,0,1,4.6,3,2,34.17,0
26.88,11,0,1,0,0,0,0,4.9,2,1,13.1,0
6.8,13,2,1,0,1,1,0,43.5,4,1,52.88,0
42.54,13,6,6,1,3,0,0,39.4,1,2,63.34,0
18.5,12,2,0,0,1,0,0,181.8,0,3,16.43,0
13.21,12,2,0,0,0,0,0,9.7,1,1,9.76,0
19.04,8,7,3,0,1,1,0,91.6,4,4,33.62,0
41.53,13,5,1,0,0,0,0,11.8,2,2,43.27,0
14.26,8,3,1,0,0,0,0,87.1,3,3,36.14,0
14.13,10,0,0,0,1,1,1,15.4,0,1,51.26,0
135.67,11,2,0,0,0,0,0,39.7,0,2,34.52,0
217.01,8,4,0,0,0,0,0,4.1,0,2,51.01,0
15.59,11,2,0,0,0,1,0,15.5,0,2,42.53,0
8.25,15,6,3,0,0,1,0,28.1,1,0,36.81,0
41.13,10,4,0,0,0,0,0,119.7,0,2,13.82,0
22.94,15,3,2,0,1,0,0,210.4,1,1,9.82,0
27.71,10,3,0,1,0,0,0,84.8,1,0,37.49,0
9.95,18,0,0,0,0,0,0,41.8,1,0,9.82,0
43.07,14,0,0,0,0,0,0,15.7,0,1,14.98,0
39.28,10,4,2,1,0,0,0,0.9,2,1,14.24,0
37.18,17,2,0,0,1,0,0,70.5,6,2,19.78,0
12.22,11,6,1,0,0,0,0,9.9,0,1,30.61,0
10.53,10,1,2,0,0,0,0,25.1,0,1,14.79,0
82.87,17,3,0,0,0,0,0,2.2,0,2,30.76,0
32.37,11,0,2,0,0,0,0,18.3,1,2,80.1,0
13.22,11,1,2,1,0,0,0,5.0,1,2,17.03,0
52.32,9,1,2,0,1,0,0,14.3,2,1,20.26,0
154.85,10,0,1,0,0,0,0,20.7,0,0,24.08,0
2.91,19,1,3,0,0,0,0,34.4,1,0,27.51,0
33.89,18,2,2,0,0,0,0,25.1,0,1,17.65,0
82.16,8,6,6,1,2,0,1,1189.0,2,3,20.54,0
270.98,9,4,5,0,0,1,0,39.4,4,3,19.98,0
80.61,16,0,0,0,0,0,1,14.9,2,1,21.01,0
87.46,16,0,0,0,0,0,0,48.0,0,2,6.9,0
37.34,16,0,0,0,0,0,0,43.4,2,0,29.74,0
23.49,11,1,1,0,2,0,0,56.3,0,1,28.19,0
10.25,10,1,0,0,0,0,0,119.2,2,1,7.13,0
5.68,13,0,1,0,1,0,0,12.2,4,1,7.82,0
19.11,11,0,0,0,0,0,0,8.0,1,1,7.44,0
14.41,18,1,0,0,1,0,0,76.7,2,3,21.89,0
8.26,13,4,1,0,0,1,0,3.9,1,3,17.09,0
13.7,16,4,0,0,0,0,0,78.6,3,3,131.01,0
18.93,21,0,1,0,0,0,0,2.0,1,1,19.43,0
25.95,21,2,0,0,0,0,0,145.4,1,2,25.57,0
42.58,9,4,1,0,0,0,0,3.3,0,1,12.0,0
663.84,22,8,6,0,0,0,0,149.9,1,4,44.72,0
37.32,10,3,1,0,0,0,0,80.6,0,2,29.57,0
14.4,12,1,1,0,1,0,0,17.2,0,4,13.48,0
111.69,5,5,1,1,1,1,1,361.0,3,4,151.83,0
17.84,20,1,1,0,1,0,0,71.7,2,3,150.74,0
46.95,10,3,3,0,0,0,0,86.3,2,4,33.36,0
61.46,17,1,0,0,0,0,0,0.8,2,4,81.77,0
9.39,9,1,1,0,1,0,0,24.6,1,2,33.73,0
131.25,12,6,0,0,1,0,0,32.3,2,3,47.06,0
18.05,19,1,3,0,0,0,0,36.3,1,1,41.24,0
5.11,14,2,2,0,1,0,0,76.9,1,0,32.14,0
6.39,11,3,2,0,0,0,0,24.3,1,3,21.68,0
269.89,4,10,6,1,3,0,1,1492.0,4,6,140.8,1
87.29,9,3,3,0,1,0,0,36.0,0,1,52.94,0
74.32,13,3,0,0,1,0,0,41.8,2,2,4.29,0
21.83,16,3,1,0,0,0,0,100.0,1,2,23.48,0
63.87,8,0,1,0,1,0,0,4.8,0,2,149.27,0
21.25,14,1,1,0,0,0,0,61.5,1,0,157.57,0
18.81,12,1,1,0,1,0,0,1.6,0,1,17.67,0
8.67,12,2,1,0,0,0,0,13.4,0,0,8.25,0
105.5,11,1,4,0,1,0,0,68.4,0,2,28.91,0
14.98,17,1,1,0,0,0,0,59.0,2,4,109.24,0
15.93,14,0,1,0,0,0,0,15.0,1,0,17.81,0
107.11,10,1,2,0,1,0,0,68.2,0,3,25.7,0
7.95,15,2,1,0,0,0,0,47.8,2,0,27.74,0
38.71,14,2,0,0,1,0,0,35.7,2,2,10.77,0
54.73,18,3,0,0,0,0,0,2.4,1,2,49.42,0
61.56,18,0,0,0,2,0,0,147.7,2,2,68.14,0
25.58,14,2,2,0,0,0,0,1.1,0,3,14.91,0
359.24,12,3,1,0,0,0,0,0.3,0,4,10.75,0
15.02,12,0,1,0,0,0,0,58.5,1,3,45.31,0
68.3,20,0,3,0,1,0,0,1.2,1,1,226.96,0
8.95,17,1,1,0,0,0,0,72.1,0,1,44.49,0
22.43,20,0,0,0,2,0,0,31.0,0,1,16.92,0
42.07,15,1,0,0,0,0,0,73.2,2,1,11.41,0
50.92,11,0,1,0,1,0,0,107.5,4,1,4.56,0
116.14,19,1,0,0,0,0,0,10.4,3,2,143.49,0
14.91,16,2,3,0,1,0,0,25.6,1,1,39.91,0
11.94,17,0,1,0,0,0,0,35.9,1,1,44.07,0
11.06,20,6,0,0,0,0,0,9.7,0,4,26.57,0
15.35,17,1,0,0,1,0,0,23.9,2,3,2.58,0
28.19,12,1,1,1,0,0,0,17.3,2,3,15.69,0
18.98,21,1,0,0,0,0,0,61.0,1,2,21.9,0
55.96,13,0,0,0,0,0,0,72.6,1,4,46.51,0
104.37,23,7,2,0,1,0,0,379.0,4,3,4.28,0
98.33,20,0,0,0,0,0,0,2.8,2,2,23.75,0
102.3,4,5,4,2,4,1,1,710.9,4,3,28.96,1
25.95,16,0,1,0,1,0,0,65.1,2,2,16.14,0
15.32,18,1,2,0,4,0,0,24.3,1,1,100.1,0
9.84,20,1,0,0,1,0,0,54.6,2,2,34.46,0
13.62,11,1,0,0,1,0,0,36.7,0,0,58.48,0
144.18,20,5,5,0,4,0,0,60.0,3,2,20.63,0
14.88,13,2,2,0,0,0,0,33.5,1,3,14.72,0
22.66,20,1,1,0,0,0,0,34.7,1,3,95.93,0
4.14,15,4,0,0,1,0,0,47.1,0,1,54.86,0
4.55,21,4,1,0,2,0,0,179.2,1,2,36.84,0
256.62,11,0,1,1,0,0,0,68.0,1,2,31.14,0
29.01,10,1,1,0,0,0,0,38.2,2,0,20.94,0
10.52,10,1,1,0,0,0,0,18.2,0,1,21.5,0
9.11,12,2,0,0,0,0,0,9.2,1,0,29.96,0
46.94,12,2,0,0,0,0,0,19.3,1,2,23.3,0
4.97,17,2,1,0,0,0,0,310.6,0,2,117.99,0
12.74,16,1,0,0,1,0,0,11.6,0,2,28.33,0
54.94,21,4,0,0,0,0,0,60.0,1,1,68.27,0
344.01,3,5,3,0,5,1,1,50.0,2,5,85.85,1
11.01,11,3,3,0,0,0,0,37.8,1,5,119.48,0
24.11,9,2,1,0,0,0,0,78.4,3,1,2.43,0
77.61,18,1,2,0,0,0,0,23.4,0,1,36.39,0
86.06,13,0,2,0,0,0,0,66.9,0,0,12.18,0
33.11,14,3,1,0,0,0,0,4.6,1,2,30.93,0
44.7,11,1,0,0,1,0,0,39.8,1,2,93.63,0
36.37,21,2,2,0,3,0,1,188.2,2,3,22.71,0
26.45,16,2,0,0,0,0,0,61.6,5,0,13.87,0
36.4,16,0,1,0,0,0,0,100.5,1,3,35.65,0
27.26,10,2,3,0,0,0,0,50.9,0,0,49.59,0
28.16,19,2,1,0,0,0,0,96.7,1,1,17.35,0
46.95,20,2,1,0,0,0,0,24.6,3,4,15.65,0
298.72,9,4,5,0,0,0,0,389.7,3,0,62.83,0
75.12,3,7,3,0,2,0,0,430.9,2,2,33.03,0
61.78,18,2,4,0,0,0,0,29.9,2,1,23.47,0
23.62,15,5,3,0,0,0,0,4.6,0,0,116.89,0
16.14,15,2,0,0,0,0,1,150.0,0,2,5.84,0
34.95,17,0,1,0,1,0,0,84.5,0,3,20.02,0
53.09,10,2,1,0,1,0,0,1.3,2,0,6.21,0
6.74,9,2,0,0,0,0,0,25.7,0,4,1.0,0
38.12,17,1,1,0,0,0,0,46.3,1,0,14.84,0
144.28,9,4,0,0,0,0,0,42.6,1,3,16.94,0
17.08,17,2,0,0,1,0,0,55.6,1,4,3.26,0
6.77,10,2,1,1,0,0,0,54.1,0,3,43.1,0
12.91,20,0,3,0,0,0,0,92.5,0,1,43.45,0
34.02,2,5,5,2,5,0,1,99.1,4,3,24.48,1
68.8,9,3,0,0,0,0,0,35.4,2,2,39.16,0
75.5,16,3,3,1,1,0,0,32.1,0,4,18.63,0
47.34,12,4,0,0,0,0,0,22.1,0,3,22.48,0
2.38,18,3,4,0,2,0,0,4.6,2,1,3.46,0
27.95,8,1,1,0,0,0,0,9.7,3,1,24.12,0
20.38,9,2,2,0,1,0,0,93.0,3,3,11.19,0
10.61,19,2,2,0,0,0,0,50.1,6,1,6.8,0
10.74,13,3,0,0,0,0,0,10.5,2,2,70.84,0
5.38,17,4,1,0,0,0,0,69.7,1,2,21.18,0
17.68,15,1,0,0,0,0,0,13.2,0,4,131.37,0
144.82,3,9,5,3,2,0,1,50.0,8,4,9.55,1
60.14,12,2,0,0,0,0,0,0.1,2,1,72.26,0
256.68,21,2,0,1,1,0,0,21.3,0,1,18.55,0
42.16,9,4,0,0,1,0,0,66.3,1,1,64.68,0
53.05,17,2,1,0,0,0,0,18.3,1,1,21.38,0
38.71,9,1,2,0,1,0,0,7.8,1,2,57.82,0
49.03,9,2,1,0,0,0,0,36.7,0,0,14.69,0
40.1,11,4,4,1,4,0,0,46.5,3,2,142.54,0
23.09,17,3,0,1,1,0,0,42.7,1,3,9.56,0
14.89,11,2,0,0,1,0,0,102.9,1,1,18.46,0
19.29,14,1,2,0,0,0,0,4.3,0,1,78.34,0
7.83,20,0,0,1,1,0,0,20.0,1,4,18.97,0
117.08,13,0,2,0,0,0,0,201.4,4,2,54.58,0
22.88,9,3,3,0,0,0,0,35.9,0,0,6.1,0
377.63,9,5,1,0,0,0,1,16.7,1,2,20.09,0
52.18,21,2,0,0,1,0,0,29.8,1,0,22.49,0
22.01,19,3,1,0,0,0,0,54.5,1,2,36.52,0
31.08,9,4,1,0,0,0,0,17.0,0,1,19.7,0
12.33,21,2,0,0,0,0,0,5.4,2,1,9.26,0
2.45,17,1,1,0,1,0,0,6.2,4,3,58.53,0
8.68,19,4,0,0,0,0,0,43.6,2,2,5.81,0
9.03,10,0,1,0,0,0,0,15.5,2,1,60.27,0
34.09,20,0,0,0,0,0,0,53.1,3,4,7.97,0
74.55,12,1,2,0,0,0,0,35.6,1,2,11.8,0
22.37,18,3,1,0,0,0,0,2.9,0,2,70.52,0
14.4,11,3,1,0,0,0,0,160.3,0,3,4.8,0
15.03,19,4,0,0,1,0,0,22.0,1,4,37.26,0
31.29,21,2,0,0,0,0,0,107.9,2,3,12.12,0
56.93,17,4,0,0,0,0,0,96.1,2,3,20.53,0
5.51,8,2,1,0,0,0,0,51.0,3,2,19.15,0
572.04,5,0,3,0,2,0,0,205.6,0,6,12.48,0
89.74,13,5,0,0,0,0,0,41.1,4,2,4.1,0
105.14,13,1,2,0,0,0,0,56.1,2,2,7.62,0
60.16,14,0,0,0,0,0,0,21.3,3,2,22.48,0
200.75,17,2,1,0,2,0,1,78.8,2,1,8.09,0
9.0,17,3,1,4,3,1,1,29.8,2,1,24.56,1
38.09,18,3,1,0,0,0,0,29.4,0,3,54.58,0
48.85,19,2,0,0,0,0,0,12.3,1,2,9.07,0
18.21,16,1,0,0,0,0,0,29.6,2,1,6.21,0
16.25,18,2,0,0,0,1,0,8.1,0,1,4.44,0
208.29,17,5,6,0,0,1,0,177.9,2,1,17.84,0
17.05,11,3,0,0,0,0,0,53.6,2,0,45.86,0
6.98,13,1,0,0,0,0,0,7.2,2,2,13.65,0
28.89,15,0,0,0,0,0,0,11.3,1,1,41.21,0
49.89,15,3,0,0,0,0,0,28.8,1,2,14.04,0
10.24,14,2,5,0,0,0,0,20.3,4,2,17.77,0
188.88,11,4,4,0,3,0,0,347.7,4,3,5.83,0
10.43,18,2,2,1,0,0,0,43.8,4,2,7.87,0
32.91,14,4,2,0,0,0,0,25.4,2,3,13.6,0
32.2,3,5,5,0,3,0,1,304.7,1,4,125.34,0
49.27,9,2,1,0,0,0,0,320.1,2,2,7.02,0
41.08,10,5,0,0,0,0,0,5.9,1,1,30.95,0
18.55,1,6,7,1,0,0,0,107.3,2,4,7.51,0
26.96,10,0,2,0,0,0,0,14.8,0,1,70.88,0
22.03,16,2,0,0,0,0,0,128.7,0,1,8.18,0
50.73,17,1,0,0,1,0,0,51.7,2,3,71.88,0
52.84,16,3,2,0,1,0,0,11.0,1,1,6.41,0
16.18,20,2,1,0,0,0,0,59.1,4,3,11.69,0
15.36,15,2,0,0,2,0,0,7.8,1,1,21.46,0
20.85,13,2,1,0,0,0,0,2.3,1,0,1.5,0
110.42,15,2,1,0,0,1,0,303.3,0,1,25.34,0
87.15,20,1,0,0,2,0,0,9.7,2,0,6.47,0
65.11,9,4,0,1,1,0,0,5.9,0,0,36.06,0
91.61,18,1,1,0,1,0,0,10.6,1,2,4.37,0
27.05,12,1,2,0,0,0,0,32.2,1,1,23.79,0
15.55,11,1,2,0,0,0,0,23.6,1,0,11.71,0
115.19,12,6,1,1,0,1,0,49.2,0,0,12.2,0
12.57,18,6,0,0,1,1,0,6.9,3,2,5.37,0
41.88,9,1,0,0,0,0,0,7.3,1,0,8.18,0
694.7,3,11,4,1,6,0,0,350.0,3,9,60.8,1
32.13,19,2,1,0,0,0,0,23.3,1,3,44.49,0
11.04,18,3,1,1,0,0,0,32.1,2,0,7.3,0
57.39,15,0,2,0,0,0,0,121.1,1,1,229.92,0
149.79,2,7,13,0,3,0,0,992.7,7,6,9.57,1
27.96,14,2,2,0,1,0,0,85.0,2,1,37.82,0
63.16,19,2,2,0,1,1,0,23.8,1,3,7.6,0
88.35,0,4,7,0,4,0,0,109.9,4,1,16.12,0
7.8,10,2,2,0,0,0,0,2.5,0,2,34.53,0
18.94,18,2,0,0,1,0,0,62.4,3,2,36.91,0
62.73,11,1,4,0,0,0,0,66.6,1,1,15.54,0
8.17,18,0,2,0,0,0,1,24.0,2,2,35.27,0
30.24,9,2,0,0,0,0,0,84.0,3,2,8.57,0
187.94,11,5,9,1,6,0,1,50.0,8,5,29.84,1
8.16,9,7,2,0,0,0,0,27.1,2,2,218.37,0
39.14,10,4,2,0,1,1,0,91.1,3,3,37.12,0
26.45,17,2,0,1,1,0,0,103.4,2,5,5.64,0
32.69,13,2,0,1,0,0,0,6.7,5,4,66.95,0
17.42,14,0,1,0,0,0,0,136.2,2,0,72.12,0
81.11,11,2,2,0,0,0,0,32.2,3,2,99.78,0
16.95,16,4,2,0,0,0,0,63.6,1,0,62.33,0
32.33,19,1,3,0,1,0,0,197.3,1,0,6.26,0
306.0,21,7,4,1,1,0,0,213.7,1,2,17.71,0
58.77,11,1,2,0,0,0,0,55.8,3,1,40.06,0
35.86,14,1,2,0,0,0,0,7.2,0,1,33.35,0
8.52,13,1,2,0,0,0,0,168.8,0,6,57.92,0
20.75,17,3,1,0,0,0,0,52.0,0,2,74.14,0
13.12,20,2,1,0,0,0,0,87.2,1,1,14.48,0
16.39,12,2,3,0,0,0,0,10.7,0,2,18.28,0
5.61,13,3,2,0,0,0,0,191.6,4,0,35.75,0
25.54,18,2,2,0,0,0,0,35.3,0,0,7.7,0
82.74,20,2,0,1,0,0,0,32.5,2,2,24.55,0
15.69,19,1,0,0,0,0,0,35.2,0,2,3.78,0
14.35,20,0,0,0,1,0,0,31.5,1,2,42.55,0
50.78,16,8,0,0,1,0,0,0.3,1,1,12.38,0
36.75,9,2,3,0,1,0,0,62.0,4,1,10.12,0
377.84,3,13,6,0,1,1,0,140.7,3,3,9.56,0
7.53,17,4,0,2,0,0,0,28.9,1,1,20.72,0
11.1,14,2,2,1,0,0,0,40.4,0,2,173.92,0
37.52,18,3,0,0,0,0,0,61.1,2,2,30.45,0
177.92,9,1,1,0,0,0,0,137.0,1,1,19.0,0
47.84,0,9,3,0,3,0,0,66.2,2,1,21.51,0
73.25,11,1,1,0,1,0,0,32.9,0,2,30.52,0
16.45,10,7,3,0,0,0,0,137.8,1,0,55.45,0
33.68,21,3,1,0,2,0,0,82.4,2,3,41.8,0
22.01,19,3,1,0,1,0,0,53.3,0,2,45.43,0
21.43,13,2,0,0,0,0,0,48.0,0,1,97.23,0
17.52,15,1,0,0,0,0,0,81.4,0,2,33.27,0
33.71,18,2,1,0,0,0,0,40.8,1,0,1489.06,0
19.77,19,1,0,0,0,0,0,12.1,1,2,19.1,0
80.28,12,0,0,0,0,0,0,8.0,1,0,84.85,0
35.35,23,4,4,0,2,1,0,136.0,5,3,20.0,0
54.08,17,3,1,0,0,0,0,32.9,1,1,18.43,0
14.75,21,2,1,0,0,0,0,39.9,2,3,39.97,0
81.82,15,6,4,1,6,1,0,154.6,6,9,7.44,1
58.19,14,2,3,0,0,0,0,40.7,2,4,11.37,0
18.06,12,2,0,0,0,0,0,10.7,2,4,130.35,0
8.92,9,1,1,0,0,0,0,97.8,1,3,17.66,0
204.89,9,2,2,0,2,1,1,80.9,6,2,57.62,0
33.29,17,5,4,0,2,0,1,106.8,2,4,22.53,0
11.14,18,2,0,1,0,0,0,86.6,2,0,8.25,0
33.09,17,3,0,0,0,0,0,63.2,1,2,86.09,0
39.31,10,0,1,0,0,0,0,3.4,2,2,33.07,0
7.42,20,2,2,0,0,0,1,58.9,1,2,17.59,0
66.72,17,3,0,0,2,0,0,17.3,1,2,64.37,0
80.71,9,3,1,0,0,1,0,4.6,0,0,76.25,0
43.3,18,3,0,0,0,0,0,18.6,1,1,4.21,0
56.0,14,1,2,0,0,0,0,44.0,1,1,13.21,0
769.83,13,8,7,0,1,1,1,213.3,3,7,18.71,1
285.97,9,2,3,1,2,0,1,10.0,2,2,138.11,0
8.9,13,4,0,0,2,0,0,64.3,0,1,66.01,0
32.14,8,2,2,0,0,0,0,63.5,2,1,17.81,0
20.1,16,2,1,0,0,0,0,39.4,2,1,54.74,0
42.33,14,6,1,0,0,0,0,15.4,2,0,55.2,0
24.57,20,1,2,0,1,0,0,10.1,2,3,9.52,0
18.05,9,3,0,0,0,0,0,30.2,2,2,8.7,0
17.01,11,0,2,0,1,0,0,39.0,1,2,19.53,0
20.31,20,1,2,0,0,0,0,0.8,0,0,59.24,0
16.25,9,6,1,0,0,1,0,14.3,0,5,140.96,0
21.8,14,4,2,0,0,0,0,39.9,1,3,14.01,0
32.42,13,1,1,0,0,0,0,24.0,0,1,9.3,0
146.07,18,1,2,0,1,0,0,40.5,1,2,68.71,0
18.01,21,2,3,0,0,0,0,42.2,0,2,40.58,0
72.74,14,5,0,0,0,0,1,56.1,1,1,17.9,0
9.81,15,6,1,0,0,0,0,4.4,1,2,39.87,0
17.37,19,1,1,0,0,0,0,34.6,3,0,34.75,0
3.81,12,0,3,0,0,0,0,109.8,1,2,98.26,0
48.59,9,1,1,0,1,0,0,117.5,1,2,7.88,0
5.74,20,2,2,0,1,0,0,3.9,1,2,52.68,0
8.19,14,0,1,0,0,0,0,172.8,2,0,168.48,0
73.2,19,3,1,0,0,0,0,79.4,1,0,10.76,0
4.34,15,3,0,0,0,0,0,32.1,0,2,52.56,0
20.37,20,2,0,0,0,0,0,4.2,1,3,9.86,0
16.5,9,3,2,1,0,0,0,222.0,1,3,77.25,0
4.27,11,4,0,0,1,0,0,27.9,0,2,133.76,0
331.59,2,12,3,2,3,0,1,72.5,5,3,70.55,1
63.63,10,9,6,0,1,0,1,512.0,0,4,8.69,0
31.43,21,4,1,0,0,1,0,43.0,1,1,76.74,0
26.21,9,4,2,0,0,0,0,6.1,2,2,129.71,0
92.79,11,2,4,1,0,0,0,17.4,0,1,14.64,0
23.96,18,2,2,1,0,0,1,163.5,2,1,5.35,0
2.17,16,2,1,0,0,0,0,165.6,2,1,14.03,0
73.02,18,4,2,0,2,0,0,10.0,4,5,5.03,0
833.52,5,2,7,0,1,1,0,47.3,4,1,83.63,0
34.59,13,0,0,0,0,0,0,10.3,0,3,16.07,0
62.68,9,3,0,0,0,0,0,54.9,0,5,27.94,0
46.63,20,1,1,0,0,0,0,145.9,1,1,11.72,0
12.55,11,3,1,1,0,0,0,132.5,2,2,29.9,0
41.28,14,0,0,0,0,0,0,27.0,0,0,17.98,0
2.34,11,2,2,0,0,0,1,5.7,4,1,6.16,0
20.55,9,3,0,0,0,0,0,53.5,0,2,59.71,0
17.68,10,3,0,0,0,0,0,51.3,1,2,40.94,0
24.15,10,2,1,0,1,0,0,6.6,3,1,19.08,0
49.18,10,2,1,0,0,0,0,87.3,2,2,14.79,0
22.86,8,1,1,0,1,0,0,49.1,2,2,41.88,0
7.83,9,2,3,0,0,1,0,98.5,1,0,54.97,0
6.08,13,1,1,0,1,0,0,35.8,0,2,46.25,0
14.32,15,1,0,0,2,0,0,21.5,3,2,145.68,0
162.79,17,4,5,0,1,1,0,29.9,1,1,11.9,0
14.99,8,2,0,0,0,0,0,25.9,3,1,126.0,0
7.9,14,2,1,0,0,0,0,145.1,2,0,18.62,0
34.37,13,2,0,0,0,0,0,20.4,1,2,173.38,0
1.99,14,0,1,0,0,0,0,18.7,0,0,70.21,0
61.73,6,4,3,1,1,1,1,292.4,4,4,12.24,0
138.22,14,4,0,0,0,0,0,167.0,2,4,32.1,0
81.71,15,3,0,0,1,0,0,27.8,1,1,18.91,0
1341.25,14,6,0,1,1,0,1,499.6,1,3,59.2,0
27.39,14,1,3,0,0,0,0,3.3,1,6,5.63,0
12.15,12,0,2,0,0,1,0,85.5,2,1,72.37,0
18.65,11,5,1,0,0,0,0,130.3,0,1,129.41,0
4.81,21,0,0,0,0,0,0,61.7,1,0,14.55,0
44.15,14,3,3,0,0,0,0,3.6,0,0,23.42,0
12.7,17,4,0,0,0,0,0,57.8,1,1,87.9,0
296.73,10,2,0,0,1,0,0,14.7,0,1,27.11,0
28.54,10,1,1,0,0,0,0,12.2,0,1,11.48,0
20.39,11,2,0,0,1,0,0,67.3,1,0,30.01,0
52.26,14,3,1,0,0,0,0,119.8,0,1,9.5,0
227.62,9,3,1,1,1,0,0,242.1,3,2,10.53,0
26.48,20,3,1,0,2,0,0,69.4,1,1,6.74,0
47.06,21,2,0,0,0,0,0,194.3,0,2,20.1,0
4.19,10,1,2,0,0,0,0,25.8,2,2,23.78,0
66.08,11,1,1,0,0,0,0,35.1,3,0,9.33,0
11.77,11,0,1,0,0,0,0,17.2,1,1,47.58,0
47.99,23,4,9,0,0,1,0,191.0,5,2,11.64,0
120.87,3,7,8,3,8,1,1,98.7,4,4,17.3,1
20.52,10,4,1,0,1,0,0,94.7,1,2,5.49,0
7.35,18,1,1,0,1,0,0,41.8,3,0,63.96,0
37.36,15,2,2,0,0,0,0,86.5,1,1,20.78,0
5.89,15,4,1,0,0,1,0,17.3,2,1,2.61,0
133.07,12,1,1,0,0,0,0,51.6,0,1,52.06,0
54.03,17,2,0,0,0,0,0,9.3,2,1,9.35,0
57.11,15,4,3,0,0,0,1,45.6,1,0,55.21,0
85.58,13,1,1,0,0,0,0,69.5,3,2,113.1,0
14.64,19,2,3,0,1,0,0,6.9,3,1,80.81,0
93.26,19,0,2,0,0,0,0,140.4,0,0,34.5,0
151.76,13,4,2,0,1,0,0,41.0,2,0,23.75,0
4.87,9,1,1,0,0,0,0,67.9,3,1,13.06,0
19.13,9,1,0,0,1,0,0,5.8,2,1,33.11,0
22.06,13,1,2,0,0,0,1,39.1,0,2,29.47,0
33.74,21,1,2,0,0,0,0,11.6,0,1,29.85,0
107.75,3,8,6,0,1,1,1,208.7,3,7,6.45,1
20.11,13,0,2,0,0,0,0,37.4,2,3,7.23,0
54.25,13,1,1,0,0,0,0,1.4,2,0,18.74,0
282.84,13,2,0,0,2,0,0,297.3,1,0,46.94,0
30.8,12,0,1,0,0,0,0,67.4,3,2,5.65,0
21.64,9,0,2,0,1,1,0,3.6,0,3,18.98,0
7.11,18,2,1,0,1,0,0,11.7,1,4,34.75,0
5.91,14,1,1,0,0,0,0,108.6,0,1,20.57,0
10.91,18,1,2,0,0,0,0,0.1,0,1,27.84,0
3.75,19,1,1,0,0,0,0,70.2,0,0,19.82,0
33.18,17,2,1,0,0,0,0,13.1,1,1,25.47,0
18.63,14,4,2,0,0,0,0,43.4,1,0,6.92,0
101.98,5,2,4,0,4,1,0,477.4,1,3,37.08,0
17.95,14,4,0,0,1,0,0,69.6,1,1,19.57,0
15.14,20,1,1,0,1,0,0,10.0,1,1,37.11,0
14.02,12,1,2,0,0,0,1,4.7,0,0,62.62,0
65.25,12,0,1,1,0,0,0,54.1,0,1,268.85,0
9.49,9,3,1,0,0,0,0,1.7,2,0,42.41,0
20.77,19,2,0,1,0,0,0,6.5,2,2,39.36,0
9.21,15,1,2,0,1,0,0,33.9,2,2,35.78,0
31.65,10,3,0,0,1,0,0,12.6,1,2,43.6,0
452.72,16,4,1,1,3,1,0,17.2,2,0,26.41,0
36.07,11,0,2,0,1,0,0,5.1,4,3,176.27,0
48.75,12,3,9,0,1,0,1,320.8,2,1,43.12,0
28.26,21,2,2,0,0,0,0,191.6,4,3,96.85,1
29.07,10,1,0,0,0,0,0,6.9,3,2,19.76,0
12.7,16,1,0,0,0,0,0,175.5,1,3,7.79,0
7.86,15,3,0,0,0,0,0,17.8,1,0,11.01,0
63.05,18,1,3,0,0,0,0,3.1,1,0,39.82,0
109.12,9,5,3,0,1,1,1,29.3,2,4,8.82,0
9.8,14,1,0,0,0,0,0,20.9,1,1,23.72,0
79.87,16,3,1,1,0,0,1,57.6,2,2,34.57,0
19.07,18,1,0,0,0,0,1,25.1,3,0,63.94,0
5.07,9,2,0,0,0,0,0,54.1,0,1,30.34,0
50.0,11,2,0,0,0,0,0,2.7,3,1,7.89,0
17.71,15,2,1,0,0,0,0,36.8,0,0,18.38,0
25.45,11,2,2,0,1,0,1,43.2,1,2,20.78,0
6.3,14,4,2,0,0,0,0,16.2,1,0,7.81,0
44.74,14,0,0,0,0,0,0,25.0,1,3,23.91,0
10.5,15,2,3,0,1,0,0,96.4,0,1,30.0,0
29.18,16,2,4,0,1,0,0,99.0,1,0,53.93,0
36.91,10,3,1,0,0,0,1,26.2,0,3,6.89,0
88.55,16,1,3,0,1,0,0,109.6,2,2,9.69,0
59.75,20,2,2,0,0,0,0,9.9,2,0,6.52,0
56.56,20,2,1,1,0,0,0,3.6,1,3,30.66,0
58.27,20,2,2,0,0,1,0,60.0,1,1,24.95,0
10.42,10,3,3,0,0,0,0,78.0,1,0,18.68,0
61.87,17,2,1,0,0,0,0,38.8,0,1,37.39,0
18.9,18,4,2,0,0,0,0,65.5,1,1,27.52,0
114.49,17,3,1,0,1,0,0,66.0,1,3,54.25,0
59.32,18,0,1,0,1,0,0,51.8,0,0,17.27,0
20.91,12,6,2,0,0,0,0,112.2,2,0,4.67,0
67.1,15,2,0,1,0,0,0,11.4,1,2,13.15,0
8.69,10,0,0,0,0,0,0,23.8,2,0,23.99,0
53.27,11,5,9,0,0,0,0,139.0,2,4,14.09,0
56.99,17,3,1,0,0,0,1,7.2,1,2,35.59,0
4.6,9,3,3,0,1,0,0,46.5,1,2,4.67,0
145.7,18,2,1,0,0,0,0,8.7,2,1,126.61,0
6.08,20,2,0,0,0,0,0,23.8,0,0,21.71,0
107.81,8,2,1,0,0,0,0,37.9,0,0,36.41,0
42.68,15,2,0,0,1,0,0,306.1,0,2,17.17,0
86.46,21,14,4,3,4,0,1,219.1,7,7,10.89,1
61.48,13,2,1,0,1,0,0,70.8,2,3,39.91,0
20.23,18,2,0,0,0,0,0,22.0,0,3,12.01,0
8.15,8,2,2,0,0,0,0,27.2,0,0,49.66,0
14.54,10,4,2,0,1,0,0,78.3,3,2,25.59,0
14.47,14,3,2,0,0,0,0,30.8,1,0,39.12,0
61.11,10,0,2,0,0,0,0,51.2,0,0,22.68,0
88.42,21,2,1,0,0,0,0,70.5,1,1,105.54,0
150.35,14,3,2,0,1,0,0,56.8,2,0,18.99,0
16.34,16,2,0,0,0,0,0,10.0,0,1,20.17,0
21.84,20,1,1,0,0,0,0,53.9,1,0,4.0,0
75.22,18,1,0,0,0,0,0,24.6,1,3,3.47,0
58.41,14,3,1,0,0,0,0,22.6,1,2,21.6,0
23.11,17,2,2,0,1,0,0,0.1,1,2,52.61,0
13.17,9,3,0,0,0,0,0,0.1,1,4,11.83,0
21.38,14,1,1,0,0,0,0,19.5,1,1,33.98,0
46.87,15,4,0,0,0,0,0,81.4,1,1,11.36,0
39.84,17,2,1,0,0,0,0,10.5,2,2,47.74,0
7.59,17,2,2,0,0,0,0,102.6,1,1,110.7,0
24.0,18,0,0,0,0,0,0,48.6,3,2,22.27,0
60.28,21,6,5,0,1,0,0,40.3,1,2,55.25,0
3.2,9,2,1,0,1,0,0,169.8,0,0,25.62,0
10.42,16,1,3,0,0,0,0,68.6,1,2,27.88,0
8.61,15,0,0,0,0,0,0,11.1,1,2,22.27,0
72.2,11,4,0,1,0,0,0,32.3,1,1,10.74,0
20.9,14,0,1,0,0,0,0,68.1,1,2,15.11,0
75.04,18,1,2,1,1,0,0,47.2,1,3,22.1,0
113.55,4,5,7,3,7,1,1,78.0,1,6,23.75,1
139.82,10,3,2,0,0,0,0,41.9,2,0,28.0,0
59.35,19,1,1,0,1,0,1,95.2,1,0,29.47,0
36.58,17,2,1,0,0,0,0,25.7,1,1,12.84,0
96.24,17,2,0,0,1,0,0,62.0,2,4,41.33,0
44.64,14,1,0,0,0,0,0,41.4,0,0,15.72,0
8.85,21,0,1,0,1,0,0,0.1,3,3,37.83,0
14.37,20,0,0,0,0,0,0,8.3,1,1,17.63,0
28.07,11,1,1,0,1,0,0,22.9,1,0,54.82,0
31.51,18,1,0,0,0,0,0,75.4,1,1,6.52,0
5.02,13,0,0,0,0,1,0,48.0,1,1,46.84,0
22.18,10,2,0,0,0,0,0,3.4,1,2,14.09,0
26.04,5,2,5,0,3,0,1,118.2,4,4,67.7,0
5.86,13,0,4,0,2,0,0,28.0,1,1,2.94,0
129.9,12,6,7,1,3,0,0,222.1,2,3,72.98,0
5.4,12,4,1,0,0,0,0,9.9,1,1,120.26,0
51.46,12,2,2,0,0,0,0,44.7,1,2,5.3,0
34.61,18,2,1,0,0,0,0,69.0,0,1,20.1,0
22.01,15,1,1,0,0,0,0,68.9,1,1,11.86,0
3.73,13,2,2,0,0,0,0,7.7,1,1,11.44,0
20.13,17,4,1,1,0,0,0,16.8,3,1,82.51,0
34.42,19,1,0,0,0,0,0,9.5,0,2,8.48,0
120.78,19,0,3,0,0,0,0,68.8,1,0,45.48,0
33.85,19,2,1,0,0,1,0,9.6,2,2,23.19,0
29.97,12,3,0,0,0,0,0,98.3,0,1,8.66,0
10.0,20,10,2,0,2,0,1,23.4,2,4,25.3,0
10.97,13,1,1,0,0,0,0,7.0,1,1,39.86,0
44.68,14,3,1,0,1,0,0,47.1,2,0,16.95,0
70.8,18,2,0,0,1,0,0,12.6,0,1,28.48,0
20.55,17,1,0,0,0,0,0,2.4,1,0,102.93,0
13.48,13,1,0,0,0,1,0,149.8,1,2,83.3,0
18.71,16,1,1,0,0,0,0,4.9,1,1,41.93,0
12.52,16,2,1,0,0,0,0,14.3,0,1,18.71,0
4.73,13,2,2,0,0,0,0,105.4,1,1,5.23,0
53.72,9,4,2,0,0,0,0,26.0,1,1,68.85,0
23.59,9,1,0,0,2,0,0,85.0,3,3,17.31,0
58.49,8,1,1,0,0,0,0,1.3,1,2,29.56,0
40.72,20,2,0,0,1,0,0,16.7,0,3,29.06,0
16.93,15,0,1,0,0,0,0,4.6,0,2,38.91,0
64.47,20,2,2,0,0,1,0,10.4,1,4,32.01,0
7.73,13,2,2,0,1,0,0,0.2,2,1,11.26,0
51.49,17,1,2,0,0,0,0,143.6,0,2,35.86,0
10.95,18,0,5,0,0,0,0,60.6,1,2,13.5,0
11.13,13,2,0,0,1,0,0,92.9,3,2,68.21,0
19.2,11,3,1,0,0,1,0,11.2,3,3,40.98,0
12.63,20,1,1,0,0,0,0,20.9,2,1,128.52,0
53.34,15,2,0,1,0,0,0,23.2,2,3,33.35,0
58.79,13,1,1,1,0,0,0,85.2,1,2,15.94,0
17.72,12,1,1,0,0,0,0,164.1,0,2,9.71,0
21.25,19,6,0,0,2,0,0,56.6,1,2,8.61,0
10.84,14,1,3,0,0,0,0,8.7,1,1,101.35,0
75.64,10,15,7,1,4,1,1,749.4,3,3,21.64,1
39.26,11,0,2,0,1,0,0,57.4,1,1,12.89,0
94.04,17,1,1,0,1,0,0,19.7,2,2,6.94,0
59.54,14,0,0,0,0,0,0,24.0,2,5,65.09,0
24.6,16,1,3,0,0,0,0,7.9,2,2,15.17,0
8.28,13,0,2,0,1,0,1,50.5,1,1,6.86,0
65.66,9,1,2,0,1,0,0,420.1,3,3,15.45,0
3.29,18,1,0,0,0,0,0,0.9,1,0,133.13,0
55.61,14,0,0,0,0,1,0,28.9,4,1,15.34,0
32.61,14,1,1,0,0,0,0,120.2,2,0,17.55,0
3.71,17,0,0,0,0,0,0,10.3,3,2,82.14,0
17.89,18,2,0,0,0,1,0,59.6,1,1,87.42,0
35.79,14,0,0,0,0,0,0,14.8,0,0,47.1,0
24.71,15,8,1,0,0,0,0,54.4,1,3,4.75,0
14.28,12,3,1,0,1,0,0,103.7,1,7,48.25,0
64.77,20,7,0,0,0,0,0,72.7,0,0,9.22,0
17.97,9,1,1,0,0,0,1,31.7,1,3,38.59,0
5.71,20,2,0,0,1,0,0,21.5,1,1,39.1,0
29.24,9,2,3,0,0,0,0,27.2,2,3,61.68,0
108.59,19,3,2,0,0,0,0,28.9,3,3,84.55,0
13.12,10,2,2,0,1,0,0,90.7,0,2,36.13,0
9.05,15,5,1,0,3,0,0,54.6,1,0,27.76,0
51.54,10,2,3,1,1,0,0,10.9,3,0,13.3,0
157.95,10,0,0,0,1,0,0,3.6,1,0,34.86,0
12.05,20,2,0,0,0,0,0,0.5,0,1,88.93,0
52.4,10,1,1,0,1,0,0,22.3,1,1,9.23,0
10.2,10,5,5,2,2,0,1,129.1,4,3,48.09,0
33.46,13,5,1,0,0,0,0,23.5,2,1,13.88,0
10.93,8,1,1,0,1,0,0,66.8,2,0,35.56,0
36.11,9,1,1,0,1,0,0,66.5,0,1,30.86,0
85.17,7,3,5,0,0,0,0,117.4,2,2,13.8,0
19.79,16,2,1,0,1,0,0,11.1,2,1,15.96,0
97.76,16,1,1,0,0,1,0,101.3,3,2,18.7,0
13.12,9,1,2,0,0,0,0,73.6,1,2,26.08,0
149.14,12,0,4,0,3,0,0,26.5,1,4,13.54,0
11.84,10,2,2,0,1,1,0,4.7,0,1,34.27,0
17.93,18,4,0,0,0,0,0,42.8,1,0,12.25,0
25.0,11,0,2,0,0,0,0,80.3,2,0,3.57,0
101.48,12,4,0,0,0,0,1,118.1,2,4,15.06,0
23.58,10,1,0,0,1,0,0,215.2,0,1,73.27,0
18.89,20,1,0,0,0,0,0,20.8,1,2,26.71,0
5.4,15,3,1,0,0,0,0,54.1,0,1,39.84,0
19.18,14,1,4,0,0,0,0,26.8,2,3,14.06,0
32.84,13,2,1,0,0,0,0,28.2,0,2,14.85,0
113.94,18,2,1,0,1,0,0,75.6,1,6,65.4,0
97.67,18,0,0,0,0,0,0,24.9,2,3,51.73,0
29.35,14,0,0,0,0,0,0,0.2,0,0,13.06,0
18.27,13,5,0,0,0,0,0,67.3,1,5,34.39,0
27.19,9,1,2,0,0,0,0,18.4,1,0,16.07,0
57.58,12,7,4,0,2,1,0,10.0,5,3,14.08,0
7.48,12,1,1,0,1,0,0,1.9,0,2,11.45,0
38.56,11,3,0,1,0,0,0,13.6,0,0,25.96,0
67.26,10,2,1,0,1,0,0,3.3,0,2,87.89,0
66.03,20,1,1,0,1,0,0,15.3,0,1,38.29,0
29.7,21,1,0,0,1,0,1,11.4,2,2,1.12,0
24.55,20,2,2,0,0,0,0,36.2,2,1,100.24,0
38.86,15,0,3,0,1,0,0,16.7,0,0,24.09,0
53.94,18,0,0,0,0,1,0,104.6,0,2,24.32,0
8.25,12,1,1,0,0,0,0,46.0,0,1,27.21,0
25.19,18,2,1,0,0,0,0,42.9,2,2,28.99,0
78.88,10,2,1,0,0,0,0,66.9,1,0,166.55,0
36.41,13,1,1,0,0,0,0,74.5,1,2,20.07,0
37.6,15,0,0,0,0,0,0,87.3,1,1,32.34,0
63.18,8,1,1,0,1,0,0,95.0,1,0,7.17,0
36.61,11,0,0,0,1,0,0,30.7,0,6,12.31,0
89.0,18,2,3,0,0,0,0,33.6,1,0,6.16,0
28.14,19,3,2,0,0,0,0,41.6,1,2,107.5,0
18.47,15,2,0,0,0,0,0,67.5,1,1,82.25,0
37.7,8,1,0,0,0,0,0,127.2,0,0,27.29,0
9.56,9,3,1,0,0,0,0,17.7,0,0,15.7,0
13.56,15,1,0,1,0,0,0,40.9,3,2,18.35,0
70.92,8,1,0,0,0,0,0,12.7,0,2,29.35,0
29.01,13,1,1,0,1,0,0,1.9,3,2,4.44,0
12.27,15,5,0,0,0,0,0,31.5,1,0,21.0,0
18.22,9,1,1,0,0,0,0,0.9,3,3,79.4,0
68.1,13,0,2,0,0,0,0,40.8,3,2,44.74,0
30.23,13,0,0,0,0,0,0,13.7,2,1,9.45,0
33.39,12,2,0,0,0,0,0,43.4,1,1,40.41,0
235.84,18,0,4,0,1,0,0,87.0,2,1,12.03,0
6.55,13,2,1,0,0,0,0,27.2,2,2,5.78,0
7.8,14,4,0,0,1,0,0,37.5,1,0,19.56,0
60.51,17,4,0,0,1,0,0,2.6,1,0,19.97,0
84.57,15,0,2,1,0,0,0,2.6,2,1,10.21,0
13.34,15,1,4,0,1,0,0,240.3,3,0,26.31,0
16.27,13,3,1,0,0,0,0,42.0,3,1,78.08,0
54.25,10,2,1,0,0,0,0,34.5,0,3,26.72,0
24.62,17,1,0,0,0,0,0,0.1,2,0,25.38,0
102.85,18,2,2,0,0,0,0,8.6,2,1,33.64,0
27.44,13,2,4,0,0,0,0,32.9,3,2,13.69,0
102.86,6,7,2,0,2,1,0,63.8,4,3,39.47,0
81.4,10,2,0,0,0,0,0,1.2,1,1,38.49,0
21.98,10,2,1,0,0,1,0,40.8,0,2,13.05,0
40.68,7,3,4,0,2,0,0,36.6,4,2,68.11,0
595.87,4,11,2,0,4,1,0,107.1,0,5,7.51,0
43.05,11,2,1,0,0,0,0,25.1,0,4,47.96,0
20.12,13,1,2,0,0,0,0,9.0,0,1,59.79,0
1.57,21,1,0,0,0,0,0,78.8,2,1,36.32,0
23.07,11,1,0,0,0,0,0,11.3,1,0,10.22,0
40.02,18,0,1,0,0,0,0,64.1,1,3,20.36,0
32.69,14,0,1,0,0,0,0,79.9,1,3,21.06,0
117.93,14,1,2,0,0,0,0,2.5,2,3,9.63,0
29.77,14,2,4,0,0,0,0,0.4,0,1,27.03,0
50.55,14,3,1,0,1,0,0,52.1,0,0,1.76,0
741.72,19,0,0,0,2,0,1,357.6,2,3,23.37,0
32.04,9,2,0,0,0,1,0,96.9,0,1,85.12,0
45.11,18,1,1,0,0,0,0,11.1,0,2,43.25,0
49.72,23,4,5,0,3,1,1,84.6,2,2,15.76,0
69.34,9,1,2,0,0,0,0,80.5,2,2,6.36,0
4.05,11,2,1,0,0,0,0,46.4,0,2,141.27,0
85.93,9,4,0,0,1,0,0,33.8,1,1,44.2,0
43.37,9,0,1,0,0,0,0,1.2,1,0,22.51,0
7.06,12,2,2,0,1,0,0,22.6,1,4,34.13,0
6.8,13,0,0,0,2,0,1,120.5,1,0,8.67,0
83.35,10,1,2,1,0,0,0,24.6,2,2,6.84,0
98.58,22,6,2,1,3,1,1,148.5,2,2,5.48,0
30.52,12,1,0,0,0,0,0,0.3,2,3,12.79,0
45.26,16,3,0,0,0,0,0,1.8,0,2,72.81,0
23.87,15,2,1,0,0,0,0,24.8,3,1,120.46,0
20.47,8,1,0,0,0,0,0,137.8,0,0,12.69,0
4.28,15,1,1,0,1,0,0,2.3,2,2,19.52,0
8.73,19,1,1,0,1,0,0,232.2,0,1,42.29,0
24.63,20,1,0,0,0,0,0,11.8,0,0,68.15,0
73.54,12,2,1,0,0,0,0,27.1,1,0,12.47,0
904.5,5,2,5,0,1,1,0,49.6,3,2,29.0,0
31.5,20,1,0,0,0,0,0,26.4,2,5,45.79,0
36.29,20,0,2,0,0,0,0,41.6,1,3,37.07,0
40.05,20,3,4,0,0,0,0,28.6,2,0,18.25,0
7.76,18,4,0,0,0,0,0,92.7,2,1,143.48,0
19.6,13,1,1,0,0,1,0,110.4,2,0,61.26,0
8.93,15,2,2,0,0,0,0,27.2,0,1,47.95,0
51.68,18,0,2,0,1,0,0,7.8,1,0,37.42,0
5.66,12,1,0,1,0,0,0,37.2,2,3,53.68,0
6.71,9,3,1,0,0,0,0,134.5,1,1,10.18,0
8.1,13,4,1,0,1,0,0,73.0,1,1,60.68,0
4.34,19,1,3,0,1,0,0,0.3,2,0,9.35,0
21.78,9,2,2,1,0,0,0,68.6,2,0,26.41,0
28.36,19,4,0,0,1,0,0,3.2,1,0,51.71,0
18.87,11,0,1,0,0,1,1,56.8,2,3,15.59,0
29.75,14,1,1,0,0,0,0,2.3,0,2,20.65,0
109.93,17,1,1,0,0,0,0,43.3,0,1,13.15,0
219.18,8,3,3,0,1,0,0,353.2,5,4,32.29,0
21.35,13,0,1,0,0,0,0,10.6,0,0,19.37,0
156.38,17,3,2,0,0,0,0,168.9,1,1,16.08,0
38.59,21,1,4,0,1,0,0,32.1,4,1,36.2,0
9.79,20,1,2,0,0,0,0,13.3,2,0,338.06,0
91.47,13,3,0,0,0,0,0,45.3,1,3,59.11,0
30.07,10,6,4,0,0,1,0,219.2,0,2,42.96,0
12.12,21,3,0,0,0,0,0,142.5,0,1,51.37,0
25.59,12,2,1,0,0,0,0,15.9,0,1,54.23,0
5.2,14,0,3,0,0,0,0,135.3,0,3,60.55,0
29.99,15,2,3,0,0,0,0,34.6,2,1,14.23,0
2.31,14,0,0,0,0,0,0,7.2,1,0,21.44,0
122.08,19,0,1,0,0,1,0,48.4,2,1,12.23,0
6.17,14,2,0,0,0,0,0,37.0,1,3,31.69,0
6.24,10,2,1,0,0,0,0,76.3,1,1,8.76,0
33.31,15,1,2,0,0,0,0,17.4,2,2,54.69,0
8.51,11,4,1,0,0,0,0,13.3,1,1,28.28,0
11.38,12,1,1,0,0,0,0,2.0,1,1,13.14,0
24.54,13,2,0,0,0,0,0,23.2,0,1,23.54,0
6.3,10,1,4,0,0,0,0,52.2,0,4,34.61,0
150.26,19,0,1,0,1,0,0,39.2,0,1,18.99,0
56.14,21,1,2,0,1,0,0,98.6,0,0,19.72,0
649.62,1,12,8,1,6,1,0,188.6,7,7,7.1,1
43.96,10,3,1,0,1,0,0,5.2,4,2,31.0,0
100.83,9,1,0,0,0,0,1,3.2,2,3,33.62,0
8.98,18,3,1,0,0,0,0,69.2,1,0,104.57,0
26.62,17,2,0,0,0,0,0,16.1,0,3,80.17,0
35.82,10,4,1,0,1,0,1,6.1,0,4,12.08,0
9.51,17,2,0,0,1,0,0,195.0,0,3,35.51,0
25.85,20,1,2,0,0,0,0,91.3,3,1,48.64,0
25.97,14,1,0,0,0,0,0,30.7,3,2,21.01,0
139.39,7,8,2,1,1,0,0,189.0,5,3,5.72,0
45.32,19,2,0,0,0,0,0,66.4,1,3,50.68,0
36.3,17,0,0,0,0,0,0,78.7,0,4,11.45,0
45.29,12,5,1,0,0,0,0,15.7,2,2,47.19,0
41.0,18,1,0,0,0,0,0,45.0,1,5,47.04,0
33.33,9,2,0,0,0,0,0,89.5,0,3,56.34,0
82.85,13,3,0,0,0,0,0,22.5,1,0,33.63,0
22.49,15,1,1,0,0,0,0,20.3,1,2,6.27,0
25.99,10,3,3,0,0,0,0,9.1,0,3,11.66,0
21.33,18,2,0,1,0,0,0,73.4,1,2,65.57,0
17.1,12,3,0,0,2,0,0,78.9,1,0,10.96,0
11.89,15,3,1,0,0,0,0,12.7,0,1,27.46,0
24.45,12,7,2,0,0,0,0,22.4,1,1,14.75,0
46.41,11,2,1,0,0,0,0,5.5,1,2,12.51,0
40.83,16,3,1,0,0,0,0,20.9,1,1,57.1,0
401.19,15,3,7,0,2,0,0,154.1,3,0,17.84,0
51.12,11,3,0,0,1,0,0,48.8,4,3,10.27,0
10.1,17,1,2,0,1,0,0,81.4,1,1,66.15,0
12.28,13,0,1,0,0,0,0,119.9,0,1,18.12,0
64.96,12,3,1,0,0,0,0,79.7,0,1,43.52,0
49.7,18,3,2,0,0,0,0,43.2,2,4,19.72,0
20.74,16,4,0,0,0,0,0,71.3,1,1,35.93,0
23.52,11,4,2,1,0,0,0,23.5,1,1,12.58,0
3.22,10,2,0,0,1,0,0,61.3,0,2,15.15,0
129.92,13,2,1,0,1,0,0,17.3,0,1,71.63,0
5.04,15,4,1,0,1,0,0,3.4,1,5,4.81,0
19.97,19,1,3,0,0,0,0,14.1,1,3,55.33,0
7.98,10,2,1,1,0,0,0,10.0,2,0,6.03,0
67.25,9,3,0,0,1,0,0,24.0,1,1,63.63,0
11.4,10,0,0,0,1,0,1,35.9,2,6,123.9,0
49.9,12,3,0,1,0,0,1,28.5,1,2,3.18,0
199.55,12,3,2,0,0,1,0,10.0,1,4,44.42,0
20.47,11,5,1,0,0,0,0,73.0,0,2,8.69,0
108.41,18,1,1,0,0,0,0,10.0,4,1,107.14,0
30.89,11,2,1,0,0,0,0,11.8,2,1,29.45,0
20.41,13,1,3,0,0,0,0,193.3,3,1,17.16,0
109.12,15,3,3,0,2,1,0,46.0,4,2,8.22,0
21.69,17,4,3,0,0,0,0,21.6,0,1,8.16,0
151.31,19,4,1,1,0,0,0,6.9,0,0,51.52,0
43.17,23,7,2,0,2,0,0,363.9,4,3,60.64,0
44.59,18,1,2,0,0,0,0,10.1,1,2,26.36,0
4.72,15,0,3,0,1,0,0,27.1,1,1,19.09,0
12.7,12,3,1,0,0,0,0,2.1,1,2,87.47,0
40.07,8,4,0,0,0,0,0,54.4,0,2,23.06,0
101.12,18,2,2,0,0,0,0,89.8,3,0,33.79,0
107.74,12,0,1,0,0,0,0,47.7,1,0,30.75,0
63.92,18,4,1,0,2,0,0,192.7,2,3,61.7,0
24.69,15,2,3,0,0,0,0,61.9,1,0,8.24,0
10.91,20,3,0,0,0,0,0,48.7,0,1,16.29,0
14.84,19,4,0,0,0,0,0,166.8,0,3,17.35,0
18.55,16,2,1,0,0,0,0,44.2,0,2,5.02,0
35.33,10,1,3,0,1,0,0,92.3,0,0,18.9,0
98.95,20,3,1,0,0,0,0,27.7,2,0,28.6,0
13.47,8,2,2,0,1,0,0,3.4,0,0,60.43,0
85.41,20,1,0,0,1,0,0,171.1,0,1,8.63,0
10.5,17,2,2,0,0,0,0,184.0,0,1,11.35,0
25.05,16,2,0,0,0,0,0,162.6,1,1,79.86,0
14.75,9,3,1,0,1,0,0,125.9,0,3,7.51,0
6.48,17,0,0,0,0,0,1,1.6,1,1,186.85,0
41.11,16,3,1,0,0,0,0,114.5,0,0,13.74,0
394.27,7,7,4,0,1,0,1,389.8,1,0,28.79,0
60.3,22,3,2,0,2,1,0,39.6,3,4,151.8,0
10.72,16,0,1,0,0,0,0,12.5,2,2,49.01,0
61.46,13,2,1,0,0,0,0,117.1,0,0,36.69,0
101.01,11,2,2,0,0,0,0,9.8,0,1,39.94,0
11.9,19,2,2,0,0,0,0,36.0,2,1,16.58,0
87.47,18,2,2,0,0,0,0,73.2,2,3,37.88,0
36.56,15,0,0,0,0,0,0,27.1,0,2,11.19,0
21.02,16,3,1,0,0,0,0,163.8,0,4,7.94,0
91.3,13,4,0,0,0,0,1,30.2,1,1,36.9,0
50.39,10,1,0,0,0,1,0,11.3,2,1,12.67,0
20.87,13,4,1,0,1,0,0,65.4,1,3,7.04,0
5.78,12,1,1,1,0,0,0,56.6,2,4,70.27,0
16.28,14,3,0,0,1,0,0,198.4,1,3,38.15,0
25.7,15,2,4,0,0,0,1,129.5,1,2,64.21,0
56.54,15,1,1,0,0,0,0,82.1,1,3,10.92,0
35.11,15,1,0,0,1,0,0,34.7,3,3,22.63,0
16.87,13,3,0,0,0,0,0,0.4,0,1,39.61,0
21.3,19,2,2,1,0,0,0,13.8,0,2,19.59,0
15.52,9,1,0,0,1,0,0,10.2,1,0,50.3,0
186.09,9,2,4,1,1,0,0,108.3,2,2,15.74,0
13.35,16,2,1,0,1,0,0,46.1,3,2,16.29,0
16.47,13,1,0,0,1,0,0,104.4,1,1,109.94,0
20.96,13,2,1,0,0,0,0,32.5,0,3,27.1,0
64.97,16,1,1,0,0,0,0,43.0,3,0,26.88,0
100.24,19,0,1,0,0,0,0,25.9,0,3,58.46,0
50.58,13,0,3,0,1,0,0,49.3,0,3,17.62,0
81.76,2,6,3,0,0,1,0,55.5,3,6,40.18,0
9.87,17,2,0,0,0,0,0,27.7,2,1,22.64,0
49.51,20,1,1,0,0,0,0,34.5,0,2,5.2,0
40.29,0,5,6,0,0,1,0,213.6,2,2,16.88,0
7.91,8,3,1,0,0,0,0,27.3,1,0,61.61,0
75.33,20,2,0,0,0,0,0,75.1,1,2,73.1,0
171.2,11,6,5,0,5,1,0,71.3,1,2,250.49,0
64.07,8,0,1,0,0,0,0,71.4,1,1,71.73,0
62.65,14,3,5,1,2,0,0,105.6,2,1,7.19,0
5.57,14,1,0,0,0,0,0,17.9,1,0,1.93,0
29.46,17,1,3,0,0,0,0,1.9,3,2,19.8,0
115.11,4,10,5,0,1,1,0,209.2,3,2,6.45,0
37.46,8,5,3,1,3,1,1,15.2,5,2,265.96,0
32.68,15,0,1,0,0,0,0,33.9,2,4,24.93,0
10.76,18,1,0,0,0,0,0,11.7,0,0,35.51,0
31.3,17,3,0,0,0,0,0,74.7,2,5,4.68,0
12.7,10,1,2,0,0,0,0,13.9,1,0,31.72,0
3.53,19,1,1,0,1,0,0,20.2,1,1,97.37,0
427.59,20,5,3,0,1,0,0,126.5,2,2,76.21,0
67.62,16,3,2,0,1,0,0,0.2,0,0,26.24,0
42.4,18,2,2,0,0,1,0,87.8,1,4,43.36,0
148.38,16,3,1,0,2,0,0,37.9,2,2,16.98,0
54.26,17,3,1,0,2,0,0,3.2,2,1,44.51,0
61.06,18,4,0,0,1,0,0,35.8,2,2,58.9,0
25.83,10,4,0,0,0,0,0,7.2,1,2,7.84,0
20.06,19,2,0,0,1,0,0,79.9,2,1,14.98,0
10.0,21,3,5,1,2,1,0,86.6,1,1,10.13,0
12.76,18,3,0,0,1,0,0,66.3,2,1,48.43,0
36.7,17,0,2,1,0,0,0,15.8,3,2,63.03,0
34.44,13,10,6,0,3,1,1,72.4,8,6,3.41,1
29.0,10,1,0,0,1,0,0,41.9,0,6,26.78,0
28.49,19,3,3,0,0,0,0,16.5,1,2,18.65,0
26.28,16,1,0,0,2,0,0,2.2,5,3,7.28,0
130.27,9,2,2,0,0,0,0,67.8,2,1,36.05,0
31.22,15,4,1,0,1,0,0,13.8,1,1,35.59,0
4.68,14,1,0,0,0,0,0,88.2,2,0,11.58,0
33.37,17,4,2,0,0,1,0,10.0,3,0,21.13,0
26.2,14,1,2,0,1,1,0,66.8,0,3,17.38,0
9.4,8,1,0,0,0,0,0,165.5,0,3,90.34,0
30.35,13,2,2,0,1,0,0,61.5,2,2,9.52,0
16.81,11,3,1,0,0,0,0,23.6,1,0,16.26,0
21.12,17,1,0,0,0,0,0,35.0,1,1,10.55,0
98.38,10,2,0,0,0,0,0,12.3,0,1,85.34,0
6.56,9,3,0,0,1,0,0,42.8,2,0,142.54,0
24.18,16,2,1,0,0,0,0,14.7,0,4,59.45,0
49.22,20,2,1,0,0,0,0,17.7,1,1,18.29,0
18.36,15,3,1,0,0,0,1,127.3,2,0,11.46,0
4.84,18,0,1,0,1,0,0,55.1,0,3,40.31,0
13.53,9,0,1,0,0,0,0,129.0,2,1,17.57,0
46.21,8,1,0,0,0,0,0,34.9,0,0,11.68,0
25.8,17,4,2,0,0,0,0,7.6,2,1,19.0,0
27.62,10,2,0,0,0,0,0,4.9,1,0,12.73,0
11.47,9,2,1,0,0,0,0,37.5,0,4,32.44,0
19.89,10,3,2,0,1,0,0,31.9,0,4,12.0,0
20.26,17,2,2,0,0,0,0,56.5,4,1,54.94,0
14.73,13,2,0,0,0,0,0,45.5,0,3,34.92,0
16.62,10,1,1,1,1,0,0,73.1,0,1,28.43,0
31.64,18,1,1,0,0,0,0,50.5,2,2,15.39,0
6.93,10,2,1,0,0,0,0,131.9,1,5,36.09,0
15.83,0,5,7,0,2,1,0,10.3,1,1,25.8,0
8.83,12,3,2,0,1,0,0,50.3,1,2,11.08,0
64.1,16,5,1,0,0,0,0,14.3,0,0,37.95,0
85.33,9,1,1,0,0,0,0,1.8,0,3,72.99,0
4.03,20,0,0,0,1,0,0,122.3,4,0,12.34,0
30.26,15,0,1,0,0,0,0,9.7,0,3,3.87,0
5.2,14,3,0,0,0,0,0,77.6,1,0,14.55,0
21.6,14,2,1,0,0,0,0,27.1,1,3,28.64,0
7.98,17,1,1,0,0,0,0,21.3,2,0,7.54,0
24.2,10,2,1,0,0,0,0,14.5,0,2,32.47,0
8.52,17,0,0,0,0,1,0,48.3,0,1,19.23,0
43.39,16,5,0,0,0,0,0,12.0,0,1,21.31,0
17.39,12,0,1,0,0,0,0,75.6,2,3,46.98,0
57.96,4,7,6,0,5,1,1,373.0,0,6,68.6,1
16.0,14,1,1,0,0,0,0,23.0,1,2,44.25,0
51.94,14,0,1,0,0,0,0,6.7,1,4,12.8,0
9.83,9,2,0,0,0,0,0,29.8,2,2,16.41,0
6.24,21,1,0,0,0,0,0,53.4,2,1,11.6,0
13.79,16,1,1,0,0,0,0,47.9,0,0,15.04,0
12.8,14,0,1,0,0,0,0,55.3,1,0,43.83,0
20.99,10,0,3,0,0,0,0,48.1,3,1,149.79,0
57.34,21,4,1,0,0,0,0,48.8,2,2,12.6,0
28.37,15,4,3,0,0,0,1,43.3,4,3,21.32,0
51.32,20,0,0,0,0,0,0,14.0,4,2,74.25,0
14.18,20,1,0,0,0,0,1,59.9,1,0,20.94,0
29.76,9,1,0,0,0,0,0,54.2,1,2,13.74,0
11.14,18,4,0,0,0,0,1,111.9,2,2,42.06,0
64.36,11,1,1,0,0,0,0,4.5,0,2,61.63,0
262.12,11,4,0,0,0,0,0,16.6,2,1,28.44,0
59.54,13,1,1,0,0,0,0,33.6,1,3,8.54,0
33.44,17,4,1,0,0,0,0,237.6,1,4,16.81,0
26.97,21,3,1,0,0,0,0,17.0,0,1,65.7,0
5.88,12,1,0,0,0,0,0,21.1,1,3,24.5,0
9.23,19,0,0,0,0,0,0,10.7,1,1,28.35,0
10.21,17,2,0,0,2,0,0,0.8,1,1,19.02,0
39.69,14,5,1,0,1,1,0,32.4,1,2,17.0,0
11.02,15,3,0,0,1,0,0,4.6,3,1,4.48,0
20.33,12,1,0,0,0,0,0,25.2,2,0,8.32,0
61.53,20,4,0,0,0,0,0,39.3,0,2,70.6,0
14.12,12,0,0,0,0,0,0,43.4,1,0,92.35,0
128.5,1,7,9,2,4,0,1,738.3,6,6,17.92,1
47.58,8,2,1,0,0,0,0,32.8,2,2,63.53,0
127.64,3,12,6,4,3,1,1,575.2,2,6,43.43,1
180.43,16,7,6,0,1,1,0,91.6,1,3,8.87,0
27.05,17,0,2,0,2,0,0,39.2,3,0,37.73,0
38.75,12,1,0,0,0,0,0,67.0,0,0,37.71,0
104.97,23,12,7,1,3,0,1,92.1,2,5,31.67,1
34.13,9,4,1,0,0,0,0,9.3,2,2,14.91,0
8.49,20,1,2,0,0,0,0,23.3,1,2,20.99,0
55.97,10,1,1,0,0,0,0,103.1,2,1,51.4,0
24.22,13,4,2,1,0,0,0,59.9,1,1,10.8,0
37.44,11,0,0,0,0,0,0,9.8,0,3,16.14,0
16.57,14,3,1,0,0,0,0,80.7,1,1,10.37,0
31.39,17,1,0,0,0,0,0,33.2,0,0,87.9,0
25.27,15,3,0,0,1,0,0,3.4,0,1,31.9,0
18.31,19,1,0,1,0,0,0,7.5,1,2,55.76,0
18.37,15,3,3,1,0,0,0,47.6,1,4,22.77,0
18.99,6,6,4,2,0,0,0,25.0,1,1,228.29,0
49.26,16,3,2,0,0,0,0,62.6,1,1,17.56,0
6.96,10,2,1,0,1,0,0,58.4,1,2,18.24,0
129.37,10,1,0,0,0,0,0,2.5,2,2,48.5,0
44.19,19,3,2,0,1,0,0,58.3,1,5,5.24,1
136.04,13,1,2,0,0,0,1,2.5,0,2,22.48,0
15.09,11,2,1,0,1,0,0,1.9,0,1,26.27,0
20.78,17,3,1,0,0,1,0,46.0,1,3,78.28,0
38.53,20,6,6,0,2,1,0,22.3,0,5,18.23,0
5.28,13,2,0,0,0,0,0,22.3,3,4,24.78,0
95.53,19,3,1,0,0,0,0,26.4,3,0,10.51,0
206.06,20,7,5,0,5,1,0,97.3,7,10,27.65,1
30.05,14,1,1,0,0,0,0,32.9,1,0,8.47,0
48.88,16,1,1,0,1,0,1,2.7,2,0,17.49,0
11.55,13,0,3,0,0,0,0,1.0,4,3,34.85,0
22.29,14,2,2,0,0,0,0,99.0,1,2,37.81,0
157.05,23,7,6,1,2,1,1,271.8,2,2,20.58,0
6.3,18,5,1,0,1,0,0,66.4,1,0,27.43,0
34.42,20,1,0,0,0,0,0,1.5,2,2,24.62,0
61.06,17,5,0,0,2,0,0,114.4,0,2,10.36,0
15.75,19,2,1,0,0,0,0,158.4,2,1,30.01,0
5.17,9,2,2,0,1,0,0,151.0,2,1,64.04,0
22.67,21,1,0,0,0,0,0,0.6,1,3,13.96,0
25.87,13,3,3,0,0,0,0,14.2,2,0,6.1,0
39.11,16,0,1,0,2,1,0,2.7,2,4,35.59,0
138.29,16,1,2,0,0,0,0,76.8,1,3,109.65,0
18.38,14,3,1,0,0,0,0,98.6,0,3,46.61,0
46.56,13,1,1,0,0,0,0,34.6,2,1,31.17,0
21.86,20,1,1,0,0,0,0,35.9,1,2,29.82,0
554.8,17,9,5,1,7,0,0,1150.7,3,4,6.48,1
64.93,11,2,0,0,1,0,0,25.1,5,3,23.93,0
27.13,13,1,1,0,0,0,1,93.0,4,1,5.29,0
61.83,12,0,2,0,0,0,0,23.6,2,1,11.15,0
20.06,19,5,2,0,0,0,0,17.8,0,0,12.94,0
1.48,19,2,0,0,0,0,0,3.0,2,3,21.19,0
27.41,17,1,2,0,0,0,0,183.9,3,5,14.4,0
13.55,12,0,3,1,0,0,0,23.6,2,1,7.98,0
47.16,9,2,3,0,2,0,0,182.0,2,2,31.06,0
58.61,9,1,0,0,0,0,1,87.4,0,2,9.92,0
81.97,21,0,2,0,0,0,0,70.4,3,1,11.5,0
32.6,13,2,1,0,0,0,0,12.9,2,0,26.38,0
34.74,14,2,0,0,0,1,0,15.8,0,2,87.52,0
40.82,9,2,0,0,0,0,1,10.4,0,1,1.91,0
16.65,12,5,4,0,1,0,0,313.9,6,5,16.17,0
9.9,19,0,0,0,1,0,0,53.1,1,0,91.92,0
12.31,15,4,0,0,1,0,0,56.6,2,2,20.23,0
38.77,11,1,1,0,1,0,0,26.4,1,3,19.58,0
85.2,2,3,3,0,3,1,1,494.9,2,6,151.86,1
393.74,2,5,2,1,2,1,1,50.0,3,7,2.73,1
9.37,9,3,1,0,0,0,0,2.5,0,4,4.7,0
41.09,18,0,0,0,0,0,0,14.9,0,3,8.66,0
35.1,14,1,0,0,0,0,0,70.3,0,1,20.97,0
19.65,15,1,2,0,2,0,1,37.3,0,2,7.44,0
45.85,10,1,0,1,1,0,0,62.3,2,2,16.69,0
29.08,10,2,0,0,0,0,0,37.9,3,1,13.09,0
38.58,11,3,0,0,0,0,0,23.2,5,4,37.96,0
33.91,17,5,1,0,0,1,0,165.8,1,0,8.71,0
24.92,18,3,1,0,1,0,0,80.5,0,0,33.2,0
8.94,18,1,0,0,1,0,0,24.2,1,1,26.15,0
69.62,13,2,1,0,1,0,0,43.8,3,2,64.46,0
16.82,14,1,0,0,0,0,0,71.4,0,1,147.52,0
57.97,21,1,1,0,0,0,0,13.5,1,5,10.34,0
226.65,12,2,1,0,0,0,0,8.4,1,3,56.9,0
120.09,8,2,6,0,1,0,0,74.4,2,1,56.83,0
7.19,8,2,2,0,0,0,0,13.0,1,1,31.4,0
38.27,14,0,1,0,0,0,0,14.4,0,0,14.53,0
53.35,21,4,3,2,2,0,0,37.0,2,5,26.03,0
46.3,17,1,0,0,0,0,0,62.8,2,1,31.06,0
61.74,8,0,1,0,0,0,0,90.1,0,1,16.42,0
56.22,13,1,0,0,0,0,0,27.1,3,1,18.22,0
53.56,13,1,1,0,0,0,0,5.7,0,1,15.64,0
15.24,14,2,2,0,1,0,0,18.0,1,1,18.41,0
31.41,9,0,0,0,0,0,0,57.5,1,1,26.35,0
14.3,16,2,2,0,0,0,0,19.6,0,4,18.27,0
34.12,5,11,8,1,5,1,1,80.3,5,5,6.6,1
201.76,20,9,8,2,2,0,0,651.7,5,5,43.61,1
10.98,16,1,2,0,0,0,0,10.9,1,0,50.04,0
6.87,14,0,1,0,0,0,0,6.6,1,1,52.04,0
17.91,20,1,4,0,0,0,0,60.2,1,1,14.45,0
39.49,11,2,2,0,0,0,0,20.7,2,4,13.97,0
13.05,13,4,2,0,0,0,0,10.7,0,2,10.29,0
25.4,8,2,0,0,0,0,0,21.5,3,0,42.34,0
10.48,10,3,0,0,0,0,1,20.1,1,2,32.74,0
40.32,16,2,1,0,1,0,0,16.1,2,1,67.58,0
18.24,11,2,0,0,1,0,0,32.6,0,1,14.32,0
35.65,21,2,0,0,0,0,0,15.5,1,0,15.59,0
139.79,10,1,2,0,0,0,0,57.8,2,0,17.77,0
12.87,13,2,3,0,0,0,0,146.8,1,0,84.0,0
23.02,10,1,0,0,0,0,0,10.3,1,1,2.93,0
8.65,14,2,1,0,2,0,0,20.6,2,0,10.8,0
3.39,14,1,2,0,0,0,0,34.5,0,0,14.2,0
135.53,14,0,1,0,0,0,0,12.8,0,2,199.64,0
35.94,14,3,1,0,4,0,1,417.4,2,5,6.66,0
71.23,8,7,9,0,3,1,0,10.0,5,2,26.23,0
10.41,12,1,1,0,0,0,0,24.6,1,3,5.53,0
18.42,19,2,2,1,0,0,0,2.1,1,2,30.24,0
7.73,9,1,3,0,0,0,0,23.6,0,4,39.41,0
46.89,15,4,1,0,0,0,0,12.7,0,1,20.34,0
50.27,21,4,0,0,1,0,0,50.8,0,2,159.1,0
45.4,11,2,2,0,0,0,0,18.9,1,1,18.47,0
216.42,22,0,5,1,4,0,1,688.4,3,2,27.96,0
12.73,18,4,5,1,1,0,1,107.4,0,0,5.32,1
14.42,8,3,0,0,0,0,1,28.1,1,0,4.77,0
36.16,19,0,2,0,1,0,0,63.0,0,2,17.75,0
6.04,8,3,1,0,1,0,0,26.6,0,0,74.79,0
32.81,9,1,1,0,0,0,0,38.5,0,0,19.24,0
117.72,8,0,0,0,0,0,0,33.7,3,3,35.11,0
11.22,13,0,1,0,0,0,0,54.8,2,0,5.15,0
18.15,14,2,1,0,0,0,0,55.3,3,1,10.26,0
99.21,12,1,1,0,0,0,0,32.9,2,2,13.13,0
3.93,20,1,3,0,1,0,0,142.3,1,1,10.21,0
90.92,17,2,0,0,1,0,0,142.9,0,2,7.3,0
26.39,17,3,0,1,0,0,0,15.4,1,2,83.17,0
853.55,3,4,3,0,1,0,0,51.6,1,1,15.29,0
7.04,21,0,0,0,1,0,0,83.4,0,2,28.23,0
46.74,15,4,0,0,0,0,0,85.6,2,1,47.78,0
21.27,11,1,2,0,0,0,0,7.6,0,0,67.41,0
6.88,21,3,1,0,0,0,0,15.2,0,1,5.93,0
35.22,10,4,0,0,0,1,0,36.5,0,1,56.03,0
19.19,22,3,4,0,2,1,0,341.5,0,2,18.46,0
44.71,14,4,0,0,0,0,0,131.6,1,3,19.68,0
115.93,7,12,6,2,3,1,1,474.5,1,3,57.71,1
7.5,14,3,0,0,0,0,0,18.3,3,1,8.96,0
45.59,8,1,1,0,1,0,0,15.5,1,0,59.19,0
8.46,18,2,2,1,1,0,0,0.8,3,2,28.2,0
5.98,19,3,0,0,1,0,0,8.7,1,0,27.86,0
54.5,19,3,0,0,0,0,0,1.1,1,3,31.6,0
3.15,17,3,1,0,0,0,0,0.1,1,0,84.34,0
80.15,22,8,7,1,7,1,1,158.9,4,8,14.94,1
38.32,17,3,1,0,0,0,0,81.8,3,4,37.93,0
18.12,23,5,4,1,6,0,1,84.3,2,6,21.22,0
44.0,19,5,0,0,0,0,0,118.7,2,0,8.26,0
24.44,9,2,0,0,0,0,0,54.0,1,1,32.68,0
10.39,13,1,0,0,1,0,0,30.8,1,2,46.09,0
52.11,20,4,0,0,1,0,0,49.3,1,0,20.27,0
14.2,9,7,1,0,0,0,0,18.4,2,1,14.66,0
21.27,11,2,0,0,0,0,0,53.2,1,1,21.84,0
8.21,19,4,0,0,2,0,0,43.1,1,1,21.04,0
32.57,13,3,0,1,0,1,0,23.7,1,2,16.76,0
10.83,11,0,1,0,1,0,0,167.0,1,0,46.03,0
10.79,12,2,0,0,0,0,0,81.7,1,2,48.55,0
58.25,10,1,1,0,0,0,0,4.1,2,0,13.62,0
4.6,9,1,1,0,2,0,0,79.6,2,1,62.96,0
63.71,15,4,2,0,1,0,0,28.9,3,1,35.27,0
19.62,9,1,1,0,1,0,0,53.7,2,2,44.38,0
18.38,11,1,1,0,1,0,0,83.8,0,1,73.97,0
7.88,14,3,2,0,2,0,0,78.8,0,2,25.08,0
28.93,12,3,0,0,2,0,0,198.0,2,1,7.1,0
58.9,20,1,2,0,0,0,0,51.4,1,0,25.71,0
60.98,15,3,2,2,0,0,0,163.3,0,8,27.59,0
30.87,13,2,0,0,0,0,0,2.0,0,2,45.46,0
95.41,18,2,1,0,0,0,0,6.6,5,2,25.12,0
33.87,20,1,2,0,0,0,0,34.4,1,2,34.12,0
41.12,18,0,0,0,0,0,0,28.3,1,0,27.21,0
24.21,19,1,1,0,0,0,0,90.9,1,2,8.3,0
34.84,9,1,1,0,0,0,0,40.0,1,1,50.22,0
28.19,19,1,1,0,0,0,0,24.0,2,2,34.17,0
13.96,10,1,2,0,0,0,0,25.4,1,2,7.5,0
27.97,15,3,1,0,0,0,0,23.9,0,1,39.94,0
38.55,17,1,0,0,0,0,0,52.8,3,2,18.64,0
9.29,16,4,1,0,1,0,0,4.0,2,0,117.14,0
8.5,15,0,0,0,1,0,0,12.9,1,3,68.4,0
61.86,18,0,0,0,1,0,0,37.9,0,5,19.17,0
25.81,14,0,3,0,0,0,0,22.9,0,0,19.38,0
17.44,10,2,2,0,1,0,0,50.1,0,1,53.23,0
77.07,18,3,4,0,0,0,0,57.9,0,2,153.52,0
5.9,15,3,1,0,0,0,0,108.1,2,2,4.21,0
5.35,10,2,1,0,0,0,0,21.1,0,3,14.35,0
26.45,10,4,1,0,0,0,0,0.3,1,0,22.2,0
608.88,19,5,1,0,0,0,0,27.7,3,0,21.0,0
24.91,12,2,1,0,1,0,0,7.0,0,0,207.22,0
27.72,13,0,0,0,0,0,0,156.9,1,2,22.32,0
32.11,16,6,0,1,1,0,0,8.1,2,1,23.8,0
8.17,19,1,1,0,0,0,1,60.1,0,2,30.84,0
64.27,11,0,0,0,1,0,0,2.6,2,4,93.75,0
9.1,10,0,0,0,0,0,0,39.0,1,2,35.95,0
7.85,9,3,0,0,0,0,0,166.2,0,0,21.54,0
27.01,14,5,1,0,0,0,0,60.3,2,3,85.21,0
13.49,12,4,0,0,0,0,0,22.5,0,0,19.15,0
31.68,15,3,2,0,0,0,0,48.1,3,2,16.16,0
6.83,13,1,3,0,0,0,0,9.8,1,0,24.71,0
22.63,15,2,0,0,1,0,0,23.9,0,1,8.18,0
33.26,17,2,1,0,1,0,0,0.9,2,1,28.57,0
101.76,9,0,1,0,0,0,0,5.0,2,3,41.97,0
9.68,9,1,1,0,0,0,0,130.9,0,1,34.48,0
37.5,15,3,0,0,0,0,0,36.2,2,1,5.62,0
151.73,11,0,2,0,0,0,0,34.8,2,1,101.4,0
18.25,14,2,1,0,0,0,0,10.0,1,2,36.08,0
47.43,15,7,2,0,3,1,1,40.3,1,0,22.45,0
83.0,10,2,4,0,0,0,0,301.9,3,1,30.15,0
16.57,17,2,0,0,0,0,1,4.7,3,2,28.61,0
61.05,18,4,1,0,0,0,0,91.0,1,1,48.26,0
59.93,18,1,3,0,0,0,0,38.7,2,3,32.95,0
9.39,15,2,3,0,0,0,1,4.9,2,0,57.77,0
37.92,17,5,0,0,1,0,0,56.3,0,1,3.49,0
3.48,13,2,2,0,0,0,0,35.9,0,0,4.97,0
57.72,16,4,1,0,1,0,0,1.4,1,1,26.87,0
33.43,15,3,1,0,0,0,0,6.6,1,2,13.99,0
64.78,10,5,2,0,1,0,0,25.3,0,0,36.91,0
9.22,20,2,1,0,0,0,0,16.4,3,1,96.99,0
25.56,15,2,3,0,1,0,1,192.3,3,1,47.8,0
11.43,13,2,1,0,0,0,0,117.4,1,2,53.02,0
24.05,5,3,7,0,2,0,1,226.0,4,4,46.02,0
100.74,11,5,1,0,0,0,0,9.5,4,1,28.19,0
52.04,18,2,4,0,0,0,0,103.6,5,2,56.61,0
36.35,10,1,0,0,0,0,0,16.7,1,1,25.15,0
35.29,18,6,4,0,0,0,0,50.2,0,4,70.19,0
85.19,19,4,0,0,0,0,0,44.8,2,0,18.58,0
9.42,12,4,2,0,0,0,0,37.5,3,2,13.65,0
18.9,9,4,4,0,1,0,0,182.7,1,1,29.83,1
13.55,10,3,1,0,0,0,0,27.5,0,3,36.98,0
91.51,11,1,1,0,0,0,0,9.1,1,3,10.91,0
2.4,16,1,0,0,1,0,0,1.3,0,1,9.83,0
43.43,17,1,0,0,0,0,0,10.5,1,1,19.84,0
24.02,19,3,0,0,0,0,0,42.7,0,1,23.47,0
108.93,11,2,0,0,1,0,0,14.5,2,1,97.61,0
27.78,11,2,3,0,0,0,0,8.1,1,0,59.11,0
71.5,10,2,1,0,0,0,0,39.8,1,2,6.15,0
66.19,20,1,1,0,0,0,0,1.2,1,2,20.56,0
10.69,16,5,1,0,0,0,0,35.5,0,3,110.68,0
23.39,15,3,1,0,0,0,0,45.8,0,2,16.95,0
31.16,18,0,0,0,0,0,0,24.6,1,1,26.87,0
6.28,16,3,0,0,1,0,0,3.2,0,2,6.38,0
12.63,10,2,2,0,0,0,0,181.7,2,2,81.45,0
24.27,13,1,3,0,0,0,0,42.0,3,0,27.03,0
236.22,2,8,11,5,0,1,1,377.2,3,3,31.52,1
29.18,15,4,2,0,0,0,0,15.7,0,0,36.24,0
58.52,12,1,1,0,0,0,0,181.1,2,2,55.0,0
22.64,11,2,1,0,0,0,0,52.9,2,4,81.25,0
75.15,14,0,2,0,0,0,0,12.5,2,1,43.49,0
49.57,12,0,1,0,0,0,0,44.1,2,1,24.76,0
73.22,12,3,0,0,0,0,0,79.6,4,1,90.7,0
151.83,20,0,1,0,0,0,0,77.5,0,3,6.37,0
61.97,11,0,0,0,0,0,0,9.5,2,1,16.0,0
3.61,16,1,1,0,0,0,0,22.5,1,1,22.95,0
122.45,17,1,1,0,0,0,0,106.3,2,2,6.92,0
82.81,15,3,1,0,0,0,0,59.6,1,0,24.46,0
75.05,11,1,1,0,2,0,0,27.0,3,1,32.25,0
28.62,20,0,0,0,1,0,0,46.4,0,0,6.53,0
28.82,9,1,0,0,1,0,0,37.0,0,5,55.23,0
34.92,19,3,0,0,0,0,0,9.3,3,2,74.0,0
38.24,20,2,0,0,1,0,0,0.1,0,4,27.59,0
21.47,14,0,0,0,0,0,0,8.8,0,3,14.16,0
13.44,11,3,0,0,0,0,0,117.5,1,0,6.96,0
10.84,18,1,0,0,0,0,0,120.4,0,0,38.27,0
26.71,9,1,1,0,0,0,0,6.0,0,1,11.87,0
561.8,7,2,4,0,2,0,1,141.4,2,2,20.85,0
57.65,9,2,0,0,0,0,0,192.5,2,1,18.36,0
12.69,10,1,4,0,2,0,0,110.3,1,1,11.67,0
73.37,15,2,2,1,0,0,0,0.4,1,4,111.38,0
36.37,16,0,2,0,1,0,0,154.4,1,2,6.44,0
9.16,19,1,0,1,0,0,0,8.1,2,4,11.17,0
27.91,11,3,0,0,0,0,0,23.3,0,0,13.02,0
12.39,20,2,1,0,0,0,0,7.6,4,1,4.68,0
8.23,17,2,0,0,0,0,0,31.1,1,0,26.83,0
6.18,12,2,3,0,0,0,0,49.9,0,0,50.57,0
229.95,18,4,2,1,5,0,1,62.6,1,3,165.42,0
7.15,10,3,1,0,0,0,0,6.6,1,0,83.75,0
15.1,11,3,0,0,0,0,0,35.6,2,2,29.54,0
53.87,15,0,0,0,0,0,0,3.2,0,1,31.68,0
121.29,18,4,1,0,0,0,0,18.7,1,1,10.79,0
6.36,9,3,1,0,1,0,1,71.8,2,2,242.29,0
324.31,21,3,0,0,0,0,0,40.0,2,4,9.37,0
29.49,15,5,1,0,0,0,0,53.5,3,3,75.41,0
19.23,16,0,1,1,0,0,0,0.3,0,2,26.82,0
18.76,9,1,0,0,2,0,0,74.5,0,3,68.78,0
205.63,20,3,1,0,0,0,0,68.9,2,1,23.79,0
128.88,20,9,3,0,3,0,1,154.0,1,5,55.72,0
5.98,8,1,1,0,1,0,0,3.9,1,5,38.03,0
1306.84,7,7,5,4,3,1,1,134.4,3,4,10.33,1
16.15,14,1,1,0,0,0,0,95.1,0,1,8.15,0
50.75,13,2,0,0,1,0,0,10.0,0,2,10.54,0
47.33,14,1,0,0,0,0,0,152.9,2,3,55.73,0
10.64,14,2,3,0,0,0,0,15.0,1,4,27.41,0
73.77,9,0,0,0,0,0,0,16.2,1,0,28.21,0
27.3,14,2,1,0,0,0,0,57.0,1,1,48.2,0
14.87,13,3,3,0,1,0,0,20.0,1,0,147.4,0
73.44,17,4,2,0,0,0,0,60.6,0,1,127.63,0
94.92,16,3,0,0,0,0,0,96.4,1,1,5.86,0
11.4,13,3,2,0,1,0,0,73.8,1,1,27.67,0
186.74,18,3,0,0,0,0,0,3.4,4,1,6.23,0
89.57,13,4,1,0,1,0,0,52.2,1,0,46.79,0
5.52,19,1,2,0,0,0,0,53.9,0,4,4.98,0
32.96,18,1,1,0,0,0,0,63.2,1,3,50.89,0
14.16,14,3,0,0,0,0,0,49.7,2,5,50.0,0
22.0,18,3,0,0,0,0,0,99.9,1,5,18.41,0
73.4,9,0,2,0,1,0,0,60.0,0,0,3.34,0
180.11,11,2,0,0,0,0,0,7.5,0,1,17.6,0
10.94,20,3,1,0,1,0,0,64.1,2,2,6.61,0
11.09,14,3,0,0,1,0,0,18.5,1,4,21.17,0
24.45,15,2,3,0,0,0,0,8.3,1,0,66.87,0
26.22,19,2,1,0,0,0,0,58.6,1,2,61.05,0
37.59,0,4,5,0,3,0,0,10.0,2,3,28.06,0
21.28,21,2,0,0,0,0,0,66.3,3,1,25.48,0
18.49,18,1,0,0,0,0,0,57.3,0,1,29.57,0
67.96,10,2,4,1,3,0,1,58.2,4,6,8.38,0
17.16,12,2,1,0,0,0,0,157.7,2,1,64.28,0
41.95,9,2,2,0,0,0,0,14.5,0,1,32.44,0
46.9,15,4,0,0,0,0,0,65.7,0,0,43.25,0
20.08,20,1,0,0,1,0,0,17.8,1,0,20.96,0
36.13,17,0,2,0,0,0,0,204.6,2,1,18.04,0
15.03,11,0,1,0,0,0,0,8.1,2,4,89.95,0
11.22,10,4,1,0,0,0,0,14.2,0,1,27.92,0
54.2,8,0,1,0,1,0,0,2.5,1,3,69.08,0
244.2,15,6,7,2,8,1,1,694.8,2,4,169.3,1
93.8,16,1,0,0,0,0,0,37.4,0,2,55.15,0
19.27,15,2,1,0,2,0,0,76.3,0,1,14.08,0
37.32,13,2,1,0,1,0,0,7.7,3,0,157.12,0
16.93,12,0,0,0,0,0,0,57.3,1,2,16.56,0
8.14,19,4,2,0,0,0,0,6.2,2,0,128.03,0
34.42,8,5,2,0,2,0,0,54.2,1,1,24.46,0
139.69,12,2,1,0,2,0,0,10.8,2,0,7.83,0
60.98,4,6,2,0,3,0,1,147.7,3,1,32.31,0
20.9,11,1,2,0,0,0,0,39.4,4,4,51.73,0
47.82,17,4,0,0,1,0,0,2.5,0,1,7.07,0
15.41,13,0,0,0,1,0,0,51.2,2,3,14.7,0
30.86,18,3,0,0,1,0,0,2.3,1,2,8.88,0
5.29,19,6,0,0,1,0,0,0.8,4,1,6.66,0
23.81,10,1,1,0,0,0,0,23.5,3,2,24.6,0
72.78,13,4,3,0,0,0,0,26.3,1,1,113.86,0
23.74,19,0,0,0,0,0,0,99.3,0,0,38.1,0
52.26,18,3,1,0,0,0,0,33.5,0,1,21.68,0
10.26,14,2,0,0,0,0,0,40.3,1,3,7.98,0
92.85,10,8,8,0,4,0,0,78.5,3,3,10.81,0
22.37,10,2,1,0,1,0,0,27.5,2,1,30.2,0
66.41,18,3,0,0,0,0,0,18.2,0,3,50.17,0
24.33,12,1,0,0,0,0,0,101.7,1,1,29.68,0
91.07,14,10,5,2,0,1,1,256.7,5,3,24.82,1
48.08,22,4,6,0,6,0,0,373.1,1,4,26.97,0
13.14,20,2,1,0,0,0,0,93.8,0,1,32.19,0
12.22,18,3,1,0,0,0,0,66.4,5,5,31.87,0
124.65,11,2,1,0,0,0,0,27.1,5,2,27.62,0
32.54,13,3,1,0,0,0,0,12.5,0,1,5.64,0
85.13,17,2,1,0,0,0,0,6.1,3,2,66.37,0
86.81,17,1,1,0,0,0,0,170.5,0,2,16.88,0
36.64,20,3,4,1,0,0,0,2.8,0,1,186.96,0
5.11,13,2,0,0,1,0,0,75.8,3,3,111.11,0
41.56,16,1,1,0,0,0,0,0.4,0,3,10.57,0
72.52,8,1,2,0,0,0,0,53.9,1,3,96.48,0
18.21,16,2,0,0,0,0,0,50.1,2,1,140.09,0
13.59,13,2,2,0,1,0,0,29.8,2,0,1093.82,0
32.05,11,1,0,0,1,0,0,17.7,1,0,25.01,0
9.78,16,4,0,0,0,0,0,40.8,0,3,144.48,0
110.46,21,3,8,0,1,0,0,64.2,2,4,64.83,0
8.98,11,0,0,0,0,0,0,4.3,1,1,37.68,0
4.52,14,3,1,0,0,0,0,10.9,1,3,5.4,0
72.36,20,2,1,0,0,0,0,2.4,6,2,35.86,0
7.4,10,1,1,0,0,0,0,28.4,1,1,23.39,0
27.72,13,2,0,0,0,0,0,78.5,0,1,4.81,0
5.34,14,2,2,0,0,0,0,19.5,1,3,196.51,0
38.04,12,4,0,0,0,0,0,47.6,0,1,48.26,0
7.01,11,2,2,0,0,0,0,41.6,3,1,84.84,0
25.7,20,1,0,0,0,0,0,82.0,0,5,17.83,0
8.38,19,0,0,0,0,1,0,2.0,3,3,7.16,0
36.61,14,1,0,0,0,0,0,53.8,2,2,8.06,0
19.86,8,2,3,0,0,0,0,121.3,3,2,19.17,0
12.31,13,0,2,0,0,0,0,92.5,0,2,13.74,0
17.91,18,2,0,0,1,0,0,136.2,2,1,29.59,0
17.91,17,2,0,0,0,0,0,27.2,0,0,27.8,0
37.95,13,0,1,0,1,0,0,143.8,1,2,23.23,0
35.36,12,3,0,1,0,0,0,101.1,0,3,14.27,0
15.8,12,7,2,0,1,0,0,47.2,0,1,18.55,0
42.94,18,3,0,0,0,0,0,102.6,1,1,12.65,0
100.55,0,6,3,3,2,0,0,51.9,0,2,184.15,0
14.09,13,1,0,0,0,0,0,46.3,0,1,41.7,0
205.62,21,4,0,1,1,0,0,7.7,1,1,40.58,0
198.44,3,2,7,0,3,0,0,114.4,4,2,19.0,0
66.84,19,5,1,0,0,0,0,49.0,2,1,13.08,0
16.66,17,0,2,0,0,0,0,91.4,0,1,19.82,0
152.62,13,3,3,0,1,0,1,120.2,2,3,32.54,0
56.9,14,2,2,0,0,0,0,3.1,1,1,25.72,0
56.87,15,4,0,0,0,0,0,14.0,1,2,2.62,0
4.06,17,2,0,0,0,0,0,19.1,0,4,22.03,0
16.96,11,5,0,0,0,1,0,22.9,1,0,97.27,0
14.85,8,4,0,0,0,0,0,34.6,2,1,17.89,0
22.39,17,3,0,0,0,0,0,47.4,1,2,46.93,0
102.8,3,5,7,1,1,0,1,291.4,5,1,10.23,0
11.04,18,0,0,1,0,0,0,3.6,1,2,9.37,0
17.9,9,1,3,0,1,0,1,20.8,3,1,8.54,0
18.6,16,5,0,0,1,0,0,106.9,4,1,19.3,0
130.93,14,3,0,1,1,0,0,3.0,1,3,25.07,0
46.85,17,0,1,0,0,0,0,0.9,1,3,37.5,0
191.52,1,8,3,0,3,1,0,54.4,1,1,39.38,0
18.03,10,0,1,0,0,0,0,346.6,2,0,7.01,0
71.22,12,3,1,0,0,0,0,106.3,1,2,34.14,0
38.56,21,2,2,0,0,0,0,44.7,5,1,24.89,0
24.62,17,0,1,0,1,0,0,35.2,0,0,83.96,0
4.69,11,3,0,0,1,0,1,27.6,3,4,13.62,0
43.52,11,1,0,0,0,0,0,49.9,0,1,14.96,0
59.14,19,0,1,0,0,0,0,10.0,3,1,14.1,0
4.46,12,2,0,0,0,0,0,0.6,0,1,46.56,0
14.27,9,0,0,0,0,0,0,22.3,2,0,24.12,0
15.18,14,3,2,0,0,0,0,62.6,0,2,116.03,0
29.54,19,2,2,0,0,0,0,19.9,1,0,105.06,0
17.67,14,1,0,0,0,0,0,60.1,0,3,12.89,0
8.87,16,0,1,0,1,0,0,45.1,1,0,21.65,0
146.11,18,3,4,0,2,0,0,413.3,1,4,15.35,0
25.08,22,4,6,0,0,1,0,184.5,1,0,19.01,0
8.32,20,1,0,0,0,0,0,19.8,1,0,13.09,0
13.89,10,0,1,0,0,0,0,5.2,0,1,22.88,0
19.83,20,4,1,0,0,0,0,41.7,0,4,50.11,0
48.58,7,3,2,1,2,1,0,10.0,0,5,15.25,0
56.68,10,3,2,0,0,0,0,22.8,1,1,27.31,0
27.42,18,3,1,0,0,0,0,3.2,2,1,38.31,0
139.83,8,1,1,1,0,0,0,4.2,6,0,16.34,0
21.24,12,2,1,0,1,0,0,49.7,1,3,26.93,0
16.2,20,1,2,0,0,0,0,84.2,1,3,15.46,0
34.42,15,4,1,0,0,0,0,26.3,1,4,18.82,0
53.89,15,2,2,0,0,0,0,6.6,3,3,49.56,0
63.07,19,1,3,0,0,0,0,46.4,4,2,7.15,0
81.47,13,0,1,0,0,0,0,81.5,1,2,74.26,0
71.38,13,0,5,0,0,0,0,1.7,1,2,47.36,0
32.03,16,2,1,0,0,0,0,124.9,1,1,30.8,0
34.17,18,2,2,0,1,0,0,15.1,0,3,11.3,0
59.71,14,2,0,0,0,0,0,14.3,0,1,20.92,0
87.21,10,1,1,0,0,0,0,122.6,0,4,13.36,0
13.38,17,3,0,0,0,0,0,94.9,0,3,6.03,0
25.4,13,0,0,0,1,0,0,87.9,2,1,10.87,0
6.04,9,1,0,0,1,0,0,15.5,0,4,14.37,0
125.0,19,1,1,0,0,0,0,28.2,3,0,21.58,0
26.17,10,4,0,0,1,0,0,1.4,2,2,21.49,0
17.39,12,2,1,0,2,0,0,69.3,1,0,59.72,0
137.04,7,6,5,0,6,0,0,10.0,7,0,51.42,0
203.72,15,2,0,0,1,0,0,159.8,2,1,24.18,0
12.54,11,2,1,0,0,0,1,29.6,2,1,34.82,0
28.28,14,3,2,0,0,1,0,156.5,3,0,7.79,1
17.0,16,2,1,0,0,0,0,32.7,2,3,36.32,0
10.83,11,1,0,0,0,0,0,81.2,1,1,20.87,0
52.37,15,6,2,0,0,0,0,11.7,0,1,3.6,0
12.78,11,3,1,0,0,0,0,108.2,0,1,40.81,0
13.26,10,0,2,0,0,0,0,41.0,1,2,21.42,0
5.13,16,2,1,0,0,0,0,7.7,3,1,23.02,0
100.23,17,0,1,0,0,0,0,10.5,4,2,29.42,0
17.47,14,3,3,0,0,0,0,31.4,0,2,70.54,0
18.33,17,0,2,0,1,0,0,25.5,2,1,12.46,0
36.45,15,2,1,0,0,0,0,3.4,1,1,18.7,0
233.13,15,5,7,0,1,0,0,26.0,1,2,11.73,0
34.97,16,2,2,0,0,0,0,59.5,2,1,25.47,0
12.13,13,1,1,0,0,0,0,46.1,2,1,87.48,0
21.12,15,1,1,0,0,0,0,36.0,0,0,32.11,0
21.51,19,0,2,0,0,0,0,5.0,3,1,124.83,0
26.98,20,2,2,1,0,0,0,103.9,0,1,51.4,0
80.15,8,3,1,0,1,0,0,31.1,2,5,5.43,0
9.24,18,0,1,0,1,0,0,10.0,1,0,35.55,0
60.12,12,3,0,0,0,0,0,23.9,1,1,40.93,0
96.44,16,3,4,2,2,0,0,212.2,5,1,36.75,0
6.73,17,2,3,0,1,0,0,20.7,1,0,12.2,0
30.57,12,1,0,0,0,0,0,27.9,2,2,22.85,0
59.97,10,1,0,0,0,0,0,48.9,1,4,13.19,0
59.94,18,1,1,0,0,0,0,5.8,2,2,81.01,0
9.78,14,3,0,0,0,0,0,40.0,0,2,4.78,0
12.47,10,1,0,0,0,0,0,115.7,0,2,18.77,0
19.83,11,0,1,0,0,0,0,15.7,0,0,31.54,0
7.62,11,0,0,0,1,0,0,66.3,1,1,28.82,0
95.14,19,3,1,0,0,0,0,18.7,1,1,31.74,0
37.88,16,0,4,0,0,0,0,137.1,1,3,21.11,0
42.35,20,0,1,0,0,0,0,19.8,2,0,7.83,0
17.02,21,2,1,0,0,0,0,92.7,4,0,42.77,0
184.01,5,6,9,1,3,0,1,494.4,2,7,30.7,1
34.69,15,0,1,0,0,0,0,13.3,3,1,60.76,0
39.21,17,2,2,1,0,0,0,181.9,1,2,10.5,0
9.15,16,0,1,0,0,0,0,65.1,0,3,39.51,0
205.49,9,0,2,0,1,0,0,39.7,0,1,17.36,0
3.67,20,2,1,0,1,0,0,78.1,0,0,7.1,0
120.74,10,1,1,0,0,0,0,46.8,2,2,87.48,0
29.0,13,4,1,0,0,0,1,110.2,2,0,66.72,0
6.11,20,0,0,0,1,0,0,159.1,1,1,14.0,0
131.49,6,1,2,1,1,0,1,53.8,1,4,73.72,0
30.95,9,5,0,0,0,0,0,106.5,0,0,30.23,0
70.83,17,2,2,0,0,0,0,23.2,0,2,56.55,0
45.19,16,1,1,0,0,0,0,50.6,3,2,11.34,0
9.27,10,0,1,0,0,0,0,23.6,2,2,34.14,0
35.94,15,3,0,0,0,0,0,11.6,1,1,80.41,0
53.01,10,3,1,0,0,0,0,30.2,4,1,16.71,0
15.64,10,4,0,0,0,0,0,76.3,1,2,66.55,0
34.03,9,4,1,0,0,0,0,17.9,1,3,37.8,0
62.5,18,2,0,0,0,0,0,77.3,1,0,14.11,0
37.23,19,1,1,0,1,0,0,76.5,1,0,130.1,0
27.96,14,1,1,0,2,0,0,7.8,0,0,56.91,0
9.08,18,4,0,0,1,0,0,0.3,0,0,34.09,0
11.0,10,1,0,0,1,0,0,4.3,1,3,34.16,0
8.84,9,2,0,0,1,0,0,67.8,1,1,20.58,0
10.76,10,2,1,0,0,0,0,6.5,1,2,7.45,0
14.51,17,1,1,0,0,0,0,20.0,3,2,87.04,0
13.25,18,3,0,0,0,0,0,77.6,1,1,22.98,0
59.79,18,4,1,0,0,0,0,13.8,0,1,7.83,0
23.16,10,1,0,1,0,0,0,13.9,1,2,15.31,0
28.22,9,2,0,0,0,0,0,12.4,1,4,9.98,0
12.19,18,1,1,0,1,0,0,25.5,4,3,76.95,0
75.72,17,4,0,0,0,0,1,55.6,0,0,74.07,0
22.39,12,0,0,1,1,0,0,97.1,1,1,18.76,0
12.49,17,1,0,0,0,0,0,26.4,1,1,37.59,0
17.48,21,2,0,0,0,0,0,45.9,1,4,28.75,0
4.59,13,3,0,0,0,0,0,30.0,0,4,36.01,0
26.86,15,6,3,0,1,1,0,10.9,0,3,6.87,0
10.76,21,0,0,0,1,0,0,99.5,1,4,25.72,0
280.98,13,5,3,1,2,0,1,499.1,4,2,13.94,1
79.8,20,2,2,0,0,0,0,43.1,0,0,267.64,0
12.91,9,4,4,0,1,0,0,228.3,1,2,14.98,0
16.8,10,0,0,0,0,0,0,31.0,0,2,7.78,0
21.28,10,3,0,1,1,0,0,9.5,1,2,49.93,0
46.61,13,1,2,0,0,0,0,12.1,2,1,19.47,0
54.31,17,1,1,0,0,0,0,45.9,3,0,85.67,0
25.13,0,3,3,0,2,0,1,17.1,1,6,175.54,0
56.68,21,3,1,0,0,0,1,48.8,3,3,24.92,0
7.31,15,1,1,0,0,0,0,11.3,0,3,8.08,0
19.74,20,3,0,0,0,0,0,104.9,0,1,15.18,0
26.66,14,3,0,0,0,0,0,56.1,3,0,17.75,0
15.43,14,1,2,0,0,0,0,46.5,3,1,18.54,0
68.4,12,1,3,0,0,0,0,5.9,1,4,7.65,0
8.27,17,1,2,0,2,0,0,48.3,1,1,6.71,0
22.78,12,1,2,0,0,0,0,15.1,4,2,113.59,0
28.87,9,0,1,0,0,0,0,49.0,1,3,15.24,0
15.83,17,1,0,0,1,0,0,7.2,1,2,137.12,0
14.6,14,1,3,1,0,0,0,2.6,3,0,14.34,0
19.07,11,3,1,0,0,0,0,36.1,2,1,19.33,0
9.06,18,2,0,0,0,0,0,51.9,0,1,12.61,0
5.07,11,1,1,0,0,1,0,111.7,0,1,31.54,0
30.47,10,1,0,0,1,0,0,116.2,2,1,15.83,0
21.86,14,3,0,0,0,0,0,224.0,2,2,8.14,0
25.86,15,0,1,0,1,0,0,13.7,2,4,67.57,0
22.41,19,2,1,0,0,0,0,36.0,1,1,27.19,0
15.66,17,1,0,0,0,0,0,7.3,1,2,112.14,0
14.17,16,5,1,0,0,0,0,0.3,1,2,19.24,0
8.52,20,1,1,1,3,0,0,33.1,2,2,63.56,0
366.75,18,6,3,0,5,0,0,45.5,5,3,16.43,0
28.29,18,2,2,1,1,0,0,18.0,1,1,28.52,0
31.11,19,0,1,0,0,1,0,7.9,0,0,14.24,0
4.03,12,2,2,0,0,0,0,35.7,1,1,86.96,0
18.3,19,1,1,0,0,0,0,20.4,4,2,31.12,0
6.71,11,3,2,0,0,0,0,15.1,2,1,47.84,0
91.5,16,1,0,0,1,0,1,29.1,3,2,16.29,0
47.51,19,3,0,0,0,0,0,21.1,4,2,33.82,0
41.18,16,3,1,0,0,0,0,2.7,3,1,266.94,0
13.64,13,2,1,0,0,0,0,12.0,0,3,187.24,0
11.36,16,3,3,0,1,0,0,25.8,1,4,81.17,0
17.36,12,2,2,0,1,0,0,38.2,0,2,39.89,0
45.55,9,2,1,0,0,0,0,17.7,3,1,36.03,0
28.87,10,1,0,0,0,1,0,46.5,0,2,23.36,0
16.0,17,2,0,0,1,0,0,67.4,0,2,56.75,0
25.1,15,1,0,1,0,0,0,52.8,0,5,17.35,0
45.96,21,1,1,0,0,0,0,176.1,1,1,102.8,0
32.78,16,1,0,0,0,0,0,9.1,0,2,37.12,0
31.1,13,4,1,0,1,0,0,8.6,1,0,11.28,0
11.0,18,4,1,1,0,0,0,99.2,1,5,11.26,0
119.39,12,5,0,0,1,0,0,91.4,2,1,26.67,0
15.79,20,3,1,0,0,0,0,70.9,1,2,47.41,0
31.81,15,4,0,0,0,0,0,5.2,2,1,46.2,0
7.18,13,1,1,1,0,0,0,46.4,3,3,26.0,0
33.04,11,2,2,0,0,0,0,75.5,3,2,43.07,0
7.94,11,2,1,0,0,0,0,22.9,0,2,18.15,0
33.14,8,2,1,0,0,0,0,13.3,2,0,60.67,0
12.91,21,3,0,0,1,0,0,29.1,0,2,57.2,0
73.94,20,1,2,0,1,0,0,4.8,1,1,7.65,0
120.76,4,4,8,0,2,1,0,256.9,5,1,9.37,0
9.82,15,4,1,0,0,0,0,80.0,2,1,56.86,0
9.53,18,1,2,0,0,0,1,67.1,3,1,157.53,0
9.38,20,0,1,0,0,0,0,68.3,1,0,36.21,0
19.37,10,2,0,0,1,0,0,15.2,0,1,63.09,0
11.93,14,1,1,0,0,0,0,41.2,1,1,111.52,0
50.94,9,3,1,0,0,0,0,53.5,0,0,76.37,0
15.66,17,0,2,0,0,0,0,7.7,1,2,9.77,0
190.83,10,5,2,0,1,0,0,123.5,5,3,34.99,0
8.16,21,1,1,0,1,0,0,21.1,1,2,13.82,0
44.47,10,1,0,0,0,0,0,84.3,1,3,46.55,0
12.53,10,4,1,0,1,0,0,86.2,2,1,13.97,0
34.25,18,6,1,0,0,0,0,293.9,1,2,39.89,0
23.95,15,2,2,0,0,0,0,68.3,3,3,9.5,0
49.97,20,4,2,0,0,0,1,2.5,1,0,29.2,0
10.78,9,2,0,0,0,0,0,67.6,2,2,42.58,0
18.19,11,3,1,0,0,0,0,21.4,0,2,8.29,0
20.8,20,0,0,0,0,0,0,7.4,0,0,16.83,0
33.36,12,4,1,0,1,0,0,132.0,0,3,77.2,0
22.12,21,3,0,0,0,0,0,74.0,0,1,13.33,0
66.49,9,1,0,0,0,0,0,178.9,3,1,26.32,0
9.56,9,1,3,0,0,0,0,106.1,0,1,37.0,0
19.93,12,0,0,0,0,0,0,4.9,0,1,6.62,0
66.62,11,2,0,0,0,0,0,12.0,1,4,79.02,0
79.38,20,1,2,0,0,0,1,60.2,3,1,13.94,0
33.76,20,6,2,0,1,1,0,20.6,2,1,38.95,0
48.64,18,3,3,0,0,0,0,112.8,2,1,99.32,0
16.85,11,2,2,0,0,0,0,38.2,0,1,19.59,0
6.52,12,1,2,0,1,0,0,100.7,2,3,55.92,0
35.39,13,2,1,0,0,0,0,53.8,1,3,33.57,0
26.83,17,2,3,1,0,0,0,32.0,3,0,3.17,0
64.86,14,2,0,0,0,0,0,138.9,0,0,21.58,0
11.0,16,1,1,0,0,0,1,28.4,1,2,41.92,0
29.62,9,1,1,0,0,0,0,32.1,1,0,11.12,0
34.07,11,1,2,0,0,0,0,37.1,2,3,10.44,0
4.74,10,1,0,0,1,0,0,49.2,3,3,12.13,0
18.94,17,2,1,0,0,0,0,40.1,0,3,39.59,0
13.71,9,2,1,0,1,0,0,85.8,1,2,28.99,0
33.95,18,2,0,0,1,0,0,22.2,2,1,12.89,0
46.0,9,3,2,0,0,0,0,11.4,1,0,39.68,0
5.62,20,2,2,0,0,0,0,44.7,1,2,103.01,0
4.78,20,5,1,0,0,0,0,59.4,3,2,12.42,0
54.8,9,2,1,1,1,0,0,70.8,1,4,118.23,0
41.25,15,2,1,0,0,0,0,177.7,4,4,40.55,0
77.25,12,0,0,0,1,0,0,58.3,1,2,46.66,0
44.5,12,0,1,0,0,0,0,16.3,2,0,20.97,0
38.05,14,3,2,0,0,0,0,18.8,0,4,52.29,0
94.8,4,3,2,0,4,0,0,94.6,3,0,217.19,0
12.75,10,1,1,0,0,0,0,100.3,0,3,107.11,0
7.36,9,0,3,0,0,0,0,9.0,0,2,28.57,0
2.79,16,4,0,0,1,0,0,111.0,1,3,4.15,0
137.58,10,3,1,0,0,0,0,24.6,1,0,10.08,0
33.41,15,2,0,0,0,0,0,7.7,0,1,75.61,0
11.22,16,4,0,0,0,0,0,123.6,1,1,28.06,0
228.93,12,10,8,3,9,0,1,50.0,2,7,16.77,1
19.56,16,1,0,0,1,0,0,90.4,1,1,128.96,0
9.95,20,4,0,0,1,0,0,68.0,4,0,20.77,0
16.7,16,1,0,0,0,0,0,6.8,0,0,5.99,0
89.59,9,4,1,0,0,0,0,20.0,1,1,5.38,0
6.15,9,3,1,0,0,0,0,1.3,2,1,14.94,0
45.11,10,2,1,0,1,0,0,104.0,2,3,4.33,0
33.35,20,3,5,0,2,1,1,287.9,1,5,20.38,0
51.09,12,8,1,0,0,0,0,0.4,1,0,10.15,0
9.31,11,1,1,0,0,0,0,46.1,1,3,4.91,0
19.97,21,1,2,0,0,0,0,284.2,3,5,24.79,0
20.01,11,3,2,0,0,0,0,21.9,0,4,47.63,0
52.11,19,0,1,0,0,0,0,55.0,0,2,1.81,0
15.3,20,1,0,0,0,0,0,232.8,1,0,17.78,0
9.07,20,3,1,0,0,0,0,48.0,1,1,3.31,0
11.78,18,2,1,0,1,0,0,33.1,3,4,15.71,0
73.59,19,0,0,0,1,0,0,17.2,0,3,31.44,0
6.56,12,4,1,0,0,0,0,38.2,1,0,14.1,0
29.34,21,3,1,0,0,0,0,13.1,2,0,58.3,0
33.66,10,1,1,0,0,0,0,48.3,1,0,28.7,0
20.6,18,0,5,0,1,0,0,32.5,1,2,13.28,0
11.57,10,2,0,0,0,0,0,21.2,1,2,20.38,0
122.37,15,6,5,0,6,0,0,140.7,3,0,43.44,0
66.55,13,11,5,1,2,1,0,110.9,6,3,68.85,0
3.05,20,3,0,0,1,0,0,38.1,2,1,29.2,0
27.09,16,3,2,0,0,1,0,57.1,0,4,19.32,0
25.04,18,0,1,0,0,0,0,1.6,5,3,12.54,0
17.25,20,4,1,0,0,0,0,162.2,2,5,22.58,0
28.54,20,2,0,0,0,0,0,0.7,1,1,16.85,0
17.38,9,0,2,0,0,0,0,4.2,0,1,7.62,0
76.24,11,2,2,0,0,0,0,13.2,1,6,15.85,0
14.55,13,1,2,0,0,0,0,2.8,1,1,4.98,0
109.77,17,0,2,0,0,0,0,43.9,1,1,56.03,0
15.49,15,0,1,0,0,0,0,19.7,0,1,33.42,0
127.69,9,5,1,1,1,0,0,59.9,1,2,13.92,0
9.44,14,3,1,0,0,0,0,23.0,0,1,16.51,0
50.96,20,6,1,0,0,0,0,16.3,4,0,10.19,0
18.6,11,0,0,0,0,0,0,70.4,4,2,23.97,0
12.51,13,1,1,0,0,0,0,103.1,5,1,87.94,0
16.53,13,4,0,0,0,0,0,39.4,0,0,12.52,0
41.72,15,4,2,0,0,0,0,35.0,1,2,2.83,0
13.97,13,2,2,0,0,0,0,8.9,1,0,46.01,0
24.36,17,3,1,0,2,0,0,131.9,1,4,23.75,0
35.93,21,1,1,0,0,0,0,53.5,0,3,32.94,0
70.94,8,6,6,1,3,0,0,457.6,3,0,45.39,0
79.96,8,1,1,0,1,0,0,21.4,4,0,114.56,0
22.77,14,2,0,0,0,1,0,4.0,0,1,35.9,0
40.28,9,1,3,0,0,0,0,21.4,1,3,97.53,0
41.32,14,2,0,0,0,0,0,8.8,4,4,34.26,0
13.94,11,3,0,0,0,0,0,60.3,0,0,24.67,0
68.97,8,2,1,0,1,0,0,13.9,1,0,53.08,0
30.23,10,0,0,0,0,0,0,17.3,2,1,217.61,0
39.48,18,4,2,0,0,0,0,107.6,4,1,51.76,0
18.68,10,1,0,0,0,0,0,79.3,1,1,11.02,0
57.67,8,3,2,0,0,1,0,88.0,1,3,20.73,0
23.59,16,4,1,0,0,0,0,101.2,1,3,18.82,0
30.94,11,3,0,0,1,1,0,14.0,5,3,16.91,0
23.33,12,0,1,0,0,0,0,115.1,0,0,15.54,0
76.2,19,2,1,0,1,0,0,1.4,1,3,51.85,0
26.71,19,2,0,0,0,0,1,21.9,2,1,16.75,0
147.56,18,5,1,0,0,0,0,24.8,1,0,2.78,0
39.01,21,1,1,0,0,1,0,18.2,0,1,90.11,0
21.83,9,0,0,0,0,0,0,113.1,2,1,27.48,0
39.3,11,3,0,1,1,0,0,9.2,1,1,14.08,0
46.05,11,0,0,0,0,0,0,83.0,1,2,41.26,0
323.9,11,8,9,0,3,1,0,1487.6,1,2,13.5,1
10.64,14,3,0,0,0,0,0,54.1,0,1,25.88,0
8.14,12,0,1,0,0,0,0,60.6,3,1,40.58,0
13.82,21,4,0,0,1,0,0,58.3,1,0,38.51,0
52.73,20,1,0,0,0,0,0,24.9,1,1,44.44,0
7.71,19,0,0,0,0,0,0,44.8,1,2,131.06,0
17.92,19,4,0,0,1,0,0,201.9,1,3,16.68,0
61.37,16,1,1,0,0,0,0,21.4,0,2,29.67,0
137.68,15,6,3,0,0,1,0,416.1,2,1,17.3,0
8.18,13,4,0,0,0,0,0,41.4,0,0,29.12,0
74.38,12,4,0,0,0,0,0,2.8,0,1,32.2,0
114.78,11,2,0,0,0,0,1,72.1,2,0,40.01,0
1339.85,2,12,7,1,3,1,1,524.5,3,2,100.21,1
23.78,14,0,1,1,0,0,0,9.5,0,0,14.32,0
17.79,15,1,2,0,0,0,0,127.7,2,2,26.47,0
140.68,17,2,0,0,0,0,0,59.1,1,1,18.54,0
63.36,17,1,1,0,0,0,0,23.8,3,1,8.13,0
40.03,19,1,2,1,0,0,0,28.5,1,0,18.92,0
24.04,18,4,3,0,0,0,0,52.3,1,0,5.23,0
87.79,21,3,0,0,0,0,0,3.7,1,2,2.49,0
16.94,11,2,0,0,0,0,0,28.2,1,2,64.61,0
16.47,20,2,1,0,0,0,0,27.2,1,2,91.81,0
5.06,13,1,0,0,0,0,0,2.7,2,0,13.46,0
52.52,10,1,1,0,0,0,1,26.1,0,3,93.97,0
44.01,13,3,0,0,0,0,0,100.0,2,1,42.42,0
12.72,17,2,0,0,0,0,0,193.5,1,2,14.65,0
34.66,15,2,0,0,0,0,0,4.0,3,1,9.49,0
108.98,1,3,3,1,2,0,1,147.3,3,6,11.41,0
6.19,12,2,0,0,0,0,0,19.3,0,1,14.26,0
38.85,18,0,5,0,1,0,0,96.7,0,1,34.57,0
9.1,10,3,1,0,0,0,0,24.3,1,3,12.67,0
5.0,15,3,2,0,0,0,0,25.9,0,2,55.49,0
22.44,12,2,2,1,0,0,0,71.6,2,4,9.72,0
19.27,15,3,2,0,1,0,0,13.8,0,2,25.57,0
23.36,12,1,0,0,1,0,0,0.4,0,3,8.95,0
127.88,5,3,1,0,3,0,1,81.7,1,5,27.6,0
18.44,10,1,1,0,0,0,0,21.7,1,0,11.06,0
70.74,10,2,2,0,0,0,0,14.0,1,1,42.1,0
195.24,13,2,0,0,0,0,0,11.0,2,0,12.71,0
144.89,10,7,4,0,4,0,1,56.6,2,3,32.87,0
61.88,12,2,2,0,0,0,0,89.9,0,2,66.15,0
10.78,12,2,1,0,1,0,0,37.1,1,3,8.59,0
24.77,19,1,0,0,0,0,0,7.8,2,2,7.63,0
167.29,13,7,1,0,0,0,0,19.1,1,1,21.11,0
25.19,9,3,0,0,1,0,0,38.5,0,1,13.6,0
35.24,9,3,0,0,0,0,0,27.9,0,1,47.14,0
4.88,19,1,0,0,0,0,0,84.1,2,4,12.93,0
13.52,20,1,2,0,0,0,0,31.3,0,1,6.45,0
88.76,17,3,2,0,1,0,0,11.9,3,2,12.08,0
190.67,12,0,0,1,0,0,0,1.0,0,2,20.54,0
54.17,19,5,6,1,4,0,1,74.1,3,1,38.6,0
17.59,20,1,0,0,0,0,0,37.6,2,2,39.08,0
25.66,14,5,1,0,1,1,0,8.1,0,0,11.9,0
53.56,15,0,0,0,1,0,0,45.5,2,1,62.13,0
47.8,8,0,1,0,0,0,0,67.0,2,1,21.58,0
5.09,15,1,1,0,0,0,0,50.5,3,5,14.09,0
69.81,19,2,1,0,1,0,0,2.7,1,2,25.82,0
32.03,9,2,1,0,0,0,0,0.8,0,1,56.89,0
6.61,13,2,1,0,0,0,0,21.3,2,2,11.79,0
27.86,20,2,1,0,0,0,0,19.4,1,4,29.87,0
358.37,20,7,2,0,3,1,0,50.8,3,2,40.61,0
10.19,14,1,0,0,0,0,0,36.3,1,4,9.22,0
9.4,12,1,2,0,0,1,0,39.1,2,2,39.99,0
32.21,10,1,1,0,1,0,0,72.5,1,2,25.23,0
115.37,10,1,1,0,0,0,0,11.8,0,0,9.86,0
24.22,13,1,0,0,1,0,0,52.9,0,0,11.72,0
41.07,20,2,1,0,0,0,0,8.5,2,0,47.26,0
125.43,15,3,1,0,0,0,0,96.2,2,0,10.61,0
21.92,22,6,8,0,5,1,0,197.5,6,4,14.77,0
31.9,17,2,1,0,0,0,0,109.0,0,3,2.56,0
24.16,17,2,3,0,0,0,0,115.6,0,1,2.08,0
30.41,11,1,1,0,1,0,0,77.9,1,1,39.66,0
5.89,9,4,1,1,0,0,0,17.6,3,2,5.28,0
42.51,21,1,0,0,0,0,0,38.4,4,1,55.2,0
49.37,21,1,8,0,1,0,1,231.2,7,3,27.48,0
12.05,15,4,0,0,0,0,0,16.4,1,0,46.06,0
9.35,21,3,2,0,1,0,0,12.8,0,3,93.02,0
25.66,18,2,0,0,0,0,0,30.7,3,1,39.45,0
94.39,12,9,8,6,0,1,0,472.0,7,6,358.44,1
6.63,12,0,1,0,0,0,0,16.9,5,3,43.4,0
26.4,13,4,0,0,0,0,0,76.6,1,2,9.39,0
78.55,5,4,2,0,0,1,0,480.1,1,2,21.95,0
11.01,17,2,1,0,0,0,0,39.2,1,1,133.65,0
66.57,15,3,3,0,2,0,1,126.3,4,5,30.55,0
57.85,15,2,1,0,0,0,0,83.4,1,0,5.43,0
103.56,18,1,1,0,0,0,1,46.3,0,3,29.42,0
16.07,19,3,2,0,0,0,0,39.7,1,0,30.18,0
4.36,16,1,0,0,0,0,0,48.7,0,1,87.73,0
148.68,14,2,1,0,2,0,0,125.7,0,0,24.91,0
11.6,19,1,1,0,0,0,0,49.3,1,2,6.31,0
38.98,12,3,0,0,1,0,0,94.3,0,2,48.45,0
42.7,20,3,1,0,0,0,0,42.3,0,2,27.28,0
133.77,19,3,1,0,0,0,0,26.7,3,1,94.3,0
17.05,18,0,0,0,0,0,0,7.6,0,0,90.34,0
21.3,17,2,2,0,0,0,0,20.2,2,7,35.83,0
6.55,15,1,2,0,0,0,0,13.9,1,2,35.51,0
8.53,17,5,0,0,0,0,0,18.9,1,1,21.54,0
1825.4,10,3,4,0,2,0,1,141.5,2,5,40.93,0
10.5,21,1,1,0,0,0,0,2.8,3,1,28.89,0
109.82,9,4,0,0,0,0,0,15.8,0,2,22.26,0
58.67,13,1,1,0,0,0,1,36.8,4,0,73.56,0
36.39,21,0,1,0,0,0,0,32.8,0,5,48.2,0
26.5,15,1,0,0,0,0,0,78.5,4,5,123.37,0
10.06,19,2,4,0,2,1,0,14.3,2,8,7.73,0
21.76,8,5,3,0,2,1,0,38.4,4,4,32.97,0
12.1,11,3,2,0,0,0,0,53.3,2,1,68.47,0
16.47,16,2,2,0,0,0,1,27.9,1,2,7.22,1
32.81,11,3,1,0,0,0,0,84.2,1,4,8.31,0
45.98,21,2,1,0,2,0,0,78.8,1,3,45.38,0
11.2,13,0,1,0,1,0,0,6.1,0,0,10.34,0
22.27,19,0,0,1,1,0,0,6.8,1,3,11.74,0
50.79,9,4,0,0,0,0,0,1.4,3,3,68.64,0
100.98,14,2,0,0,0,0,0,1.3,0,3,4.78,0
47.97,20,2,2,1,0,0,0,65.1,3,1,6.23,0
34.78,14,4,1,0,1,0,0,28.9,1,0,117.82,0
15.8,18,3,0,0,0,0,0,21.9,1,0,5.02,0
19.27,10,3,1,0,0,0,0,107.2,3,3,117.45,0
97.76,18,3,2,1,0,0,0,55.4,2,3,51.52,0
19.59,11,1,1,0,0,0,0,29.1,1,0,31.24,0
31.42,2,5,4,0,1,0,1,125.7,3,5,32.07,0
83.18,14,2,2,0,1,0,0,270.9,2,3,14.57,0
23.22,18,0,0,1,2,0,0,3.6,2,1,54.74,0
21.56,9,0,0,0,0,0,0,82.2,2,1,33.11,0
41.32,16,2,0,1,0,0,0,3.0,1,1,34.16,0
9.86,17,3,0,0,1,0,0,29.3,1,2,23.58,0
30.45,14,0,1,0,0,0,0,97.4,0,2,24.03,0
7.62,14,2,1,0,0,0,0,40.9,2,1,23.36,0
22.14,15,4,0,0,1,0,0,25.2,0,2,11.12,0
5.88,15,0,0,0,1,0,0,20.3,1,2,29.79,0
19.26,20,1,1,0,0,0,0,9.8,0,2,12.85,0
21.96,11,2,1,0,0,0,0,0.9,1,5,70.4,0
49.68,17,2,2,0,0,0,0,4.3,0,1,81.22,0
72.94,16,0,0,0,1,0,1,51.1,3,6,7.13,0
100.11,12,1,2,0,0,0,0,25.9,0,1,47.45,0
315.65,11,1,1,1,0,1,0,20.1,1,1,7.06,0
19.56,7,7,4,1,1,0,0,47.4,0,1,68.36,0
31.74,12,3,0,0,0,0,0,68.2,3,0,365.52,0
11.48,14,2,1,0,2,0,0,16.9,3,2,7.73,0
126.62,11,4,1,1,1,0,0,84.2,3,1,13.25,0
27.66,20,2,1,0,0,0,0,41.2,0,0,20.16,0
32.03,21,3,0,0,0,0,1,40.1,4,1,73.4,0
15.56,10,1,2,0,1,1,0,6.0,2,1,27.23,0
11.86,17,1,2,0,1,0,0,39.4,1,5,17.19,0
14.63,19,0,0,0,0,0,0,32.7,0,3,14.9,0
22.31,20,0,2,1,0,0,0,9.0,2,0,3.55,0
95.07,12,2,2,0,0,0,0,29.0,2,0,27.49,0
49.56,20,1,4,0,0,0,0,14.2,2,3,2.87,0
16.61,9,1,2,0,0,0,0,23.3,1,2,50.84,0
19.33,17,3,2,0,0,0,0,2.9,0,0,10.89,0
7.49,13,4,0,0,0,0,0,21.4,3,0,5.95,0
22.2,18,1,1,0,0,0,0,39.1,0,1,34.95,0
12.72,20,2,0,0,1,0,0,4.5,2,1,46.21,0
17.19,11,1,0,0,0,0,1,24.5,1,1,85.98,0
50.51,8,0,1,0,0,0,0,9.6,2,0,6.92,0
38.53,14,3,1,0,0,1,0,7.4,2,4,23.2,0
19.92,21,2,1,0,0,0,0,25.0,3,0,59.08,0
17.78,9,3,1,0,0,0,0,7.3,1,3,17.37,0
27.17,13,5,8,0,3,1,1,118.0,1,6,21.32,0
25.6,20,1,1,0,0,0,0,78.1,0,1,27.99,0
50.29,19,1,0,0,0,0,0,78.5,0,0,9.42,0
25.02,13,3,0,0,0,0,0,20.7,3,1,18.14,0
21.69,13,2,0,0,0,0,0,5.1,1,1,6.63,0
12.73,14,3,2,0,0,0,0,13.8,1,2,85.12,0
63.31,10,4,2,0,1,0,0,0.2,0,1,29.6,0
14.52,16,3,1,0,0,0,0,11.4,0,5,24.27,0
17.93,18,3,1,0,0,0,0,2.1,1,5,56.93,0
182.21,10,4,0,0,0,0,0,57.2,0,2,7.51,0
58.13,17,2,1,0,0,0,0,37.3,2,1,22.87,0
28.42,11,4,0,0,0,0,0,172.8,0,1,32.66,0
116.23,0,10,5,2,1,0,1,656.1,6,3,3.58,1
13.35,10,0,0,0,0,0,0,234.4,0,5,87.76,0
14.47,13,2,0,0,2,0,0,103.3,5,1,17.25,0
15.3,22,3,7,0,3,0,1,92.1,2,2,10.72,0
32.42,21,0,3,0,0,0,0,58.5,3,1,21.75,0
44.57,11,1,0,0,0,0,0,11.8,1,2,22.18,0
10.79,17,3,3,1,2,0,1,166.8,1,7,34.09,0
7.18,20,1,1,0,0,0,0,14.9,2,1,6.96,0
22.58,20,1,2,0,0,0,1,82.1,0,2,14.76,0
12.61,20,2,1,0,0,0,0,80.7,2,3,10.23,0
85.62,15,3,2,0,2,0,0,49.4,0,2,36.36,1
8.35,20,0,1,0,1,0,0,44.9,2,0,5.7,0
4.88,16,1,2,0,0,0,0,119.7,0,1,30.8,0
9.32,20,3,0,0,1,0,0,13.7,3,3,71.86,0
11.23,18,1,0,0,0,0,0,50.2,1,0,6.56,0
21.45,15,1,2,0,0,0,0,44.9,1,2,60.65,0
10.65,13,1,1,0,0,0,0,49.7,0,1,14.45,0
236.19,21,8,6,1,4,1,1,50.0,5,4,13.17,1
50.31,20,7,1,1,0,0,0,0.6,1,1,11.08,0
10.78,12,3,0,0,0,0,0,118.6,1,2,23.28,0
18.81,20,2,3,0,0,1,0,31.9,0,2,77.02,0
7.86,12,1,4,0,0,0,0,21.6,1,1,24.93,0
155.27,21,4,4,0,2,0,0,93.8,1,4,14.27,0
15.12,20,3,1,0,0,0,0,2.6,0,3,23.12,0
12.57,12,3,0,0,0,0,0,13.5,0,0,48.29,0
21.3,10,0,1,0,1,0,0,56.7,2,1,3.14,0
98.25,20,4,0,0,0,0,0,50.8,0,1,29.04,0
398.82,19,4,8,1,3,1,1,723.6,3,6,15.15,1
226.37,19,4,2,0,0,0,0,15.9,3,1,28.74,0
49.77,14,1,1,0,0,0,0,84.5,0,2,54.1,0
14.12,15,2,1,0,0,0,0,26.0,0,2,215.29,0
14.13,12,0,1,0,0,0,0,8.8,0,1,9.52,0
19.01,13,3,0,0,0,0,1,229.8,1,1,155.93,0
38.27,9,1,2,0,0,0,0,44.7,0,2,20.86,0
13.4,11,2,2,0,0,1,0,37.5,2,0,24.38,0
78.89,20,3,0,0,0,0,0,141.0,2,4,42.21,0
10.02,14,3,3,0,0,0,0,20.1,1,3,4.78,0
12.46,11,5,1,0,1,0,0,10.7,2,3,9.26,0
24.66,8,4,7,0,0,0,0,137.3,4,2,126.28,0
15.45,9,0,1,0,0,0,0,6.5,0,1,45.19,0
15.41,12,3,0,0,1,0,0,33.2,3,2,1.67,0
18.39,10,0,1,0,0,0,0,19.5,0,4,20.11,0
18.24,10,1,3,0,0,0,0,2.3,0,2,4.14,0
10.01,16,5,1,0,1,1,0,4.2,1,1,21.61,0
128.92,10,0,0,0,0,0,0,20.0,1,2,8.31,0
16.7,13,2,1,0,0,0,0,65.1,1,0,18.5,0
35.95,19,5,5,1,3,1,1,133.2,1,6,48.79,0
21.97,10,1,2,0,1,0,0,40.6,1,7,24.28,0
35.87,8,4,4,0,1,0,0,43.3,1,3,36.17,0
8.94,12,1,0,0,0,0,0,43.8,3,1,12.53,0
52.0,16,1,0,1,1,0,0,7.2,0,0,27.7,0
16.64,17,1,0,0,0,0,0,12.1,2,3,8.15,0
103.4,13,3,3,0,2,0,0,147.2,2,3,14.33,0
18.35,8,3,0,0,0,0,0,1.1,2,3,101.69,0
5.94,17,3,0,0,0,0,0,28.3,2,0,10.9,0
36.56,8,0,1,0,0,0,0,54.3,0,0,16.14,0
7.98,12,4,1,0,0,0,1,43.2,3,1,23.06,0
50.64,13,2,2,0,0,0,0,169.6,0,4,21.38,0
30.61,16,1,2,0,0,0,0,54.1,1,2,38.56,0
8.0,17,2,2,0,0,0,0,14.4,1,1,7.91,0
41.52,10,2,1,0,0,0,0,1.9,1,3,44.23,0
37.98,14,1,2,0,0,0,0,10.2,0,3,1.21,0
15.88,10,2,2,0,0,0,0,194.4,2,0,15.77,0
36.84,12,1,1,0,0,0,1,137.6,4,2,32.72,0
30.96,16,3,1,0,3,0,0,6.1,0,1,26.7,0
91.39,10,2,2,0,0,0,0,16.2,2,3,23.17,0
27.65,12,3,0,0,0,0,0,21.1,4,0,29.88,0
11.5,18,1,1,0,0,0,0,173.9,2,2,47.27,0
93.81,21,3,0,0,0,0,0,10.9,0,1,27.19,0
10.44,15,1,0,0,0,0,0,56.7,1,0,22.18,0
46.16,9,0,0,0,2,0,0,16.3,0,1,7.13,0
194.28,15,0,0,0,0,0,0,31.9,1,1,29.94,0
10.55,12,4,1,0,2,0,0,161.0,1,1,31.48,0
5.67,10,2,2,0,1,0,0,118.3,2,2,13.95,0
19.74,21,4,2,0,0,0,0,32.8,2,1,7.99,0
47.91,20,5,0,0,0,0,0,25.5,1,1,9.39,0
27.99,12,0,0,0,0,0,0,41.3,0,1,13.18,0
52.42,10,1,4,0,0,0,0,30.9,1,0,71.22,0
21.83,16,1,1,0,0,0,0,81.8,1,1,64.22,0
42.42,13,3,1,0,0,0,0,20.5,1,0,9.38,0
51.51,20,3,0,0,1,0,0,26.6,2,2,10.88,0
51.34,15,3,1,0,0,0,0,74.3,2,0,21.87,0
71.72,14,3,0,0,0,0,0,14.8,1,3,151.98,0
26.05,18,2,0,0,0,0,0,71.9,1,0,13.96,0
72.79,19,1,0,0,1,0,0,36.6,0,1,55.48,0
16.05,11,2,4,0,0,0,0,19.6,3,0,2.76,0
101.42,16,1,2,0,0,0,0,2.9,0,1,18.99,0
31.62,9,2,2,0,1,0,0,28.4,1,1,13.82,0
60.79,10,3,2,1,0,0,0,18.0,2,1,28.39,0
44.18,11,3,2,0,1,0,0,17.9,1,3,38.28,0
8.64,18,1,1,0,1,0,0,9.8,0,0,5.26,0
101.58,22,9,6,2,3,1,0,1471.0,5,7,20.45,1
176.97,9,7,3,0,1,0,1,323.5,0,1,46.82,0
20.25,18,1,3,0,1,0,0,54.3,2,0,17.87,0
42.01,12,1,0,0,0,0,0,1.5,3,1,38.07,0
8.38,14,4,0,0,0,0,0,34.7,1,0,11.68,0
717.6,19,4,5,0,2,0,1,69.4,5,5,62.26,0
19.32,14,1,2,0,0,0,0,27.7,1,1,15.05,0
26.99,8,0,1,0,2,0,1,18.9,2,0,12.54,0
16.29,9,6,1,0,0,0,0,8.1,1,1,32.66,0
7.98,19,1,2,0,0,0,0,44.9,1,3,37.31,0
2.1,16,0,2,0,0,0,0,13.1,0,3,53.27,0
41.71,20,5,2,1,0,0,0,1726.9,5,3,15.62,0
10.0,12,4,2,1,0,1,0,10.0,2,1,2.45,0
34.67,20,0,1,0,0,0,0,90.6,0,2,20.13,0
29.75,9,3,1,0,0,0,0,18.4,2,2,89.57,0
11.48,11,0,0,0,0,0,0,0.5,0,1,6.59,0
56.18,18,2,3,0,0,0,1,9.6,1,1,30.36,0
27.36,14,2,1,0,0,0,0,73.6,1,3,20.97,0
35.11,18,1,1,0,0,0,0,29.1,2,2,43.88,0
61.44,18,3,2,0,1,0,1,88.3,2,2,9.09,0
14.35,13,5,1,0,0,0,0,128.5,1,4,225.87,0
31.41,19,6,1,0,1,0,0,53.1,3,2,49.76,1
7.98,16,2,0,0,1,0,0,27.4,2,4,29.03,0
173.09,11,4,7,0,2,0,0,873.9,6,3,5.14,0
122.82,8,2,2,0,1,0,0,46.5,0,1,8.99,0
10.72,9,0,2,0,0,0,0,60.4,1,0,5.41,0
47.72,8,2,1,0,1,0,0,49.5,6,2,22.72,0
126.71,13,0,1,0,0,0,0,129.4,0,2,13.9,0
31.41,19,2,1,0,0,0,0,87.3,1,2,15.46,0
14.06,17,3,3,0,0,0,0,129.1,0,0,10.29,0
117.1,16,2,0,0,1,0,0,269.5,1,2,92.38,0
6.35,10,2,2,0,0,0,0,38.4,2,1,36.99,0
109.15,16,2,1,0,0,0,0,50.0,2,1,36.62,0
12.1,16,1,1,0,2,0,0,37.2,0,2,33.31,0
33.36,0,9,6,1,3,0,1,1275.8,6,10,11.33,1
16.4,15,3,1,0,0,0,0,11.3,1,3,13.26,0
14.68,18,0,0,0,0,0,0,113.0,1,0,15.65,0
8.14,15,0,0,0,0,0,0,40.2,1,3,48.31,0
27.11,16,5,0,0,1,0,0,47.9,2,3,30.6,0
23.5,13,3,1,0,0,0,0,37.1,0,3,7.99,0
20.81,10,2,0,0,0,0,0,6.3,1,0,18.45,0
20.78,21,1,1,0,1,0,0,117.7,1,0,8.95,0
79.74,12,4,2,1,0,0,0,40.1,0,2,27.4,0
13.85,9,0,1,0,0,0,0,143.2,1,2,38.95,0
37.77,11,0,0,1,0,0,0,42.9,1,2,29.37,0
37.65,12,4,1,0,0,0,0,22.3,2,2,29.11,0
7.11,13,1,1,1,0,0,0,89.4,0,0,7.72,0
89.49,23,2,1,1,0,0,0,10.0,2,5,34.39,0
61.86,15,1,0,0,0,0,0,45.9,1,1,48.43,0
17.91,10,3,2,1,0,0,1,3.0,1,0,21.36,0
10.45,15,2,0,0,0,0,0,39.7,3,1,42.18,0
160.99,18,1,1,0,0,0,0,63.5,1,0,12.37,0
62.74,15,3,0,0,0,0,0,50.6,1,0,41.87,0
11.45,17,0,0,0,0,0,0,38.9,0,5,58.99,0
11.08,17,4,1,0,1,0,0,97.8,0,4,13.18,0
38.0,8,0,0,0,1,0,0,45.5,1,1,13.92,0
49.59,7,4,3,0,3,0,1,151.0,2,0,37.83,0
29.15,8,1,0,0,0,0,0,7.4,0,3,9.01,0
19.15,20,1,2,0,0,0,0,30.4,1,6,21.29,0
25.23,19,2,0,0,0,0,0,4.9,2,1,56.96,0
12.4,12,2,0,0,0,0,1,128.6,2,2,4.38,0
12.64,14,0,0,0,0,0,0,58.9,0,1,131.46,0
6.04,20,4,0,0,0,0,0,0.9,1,1,12.87,0
46.3,9,1,0,0,0,0,0,8.9,1,0,13.13,0
78.53,18,4,0,0,0,0,1,19.2,0,2,47.48,0
55.55,9,2,2,0,0,0,0,134.1,3,1,42.19,0
68.7,11,3,0,0,0,0,0,42.1,0,3,5.49,0
8.61,18,2,0,0,0,0,0,1.4,0,2,31.88,0
132.85,17,5,0,0,0,0,0,55.9,2,4,38.36,0
19.47,9,5,4,0,1,0,0,166.9,1,2,781.03,0
10.56,21,2,3,0,1,0,0,15.9,1,1,10.19,0
69.67,20,3,0,0,2,0,0,74.6,4,1,47.33,0
72.55,19,3,0,0,1,0,0,42.3,2,2,13.44,0
104.56,12,13,8,1,0,1,0,181.6,2,5,5.29,1
7.19,13,3,2,0,0,0,0,5.9,1,3,106.14,0
16.91,11,2,0,0,0,0,0,20.2,0,1,28.19,0
16.21,16,1,3,0,0,0,0,15.9,1,0,29.55,0
80.27,14,4,2,0,0,0,0,16.5,2,0,30.77,0
26.24,19,2,1,0,0,0,0,27.2,0,1,31.69,0
2.4,10,1,1,0,0,0,0,29.0,0,2,19.74,0
36.32,18,3,1,0,0,0,0,95.9,1,3,40.85,0
13.0,10,0,0,0,0,0,0,14.5,0,3,48.7,0
6.73,8,5,0,0,0,0,0,9.6,0,2,14.15,0
101.1,17,3,3,0,3,0,0,92.3,2,3,9.85,0
8.31,18,2,0,0,0,0,0,25.8,5,1,42.17,0
34.41,18,0,3,0,0,0,0,72.3,0,4,13.57,0
26.15,11,3,3,0,2,0,0,27.7,0,2,34.38,0
43.0,9,2,2,0,0,0,0,6.8,0,0,19.17,0
46.57,11,0,1,0,0,0,0,50.2,0,2,38.29,0
37.09,12,2,1,0,0,0,0,3.2,1,2,67.78,0
22.72,11,5,0,0,0,0,0,82.3,2,2,17.33,0
24.55,14,2,1,0,0,0,0,3.7,0,2,5.75,0
50.15,10,3,0,1,0,0,0,10.7,0,2,8.45,0
64.75,9,2,4,0,1,0,0,27.4,2,3,27.94,0
49.14,15,3,3,0,1,0,0,46.9,0,2,18.06,0
12.4,14,3,1,0,0,0,0,70.3,0,2,26.03,0
53.17,11,2,1,0,0,0,0,59.2,2,2,14.99,0
21.22,18,2,1,0,0,0,0,95.3,0,1,172.11,0
103.37,20,1,0,0,0,0,0,47.5,1,0,18.11,0
63.38,15,0,0,0,0,0,0,8.2,4,0,56.81,0
29.38,21,2,2,0,1,0,0,20.5,1,2,27.4,0
169.55,18,5,7,0,1,1,1,622.5,3,1,8.11,0
32.67,12,3,1,0,1,0,1,46.8,2,1,12.6,0
36.29,8,1,1,0,0,0,0,33.2,3,2,24.53,0
23.24,20,4,2,0,2,0,1,9.9,1,1,6.16,0
9.95,18,1,0,0,0,0,0,4.4,5,0,28.31,0
75.95,10,2,2,0,0,0,0,30.5,3,2,11.07,0
18.62,17,3,0,0,0,0,0,21.2,0,1,41.42,0
31.97,13,0,1,0,0,0,0,94.3,0,2,29.8,0
57.52,10,2,1,0,0,0,0,3.4,1,1,17.87,0
11.59,19,3,1,0,1,0,0,7.4,2,3,73.47,0
11.0,16,2,2,0,0,0,0,27.1,0,1,66.89,0
14.36,14,2,1,0,0,0,0,22.0,1,2,114.85,0
39.48,9,2,2,0,0,0,0,176.8,3,1,10.92,0
4.38,9,1,1,0,0,0,0,63.6,1,1,24.03,0
14.85,8,3,3,0,0,0,0,7.5,1,4,110.93,0
127.7,21,11,11,1,3,1,1,315.3,2,5,60.14,1
49.36,12,1,2,0,0,0,0,9.4,0,1,44.2,0
4.82,17,4,0,0,0,1,0,3.3,1,2,128.42,0
11.58,14,2,0,0,0,0,0,38.1,1,0,20.5,0
32.81,20,0,2,0,0,0,1,31.1,2,1,7.65,0
16.44,20,1,1,0,1,0,0,56.1,2,2,6.13,0
106.95,17,1,2,1,1,0,0,204.4,4,2,40.19,1
110.37,18,2,2,0,0,0,0,23.4,3,6,341.41,0
41.38,17,7,0,0,0,0,0,20.5,2,1,11.99,0
63.06,18,1,0,0,0,1,0,212.1,0,0,21.13,0
23.1,11,2,1,0,0,0,0,57.6,0,1,10.03,0
44.4,17,2,0,0,2,0,0,105.7,1,2,32.03,0
64.25,22,8,7,0,2,1,0,227.0,4,2,41.6,0
28.1,19,3,1,0,0,0,0,55.9,2,1,18.07,0
138.67,19,3,0,0,2,0,0,0.1,1,2,13.06,0
27.08,11,1,0,0,0,0,0,56.7,2,1,10.26,0
23.46,12,2,0,0,1,0,0,95.3,1,3,61.02,0
30.58,12,1,0,0,0,0,0,153.7,3,2,29.91,0
42.6,19,2,1,0,0,0,0,144.3,0,3,14.86,0
18.56,9,3,0,0,1,0,0,24.8,0,2,8.26,0
9.36,20,1,0,0,0,0,0,55.6,1,5,134.95,0
48.61,10,3,3,1,0,0,0,9.1,1,3,17.74,0
12.56,12,1,1,0,1,0,0,45.9,1,0,35.8,0
20.73,11,3,1,0,0,0,1,36.2,1,1,32.44,0
18.89,12,1,2,0,0,0,0,0.9,0,1,40.73,0
7.02,16,3,0,0,0,0,0,10.5,4,1,6.85,0
28.09,12,3,1,0,0,0,0,36.5,1,3,41.17,0
51.77,13,1,0,0,0,0,0,31.7,1,1,19.9,0
345.73,20,0,1,0,0,0,0,217.0,3,2,13.16,0
10.79,19,1,0,0,0,0,1,66.2,1,1,62.26,0
14.7,14,1,0,0,0,0,0,41.5,1,2,25.02,0
10.16,11,4,2,0,0,1,0,292.0,4,4,16.2,0
32.5,17,2,0,0,0,0,0,28.3,1,3,15.77,0
18.47,20,1,0,0,0,0,0,75.1,1,1,15.21,0
20.29,20,0,2,0,0,0,0,0.1,3,2,5.69,0
41.49,12,4,0,0,0,0,0,58.7,1,0,2.02,0
120.59,11,5,5,1,0,0,1,75.9,3,2,33.88,1
124.6,18,4,0,0,0,0,0,12.5,0,2,33.06,0
28.68,18,1,1,0,1,0,0,7.1,0,2,41.75,0
20.68,18,3,4,0,1,0,1,54.9,1,1,836.25,0
25.26,13,1,2,0,1,1,0,73.9,1,0,27.3,0
8.51,9,3,0,0,1,0,0,121.5,1,2,68.6,0
12.09,18,4,0,0,2,0,0,10.7,0,0,8.01,0
11.36,12,3,0,0,0,0,0,36.7,0,0,4.81,0
165.3,17,1,0,0,0,0,0,80.8,1,1,123.63,0
23.43,8,3,2,0,0,0,0,78.6,0,1,47.7,0
18.07,10,0,2,0,2,0,0,14.7,0,2,18.43,0
10.01,21,0,1,1,0,1,0,12.5,1,1,14.01,0
118.24,9,0,0,0,1,0,0,23.1,1,2,36.04,0
9.21,20,1,0,0,0,0,0,1.8,0,4,14.86,0
19.47,16,0,1,0,2,0,0,100.5,1,0,2.64,0
29.91,14,6,1,0,1,0,0,100.5,1,2,29.86,0
33.55,18,2,1,0,0,0,0,45.3,1,3,41.02,0
14.23,13,0,1,0,0,0,0,15.2,2,3,5.08,0
9.52,20,2,1,0,0,0,0,3.0,1,1,91.21,0
14.65,12,2,2,0,1,0,0,40.4,1,1,48.58,0
25.22,17,7,0,0,0,0,0,107.5,3,1,8.96,0
35.21,20,0,3,0,0,0,0,53.2,2,1,4.71,0
9.46,13,3,0,0,0,0,0,10.1,0,4,7.49,0
18.4,11,0,0,0,0,0,0,21.9,1,1,6.19,0
16.01,20,2,0,1,1,0,0,19.2,3,0,6.63,0
61.29,8,3,2,0,1,0,0,107.0,2,2,47.3,0
11.54,11,1,0,0,0,0,0,42.0,0,3,14.27,0
10.7,20,0,2,0,0,0,0,7.6,0,1,16.32,0
18.91,19,1,2,0,0,0,0,84.2,2,0,9.28,0
4.29,16,2,1,0,0,0,0,49.8,0,0,45.86,0
20.8,15,4,0,0,0,0,0,44.4,2,2,31.59,0
43.48,11,0,0,0,1,0,0,128.0,1,3,22.26,0
24.06,13,1,1,0,1,0,0,91.2,2,2,15.71,0
15.83,19,1,0,0,0,0,0,42.6,1,2,99.32,0
61.18,16,3,2,0,1,0,0,153.5,0,1,20.51,0
69.35,19,3,1,0,1,0,0,57.7,2,1,78.59,0
11.32,17,2,2,0,1,0,0,8.4,1,2,38.36,0
361.9,14,10,5,1,3,1,1,380.9,4,1,26.63,1
25.5,17,1,1,0,0,1,1,7.9,2,2,22.36,0
13.57,8,2,1,0,0,0,0,34.8,1,2,70.34,0
15.31,11,0,0,0,0,0,0,91.6,2,1,32.85,0
86.68,14,2,0,0,1,0,0,83.2,0,1,56.35,0
12.43,15,1,2,0,0,0,0,15.6,1,2,21.99,0
17.78,16,3,1,0,0,0,1,29.3,1,2,36.9,0
16.02,14,4,0,0,2,0,0,84.1,2,6,11.67,0
37.7,13,2,2,0,1,0,0,47.6,1,1,8.94,0
166.5,8,3,2,0,5,0,0,110.4,2,0,53.8,0
16.3,10,8,6,0,5,0,1,249.4,7,0,13.04,1
2.95,20,4,1,0,1,0,1,24.6,0,0,11.18,0
16.43,14,0,2,0,0,0,1,84.9,0,3,26.16,0
26.24,5,6,8,2,6,0,0,264.1,2,5,30.3,0
38.99,18,3,3,0,0,0,0,47.5,0,1,27.24,0
18.63,17,2,0,0,0,0,0,0.8,2,2,30.44,0
5.07,13,2,0,0,0,0,0,56.3,1,3,29.09,0
24.91,13,3,1,1,0,0,0,11.7,0,1,7.74,0
179.4,20,1,2,0,0,0,0,29.1,2,2,20.58,0
7.03,16,2,3,0,2,0,0,57.7,0,2,19.59,0
14.99,18,2,0,0,1,0,0,142.4,0,1,82.25,0
14.48,14,2,2,0,0,0,0,13.3,2,1,21.32,0
39.33,23,2,1,0,1,0,1,575.0,6,6,12.06,0
188.96,13,7,3,0,2,0,1,142.6,3,5,46.74,0
9.11,14,1,0,0,0,0,0,79.1,1,6,34.84,0
83.79,5,6,3,1,2,0,1,146.2,2,5,60.46,1
33.86,10,2,1,0,0,0,0,60.5,1,0,10.26,0
144.13,12,2,1,0,0,0,0,34.6,1,3,56.6,0
45.43,14,3,0,0,0,0,0,82.2,1,1,14.37,0
17.36,14,4,1,0,0,1,0,4.6,1,0,3.96,0
18.57,12,0,1,0,0,0,0,47.9,0,2,41.42,0
25.16,12,0,0,0,1,0,0,219.0,5,0,17.42,0
12.18,8,2,0,0,0,0,0,58.2,2,4,9.4,0
20.47,15,5,1,0,1,0,0,43.2,0,1,131.94,0
34.93,21,1,0,0,0,0,0,44.9,3,1,5.02,0
20.64,18,2,2,0,0,0,0,114.3,0,1,17.76,0
47.28,12,2,0,0,0,0,0,104.1,0,1,13.42,0
32.48,16,2,1,0,0,0,0,1.2,0,0,77.8,0
17.03,17,0,1,0,0,0,0,7.0,1,2,79.81,0
55.73,6,3,1,0,3,0,0,14.1,3,1,2.69,0
12.88,11,0,1,0,0,0,0,103.4,0,1,39.05,0
215.71,5,3,3,0,1,0,0,10.0,3,1,23.7,0
9.17,12,1,1,0,0,0,0,35.7,0,2,189.16,0
16.1,19,6,3,0,1,0,0,31.7,0,1,10.44,0
249.75,2,3,7,1,2,0,0,961.3,2,2,5.57,1
45.23,16,7,0,0,1,0,0,4.6,3,1,101.58,0
31.21,21,4,1,0,0,0,0,77.7,1,2,17.81,0
211.08,12,2,1,0,0,0,1,273.8,0,2,8.85,0
30.29,13,3,1,0,0,0,0,19.8,3,2,29.74,0
12.7,20,1,0,0,0,0,0,69.7,1,2,36.03,0
133.12,10,1,1,0,1,0,0,48.4,3,1,8.92,0
50.52,13,3,5,0,3,0,1,245.4,3,2,46.03,0
95.08,16,2,3,1,1,0,0,265.7,4,1,9.26,0
27.65,20,4,0,0,0,0,0,3.7,1,2,30.39,0
91.86,16,3,4,0,0,0,0,0.5,0,0,22.43,0
11.26,18,1,1,0,0,0,0,0.5,1,1,7.64,0
22.68,11,1,3,0,2,0,0,12.1,4,2,13.96,0
5.93,14,4,1,0,0,0,1,12.0,1,2,75.87,0
20.9,17,1,1,0,1,0,0,5.5,0,5,39.35,0
27.05,20,1,3,0,1,0,0,61.1,1,3,13.64,0
4.15,16,0,3,0,0,0,0,14.7,0,0,30.36,0
26.61,16,1,0,0,0,0,0,9.2,2,2,68.21,0
10.96,14,1,1,0,0,0,1,104.4,3,3,12.89,0
47.84,8,2,1,0,0,0,0,10.9,1,0,5.99,0
8.92,16,4,0,0,0,0,0,141.3,1,4,3.25,0
21.0,12,3,0,0,1,0,0,11.8,0,3,27.52,0
24.74,10,2,2,0,1,0,0,49.0,2,3,28.71,0
15.83,20,3,0,0,1,0,0,162.2,0,2,10.04,0
15.1,11,5,0,0,0,0,1,44.4,0,1,26.44,0
31.64,17,0,0,0,0,0,0,123.5,0,1,18.42,0
14.57,20,2,0,0,0,0,0,52.8,1,1,24.71,0
16.7,19,1,0,0,0,0,0,171.4,0,1,40.28,0
11.86,9,3,1,0,0,0,0,19.4,1,1,44.44,0
14.56,14,1,1,0,0,0,0,43.9,3,2,39.24,0
14.84,13,3,1,0,4,1,1,28.7,0,2,9.0,1
9.31,18,1,2,0,1,0,0,26.8,0,7,5.43,0
497.43,8,5,0,1,3,0,1,64.5,3,2,14.52,0
4.06,19,1,0,0,1,0,0,2.6,0,2,14.56,0
14.15,19,2,2,0,0,0,0,291.1,1,3,3.19,0
11.89,18,3,0,0,0,0,0,10.0,0,0,26.43,0
44.19,9,2,1,0,1,0,1,258.5,0,2,92.4,0
23.81,19,2,2,1,0,0,0,5.1,0,1,14.24,0
50.49,11,3,3,0,2,0,0,38.2,1,4,24.15,0
49.37,20,1,2,0,0,0,1,6.2,0,2,26.47,0
16.55,12,5,0,0,1,0,0,45.0,1,1,54.6,0
63.84,17,2,2,0,0,0,0,33.6,1,2,22.74,0
18.52,17,4,2,0,0,0,0,21.8,2,1,46.36,0
25.09,17,3,1,0,1,0,0,31.8,0,2,48.8,0
2.45,18,1,0,0,2,0,0,61.2,0,1,5.6,0
31.96,14,2,2,0,0,0,0,51.8,2,4,14.88,0
56.8,19,2,1,0,1,0,0,20.6,1,2,24.8,0
42.09,11,2,4,0,0,0,0,56.0,0,0,26.37,0
31.56,17,3,1,0,0,0,0,6.2,0,0,11.42,0
8.34,19,2,1,0,0,0,0,54.1,5,0,17.22,0
158.87,7,10,7,3,5,1,0,50.0,4,3,9.52,1
35.53,18,0,0,0,0,0,0,20.7,2,0,15.31,0
3.17,20,3,0,0,1,0,0,13.7,0,2,19.28,0
28.92,14,1,4,0,0,0,0,25.9,0,1,29.77,0
13.11,18,0,1,0,1,0,0,101.4,1,3,5.18,0
4.41,12,2,1,0,1,0,0,2.7,3,0,3.78,0
8.83,14,6,3,0,0,0,0,9.3,0,0,57.4,0
75.4,13,2,0,0,0,0,0,82.7,2,4,32.44,0
71.01,11,0,1,0,0,0,0,57.4,4,2,5.27,0
8.7,16,4,4,0,0,0,0,70.7,1,1,64.52,0
5.15,8,3,2,0,1,0,1,22.1,1,0,11.66,0
9.77,14,0,3,1,0,0,1,29.3,0,1,51.93,0
35.43,14,3,0,0,0,0,0,129.6,1,1,129.33,0
40.77,11,3,2,0,0,1,0,19.9,1,0,64.08,0
58.77,9,2,1,0,0,0,0,107.6,0,3,33.65,0
48.86,20,2,2,0,0,0,0,13.5,2,0,141.97,0
24.16,19,1,0,0,0,0,0,16.0,1,0,33.69,0
47.89,3,3,6,2,4,1,1,220.2,5,8,53.38,1
7.05,13,2,0,0,0,0,0,374.6,1,3,16.92,0
39.65,16,3,0,0,1,0,0,5.7,0,1,17.2,0
24.12,20,2,1,0,0,0,0,4.2,0,5,26.62,0
92.7,9,2,1,0,0,0,0,126.1,0,0,13.1,0
796.13,10,4,8,0,1,0,0,98.3,4,1,117.89,0
226.86,11,2,2,0,0,0,0,53.1,1,1,54.5,0
31.4,18,1,1,0,0,0,0,102.4,0,4,31.91,0
5.72,10,2,3,0,0,0,0,3.0,0,3,9.83,0
4.35,20,0,2,0,0,0,0,223.9,1,3,5.52,0
14.33,11,0,4,0,0,0,0,238.0,1,3,14.66,0
115.98,18,1,0,0,2,0,0,8.2,2,3,20.55,0
18.23,1,4,4,1,1,0,1,241.5,3,1,46.04,1
23.87,16,4,1,0,0,0,0,78.1,0,1,51.88,0
29.8,18,1,0,0,0,0,0,4.4,0,0,4.28,0
13.27,20,1,1,0,0,0,0,102.0,0,3,23.25,0
30.08,16,1,1,0,1,0,0,36.6,0,2,74.74,0
36.11,16,2,0,0,0,0,0,6.9,1,2,114.97,0
17.97,16,0,0,0,0,0,0,15.8,1,1,20.49,0
54.16,21,3,1,1,0,0,0,99.2,1,0,5.42,0
35.61,13,2,1,0,1,0,0,12.7,1,2,15.14,0
89.95,16,1,0,0,1,0,0,9.3,1,0,11.93,0
4.62,18,0,1,0,0,0,0,26.9,0,0,43.59,0
94.31,9,3,0,0,2,1,1,6.4,0,3,6.45,1
15.36,13,2,0,0,0,0,0,21.9,2,1,30.97,0
17.27,11,4,1,0,1,0,0,39.2,0,1,13.25,0
28.48,14,0,1,0,0,0,0,254.4,0,1,16.6,0
275.94,19,3,11,0,2,0,0,211.7,2,2,37.29,0
8.6,11,1,1,0,1,0,0,20.7,0,0,17.52,0
107.92,17,1,3,1,1,0,0,51.6,3,2,50.98,0
24.22,12,3,1,0,0,0,0,183.0,2,2,4.62,0
140.92,12,1,0,0,0,0,0,11.1,1,0,30.08,0
25.1,18,2,2,0,1,1,0,1.7,1,4,16.09,0
72.74,10,3,1,0,2,0,0,129.7,2,4,39.9,0
14.22,20,2,1,0,0,0,0,8.2,0,1,31.68,0
274.62,8,9,4,0,4,1,1,50.0,2,2,74.82,1
5.96,19,3,2,0,0,0,0,32.6,0,0,30.4,0
33.43,9,2,2,0,0,0,0,9.6,2,3,27.79,0
23.56,18,5,1,0,1,0,0,2.0,3,2,44.96,0
22.78,19,2,2,0,0,0,0,74.4,1,0,14.48,0
53.25,11,2,0,0,1,0,0,184.2,3,1,21.08,0
170.17,22,10,5,0,1,0,1,599.1,2,3,23.09,0
74.25,9,2,2,2,0,0,0,33.4,1,1,3.16,0
9.19,18,2,3,0,1,0,0,5.1,3,1,26.27,0
4.14,19,1,0,0,0,0,0,65.4,0,0,64.21,0
8.37,14,1,0,0,0,0,0,69.1,0,3,48.84,0
59.95,14,0,1,0,0,1,0,2.4,0,2,35.36,0
30.91,13,2,0,0,0,0,0,85.0,0,3,64.74,0
17.03,11,3,1,0,1,0,0,0.7,0,1,10.33,0
11.61,20,4,0,0,0,1,0,92.8,1,1,22.92,0
31.32,16,1,1,0,1,0,0,3.2,0,1,14.59,0
22.24,19,2,0,0,0,0,0,47.1,1,1,30.39,0
20.23,20,1,2,0,0,0,0,111.1,1,1,13.29,0
12.26,11,1,0,0,0,0,0,14.4,1,1,252.22,0
40.68,19,1,0,1,0,0,0,54.4,2,3,42.53,0
6.81,21,2,2,0,0,0,0,30.4,0,1,7.97,0
68.78,20,4,1,0,0,0,0,127.1,2,2,30.67,0
37.8,9,4,6,0,1,0,0,70.0,2,0,29.5,0
17.78,18,0,0,0,0,0,0,73.0,1,1,22.3,0
13.78,11,1,0,0,0,0,0,25.4,3,1,28.99,0
21.84,9,2,1,0,0,0,0,219.4,1,1,4.93,0
29.94,10,1,3,0,0,0,0,45.5,0,1,43.85,0
32.1,12,6,2,0,0,0,0,11.3,0,3,15.13,0
31.71,18,3,0,0,0,0,0,19.4,3,1,13.0,0
9.01,19,3,1,0,0,0,0,30.6,0,1,7.37,0
34.08,19,2,0,0,0,0,0,2.0,2,0,7.97,0
72.66,3,7,7,3,3,1,0,497.5,7,4,8.46,1
13.84,15,4,0,0,1,0,0,1.7,2,0,34.42,0
46.13,15,0,1,0,0,0,0,29.6,0,1,11.66,0
69.61,17,5,2,0,0,0,0,101.3,2,2,38.2,0
176.51,4,10,6,1,3,1,1,808.1,9,2,27.0,1
34.38,10,2,2,0,1,0,0,75.0,2,5,33.48,0
21.03,10,2,2,1,0,0,0,13.6,1,2,29.65,0
33.73,18,1,1,0,0,0,0,28.4,1,4,44.67,0
25.24,19,3,0,0,0,0,0,236.1,3,1,8.69,0
35.64,16,0,0,0,1,0,0,20.2,1,1,15.14,0
8.67,14,2,0,0,0,0,0,89.7,1,1,6.83,0
50.73,18,1,0,0,2,0,0,15.5,2,0,15.5,0
30.41,9,1,2,0,0,0,0,101.1,2,4,7.05,0
422.45,12,9,5,0,5,1,0,179.7,7,3,12.68,1
11.02,11,3,1,0,0,0,0,103.0,1,1,25.83,0
39.41,21,3,0,0,0,0,0,4.3,1,2,15.7,0
10.0,4,4,4,0,0,1,1,226.6,5,3,351.08,0
12.36,18,0,0,0,0,0,0,76.9,1,1,2.67,0
312.69,1,9,4,1,3,1,1,745.4,8,5,25.94,1
38.17,19,0,3,0,1,0,1,66.9,1,3,58.71,0
10.52,18,4,2,0,0,0,0,41.8,0,3,20.5,0
17.44,16,2,1,0,0,0,0,82.9,3,1,10.45,0
8.54,14,2,1,0,0,0,0,22.7,0,3,28.96,0
49.33,16,8,3,1,3,1,1,481.7,3,7,30.02,1
7.08,9,3,0,0,0,0,0,23.7,1,3,33.26,0
7.16,10,1,3,0,0,0,0,55.2,0,1,12.4,0
7.82,12,2,2,0,0,0,0,53.0,1,2,23.13,0
154.8,13,1,2,0,0,0,0,119.1,0,0,39.49,0
14.69,15,0,1,0,1,0,0,14.9,2,1,36.08,0
336.06,13,6,6,0,1,0,0,28.7,3,5,9.91,0
17.88,14,1,1,0,0,1,0,6.6,2,3,33.91,0
7.5,16,0,3,0,0,0,0,2.3,0,0,2.14,0
19.31,10,2,1,1,1,0,0,166.4,0,3,84.92,0
54.01,15,0,0,0,1,0,0,31.0,1,0,6.31,0
13.84,10,4,0,0,0,0,0,32.5,0,0,4.61,0
57.79,12,2,2,0,0,1,0,92.0,2,2,19.91,0
44.69,9,1,1,0,0,0,0,30.7,2,2,29.05,0
80.55,18,3,4,0,0,0,1,61.7,1,4,5.12,0
31.91,15,2,1,0,0,0,0,3.3,1,2,16.07,0
38.38,16,2,1,0,1,0,1,9.4,0,3,78.49,0
34.22,12,3,2,0,1,0,0,26.8,1,1,14.61,0
101.06,12,0,5,0,2,0,0,31.6,2,0,14.03,0
63.42,18,3,0,0,0,0,0,67.2,1,0,7.71,0
29.48,10,1,0,0,0,0,0,0.6,1,2,10.8,0
36.28,20,4,0,0,1,0,0,25.3,2,0,11.15,0
6.17,15,2,2,0,0,0,0,30.5,1,2,28.49,0
12.92,18,0,1,0,0,0,0,43.3,0,1,62.65,0
20.87,15,3,0,0,0,0,0,123.8,2,2,21.36,0
7.89,15,7,2,0,0,0,0,6.1,1,1,16.22,0
110.74,22,4,1,0,1,0,0,71.9,1,4,16.0,0
28.55,17,3,4,0,0,0,0,114.8,1,2,39.3,0
38.33,10,2,0,0,1,0,0,90.6,0,0,14.42,0
218.62,16,4,1,0,0,1,0,29.8,1,1,117.73,0
7.66,17,1,4,0,0,0,0,9.2,2,6,57.82,0
27.36,17,2,1,0,0,0,0,56.5,2,1,27.27,0
58.75,20,1,0,0,0,0,0,39.1,0,0,16.63,0
18.16,11,0,1,1,0,0,0,26.8,0,3,54.42,0
33.13,12,4,0,0,1,0,0,80.9,4,1,49.21,0
18.89,10,3,2,0,0,0,1,332.6,4,4,11.87,1
19.07,15,5,3,0,1,0,1,55.2,3,5,51.69,0
23.75,8,1,4,0,0,0,0,8.6,1,3,64.55,0
344.95,23,8,4,3,9,1,1,77.9,1,6,55.2,1
11.21,16,1,1,0,1,0,0,33.3,2,3,10.69,0
16.74,8,3,1,0,0,0,0,154.3,1,1,33.0,0
24.32,10,1,0,0,0,0,0,4.2,0,2,51.93,0
10.7,11,2,1,0,0,0,0,49.5,3,0,7.72,0
74.28,17,3,1,0,0,0,0,4.3,0,3,36.64,0
103.5,14,0,2,0,0,0,0,95.8,1,0,133.83,0
22.62,11,1,2,0,0,0,1,62.1,1,1,7.89,0
29.79,12,0,1,0,0,0,0,67.8,1,5,6.87,0
8.18,17,2,1,0,0,0,0,27.2,2,2,42.43,0
148.06,15,3,1,0,2,0,0,35.6,2,1,25.21,0
12.59,19,1,1,0,2,0,0,68.5,1,1,68.89,0
33.1,19,2,1,0,0,0,0,32.6,1,1,27.83,0
36.78,9,1,1,0,0,0,0,74.9,0,1,126.05,0
80.07,12,1,1,0,0,0,0,8.8,1,0,55.42,0
27.46,12,1,2,0,0,0,0,51.4,3,2,8.77,0
49.58,18,3,3,0,1,1,0,57.6,4,2,36.47,0
27.2,19,4,3,1,0,0,0,50.0,0,2,96.55,0
36.97,8,3,2,0,0,0,0,64.0,2,2,13.56,0
17.73,16,0,0,0,1,1,0,16.4,0,2,23.27,0
17.65,16,0,0,0,0,0,0,37.1,2,3,23.54,0
48.03,15,0,1,0,0,0,0,22.0,0,2,71.28,0
39.9,14,2,0,0,0,0,0,14.7,0,2,33.05,0
8.4,17,3,0,0,0,0,0,109.9,1,3,27.21,0
40.46,18,1,0,1,0,0,0,7.3,2,1,31.9,0
5.26,18,2,2,0,0,0,0,27.3,1,2,20.25,0
124.52,14,0,1,0,0,0,1,24.7,1,0,46.09,0
8.66,19,1,0,0,0,0,0,32.9,1,4,60.37,0
57.7,20,2,3,0,0,1,0,79.8,0,1,54.14,0
34.0,11,2,0,0,0,1,0,20.4,0,1,12.72,0
45.46,17,2,3,0,0,0,0,58.6,2,2,128.9,0
11.74,12,4,1,0,1,0,0,37.0,3,0,5.0,0
57.14,14,3,1,0,1,0,0,9.0,1,2,24.83,0
3.96,14,0,1,0,0,0,0,36.1,0,2,22.25,0
29.61,11,0,0,0,0,0,0,115.2,1,1,23.96,0
11.61,12,2,2,0,0,0,1,144.0,3,3,10.45,0
41.34,10,5,1,0,1,0,0,43.2,3,1,16.53,0
20.96,12,4,3,0,0,0,0,51.7,2,0,76.52,0
13.61,10,2,2,0,0,0,0,22.1,0,2,19.71,0
19.01,9,2,0,0,0,0,0,10.6,1,4,53.99,0
2.95,17,0,2,0,1,0,1,83.9,1,1,33.54,0
10.7,20,1,2,0,0,0,0,5.7,1,1,248.56,0
179.86,1,3,4,1,3,0,1,101.6,3,4,32.93,0
10.78,13,2,1,0,0,1,0,59.4,1,1,26.19,0
14.53,20,3,1,0,0,0,0,44.1,0,2,23.84,0
115.28,14,2,0,0,0,0,0,0.4,1,1,106.36,0
45.28,17,2,0,0,0,1,0,106.9,0,1,12.71,0
49.08,19,1,1,0,0,0,0,60.8,0,1,27.51,0
17.91,11,1,1,0,1,0,0,7.0,0,3,29.77,0
32.37,12,0,1,0,2,0,0,97.4,2,2,26.68,0
6.27,14,2,1,0,1,0,0,63.3,2,3,50.01,0
27.62,21,1,0,0,1,0,0,12.7,0,1,14.43,0
33.7,14,4,5,0,3,0,0,78.0,3,0,18.15,0
130.74,14,2,0,0,0,0,0,130.8,1,1,41.48,0
218.01,8,2,5,0,0,0,0,265.9,2,5,9.43,0
7.2,16,0,1,0,1,1,0,17.3,0,1,19.75,0
27.46,9,0,3,0,0,0,0,56.9,0,3,27.55,0
56.73,11,1,0,0,0,0,0,12.7,2,2,27.23,0
9.04,16,1,1,0,0,0,0,106.5,0,2,13.49,0
105.41,19,4,2,0,0,0,0,163.4,2,3,21.61,0
11.23,17,1,0,1,0,0,0,44.1,2,2,61.91,0
6.28,14,2,3,0,0,0,0,99.5,0,3,26.6,0
37.72,16,1,2,0,1,0,0,14.8,0,2,7.79,0
47.0,13,1,0,0,0,0,0,47.3,0,3,13.64,0
24.56,9,1,1,0,0,0,0,51.8,1,2,65.56,0
3.77,19,2,0,0,0,0,0,31.0,1,0,11.51,0
43.73,13,2,0,0,0,0,0,18.3,1,1,6.88,0
31.65,10,2,0,0,0,0,0,61.8,1,0,8.94,0
70.06,20,8,5,2,2,1,0,50.0,5,9,19.44,1
13.66,20,3,2,0,0,0,0,78.1,0,1,21.64,0
35.27,10,4,4,0,0,0,0,16.1,0,2,15.7,0
11.66,13,1,0,0,0,0,0,110.7,1,2,40.93,0
60.95,14,1,2,0,0,0,0,6.0,0,0,37.87,0
56.06,18,0,2,0,0,0,0,27.2,3,1,15.99,0
30.32,10,3,2,0,0,0,0,33.9,0,0,36.4,0
7.26,17,2,2,0,0,0,1,44.6,2,2,50.48,0
23.88,12,1,1,0,1,0,0,16.5,0,3,32.05,0
32.48,14,1,2,0,0,0,0,22.0,0,1,47.58,0
1210.94,22,6,1,0,2,0,0,49.4,3,3,17.75,0
43.01,8,2,2,0,0,0,0,87.1,1,3,93.86,0
11.83,9,3,1,0,2,1,0,87.1,3,1,41.67,0
85.13,10,4,0,0,0,0,0,78.0,0,3,11.45,0
22.06,9,2,0,0,0,0,0,17.9,1,1,38.41,0
72.68,18,3,3,0,4,0,0,10.0,2,6,84.46,0
18.05,17,1,3,0,0,0,0,31.7,2,0,54.88,0
134.95,12,2,2,0,1,0,0,21.3,0,1,6.6,0
31.91,17,2,1,0,0,0,0,27.4,0,1,76.17,0
97.15,20,1,2,0,0,0,0,9.1,1,2,11.64,0
40.9,8,4,0,0,0,0,0,28.2,4,1,30.25,0
26.16,10,5,1,0,0,0,0,58.4,0,1,82.93,0
9.14,15,4,3,1,2,0,0,42.3,2,2,20.45,1
239.34,23,9,4,1,3,0,1,85.4,3,1,116.45,0
54.16,20,2,0,0,0,0,0,4.2,1,1,27.82,0
30.73,17,1,2,0,1,0,0,21.3,2,1,88.91,0
20.14,19,1,0,0,0,0,0,2.0,0,1,72.38,0
74.32,17,0,1,0,0,0,0,34.6,0,2,2.34,0
113.53,3,7,5,0,2,1,1,431.5,2,5,24.96,1
80.49,9,1,1,0,0,0,0,47.1,0,0,57.74,0
11.15,14,1,0,0,0,0,0,20.9,2,4,6.61,0
14.08,20,3,3,0,0,0,0,18.0,0,1,6.8,0
173.45,8,2,1,0,0,0,0,31.1,1,0,13.19,0
35.49,17,3,1,1,2,0,0,127.8,0,2,38.83,0
42.64,14,0,2,0,0,0,0,5.5,0,4,50.18,0
16.0,10,2,0,0,1,0,0,30.3,1,4,44.79,0
23.7,18,2,0,0,2,0,0,2.2,3,2,8.24,0
100.09,11,2,2,0,0,0,0,4.6,1,2,13.52,0
44.89,15,4,0,0,0,0,0,88.2,0,0,46.99,0
23.76,17,1,2,0,1,0,0,37.1,0,1,84.92,0
134.91,17,3,2,0,0,0,0,34.8,1,4,4.23,0
14.88,19,2,0,0,1,0,0,71.8,0,3,58.78,0
25.16,10,4,1,0,0,0,0,22.5,2,2,8.45,0
74.69,12,3,1,0,0,0,0,23.6,0,2,44.72,0
70.84,14,2,1,0,0,0,0,44.9,0,0,136.68,0
50.33,3,6,5,1,3,1,1,50.0,5,4,6.43,1
81.3,19,3,0,0,0,0,0,4.0,1,2,9.2,0
16.99,19,3,0,1,0,0,0,64.0,2,4,10.57,1
12.93,17,6,1,0,0,0,0,38.5,2,0,3.26,0
62.74,13,4,2,0,1,0,0,17.8,1,0,7.58,0
9.95,14,1,2,0,0,0,0,4.5,1,4,18.05,0
150.61,21,2,1,0,0,0,0,35.6,2,3,152.01,0
24.26,14,2,1,0,0,0,0,54.0,2,2,43.6,0
16.69,11,0,3,0,1,0,0,47.3,0,2,182.34,0
11.36,9,0,1,0,0,0,0,62.7,2,0,12.54,0
35.18,15,4,5,0,0,0,0,88.5,0,2,7.13,0
10.55,19,1,1,0,0,0,0,24.7,2,0,6.34,0
162.02,18,1,0,0,0,0,0,41.1,0,3,34.13,0
21.02,18,1,1,0,1,0,1,33.1,3,1,24.24,0
12.03,17,1,0,0,0,0,0,82.6,0,2,24.74,0
51.36,12,3,0,0,0,0,1,8.0,0,0,43.52,0
18.1,15,0,0,0,0,0,0,9.5,3,4,37.01,0
9.91,19,1,3,0,0,0,0,73.0,1,1,7.06,0
8.34,17,3,1,0,0,0,0,25.2,2,0,10.99,0
27.9,10,3,0,0,0,0,0,2.5,1,0,55.53,0
56.65,9,2,2,0,0,0,0,35.9,1,0,23.54,0
122.02,16,2,0,0,1,0,0,30.9,0,3,3.15,0
52.67,20,1,0,0,0,0,0,33.3,2,0,5.24,0
13.32,9,1,1,1,1,0,0,114.1,1,1,117.74,0
53.79,9,1,1,0,0,0,1,54.7,0,2,40.59,0
10.11,18,3,4,0,0,0,0,0.8,2,1,9.93,0
83.85,11,1,1,0,0,0,0,35.5,2,1,7.54,0
6.5,19,1,1,0,0,0,0,65.3,2,2,58.88,0
73.28,11,1,0,0,0,0,0,16.2,1,3,47.39,0
20.81,15,1,0,0,0,0,0,60.3,3,1,196.38,0
32.24,18,0,2,0,0,0,0,17.2,1,0,15.3,0
35.09,12,2,0,0,0,0,0,24.4,2,1,20.28,0
19.94,8,1,1,0,0,0,0,26.3,1,0,255.01,0
86.07,22,4,2,0,2,1,1,165.4,2,5,29.09,0
25.12,8,3,2,0,0,0,0,42.2,1,6,388.98,0
36.94,10,2,3,0,1,0,0,129.4,5,0,25.68,0
176.2,9,5,4,0,2,0,1,36.2,1,4,15.66,0
45.13,9,3,1,0,1,0,0,15.2,1,0,121.26,0
7.99,9,4,0,0,1,0,0,66.6,2,1,35.39,0
22.38,0,11,2,0,0,0,0,57.5,2,3,18.44,0
17.52,19,0,1,0,0,0,0,62.6,1,0,20.47,0
40.24,12,3,1,0,0,0,0,93.4,1,1,15.87,0
22.48,14,2,2,0,0,0,0,19.0,1,2,87.35,0
18.0,12,0,1,0,0,0,0,66.1,2,1,42.73,0
79.83,21,7,3,1,1,0,0,98.6,1,3,18.22,0
24.11,21,3,1,0,0,0,0,19.7,3,1,7.85,0
14.52,11,4,1,0,0,0,0,5.4,0,0,5.03,0
66.16,20,5,4,0,1,0,1,408.3,1,4,15.77,0
48.08,20,2,2,0,0,0,0,58.1,1,1,21.01,0
115.13,9,8,1,1,2,0,0,105.0,2,1,22.03,0
33.99,20,2,1,0,0,0,0,10.8,5,0,45.92,0
82.68,12,3,0,0,0,0,0,135.3,3,1,10.85,0
51.39,4,7,5,1,4,1,1,73.1,4,8,24.69,1
143.8,20,2,0,0,0,0,0,5.9,2,1,23.62,0
10.0,20,5,5,0,1,0,1,329.5,2,5,34.72,0
12.85,19,2,3,0,1,0,0,76.4,2,2,7.13,0
29.08,11,3,1,0,2,0,0,7.9,1,1,3.68,0
22.04,8,2,0,0,0,0,0,111.7,2,1,63.06,0
55.48,9,1,0,0,0,0,0,13.5,0,0,160.29,0
20.77,11,3,1,0,0,0,0,19.4,0,2,11.29,0
34.76,14,2,0,0,1,0,0,66.4,3,1,10.1,0
121.72,14,1,2,0,1,0,0,112.5,1,2,9.82,0
82.35,19,3,2,0,0,0,0,10.7,2,0,22.21,0
24.4,14,4,0,0,0,0,0,1.1,4,0,191.35,0
88.27,19,4,1,0,0,0,0,89.4,0,2,13.06,0
19.79,16,3,0,0,0,0,0,31.6,2,1,10.59,0
13.88,19,1,4,0,1,1,0,39.7,1,0,7.87,0
21.04,12,1,1,0,2,0,0,10.7,2,0,46.66,0
126.24,15,2,1,0,0,0,0,28.9,1,3,35.73,0
14.76,12,2,1,0,1,0,0,27.9,3,1,112.93,0
34.99,19,1,0,0,1,0,0,209.9,3,1,41.43,0
30.93,9,1,2,0,1,0,0,7.2,0,1,59.8,0
32.46,11,1,0,0,0,0,0,70.4,0,4,88.02,0
39.64,20,6,1,0,0,0,0,45.5,0,1,52.39,0
67.75,19,1,0,0,1,0,0,49.4,1,1,42.88,0
14.13,17,0,0,0,0,0,0,6.0,2,4,12.43,0
45.13,9,1,1,0,1,0,0,11.6,1,2,12.25,0
71.99,17,2,0,0,3,0,0,35.6,1,0,29.31,0
650.31,16,7,3,0,3,1,0,115.6,1,4,13.84,0
19.79,13,1,1,0,1,0,0,80.0,4,1,40.15,0
14.69,10,3,1,0,1,0,0,81.9,1,2,20.78,0
39.35,11,5,2,0,0,0,0,42.0,2,2,6.23,0
220.85,11,2,1,0,0,0,0,0.5,2,1,24.12,0
44.0,19,3,1,0,0,0,0,10.6,1,0,7.93,0
17.17,12,5,0,0,0,0,0,101.7,3,1,31.86,0
22.0,16,2,1,0,0,0,0,61.6,1,3,15.79,0
10.19,13,0,0,0,0,0,0,36.2,0,0,52.77,0
49.66,19,4,1,0,0,0,0,139.2,1,2,17.04,0
6.28,18,0,0,0,0,0,0,104.4,1,1,100.23,0
9.2,13,5,1,0,0,0,0,89.9,0,2,33.97,0
9.41,16,3,0,0,0,0,0,8.6,2,0,8.56,0
21.62,10,0,1,0,1,0,0,41.5,1,0,7.53,0
26.46,17,2,1,0,0,1,0,5.3,0,3,18.45,0
27.11,12,2,0,0,0,0,0,40.9,2,0,16.4,0
55.48,21,6,1,0,0,0,0,171.4,3,5,27.6,0
17.19,10,0,0,0,1,0,0,16.2,0,1,16.5,0
38.16,21,1,0,0,0,0,0,18.9,2,2,10.15,0
84.09,8,4,3,0,0,0,0,165.9,2,1,17.19,0
206.01,21,1,2,0,0,0,0,13.3,2,0,109.6,0
23.45,9,1,0,0,1,0,0,54.9,0,1,8.25,0
37.52,22,4,4,0,3,0,1,563.3,2,2,86.44,0
23.95,12,2,1,0,0,0,0,91.7,3,2,19.32,0
384.63,9,5,3,1,2,1,0,16.2,4,4,74.17,0
9.88,18,0,1,0,0,0,0,12.7,0,0,30.03,0
33.39,10,0,0,0,0,0,0,21.3,0,1,32.28,0
5.88,9,1,2,0,0,0,0,22.5,1,1,12.19,0
6.65,9,1,1,0,0,0,0,66.6,0,2,45.23,0
13.26,5,7,3,0,3,1,0,317.1,4,3,49.76,0
20.17,16,3,2,0,0,1,0,13.2,1,2,38.44,0
2.99,19,3,2,0,0,0,0,61.3,3,3,9.71,0
3.4,14,4,1,0,1,0,0,0.3,2,2,54.49,0
28.62,20,1,1,0,1,0,0,200.2,3,2,55.52,0
34.7,20,2,1,0,0,0,0,137.7,1,1,6.0,0
40.77,17,1,2,0,0,0,0,215.6,0,1,70.78,0
21.85,8,2,0,0,1,0,0,53.7,0,3,94.74,0
844.52,23,11,5,0,5,1,0,1157.3,7,6,30.63,1
28.17,12,5,0,0,0,0,0,24.1,1,1,12.44,0
19.21,16,2,5,0,0,0,0,100.1,3,2,14.2,0
53.7,12,0,0,0,1,0,0,86.1,0,0,22.06,0
30.12,13,2,2,0,0,0,0,80.4,0,2,23.22,0
26.14,17,2,2,1,0,0,0,5.2,1,0,10.36,0
43.18,19,0,1,1,0,0,0,16.2,0,1,12.11,0
154.87,17,9,7,3,4,0,0,73.1,1,8,45.39,1
26.1,22,5,4,0,1,0,0,424.5,1,1,15.08,0
21.74,10,1,0,0,0,0,0,33.1,3,0,14.11,0
4.19,15,0,0,0,0,0,0,5.3,1,4,39.22,0
27.46,19,0,3,0,1,0,0,13.5,5,1,34.61,0
34.16,10,1,0,0,1,0,0,96.4,1,1,14.56,0
31.36,18,2,0,0,0,0,0,4.6,1,2,15.19,0
92.31,21,1,1,0,0,0,0,97.1,1,3,11.31,0
38.61,19,0,9,1,2,0,0,335.9,4,4,13.41,0
76.26,17,1,1,0,0,0,0,28.8,1,3,34.19,0
21.68,18,1,0,1,0,0,0,72.1,3,2,27.37,0
6.47,13,1,0,0,0,0,0,8.4,2,4,58.16,0
398.32,1,3,4,0,2,1,1,93.0,5,4,162.3,0
27.18,17,4,1,0,1,0,0,4.6,1,3,6.42,0
5.25,19,3,2,1,0,0,0,81.1,1,1,24.03,0
16.24,19,1,2,0,0,0,0,76.3,0,1,38.92,0
16.52,10,4,0,0,0,0,0,19.2,0,1,8.46,0
36.81,12,2,1,0,0,0,0,0.5,2,4,18.23,0
20.81,13,2,2,0,0,0,0,26.2,1,2,7.43,0
43.33,19,0,0,0,0,0,0,160.4,0,0,67.39,0
1.36,11,1,0,0,0,0,0,21.1,2,0,40.1,0
26.19,15,3,1,0,0,0,0,77.7,3,2,13.17,0
31.42,18,1,4,0,0,0,0,12.2,0,2,12.99,0
58.83,10,5,3,0,2,1,0,67.7,1,5,32.7,0
74.36,21,1,1,0,0,0,1,27.2,1,1,21.16,0
64.36,10,3,0,0,0,0,0,48.8,2,1,84.36,0
144.78,10,1,2,0,0,0,0,70.0,4,1,59.62,0
59.87,12,2,3,0,0,0,0,31.0,1,2,18.33,0
30.88,11,1,4,0,0,0,0,115.9,2,2,20.18,0
62.34,16,2,2,0,0,0,0,75.5,2,1,14.94,0
76.27,12,3,4,0,0,0,0,30.9,1,2,13.92,0
23.16,21,6,1,0,0,0,0,20.8,1,2,196.83,0
14.61,0,10,5,0,2,0,0,650.9,7,9,22.93,1
6.6,12,2,0,0,2,0,0,55.8,1,3,12.55,0
4.2,13,3,2,0,0,0,0,34.8,1,0,62.96,0
27.54,14,1,2,0,0,0,1,10.5,2,2,3.81,0
14.65,10,0,2,0,0,0,0,248.0,0,0,7.16,0
26.61,13,2,0,0,2,0,0,33.0,1,2,4.58,0
17.92,16,2,0,0,2,0,0,9.6,1,1,12.07,0
18.59,15,4,0,0,0,0,0,138.7,0,2,40.97,0
10.14,9,3,1,0,1,0,0,63.8,3,1,17.75,0
7.96,15,1,3,0,1,0,0,66.6,0,3,15.17,0
116.94,12,3,1,0,0,0,0,35.0,1,2,104.98,0
529.01,15,4,4,0,3,0,1,108.0,2,1,10.69,0
153.43,7,4,4,1,0,0,1,550.3,6,2,43.35,0
5.72,15,3,3,0,1,0,0,35.0,2,0,20.24,0
20.44,13,0,1,0,0,0,0,16.9,1,0,26.3,0
102.1,21,9,6,3,5,0,1,481.8,7,4,81.81,1
170.73,13,7,8,0,3,1,0,256.4,1,3,7.36,0
69.63,17,4,2,1,2,0,1,195.1,2,3,263.58,0
11.29,21,3,0,0,0,0,0,21.4,1,2,43.0,0
660.31,1,7,6,0,1,1,1,41.4,6,1,41.31,0
9.79,18,0,1,0,0,0,0,166.0,1,0,75.27,0
42.91,19,4,1,0,0,0,0,51.3,0,3,94.2,0
173.68,20,4,0,0,1,0,0,27.4,2,0,19.02,0
36.28,15,0,1,0,0,0,0,40.5,3,0,10.1,0
20.32,16,3,2,0,2,0,1,193.1,1,3,44.95,0
15.76,13,2,0,0,0,0,0,32.0,0,1,127.68,0
28.25,17,1,0,0,1,0,0,52.2,1,4,26.12,0
126.51,21,4,1,0,0,0,0,1.6,0,0,31.14,0
28.15,16,1,2,0,0,0,0,4.2,0,2,31.72,0
8.27,14,2,0,0,0,0,0,53.2,3,1,222.32,0
23.02,9,1,1,0,1,0,0,1.4,0,3,17.35,0
8.59,11,3,0,0,0,0,0,6.1,0,3,35.22,0
23.83,17,1,0,0,0,0,0,86.7,2,1,42.86,0
170.38,9,4,2,0,4,1,1,10.0,1,5,60.94,0
12.67,18,4,0,0,0,0,0,73.8,2,2,6.73,0
6.13,11,3,1,0,0,0,0,22.6,3,2,71.75,0
9.98,14,3,2,0,0,0,0,45.9,2,1,12.68,0
23.77,16,1,1,0,0,0,0,100.3,0,0,18.98,0
340.42,0,1,0,2,2,0,0,65.8,1,4,6.72,0
12.98,17,3,1,0,0,0,0,72.3,4,3,29.71,0
8.75,15,0,1,0,0,0,0,128.6,0,1,8.98,0
11.92,15,3,2,0,0,0,0,69.3,1,3,42.33,0
12.85,15,1,0,0,0,0,0,15.8,0,1,62.27,0
76.25,9,3,1,0,0,0,0,11.0,1,0,11.11,0
84.19,14,3,0,0,0,0,1,2.5,2,1,13.39,0
16.43,15,0,1,0,0,0,0,29.0,1,3,104.63,0
1.91,16,4,0,0,0,0,0,13.9,1,1,10.83,0
4.73,11,2,0,0,1,0,0,145.1,0,1,18.71,0
15.11,8,2,1,0,0,0,0,90.9,3,2,15.47,0
50.92,8,4,1,0,1,0,0,133.7,1,0,120.81,0
12.03,19,0,0,0,0,0,0,30.1,1,2,7.22,0
22.53,20,1,0,0,1,0,0,116.1,2,3,11.43,0
20.34,14,3,0,0,0,0,0,58.8,1,3,45.73,0
11.71,9,0,1,0,0,0,0,167.2,2,1,48.18,0
26.26,20,3,1,0,0,0,0,76.1,0,1,6.24,0
124.84,22,10,3,0,5,1,1,86.8,6,3,143.78,1
87.72,18,8,6,3,6,1,0,185.8,4,5,31.91,1
41.51,14,1,1,0,0,0,0,30.3,1,1,12.07,0
32.16,11,4,2,0,0,0,0,10.2,0,0,31.02,0
20.46,18,1,0,0,1,0,0,16.4,2,3,56.19,0
26.6,19,2,1,0,0,0,0,81.4,2,2,5.37,0
201.97,15,3,7,0,1,0,1,262.6,0,3,34.2,0
226.0,17,2,0,0,0,0,0,24.1,3,2,49.13,0
6.97,11,5,0,0,1,0,0,2.2,1,1,11.66,0
33.14,21,2,0,1,0,1,0,127.7,2,1,28.1,0
18.65,14,3,3,0,1,1,0,7.1,0,4,14.58,0
16.5,15,2,2,0,0,1,0,15.2,0,2,112.38,0
65.07,9,2,2,0,0,0,0,67.8,2,0,2.09,0
6.26,18,2,0,0,0,0,1,21.3,1,1,21.25,0
22.05,14,1,0,0,1,1,0,17.1,0,1,20.56,0
291.2,17,7,6,1,4,0,1,692.4,6,2,41.29,1
32.91,16,3,3,0,0,0,0,14.3,2,0,26.62,0
15.45,17,2,1,0,1,0,0,6.5,1,1,24.42,0
97.92,17,4,5,3,3,0,1,86.1,4,4,9.78,1
5.41,18,2,0,0,0,0,0,98.2,3,1,9.4,0
6.91,19,2,1,0,0,0,0,4.5,2,1,62.5,0
5.59,17,0,1,0,0,0,0,16.9,2,3,107.77,0
50.57,13,0,2,0,0,0,0,170.5,1,1,75.84,0
5.15,11,1,2,1,0,0,1,112.8,3,3,19.51,0
113.32,18,2,1,0,0,0,0,57.3,1,2,39.11,0
47.22,9,1,1,0,0,0,0,51.5,1,1,114.11,0
20.57,10,3,0,1,1,0,0,118.4,1,1,86.07,0
132.87,2,4,4,1,1,0,1,25.0,2,0,7.52,0
62.8,10,1,1,0,0,0,0,0.6,1,3,47.95,0
4.97,10,2,0,0,1,0,0,51.3,1,1,14.94,0
118.82,12,3,1,0,0,0,0,0.4,0,0,18.79,0
27.71,16,0,3,0,0,0,0,95.7,3,3,148.64,0
30.47,12,1,0,0,0,0,0,47.4,1,1,38.93,0
42.9,9,1,0,0,0,0,0,33.0,0,2,22.49,0
3.55,18,1,1,1,0,0,0,1.2,1,1,16.95,0
1.69,13,1,0,0,0,0,0,51.6,1,2,110.46,0
62.64,19,1,2,0,0,0,0,11.1,3,1,38.78,0
26.66,14,2,1,0,0,0,0,56.4,1,0,11.94,0
127.23,15,1,3,0,0,0,0,323.3,0,2,26.97,0
5.73,18,1,2,0,0,0,0,24.1,0,0,18.53,0
12.85,8,2,0,0,0,0,0,19.4,0,4,72.66,0
36.09,9,1,1,0,0,0,0,38.7,1,1,10.28,0
24.28,8,1,1,0,0,0,0,120.7,1,0,9.75,0
31.29,18,3,2,0,0,0,1,65.5,1,3,32.48,0
9.76,9,4,1,0,0,0,1,4.1,2,6,91.28,0
463.85,23,11,7,0,3,0,1,1130.7,6,5,32.62,1
23.25,18,1,0,0,0,0,0,12.1,3,0,100.36,0
42.04,8,0,1,0,0,0,0,1.1,0,0,69.86,0
13.92,17,2,0,0,0,0,0,54.4,1,1,28.88,0
18.49,9,4,0,0,0,0,0,56.4,2,1,7.18,0
17.04,17,2,1,0,0,0,0,66.7,1,0,24.44,0
35.31,16,1,1,0,0,0,0,0.9,1,2,189.47,0
15.44,18,1,1,0,1,0,0,120.3,0,0,9.35,0
489.96,17,1,3,0,0,0,0,61.6,0,0,52.96,0
7.69,10,2,0,0,0,0,1,65.6,0,3,42.87,0
46.13,17,2,0,0,4,0,0,16.3,1,1,24.99,0
9.9,15,2,0,0,0,0,0,30.0,1,2,61.78,0
27.15,10,0,2,0,0,0,0,86.6,0,1,67.58,0
56.38,9,0,0,0,0,0,0,24.0,2,1,67.02,0
13.65,19,1,0,0,1,0,0,15.3,0,1,10.18,0
25.72,18,4,0,0,0,0,0,165.5,4,0,111.53,0
135.28,3,2,2,0,1,0,0,132.5,3,1,13.29,0
7.1,20,1,0,0,0,0,0,14.0,2,2,6.77,0
21.93,9,1,1,0,1,0,0,1.0,2,1,14.45,0
15.45,17,1,4,0,0,0,0,28.0,0,2,83.46,0
12.43,18,2,1,0,0,0,0,46.8,1,2,24.29,0
6.48,11,3,3,0,1,1,0,68.6,0,0,15.42,0
32.13,15,1,0,0,0,0,1,48.4,0,2,6.07,0
4.19,8,3,0,1,0,0,0,26.2,1,0,15.62,0
4.56,12,6,2,0,0,0,0,65.3,1,1,41.62,0
19.97,13,2,1,0,0,0,0,17.2,2,2,41.16,0
6.84,14,3,1,0,0,0,1,4.4,3,0,54.77,0
18.61,11,1,1,0,1,0,0,71.2,2,2,49.23,0
29.15,14,1,0,1,0,0,0,40.7,3,1,24.42,0
9.51,21,2,6,0,0,0,0,14.7,1,2,12.8,0
14.12,19,1,0,0,0,0,0,10.1,0,2,30.15,0
52.44,12,2,2,0,0,0,0,39.2,1,0,91.21,0
5.27,12,1,2,0,0,0,0,19.1,3,1,55.68,0
25.83,16,3,1,0,0,0,0,54.4,0,0,105.84,0
108.68,17,1,1,0,0,0,0,3.3,3,2,10.38,0
24.73,20,2,2,0,1,0,0,30.7,2,3,2.58,0
8.5,19,3,0,0,0,0,0,7.3,2,0,55.96,0
1.65,14,2,0,0,0,1,0,10.9,0,2,29.64,0
52.21,1,12,4,0,4,1,0,306.6,3,2,7.19,1
31.72,14,1,0,0,0,0,0,17.2,1,1,5.36,0
125.28,16,2,1,0,0,0,0,52.6,3,1,8.3,0
28.71,11,5,1,0,0,0,0,9.2,0,2,11.18,0
7.26,10,2,1,0,0,0,0,89.6,0,1,9.24,0
8.33,12,1,2,0,0,0,0,53.9,0,0,24.66,0
7.46,12,3,1,0,1,0,0,18.4,1,0,71.3,0
52.72,17,2,1,0,1,0,0,8.0,0,1,32.88,0
19.19,16,2,1,0,0,0,0,80.9,1,1,21.34,0
32.77,10,5,1,0,0,0,0,19.1,4,3,15.65,0
35.11,10,3,1,0,0,0,0,9.1,1,2,79.61,0
76.69,12,0,2,0,0,0,0,103.4,2,2,11.44,0
382.69,5,13,5,4,3,1,1,180.0,2,6,13.51,1
159.96,16,3,2,0,0,0,0,54.5,2,3,8.47,0
25.02,14,1,0,0,0,0,0,8.1,1,2,21.23,0
13.15,20,2,0,0,0,0,1,49.4,4,3,73.17,0
22.2,12,1,2,0,0,0,1,137.6,0,1,40.62,0
28.87,12,1,1,0,1,0,0,39.0,0,2,6.65,0
20.41,9,1,1,0,0,0,1,19.1,2,1,8.44,0
45.27,21,0,0,0,0,0,0,27.7,2,2,8.06,0
74.03,14,3,0,0,0,0,0,14.9,1,1,11.83,0
9.54,9,1,0,0,0,0,1,3.2,3,1,44.49,0
140.89,2,9,4,0,1,1,0,172.7,5,0,15.58,0
16.62,18,12,4,0,2,1,0,55.9,0,2,53.05,0
9.7,11,1,0,0,0,0,0,37.3,1,1,26.4,0
62.34,10,1,1,0,0,0,0,39.5,2,0,70.08,0
51.39,9,3,0,0,0,0,0,106.7,4,1,5.71,0
10.28,13,3,3,0,0,0,0,7.2,0,5,24.0,0
134.58,19,4,0,0,0,0,0,3.4,2,1,28.0,0
6.79,14,2,1,0,0,0,0,139.8,0,2,89.51,0
19.59,13,2,2,2,2,0,1,54.6,0,0,90.34,0
109.61,17,3,0,0,0,0,0,4.9,2,1,23.95,0
19.54,18,2,2,0,0,0,0,35.8,1,0,124.55,0
8.48,8,0,0,0,0,0,1,10.8,2,5,24.57,0
38.0,10,3,4,0,0,0,0,12.4,0,4,15.99,0
165.14,16,5,1,0,0,0,0,31.2,2,2,24.92,0
31.15,12,1,2,0,1,0,0,2.3,1,2,11.39,0
13.12,17,2,1,0,0,0,0,13.1,2,0,54.52,0
62.32,22,6,3,1,1,0,1,249.5,0,3,46.59,0
293.59,18,1,0,0,0,0,0,17.3,0,2,34.47,0
20.84,9,0,2,0,1,0,1,15.7,1,1,8.07,0
43.71,13,1,2,0,0,0,0,40.3,0,4,41.06,0
6.09,20,1,0,0,0,0,0,8.0,2,2,12.62,0
19.86,9,2,0,0,0,0,0,124.8,1,1,39.24,0
132.54,12,0,0,0,1,0,0,37.1,2,2,31.01,0
81.01,21,2,0,0,1,0,0,23.8,1,0,5.52,0
7.05,9,2,2,0,0,0,0,169.9,0,1,63.95,0
21.83,19,3,0,0,0,0,0,42.9,0,1,10.0,0
25.97,14,2,0,0,2,0,0,36.6,3,2,65.54,0
49.09,11,2,1,0,1,0,0,2.2,0,1,28.49,0
94.64,14,2,1,0,0,0,0,87.6,1,1,86.95,0
18.35,17,1,0,0,0,0,0,39.3,1,1,8.76,0
6.49,20,2,0,0,0,0,0,54.0,2,1,14.74,0
15.96,10,3,1,0,0,0,0,42.4,2,1,4.67,0
23.52,16,0,3,0,0,0,1,133.7,1,0,26.7,0
7.3,13,4,1,0,0,0,0,4.2,1,5,46.16,0
152.86,5,4,2,0,1,0,1,705.4,2,2,13.25,0
50.59,8,0,1,0,0,0,0,32.6,0,1,166.53,0
4.37,10,1,2,0,0,0,0,17.8,2,1,18.26,0
5.09,17,5,1,0,0,0,0,143.1,1,2,39.63,0
44.53,8,1,1,2,0,0,0,10.0,1,2,7.68,0
41.68,9,2,2,1,1,0,1,34.7,0,2,25.55,0
53.32,10,7,1,1,4,0,1,728.5,5,5,37.74,0
13.68,9,2,1,0,0,0,0,104.1,1,2,24.51,0
15.73,19,1,1,0,1,0,0,71.4,3,1,62.33,0
18.4,16,1,0,0,0,0,0,1.7,1,0,13.56,0
58.6,12,0,0,0,0,0,0,34.6,1,1,15.95,0
87.03,10,3,3,0,1,0,0,113.2,0,1,16.57,0
62.26,17,0,2,0,0,0,0,63.2,2,2,66.2,0
42.85,15,1,1,0,1,0,0,23.7,1,0,24.91,0
24.44,18,5,0,0,0,0,0,12.3,3,2,40.07,0
94.65,17,0,0,0,0,0,0,78.7,4,0,70.3,0
34.74,14,1,1,0,0,0,0,80.3,0,1,40.57,0
15.84,17,2,0,0,0,0,0,160.8,2,1,39.33,0
10.57,9,4,1,0,0,0,0,70.9,3,3,6.65,0
59.31,10,0,0,0,0,0,0,25.8,0,3,49.66,0
45.42,17,3,0,0,0,0,0,52.9,1,2,89.27,0
33.3,18,0,0,0,0,0,1,119.6,1,2,40.16,0
10.08,8,2,1,0,0,0,0,43.0,1,5,32.92,0
5.33,17,2,1,0,1,0,0,98.9,1,2,37.02,0
42.36,11,0,1,0,0,0,0,118.9,1,0,31.05,0
35.72,18,4,4,0,1,0,0,53.5,1,1,12.99,0
17.01,17,2,1,0,0,0,0,123.6,0,0,115.4,0
31.17,1,10,0,0,4,0,1,417.8,3,3,18.08,0
4.35,20,1,4,0,1,0,0,0.4,3,0,8.22,0
14.97,8,1,0,0,0,0,0,28.3,2,1,19.96,0
16.75,14,2,2,0,1,0,0,54.0,0,1,4.48,0
30.06,9,1,1,0,0,0,0,2.6,1,1,17.88,0
32.57,20,1,2,0,0,0,0,76.1,1,1,9.53,0
31.26,12,4,2,0,1,1,0,39.5,1,2,51.46,0
10.42,20,1,2,0,0,0,0,3.4,3,0,256.37,0
8.73,20,2,1,0,0,0,0,38.9,2,2,56.18,0
72.56,13,1,0,0,0,1,0,16.3,3,1,28.83,0
11.29,13,2,2,0,1,0,0,23.2,0,3,63.78,0
105.35,10,3,2,0,0,0,0,169.3,1,3,26.49,0
5.22,8,1,0,0,0,0,0,8.9,2,2,8.71,0
40.95,20,0,3,1,0,0,0,100.5,0,3,27.22,0
5.97,15,3,1,0,0,0,0,96.2,1,3,49.65,0
189.57,9,2,0,0,0,0,0,21.9,3,1,9.59,0
20.35,14,5,0,0,0,0,0,15.5,1,3,147.11,0
75.47,18,7,4,2,2,0,0,435.1,2,3,13.58,0
43.66,21,4,1,1,1,0,0,109.8,1,1,32.29,0
7.9,14,3,3,0,0,0,1,82.5,0,1,151.57,0
14.95,17,1,0,0,0,0,0,43.9,1,1,42.78,0
12.77,10,2,0,0,2,0,0,76.6,2,1,52.65,0
26.84,10,1,0,0,0,0,0,5.4,0,0,7.96,0
2.65,17,2,1,0,0,0,0,82.2,4,0,7.48,0
29.62,18,0,1,0,1,0,0,21.3,0,3,22.34,0
5.62,18,4,1,0,0,0,0,8.1,3,1,67.82,0
16.76,5,4,4,0,1,1,0,55.2,7,1,40.58,0
16.86,14,5,0,0,0,0,0,68.3,3,1,32.49,0
28.23,13,4,0,0,0,0,0,1.2,1,1,21.9,0
62.03,21,3,0,0,0,0,0,89.7,1,2,25.25,0
49.7,19,1,0,0,1,0,0,4.1,1,1,9.93,0
21.78,13,1,1,0,1,0,1,21.5,1,3,12.06,0
87.84,10,1,0,0,0,0,0,17.7,2,0,104.69,0
12.3,11,1,0,0,0,0,0,71.6,1,1,13.27,0
21.47,8,1,0,0,1,0,0,64.0,1,2,36.83,0
24.73,13,3,0,0,0,0,0,16.3,2,2,13.41,0
17.29,10,5,1,0,1,0,0,121.6,0,1,29.37,0
7.95,16,1,1,0,0,0,0,41.8,2,4,28.54,0
16.36,4,5,6,2,3,0,1,60.9,2,2,33.0,0
14.49,18,0,1,0,1,0,0,8.1,1,0,6.64,0
60.4,9,3,2,0,1,1,0,253.7,2,1,33.33,0
29.53,18,5,1,0,0,0,0,39.1,1,4,42.26,0
452.49,19,4,6,1,2,1,1,291.2,4,5,29.21,1
34.92,11,3,0,0,0,0,0,18.5,2,2,8.54,0
140.33,11,1,0,0,0,0,0,14.9,0,0,7.49,0
19.24,20,0,2,0,1,0,0,73.4,0,1,6.04,0
9.45,16,1,1,0,1,0,0,126.6,1,2,16.08,0
12.04,11,0,2,0,0,0,0,0.6,0,2,38.22,0
25.91,8,0,3,0,0,0,0,0.1,3,0,63.95,0
71.6,1,3,5,0,3,0,0,61.9,2,2,22.21,0
32.31,10,1,0,0,0,0,0,5.0,0,3,6.57,0
11.39,18,4,1,0,0,0,0,112.6,0,1,37.75,0
8.84,20,1,1,0,1,0,0,28.2,1,1,20.76,0
174.36,15,3,0,0,0,0,0,15.0,2,1,44.9,0
280.61,5,9,5,0,9,1,1,446.6,4,3,20.06,1
11.21,18,4,2,0,0,1,0,24.4,1,1,13.27,0
12.74,14,3,0,0,1,0,0,0.2,4,3,5.62,0
16.75,13,3,0,0,0,1,1,105.6,1,1,15.85,0
8.57,13,2,2,0,0,0,0,80.4,1,1,5.55,0
28.42,10,3,4,0,0,0,0,98.9,0,1,30.77,0
55.62,9,4,0,1,0,0,0,56.3,1,3,27.78,0
41.95,9,3,2,0,0,0,0,3.7,0,3,22.42,0
18.22,11,2,0,0,0,0,0,45.4,1,4,21.54,0
136.18,13,10,7,0,1,0,1,27.3,1,4,32.46,0
11.81,12,3,1,0,0,0,0,146.7,0,1,27.71,0
517.29,15,2,6,0,2,1,1,10.0,1,0,111.73,0
20.94,15,2,0,0,0,0,0,56.1,0,1,123.19,0
35.7,8,4,1,0,1,0,0,90.1,1,0,65.4,0
30.94,13,2,0,0,1,0,0,0.1,0,0,91.92,0
39.26,19,2,1,0,0,0,0,117.5,1,1,7.15,0
19.64,18,2,2,0,1,0,0,28.0,3,0,19.99,0
38.57,15,4,1,0,0,0,1,22.1,2,1,7.86,0
28.21,10,2,2,0,1,0,0,18.8,0,1,28.07,0
46.48,11,1,1,0,0,0,0,69.9,1,0,79.24,0
65.8,15,1,1,0,0,0,0,89.4,3,1,19.76,0
19.11,15,0,0,0,0,0,0,22.9,1,2,239.02,0
109.74,7,5,5,1,1,0,1,110.8,2,4,12.7,0
7.93,21,3,1,1,1,0,0,30.9,0,0,12.02,0
27.31,16,1,1,0,0,0,0,22.7,0,2,28.03,0
10.55,9,1,2,0,0,0,0,24.0,1,0,30.83,0
47.47,9,0,0,0,1,0,0,3.3,3,3,35.53,0
227.34,4,5,7,1,2,1,0,616.0,4,8,5.73,1
3.79,20,2,2,0,0,0,1,21.7,0,1,6.77,0
41.41,4,8,4,4,3,1,1,61.8,1,5,41.47,1
19.02,11,6,2,0,0,0,0,4.2,0,1,6.85,0
8.1,11,2,1,0,0,0,0,3.8,2,4,15.18,0
62.05,17,1,1,0,0,0,0,29.8,3,3,21.73,0
18.52,20,3,2,0,1,0,0,6.5,1,5,11.8,0
34.66,20,5,0,0,0,0,0,33.3,5,1,6.62,0
144.82,4,3,4,1,3,0,1,281.7,1,2,80.58,0
27.93,17,4,2,0,0,0,0,23.2,1,0,15.9,0
22.24,20,2,0,0,0,0,0,62.7,2,0,15.02,0
48.46,18,0,3,0,0,0,0,13.8,4,1,135.85,0
19.38,10,4,2,0,0,0,0,291.4,3,4,26.88,0
23.11,13,0,1,0,1,0,0,206.6,0,1,30.62,0
5.76,21,2,1,0,0,0,0,1.3,2,1,13.19,0
3.61,12,0,1,0,0,0,0,56.1,4,0,66.2,0
10.08,14,2,0,0,0,0,0,135.2,1,2,71.85,0
30.02,10,1,0,0,0,1,0,7.6,1,0,55.71,0
46.06,19,4,1,0,0,0,0,8.8,1,3,59.5,0
6.13,14,2,1,0,1,1,0,1.1,2,3,18.92,0
20.76,10,1,2,0,1,0,0,56.0,1,0,7.1,0
17.13,20,1,3,0,2,0,0,19.4,1,1,20.69,0
24.31,10,1,1,0,1,0,0,21.6,1,0,54.24,0
45.0,11,2,1,0,0,0,0,2.9,1,2,22.58,0
10.62,9,2,0,0,0,0,0,76.0,0,0,64.54,0
84.49,11,1,0,0,0,0,0,2.6,2,1,41.08,0
35.57,14,1,3,0,0,0,0,11.3,0,2,4.41,0
27.94,9,5,8,0,0,0,0,84.0,5,2,20.76,0
47.54,18,1,0,0,0,0,0,166.8,1,1,119.31,0
3.31,12,3,0,0,0,0,0,8.3,1,2,168.28,0
36.05,11,1,0,0,1,0,0,213.0,1,1,9.08,0
49.1,20,4,1,0,1,0,0,104.1,2,2,11.61,0
516.59,0,5,2,1,1,0,0,103.8,2,1,14.7,0
83.11,17,5,2,0,1,0,0,129.9,0,2,31.05,0
22.45,19,1,0,0,0,0,0,123.3,0,4,8.02,0
124.46,17,2,1,0,0,0,0,10.8,0,2,24.69,0
13.61,11,1,0,0,0,0,0,76.7,1,2,26.81,0
16.09,14,2,1,0,0,1,0,4.0,1,1,98.17,0
19.74,15,0,0,0,0,0,1,1.9,1,1,4.98,0
39.71,17,2,2,0,0,0,0,57.7,2,1,44.06,0
10.96,20,2,1,0,0,0,0,40.6,0,1,14.82,0
24.6,9,6,0,0,1,0,0,61.1,2,2,31.32,0
30.27,16,1,0,0,0,0,0,88.7,0,1,25.82,0
189.07,8,3,3,0,0,0,0,78.2,2,3,9.36,0
18.01,11,2,0,0,0,0,0,9.4,2,2,63.32,0
28.96,9,1,0,0,0,0,0,21.0,2,1,40.63,0
20.9,15,2,2,0,0,0,0,76.1,4,1,20.08,0
29.04,13,2,1,0,0,0,0,16.6,2,4,60.75,0
39.99,9,0,1,0,0,0,0,2.7,3,2,8.61,0
29.83,8,0,1,0,0,0,1,29.1,1,1,66.02,0
16.12,11,0,3,0,0,0,0,8.0,0,2,19.74,0
68.74,19,1,0,0,1,0,0,28.4,1,2,16.41,0
14.5,17,0,1,0,0,0,0,2.5,2,0,3.8,0
14.59,16,1,0,0,1,0,0,60.7,0,1,13.78,0
7.12,12,4,0,0,0,0,1,40.0,2,2,36.19,0
11.98,20,3,2,0,1,0,0,6.4,0,3,15.06,0
672.95,0,9,10,2,2,1,1,50.0,2,6,113.98,1
69.64,21,6,5,0,2,1,0,161.5,2,5,92.59,0
35.83,17,2,1,1,0,0,0,15.8,1,1,27.13,0
23.86,9,7,6,0,1,0,0,236.9,3,3,11.5,0
80.81,13,1,2,0,0,0,0,67.4,5,1,6.59,0
17.83,14,1,1,0,0,0,0,63.8,2,1,26.75,0
17.17,13,0,3,0,0,0,0,22.1,0,4,19.97,0
25.91,17,4,2,0,0,0,0,108.5,2,2,99.42,0
14.98,19,1,1,0,0,0,0,82.9,1,2,366.73,0
69.78,10,2,0,0,0,0,0,140.3,1,3,62.41,0
8.29,10,0,1,0,0,0,0,172.0,1,2,2.15,0
42.75,10,0,0,0,0,0,0,82.7,1,2,26.97,0
31.41,14,0,0,0,1,0,0,60.7,1,2,45.53,0
73.09,17,2,1,0,0,0,0,22.2,2,1,33.86,0
123.97,21,3,2,0,0,0,0,31.9,2,0,50.79,0
14.85,15,0,1,0,0,0,0,17.0,0,0,3.39,0
12.77,17,3,1,0,0,0,0,51.6,0,0,40.87,0
18.01,13,3,1,0,1,0,0,44.1,1,0,14.59,0
25.38,19,2,5,0,1,0,0,10.2,3,1,9.53,0
20.81,18,5,7,0,0,0,1,39.1,3,2,31.52,0
232.09,3,7,4,0,2,0,0,55.8,3,4,76.34,0
39.74,10,1,2,0,0,0,0,18.9,0,1,83.61,0
40.54,12,1,0,0,0,0,0,66.6,3,3,102.47,0
22.54,14,2,2,0,0,0,0,66.4,2,0,156.66,0
24.57,18,5,0,0,0,0,0,6.5,1,2,56.49,0
93.58,1,9,3,2,2,0,0,24.0,4,1,25.95,0
39.88,14,4,0,0,0,0,0,227.1,0,0,13.08,0
128.82,10,10,2,0,2,1,0,288.5,2,1,72.79,0
92.17,15,1,1,0,0,0,0,23.7,2,0,6.56,0
58.66,22,3,3,0,5,1,0,10.0,1,4,7.5,0
27.11,10,2,0,0,1,0,0,113.0,3,0,30.27,0
99.46,12,3,0,0,0,1,0,40.4,2,0,41.85,0
26.48,10,3,0,0,0,0,0,47.7,1,1,2.68,0
8.19,18,3,1,0,0,0,0,9.4,2,0,53.6,0
69.4,21,0,0,0,0,0,0,24.5,1,1,44.77,0
17.28,18,0,1,0,0,0,0,21.5,3,2,16.81,0
44.13,19,4,1,0,1,0,0,32.4,0,4,5.18,0
9.36,19,1,0,0,0,0,0,42.7,0,0,22.15,0
23.11,9,1,2,0,0,0,0,72.2,2,0,53.43,0
124.34,11,1,0,0,1,0,0,8.1,0,1,84.34,0
7.32,16,1,3,0,0,0,0,22.9,3,0,13.95,0
12.71,16,1,2,0,0,0,0,69.7,1,2,17.19,0
41.4,20,2,0,0,1,0,0,19.0,3,0,28.11,0
13.36,18,1,2,0,0,0,0,14.4,4,1,27.34,0
19.68,14,0,1,0,0,0,0,101.4,0,2,31.92,0
95.33,16,2,2,0,0,0,1,144.1,2,1,42.53,0
44.69,15,4,6,0,0,0,0,124.7,1,0,46.96,0
22.12,13,1,0,0,1,0,0,96.9,3,1,26.07,0
85.06,16,5,1,0,1,0,0,137.1,0,1,19.18,0
35.07,18,2,2,0,2,0,0,13.2,1,3,14.13,0
53.05,14,4,1,0,0,0,0,120.0,1,2,57.88,0
32.18,16,1,2,0,1,0,0,28.4,1,1,83.8,0
3.37,18,0,1,0,1,0,0,34.4,1,0,37.91,0
13.21,14,1,1,0,0,0,0,16.6,0,4,15.39,0
27.37,20,1,4,0,1,0,0,63.9,0,2,57.32,0
76.1,11,4,2,0,1,0,0,7.3,0,3,64.54,1
48.43,20,1,1,0,0,0,0,81.6,0,0,8.36,0
13.55,14,2,0,0,0,0,0,18.0,2,0,15.37,0
14.16,11,1,0,1,0,0,0,101.2,0,1,29.29,0
40.55,19,3,1,0,1,0,0,135.2,2,2,33.11,0
86.78,18,5,1,0,1,0,0,5.7,0,1,31.0,0
7.14,15,2,1,0,0,0,0,6.8,2,2,28.61,0
9.58,13,1,1,0,0,0,0,93.0,4,1,35.06,0
17.86,18,3,0,0,0,0,0,39.8,0,0,100.95,0
22.81,18,1,2,0,0,0,0,0.3,1,1,29.14,0
3.05,19,1,1,0,1,0,0,159.2,0,2,17.77,0
40.59,11,2,3,0,0,0,0,33.3,2,4,95.09,0
66.88,8,1,0,0,1,0,0,195.6,2,1,4.51,0
19.37,11,1,0,0,0,0,1,30.5,1,2,6.4,0
17.28,19,0,0,0,2,0,0,13.2,0,0,70.9,0
16.64,19,4,2,0,0,0,0,166.6,3,1,27.0,0
35.69,8,2,0,0,0,1,0,10.9,2,0,15.15,0
81.45,17,3,0,0,0,0,0,46.2,1,2,9.36,0
20.25,10,2,0,0,0,0,0,45.2,2,3,36.51,0
14.18,14,6,3,0,1,1,1,89.3,2,6,11.58,0
49.71,16,1,1,1,0,0,1,79.2,1,0,27.62,0
24.78,18,1,0,0,2,0,0,132.2,2,1,29.48,0
10.65,20,3,2,0,0,0,0,114.8,1,0,10.95,0
19.9,17,3,0,0,0,0,0,8.7,1,2,6.41,0
2.44,18,2,0,0,0,0,0,10.5,0,0,6.31,0
41.61,12,0,1,0,0,0,0,28.8,1,0,6.68,0
34.1,20,2,2,0,0,0,0,133.3,1,2,8.02,0
23.74,16,1,1,0,0,0,0,46.1,2,2,24.95,0
27.88,13,5,2,0,1,0,0,54.7,1,1,15.65,0
68.67,8,3,3,0,0,0,0,260.6,3,1,48.6,0
6.08,8,0,0,0,0,0,0,2.9,1,1,80.95,0
20.39,14,0,0,0,0,0,0,29.5,2,1,181.88,0
444.11,9,10,4,2,4,1,1,890.3,3,5,26.7,1
93.39,19,2,1,0,0,0,0,20.0,1,2,24.06,0
22.53,16,2,0,0,0,1,0,30.3,2,0,65.03,0
128.94,20,3,1,0,1,0,0,288.9,5,6,30.81,0
3.7,15,4,0,0,0,0,1,24.9,2,3,48.36,0
850.05,11,5,3,0,3,1,1,187.4,3,6,88.75,0
17.68,14,2,0,0,1,0,0,3.1,0,0,7.91,0
20.34,14,1,0,0,0,0,0,36.5,0,2,2.14,0
22.75,13,2,0,0,1,0,0,20.4,0,2,28.75,0
26.06,11,1,0,0,0,0,0,12.8,0,0,9.63,0
503.77,3,11,9,1,6,1,1,871.1,5,3,20.22,1
14.69,14,1,1,1,1,0,0,39.8,2,2,4.04,0
42.1,13,3,0,0,0,0,0,44.9,2,1,5.48,0
40.61,15,1,2,0,0,0,1,133.6,0,4,8.01,0
13.27,10,3,0,0,1,0,0,17.6,1,0,18.02,0
14.25,16,5,1,1,0,0,0,46.4,0,5,10.08,0
82.77,15,0,1,0,1,0,0,117.6,0,3,11.21,0
12.86,15,1,1,0,0,0,0,6.6,2,0,6.85,0
22.18,20,3,2,0,0,0,0,85.8,1,1,34.78,0
29.67,14,0,2,0,1,0,0,18.9,0,1,25.43,0
34.24,12,3,3,1,1,0,0,8.0,2,3,14.08,0
11.3,18,0,0,0,0,0,0,26.4,0,0,45.46,0
47.85,11,1,1,0,1,0,0,16.5,0,1,46.23,0
6.35,19,0,0,0,1,0,0,103.9,2,1,25.58,0
306.06,11,2,0,0,0,0,0,59.7,3,2,41.04,0
132.87,5,6,5,1,3,0,0,221.3,3,1,2.76,0
93.09,9,3,1,0,1,0,0,18.0,0,1,25.02,0
41.45,11,2,3,0,1,0,0,80.0,1,3,22.31,0
24.81,19,3,3,0,0,1,0,15.5,0,1,136.8,0
64.91,15,0,1,0,0,0,0,42.4,0,0,6.22,0
31.49,18,2,1,0,0,0,0,34.9,2,3,15.85,0
42.28,12,3,0,0,0,0,0,33.8,0,1,20.26,0
749.13,8,10,3,2,2,0,1,409.7,4,3,18.25,1
18.01,17,2,1,0,1,0,0,62.4,0,4,14.77,0
87.32,17,1,1,0,0,0,0,111.6,0,2,34.05,0
16.8,10,1,2,0,1,0,0,62.7,1,2,8.0,0
44.77,12,2,0,0,0,0,0,10.6,1,0,2.82,0
70.84,12,2,0,0,0,0,0,8.5,0,1,27.0,0
7.79,16,1,2,0,0,1,0,42.0,2,0,72.7,0
84.51,15,2,0,0,1,0,0,120.2,2,2,26.21,0
38.24,13,0,3,0,0,0,0,9.3,1,0,67.1,0
54.22,8,3,1,0,0,0,0,20.9,1,2,4.23,0
171.92,16,5,3,0,0,0,0,23.8,1,2,17.93,0
49.23,13,1,0,0,1,0,0,87.4,1,3,106.56,0
20.16,20,1,1,0,0,0,0,25.2,0,0,29.87,0
12.74,15,3,1,0,0,0,0,11.0,1,0,33.31,0
16.21,15,5,1,0,0,0,0,32.2,0,1,8.23,0
1208.04,14,14,15,2,3,0,1,74.4,4,6,177.37,1
231.07,11,2,1,0,0,0,0,11.4,1,4,14.94,0
38.78,15,5,3,0,0,0,0,67.9,2,3,61.16,0
100.21,11,2,1,0,0,0,0,162.1,1,2,41.57,0
93.31,20,0,1,0,0,0,0,17.1,2,5,15.94,0
68.7,14,2,3,0,3,1,0,191.1,2,2,6.28,0
26.79,18,2,1,0,0,0,0,13.0,2,2,23.85,0
26.21,11,3,1,0,0,0,0,21.2,0,1,47.12,0
10.19,19,3,0,0,0,0,0,69.6,0,2,16.38,0
14.23,10,1,1,0,0,0,0,78.8,3,3,17.61,0
66.38,21,2,1,0,0,0,0,23.1,2,1,13.71,0
17.16,9,3,1,0,0,0,0,24.8,0,0,25.52,0
38.17,8,2,1,0,0,0,0,2.6,3,3,48.06,0
8.1,18,2,0,0,0,0,1,24.8,3,0,14.8,0
8.5,19,1,0,0,0,0,0,65.3,0,1,43.31,0
32.15,15,2,0,0,1,0,0,28.3,2,5,13.24,0
46.98,13,2,1,0,1,0,0,71.8,2,0,13.75,0
145.65,0,6,4,1,1,0,0,22.7,0,2,16.42,0
13.67,9,2,3,0,1,0,0,2.9,2,0,7.33,0
38.89,12,3,0,1,0,1,0,58.0,3,1,74.04,0
906.39,20,7,4,0,5,1,0,810.5,3,3,8.32,1
72.15,18,2,0,0,0,1,0,251.8,0,1,7.14,0
414.56,8,4,3,0,0,0,0,18.8,1,1,13.13,0
41.7,15,5,2,0,3,0,1,24.9,2,3,16.55,0
149.46,19,4,3,0,1,0,0,102.0,0,2,39.13,0
8.06,17,4,1,0,0,0,0,28.7,1,2,24.32,0
74.84,17,1,0,0,0,0,0,39.4,1,2,12.2,0
24.14,19,3,1,0,0,0,0,0.0,0,0,60.67,0
7.89,12,2,0,0,1,0,1,33.9,2,1,3.74,0
73.24,16,0,0,0,1,0,0,34.6,4,3,74.88,0
20.07,20,3,0,0,1,0,0,81.2,0,3,27.87,0
14.66,10,3,0,0,1,0,0,18.0,2,1,29.52,0
54.92,10,2,3,0,0,0,0,88.4,3,1,52.63,0
8.74,12,1,1,0,1,0,0,29.7,0,2,17.55,0
6.08,17,3,2,0,0,0,0,58.4,2,4,15.81,0
35.61,11,2,2,0,0,0,0,6.8,0,0,7.11,0
35.21,12,0,3,0,0,0,0,3.2,0,2,65.8,0
29.15,17,1,1,0,0,0,0,60.0,1,2,8.72,0
7.11,16,3,2,0,0,0,0,71.8,1,3,9.91,0
11.55,10,2,0,0,1,0,0,60.9,1,1,39.06,0
6.23,15,2,2,1,0,1,0,57.0,0,1,37.28,0
116.0,12,2,0,0,1,0,0,193.8,0,0,27.28,0
133.95,16,1,2,0,0,0,0,31.3,1,0,12.59,0
14.31,17,2,2,0,0,0,0,101.2,0,4,36.88,0
14.8,10,1,1,0,1,0,0,145.9,2,2,4.5,0
17.03,13,2,0,0,0,0,0,3.4,1,3,27.92,0
32.29,20,3,2,0,0,0,0,29.3,1,1,55.58,0
8.39,8,0,3,0,1,0,0,17.6,1,2,22.38,0
776.47,10,7,3,2,4,1,1,671.2,8,5,35.05,1
4.51,15,3,2,0,1,0,0,16.0,1,2,17.18,0
6.41,18,0,0,0,1,0,0,96.2,3,1,1.42,0
19.71,8,4,1,0,0,0,0,46.3,1,0,8.16,0
579.17,20,9,3,3,5,0,1,255.4,6,7,13.44,1
18.57,16,0,1,0,0,0,0,71.9,1,2,50.43,0
15.07,9,2,0,0,1,1,0,22.9,0,0,57.94,0
37.86,14,2,2,0,1,0,0,24.7,1,1,50.94,0
28.8,17,4,2,2,0,0,1,54.6,1,1,29.5,0
53.79,11,4,0,0,0,0,0,29.8,1,1,32.51,0
30.24,12,4,0,0,1,0,0,11.5,0,1,2.57,0
5.4,10,2,2,0,0,0,0,148.7,0,0,32.44,0
60.44,15,0,0,0,0,0,0,119.6,0,1,3.66,0
57.86,15,1,1,0,0,0,0,37.0,1,2,41.33,0
15.01,11,4,1,0,1,0,0,21.4,4,1,26.92,0
19.25,10,0,1,0,0,0,0,1.3,0,2,3.66,0
128.92,9,3,1,0,0,0,0,5.4,4,2,19.28,0
12.43,13,2,1,0,0,0,0,14.2,1,1,16.8,0
25.94,11,0,2,0,0,0,0,45.6,1,1,22.71,0
4.99,9,0,2,0,0,0,0,24.5,1,3,22.61,0
23.87,10,4,0,0,0,0,0,11.9,2,4,7.42,0
29.86,18,3,0,0,2,0,1,55.8,0,0,58.83,0
22.04,10,2,2,0,1,0,0,28.3,2,1,109.51,0
74.1,18,1,2,1,0,0,0,45.3,0,5,8.37,0
16.17,17,0,0,0,0,0,0,97.5,2,2,48.33,0
8.66,19,0,2,0,0,1,0,55.9,1,3,59.71,0
11.03,10,5,1,0,0,0,0,9.7,0,1,6.87,0
14.01,17,1,0,1,0,0,0,78.1,2,2,19.08,0
81.75,19,5,1,0,0,0,0,130.3,2,2,96.44,0
45.74,17,2,2,0,0,0,0,112.9,2,3,16.39,0
26.48,18,1,0,0,1,0,0,58.1,1,2,12.16,0
33.23,9,2,1,0,0,0,0,98.0,1,0,28.09,0
34.57,13,2,1,0,0,1,0,126.0,1,2,156.35,0
40.65,8,2,1,0,0,0,0,22.0,0,1,5.75,0
144.86,15,0,1,0,0,1,0,3.5,0,2,110.08,0
72.88,14,0,0,0,0,0,0,12.6,2,1,17.86,0
502.29,6,3,6,0,3,0,0,216.7,1,2,19.17,0
34.94,11,2,1,0,0,0,0,42.3,0,3,32.7,0
13.45,18,1,1,0,1,0,1,71.4,1,1,15.26,0
38.72,12,0,2,0,0,0,0,144.9,0,2,66.24,0
23.13,12,1,2,0,0,0,0,35.1,2,2,29.81,0
115.88,11,1,0,0,0,0,0,17.1,1,2,9.88,0
14.15,7,3,7,0,4,1,1,278.5,3,5,21.87,0
321.72,3,14,10,6,4,0,1,215.8,6,6,236.47,1
77.47,15,1,0,0,0,0,0,83.7,0,1,45.4,0
100.12,18,3,2,0,0,0,0,22.2,2,3,45.39,0
12.19,12,1,0,0,2,0,0,20.0,1,1,13.09,0
28.91,16,0,1,0,0,0,0,182.3,0,0,43.6,0
238.52,4,7,4,0,4,0,1,180.8,8,5,44.4,1
69.11,9,2,1,0,1,0,0,25.7,1,1,21.46,0
43.71,10,2,1,0,1,0,0,21.9,3,1,17.65,0
68.38,12,1,1,0,0,0,0,16.0,0,2,29.44,0
2205.25,14,3,1,1,2,1,0,579.4,0,4,46.94,0
49.71,10,2,1,0,0,0,0,68.9,0,1,60.79,0
16.9,12,4,2,0,2,1,0,81.9,1,1,77.45,0
4.6,14,2,3,0,0,0,0,47.3,2,1,21.2,0
411.93,23,8,7,0,4,1,1,101.1,7,4,6.54,1
85.35,8,1,1,0,0,0,0,100.9,4,0,12.25,0
24.3,10,2,1,0,1,0,0,174.8,0,2,31.86,0
15.67,20,1,2,0,1,0,0,2.2,0,1,33.76,0
109.41,13,2,1,0,1,0,0,29.0,1,0,29.65,0
148.92,1,4,4,0,4,0,0,343.1,2,2,70.01,0
13.94,14,2,1,1,0,0,0,12.4,1,2,96.51,0
255.13,18,3,2,0,0,0,0,31.3,2,1,26.22,0
14.14,11,3,1,0,0,0,0,11.9,2,1,16.38,0
98.1,9,0,2,0,0,0,0,95.0,0,2,6.44,0
7.04,15,2,0,0,0,0,0,28.3,1,0,23.16,0
94.28,12,1,2,0,0,0,0,63.9,2,4,19.17,0
60.59,12,1,0,0,1,0,0,30.8,2,2,10.12,0
49.88,16,3,0,0,0,0,0,33.3,1,1,15.16,0
41.61,16,1,1,0,0,0,0,36.9,1,1,38.38,0
19.43,9,0,1,0,0,0,0,69.2,1,1,31.42,0
24.35,17,1,1,0,0,0,0,30.3,3,1,18.44,0
4.33,11,4,1,0,0,0,0,19.2,1,1,9.7,0
46.83,9,2,0,0,0,0,0,8.5,1,1,13.85,0
12.28,19,1,1,0,0,0,0,63.8,1,1,14.49,0
18.94,10,2,2,0,0,0,1,17.9,2,0,16.64,0
10.81,19,1,2,0,0,0,0,30.4,0,1,74.69,0
39.8,20,2,2,0,0,0,0,34.7,3,1,46.65,0
7.87,14,1,0,0,0,0,0,34.1,1,0,11.1,0
111.85,19,1,2,0,0,0,0,39.6,2,1,27.78,0
41.67,11,0,1,0,0,0,0,26.7,1,1,6.46,0
88.31,13,1,1,0,0,0,0,28.7,3,1,88.86,0
26.83,14,4,1,0,0,0,0,53.9,1,2,18.33,0
17.88,8,1,0,0,0,0,0,4.9,2,4,49.59,0
59.66,9,1,0,0,0,0,0,51.2,1,3,44.62,0
10.0,22,6,3,1,1,0,1,648.7,1,4,16.33,0
84.78,20,2,2,0,0,0,0,32.9,2,3,18.55,0
25.82,15,4,0,0,0,0,0,71.8,1,1,10.96,0
93.07,23,5,7,0,0,0,0,313.6,3,2,32.11,0
10.0,7,7,3,0,3,1,0,166.1,5,4,41.13,0
120.28,20,0,0,0,0,0,0,26.9,2,0,5.0,0
55.13,12,3,0,0,2,0,0,116.6,2,2,24.88,0
64.83,20,1,1,0,0,0,0,66.1,1,1,115.91,0
37.4,10,1,0,0,2,0,0,104.9,0,1,16.57,0
36.12,13,3,2,0,0,0,0,138.4,1,2,23.2,0
16.45,10,2,0,1,0,0,0,98.3,1,0,7.45,0
110.07,15,0,0,0,0,0,0,20.7,1,0,17.71,0
63.3,12,4,0,1,0,0,0,7.9,1,3,3.66,0
9.68,10,2,1,0,0,0,0,236.8,5,5,35.04,0
31.53,18,1,1,0,1,0,0,123.9,3,1,11.54,0
11.38,20,2,0,0,0,0,0,53.0,1,3,23.66,0
42.36,17,2,0,0,0,0,0,7.0,1,0,7.58,0
11.21,15,3,0,0,0,0,0,20.4,1,0,8.69,0
333.26,8,1,4,1,1,0,0,618.5,2,2,21.85,0
15.15,9,1,0,0,1,0,0,10.3,2,1,20.99,0
10.03,9,0,0,0,0,0,0,197.1,2,1,42.83,0
32.89,16,2,0,0,0,0,0,51.9,0,2,31.15,0
21.64,9,3,0,0,0,0,0,13.6,2,1,14.93,0
26.95,19,2,2,0,0,0,0,14.6,2,3,161.9,0
16.06,9,2,1,0,0,0,0,35.1,2,1,109.28,0
19.77,20,3,2,0,0,0,0,48.1,1,3,47.83,0
62.81,16,1,1,0,0,0,0,1.2,0,1,47.16,0
93.57,21,2,0,0,0,0,0,38.4,1,1,355.8,0
19.26,10,5,0,0,0,0,0,32.2,0,3,22.67,0
39.18,13,0,0,0,0,0,0,23.9,1,0,26.24,0
17.37,18,1,1,0,1,0,0,56.9,0,3,25.22,0
30.08,10,4,0,0,1,0,0,9.9,0,2,17.01,0
92.9,9,2,0,1,0,0,0,31.3,2,4,12.37,0
6.9,9,0,0,0,0,0,0,24.2,0,2,17.69,0
6.59,15,2,0,0,0,0,0,27.2,1,0,28.99,0
23.58,11,4,4,0,0,0,0,19.8,1,3,3.4,0
10.0,20,3,4,0,3,0,0,326.9,0,4,52.6,0
58.36,14,1,0,0,0,0,0,95.2,0,1,6.51,0
36.91,16,1,2,0,0,0,0,67.9,0,1,48.72,0
26.99,18,2,0,1,1,0,0,61.2,2,1,15.25,0
22.54,13,1,1,0,0,0,0,114.9,2,2,105.88,0
31.04,19,2,2,0,0,0,0,18.7,0,2,12.44,0
141.59,14,1,0,0,1,0,0,49.1,3,2,7.23,0
3.87,12,4,0,0,0,1,0,93.1,2,2,113.85,0
12.99,8,3,1,0,0,0,0,48.1,1,1,19.27,0
42.25,16,2,2,0,1,0,0,87.6,0,3,38.74,0
49.93,13,3,2,0,0,0,0,12.4,0,0,25.6,0
25.84,11,2,1,0,0,0,0,15.1,1,2,7.17,0
3.59,21,0,0,0,0,1,0,13.2,5,0,17.71,0
17.86,19,4,1,0,0,0,0,19.5,1,0,9.64,0
15.11,15,1,1,0,0,0,0,0.0,0,2,16.38,0
2.08,14,2,2,0,0,0,0,29.8,0,1,34.96,0
18.27,8,1,3,0,2,0,0,439.4,1,2,18.47,0
16.87,17,1,1,0,0,0,0,5.2,1,1,19.07,0
62.17,18,4,1,1,0,1,0,35.9,2,1,34.68,0
18.1,18,4,1,0,0,0,0,71.4,0,0,62.97,0
7.78,14,2,1,0,0,0,0,57.0,0,1,25.22,0
13.26,12,1,3,0,0,0,0,2.5,2,4,43.16,0
4.12,13,2,0,0,0,0,1,12.2,0,0,8.62,0
34.34,18,2,0,0,0,0,0,60.4,1,2,46.08,0
10.54,16,1,1,0,1,0,1,78.0,0,0,33.97,0
32.47,20,5,1,0,4,0,0,190.1,3,3,6.09,0
23.42,20,1,0,1,0,0,0,12.7,0,2,21.38,0
59.07,19,1,1,0,0,0,0,40.7,1,0,33.16,0
8.29,21,2,3,0,0,0,0,145.4,2,2,28.4,0
55.9,12,0,1,0,0,0,0,189.4,1,0,64.72,0
88.41,8,1,1,0,0,0,0,6.0,1,1,17.77,0
26.51,12,4,1,0,0,0,0,50.5,2,1,6.9,0
63.82,16,1,1,0,0,0,0,49.1,3,0,71.26,0
4.87,16,1,4,0,2,0,0,13.2,3,0,16.51,0
30.31,16,5,2,0,3,0,0,39.2,3,2,62.46,1
12.6,16,3,3,0,1,0,0,77.0,3,2,16.71,0
3.97,19,1,0,0,0,0,0,47.5,0,1,52.78,0
49.02,12,1,0,1,0,0,0,16.4,0,1,17.11,0
16.12,16,4,1,0,0,0,0,40.7,2,2,11.03,0
55.34,10,0,0,0,0,0,0,127.0,1,0,15.54,0
133.48,12,1,1,0,0,0,0,17.6,2,0,31.3,0
18.43,17,0,1,0,1,0,0,22.6,0,1,8.73,0
21.86,10,5,4,0,1,1,0,9.2,1,1,24.12,0
8.23,12,1,1,1,0,0,0,2.3,1,1,62.34,0
23.4,11,2,0,0,0,0,0,118.8,1,0,30.24,0
65.45,9,2,0,0,1,0,0,41.5,0,3,45.01,0
6.16,16,1,1,0,1,0,1,86.2,0,3,33.03,0
42.61,13,0,0,0,0,0,0,83.0,1,1,25.54,0
5.45,19,3,2,0,1,0,0,44.8,1,2,21.94,0
13.85,11,5,0,0,0,0,0,3.5,3,0,30.27,0
6.08,8,3,1,0,0,0,0,26.3,2,2,26.54,0
8.59,11,3,3,0,0,1,0,96.1,2,2,32.34,0
28.18,20,4,0,0,1,0,0,2.6,2,3,21.11,0
129.23,12,2,2,0,2,0,0,81.6,3,2,25.84,0
17.81,9,4,1,0,0,0,0,5.7,1,3,57.85,0
109.57,11,2,1,0,0,0,0,57.9,0,5,45.86,0
928.8,10,4,6,1,4,1,0,15.9,3,3,150.15,0
20.15,11,1,2,0,0,0,0,7.6,0,4,20.5,0
17.35,19,1,2,0,0,0,0,60.2,0,2,65.79,0
20.17,15,1,0,0,1,0,0,8.2,0,1,7.18,0
8.78,16,2,1,0,0,0,0,14.9,0,2,30.29,0
60.39,15,2,0,0,2,0,0,8.5,2,0,20.56,0
10.0,4,3,7,0,2,0,1,59.7,5,3,32.27,0
19.85,17,4,1,0,0,0,0,4.8,0,2,62.9,0
105.22,14,3,0,0,0,0,0,10.9,1,4,49.84,0
72.61,12,0,0,0,0,0,0,21.9,1,2,20.56,0
8.79,15,3,3,0,0,0,0,8.5,3,2,21.87,0
49.34,17,0,1,0,1,0,0,41.0,0,1,81.14,0
38.41,20,1,0,0,0,0,0,68.4,5,3,31.3,0
6.66,18,0,1,0,1,0,0,66.6,1,0,4.31,0
121.2,19,4,1,0,1,0,0,97.2,2,0,31.41,0
99.4,14,1,0,0,0,0,1,4.1,0,1,525.2,0
5.0,9,8,0,0,0,0,0,74.1,3,1,38.03,0
24.7,10,1,0,0,0,0,0,0.9,1,0,35.4,0
16.54,16,4,0,0,0,0,0,19.3,2,1,25.87,0
26.31,9,2,1,0,0,0,0,4.8,0,1,22.2,0
14.46,19,1,0,0,0,0,1,24.3,0,1,22.81,0
5.11,12,0,0,0,0,0,0,117.9,0,0,28.8,0
28.92,11,3,1,0,1,0,0,146.7,0,4,21.38,0
63.69,15,2,1,0,0,0,0,50.9,4,3,15.26,0
15.01,21,2,2,0,0,0,0,40.0,3,0,63.34,0
55.9,10,2,0,0,0,0,0,19.7,0,1,5.17,0
6.28,12,3,2,0,0,0,0,17.8,2,1,107.92,0
19.68,9,1,3,0,0,0,0,19.0,0,1,4.04,0
13.93,21,0,0,0,0,0,0,16.6,0,0,6.57,0
69.26,20,0,2,0,0,0,0,59.2,3,3,13.7,0
43.07,8,4,1,0,0,0,0,82.0,0,1,73.41,0
14.29,17,2,0,0,0,0,0,21.2,0,0,15.12,0
24.17,13,3,0,0,0,0,1,45.9,0,1,61.94,0
12.03,13,3,3,0,0,0,0,9.0,2,1,10.27,0
18.53,12,4,1,0,0,0,0,35.0,0,4,15.54,0
13.9,11,2,2,0,0,0,0,83.8,2,3,7.96,0
12.91,20,1,2,0,0,0,0,63.2,3,2,17.61,0
14.95,16,2,0,0,0,0,0,128.9,1,0,41.48,0
4.69,16,0,1,0,0,0,0,36.3,2,0,19.02,0
27.68,10,0,2,0,0,0,0,5.1,1,0,15.31,0
109.06,15,1,0,0,0,0,0,158.5,1,0,166.56,0
79.92,9,1,0,0,0,0,0,52.1,1,1,10.72,0
6.1,13,1,1,0,0,0,0,71.8,1,0,26.17,0
49.2,13,2,0,0,1,0,0,83.7,0,4,44.84,0
112.13,14,1,0,0,2,0,0,82.7,3,1,29.68,0
9.59,18,3,1,0,0,0,0,11.0,0,2,56.27,0
39.75,8,3,0,0,0,0,0,149.9,1,1,14.9,0
39.13,19,2,0,0,0,0,0,121.0,0,3,139.48,0
32.63,18,4,1,0,0,0,0,44.4,2,0,83.99,0
73.86,19,3,2,0,1,0,0,43.3,2,1,11.11,0
124.96,11,1,1,0,0,0,0,31.0,2,1,11.92,0
19.38,11,2,0,0,0,0,0,47.7,3,0,26.49,0
10.02,11,3,1,0,1,0,0,5.3,1,1,7.03,0
40.59,11,2,2,0,0,0,0,73.4,0,2,18.73,0
49.7,15,3,1,0,0,0,0,113.9,0,1,3.51,0
76.85,15,2,3,0,0,1,0,23.9,1,2,8.59,0
25.29,15,3,1,0,0,0,0,9.9,0,0,34.21,0
58.32,23,7,6,1,3,1,1,1188.7,3,4,6.9,1
6.64,15,0,1,0,0,0,0,97.4,2,0,15.09,0
11.88,17,3,0,0,1,0,0,50.3,1,1,24.9,0
9.13,19,1,0,0,1,0,0,12.4,0,2,19.29,0
27.92,14,4,1,0,0,0,0,1.8,5,3,2.85,0
33.03,14,2,1,1,0,0,0,56.5,1,2,58.03,0
84.34,10,4,1,0,0,0,0,59.5,0,3,58.87,0
6.63,9,0,2,0,1,0,0,23.1,0,0,62.59,0
27.69,19,7,1,0,0,0,0,14.5,2,0,60.57,0
18.0,21,8,5,0,0,0,1,84.8,0,2,20.98,0
5.81,19,0,0,0,0,0,0,5.1,2,0,127.11,0
14.23,15,3,0,0,1,0,1,24.6,4,1,29.36,1
37.51,14,5,5,0,1,0,0,69.3,2,0,19.81,0
10.81,14,3,0,0,0,0,0,37.4,0,2,54.63,0
11.27,12,2,2,0,1,0,0,59.6,1,2,12.83,0
9.33,17,4,1,0,3,0,0,57.4,2,2,34.76,0
20.37,14,1,0,0,0,0,0,0.6,0,2,215.59,0
42.86,14,1,1,0,0,0,0,1.1,0,3,68.25,0
82.12,8,2,0,0,0,0,0,58.4,0,0,28.8,0
11.98,9,5,1,0,0,0,0,20.4,1,1,18.75,0
29.26,9,0,1,0,0,0,0,53.4,0,2,21.66,0
116.19,14,1,1,0,1,0,0,82.9,1,1,18.83,0
4.34,20,2,1,0,0,0,0,43.4,2,1,108.78,0
13.72,13,2,2,0,0,0,1,27.4,4,1,4.67,0
27.26,11,5,1,0,1,0,0,104.3,1,1,30.34,0
10.76,13,1,2,0,1,0,0,6.9,2,2,17.13,0
18.52,15,2,1,0,0,0,0,0.9,0,2,106.19,0
23.68,16,8,1,0,0,0,0,77.9,0,3,13.94,0
53.13,18,3,0,0,0,0,0,69.7,2,3,42.52,0
16.6,6,6,3,0,3,1,0,172.7,1,2,31.22,0
18.85,8,4,1,0,0,0,0,48.5,0,5,141.95,0
342.14,11,6,1,1,1,0,0,648.9,0,2,45.44,0
15.43,15,2,1,0,0,0,0,22.0,1,1,10.07,0
50.85,16,0,2,0,0,0,0,76.3,2,1,36.69,0
18.38,10,1,0,0,1,0,0,58.8,0,1,39.26,0
49.56,16,2,0,0,1,0,0,161.5,0,2,75.9,0
5.7,12,0,1,0,0,0,1,36.3,3,0,12.56,0
46.89,14,1,1,0,0,0,0,27.5,1,2,10.91,0
52.18,12,2,0,0,0,0,0,1.2,1,0,39.08,0
14.21,17,2,0,0,1,0,0,153.4,3,2,78.58,0
47.48,10,2,3,1,1,0,0,19.3,2,2,8.98,0
5.43,16,3,1,0,0,0,0,24.3,0,1,37.84,0
13.02,8,2,0,0,1,0,0,12.0,1,0,68.68,0
25.0,9,1,2,0,0,0,0,150.2,0,0,22.43,0
15.8,10,4,1,0,0,0,0,68.3,0,0,23.87,0
4.08,21,1,3,0,0,0,0,79.7,0,2,44.83,0
45.87,16,2,0,0,0,0,0,62.5,2,1,16.52,0
11.95,11,2,1,1,0,1,0,0.0,2,2,82.63,0
13.74,11,0,1,0,0,0,0,34.1,2,1,68.67,0
18.78,19,0,1,0,0,0,0,27.1,2,3,8.17,0
13.54,8,2,0,0,0,0,0,23.8,4,1,3.99,0
87.77,17,3,1,0,0,0,0,7.3,0,2,58.55,0
1489.44,19,7,6,1,7,1,1,99.8,4,9,5.56,1
35.31,15,1,0,1,0,0,0,0.7,1,3,5.78,0
31.8,10,2,3,1,1,0,0,10.4,1,2,40.83,0
8.79,20,0,0,0,0,0,0,99.1,1,4,7.95,0
14.33,11,4,1,0,0,0,0,26.8,1,1,22.92,0
6.07,17,2,1,0,0,0,0,54.3,1,3,15.35,0
107.95,6,5,3,0,2,1,0,230.6,4,2,164.33,0
8.99,11,4,0,0,1,0,0,10.3,2,1,7.16,0
150.81,9,4,2,0,0,0,0,51.2,2,4,16.29,0
37.9,18,0,0,0,0,0,0,6.2,0,1,92.38,0
78.08,16,4,0,0,0,0,0,51.8,0,1,16.28,0
94.49,9,3,1,0,0,0,0,88.4,0,1,3.92,0
52.33,10,3,2,0,0,0,0,8.3,0,2,17.11,0
24.73,12,1,1,1,0,0,0,1.5,1,1,23.23,0
42.47,14,3,0,1,1,0,0,18.3,1,0,2.46,0
165.48,12,3,0,0,0,0,0,78.5,1,2,18.13,0
50.63,12,3,2,0,1,0,0,122.1,1,1,31.59,0
52.71,14,1,2,1,0,0,0,64.4,2,1,23.47,0
16.52,18,2,2,0,0,0,0,18.8,0,1,11.77,0
48.96,9,2,1,0,0,0,0,22.6,1,1,12.28,0
34.73,20,4,1,0,0,0,0,21.1,0,4,8.83,0
4.25,18,3,0,0,0,0,0,43.7,0,0,31.75,0
27.32,11,1,0,0,1,0,0,3.4,0,2,25.61,0
95.63,18,1,1,1,1,0,0,55.5,0,1,29.89,0
22.52,9,3,1,0,0,0,0,58.3,1,4,13.69,0
2.78,19,1,1,0,0,0,0,7.8,0,0,198.21,0
56.77,17,0,1,0,0,0,0,31.4,1,5,13.34,0
28.98,18,1,1,0,1,0,0,92.6,0,3,2.33,0
8.17,16,1,1,0,1,0,0,12.7,0,3,22.75,0
5.01,15,6,1,0,0,0,1,47.2,1,0,37.44,0
2.68,14,3,0,0,0,0,0,47.5,1,1,10.35,0
35.77,15,2,1,1,0,1,0,8.4,0,2,20.93,0
9.49,13,2,2,0,0,0,0,5.0,0,2,54.86,0
25.64,16,0,2,0,0,0,0,73.9,1,1,23.22,0
10.5,16,0,0,0,0,0,0,200.4,0,0,7.02,0
16.1,12,0,1,0,0,0,0,11.0,2,1,95.17,0
20.81,9,3,1,0,2,0,0,45.7,4,1,13.25,0
14.61,19,2,0,0,0,0,0,33.9,5,0,14.67,0
51.23,12,1,2,0,0,0,0,65.8,0,3,41.96,0
56.3,18,3,0,1,0,0,0,6.4,1,1,31.52,0
27.49,9,4,0,0,0,0,0,89.0,4,4,38.13,0
15.72,11,2,0,0,0,0,0,83.8,1,1,45.61,0
74.5,12,1,0,0,0,0,0,98.4,3,3,54.51,0
29.21,19,3,0,0,0,0,0,9.5,1,1,14.42,0
24.37,9,2,1,0,0,0,0,0.8,3,3,10.3,0
19.58,20,2,0,0,0,0,1,11.2,1,0,2.05,0
55.88,17,2,0,0,0,0,0,2.3,1,0,9.38,0
20.79,8,3,3,0,0,0,0,26.6,1,0,62.75,0
52.31,9,7,1,0,0,0,0,3.2,0,2,31.75,0
22.32,14,2,0,0,1,0,0,84.4,0,1,98.45,0
68.33,0,2,5,0,3,1,1,52.8,1,5,10.48,0
12.79,17,0,0,0,0,0,0,8.7,0,2,24.34,0
25.0,17,2,2,0,0,0,0,44.6,2,0,36.17,0
109.3,17,2,0,0,0,0,0,14.9,2,6,16.86,0
106.72,20,1,1,0,1,0,0,40.9,3,2,37.95,0
38.51,12,2,3,0,0,0,0,30.7,1,1,32.85,0
20.81,12,3,1,0,0,0,0,187.8,3,1,14.1,0
17.16,8,6,2,0,0,0,1,5.7,0,3,54.97,0
7.42,12,1,2,1,0,0,0,1.0,2,0,19.57,0
63.13,20,2,2,0,0,0,0,0.5,2,0,35.87,0
23.41,19,5,2,0,1,0,0,12.0,0,1,28.52,0
40.57,13,3,1,0,0,0,0,4.4,3,3,11.75,0
156.74,9,1,0,0,0,0,0,203.3,0,0,9.66,0
118.45,20,2,0,0,0,0,0,15.2,1,1,55.09,0
13.67,16,1,3,0,0,0,0,25.6,1,4,38.21,0
10.38,21,1,1,0,1,0,0,20.4,2,2,9.95,0
7.38,8,0,0,0,0,0,0,22.5,0,2,91.75,0
45.24,14,1,1,0,0,0,0,4.1,1,5,3.98,0
55.29,13,1,2,0,0,0,0,43.4,3,0,16.66,0
185.69,2,8,8,2,4,0,0,242.7,6,3,25.83,1
28.62,10,1,0,0,1,0,0,69.8,1,0,71.47,0
65.36,13,1,0,0,0,0,0,6.3,1,3,8.09,0
151.58,13,2,1,0,0,0,0,17.5,2,1,6.06,0
47.02,9,0,2,0,1,0,0,15.0,1,2,25.15,0
24.1,13,2,0,0,0,1,0,136.0,3,1,118.32,0
15.02,15,4,1,0,0,0,0,67.7,1,0,7.4,0
13.47,9,2,0,0,0,0,0,147.0,1,2,58.82,0
8.48,8,2,1,0,1,0,0,28.7,2,2,17.36,0
59.07,13,3,2,0,0,0,0,1.1,2,1,19.94,0
107.83,17,1,0,0,1,0,0,59.9,2,1,16.48,0
35.96,14,0,1,0,1,0,0,59.9,2,0,3.9,0
58.02,11,2,2,0,0,0,0,30.9,2,1,7.92,0
7.82,21,2,1,0,0,0,0,150.8,0,4,67.85,0
19.16,16,1,0,0,1,0,0,4.6,0,1,72.18,0
7.79,9,2,4,0,1,0,0,58.2,0,1,25.88,0
34.24,17,1,2,0,0,0,0,27.4,1,2,25.92,0
17.74,10,1,1,0,0,0,0,70.5,2,1,20.35,0
26.16,8,2,0,0,0,0,0,55.6,1,0,2.82,0
24.8,9,1,1,0,0,0,0,8.7,2,1,62.56,0
111.56,15,7,2,0,1,1,1,10.0,1,4,64.51,0
32.61,4,10,3,0,1,0,0,19.3,3,4,39.76,0
12.64,13,4,5,0,1,0,0,10.8,1,3,15.14,0
45.76,17,2,0,0,0,0,0,118.1,0,3,8.95,0
190.16,16,3,1,0,0,0,0,24.6,3,1,32.22,0
34.73,14,2,1,0,0,0,0,39.1,0,0,35.02,0
33.07,9,3,1,0,0,0,0,13.0,0,0,34.98,0
26.69,16,2,2,0,0,0,0,61.1,0,0,75.68,0
11.56,10,1,0,0,1,0,0,40.8,2,0,51.31,0
36.91,11,3,0,0,1,0,0,16.5,1,2,15.47,0
92.47,11,7,2,1,3,1,1,199.0,4,5,26.31,1
9.93,18,4,0,0,1,1,0,224.2,2,2,26.23,0
12.73,8,2,2,0,0,0,0,41.8,0,2,2.96,0
74.3,9,2,1,0,0,0,0,19.7,2,2,18.94,0
82.9,21,6,4,0,1,1,0,392.5,5,2,3.52,0
6.13,13,2,0,0,0,0,0,135.2,0,2,63.21,0
2.72,10,0,2,0,0,0,0,93.8,0,0,71.24,0
175.34,23,4,4,0,2,0,0,14.6,2,2,4.26,0
21.07,11,3,2,0,0,0,0,37.4,2,4,22.22,0
21.71,10,0,0,0,0,0,0,21.0,2,2,10.8,0
44.69,17,5,0,0,1,0,0,28.2,1,0,46.98,0
192.6,20,4,1,0,1,0,0,6.1,0,2,7.21,0
17.14,14,1,0,0,0,0,0,18.7,3,1,51.78,0
58.89,11,2,2,0,0,0,0,141.9,1,0,24.57,0
26.5,16,2,1,0,0,1,0,40.5,3,0,13.21,0
14.7,9,1,1,0,1,0,0,35.7,3,1,156.93,0
91.64,15,0,2,0,0,0,0,28.6,2,3,156.63,0
9.53,15,3,1,0,0,0,0,34.8,1,2,12.0,0
12.25,16,2,2,0,0,0,1,34.7,1,1,46.24,0
11.4,20,4,1,0,0,0,0,20.9,2,3,11.38,0
30.78,15,1,0,0,1,0,0,14.6,1,1,17.36,0
29.29,17,1,2,0,0,0,0,75.9,1,2,40.48,0
4.87,21,1,2,0,0,0,0,95.1,1,0,98.98,0
37.7,14,4,0,0,1,1,0,387.4,0,1,11.19,0
22.21,8,3,3,0,0,1,0,502.0,5,2,46.61,0
43.53,12,3,1,0,2,0,0,8.0,2,1,71.31,0
139.43,17,2,1,0,0,0,0,0.1,1,2,6.47,0
40.59,15,1,0,0,0,0,0,1.8,0,1,21.37,0
48.0,11,2,1,0,0,0,0,138.3,2,1,15.23,0
46.97,10,3,1,0,0,0,0,264.9,0,1,76.61,0
49.48,18,4,5,0,5,1,0,263.4,5,5,6.98,0
14.74,10,2,0,0,0,0,0,115.8,1,0,43.98,0
21.01,9,2,0,0,0,0,0,60.8,4,1,90.83,0
63.53,10,6,3,0,1,0,1,323.8,3,3,21.46,0
21.84,13,2,1,0,0,0,0,45.5,1,2,12.48,0
7.07,12,1,0,1,0,0,0,63.3,2,3,7.86,0
15.82,13,2,2,0,1,0,0,65.8,1,3,5.12,0
32.34,19,1,0,0,1,0,0,87.1,1,1,8.55,0
73.39,17,1,1,0,0,0,0,17.0,1,0,15.29,0
15.99,19,4,1,0,0,0,0,36.6,1,0,57.18,0
79.6,19,2,0,0,0,0,0,19.3,0,2,17.12,0
67.32,11,2,1,0,1,0,0,9.5,2,3,21.36,0
106.18,17,3,0,0,1,0,0,9.4,2,2,13.55,0
3.66,16,2,0,0,0,0,0,34.9,0,4,8.34,0
26.55,8,1,4,0,1,0,0,113.7,2,1,22.47,0
20.29,10,4,1,0,1,0,0,33.8,1,4,265.38,0
17.21,16,1,2,0,1,0,0,102.2,1,1,28.28,0
23.41,15,2,0,0,0,0,0,117.2,2,3,23.55,0
31.91,12,4,1,0,0,0,0,234.2,1,0,48.09,0
18.12,12,1,1,0,1,0,0,26.7,4,1,23.52,0
19.32,13,6,3,0,0,0,0,47.1,2,2,6.07,0
27.9,11,2,2,0,0,0,0,0.2,2,0,43.64,0
49.66,3,5,3,2,4,1,1,522.4,4,5,116.91,1
22.56,10,1,1,1,1,0,0,118.5,3,0,14.58,0
55.4,16,1,4,0,1,0,0,12.5,2,0,14.45,0
19.75,14,0,1,0,0,0,0,5.7,3,0,8.01,0
17.56,9,3,1,0,1,0,0,63.8,1,1,57.2,0
7.44,17,1,0,0,0,0,0,88.7,1,1,17.79,0
51.14,13,6,2,0,3,0,1,48.0,0,4,57.63,0
202.91,8,8,3,0,4,0,0,10.0,3,4,113.46,0
269.75,19,1,6,0,0,0,0,47.3,1,5,28.04,0
88.06,21,7,5,0,1,0,1,404.1,2,2,6.54,0
33.78,10,2,0,0,0,0,0,107.2,1,1,25.77,0
29.05,18,4,2,0,0,0,0,7.0,0,3,59.09,0
8.05,17,1,1,1,1,0,0,22.2,1,1,9.68,0
19.91,12,2,2,0,0,0,0,72.5,2,1,58.74,1
72.81,16,1,1,0,0,0,0,20.0,0,1,66.0,0
13.56,19,4,1,0,0,0,0,6.8,0,1,42.31,0
18.5,17,2,1,0,0,0,0,3.4,1,1,3.38,0
23.48,15,2,2,0,1,0,0,3.5,1,3,10.47,0
149.3,2,9,5,1,5,1,0,50.0,4,2,9.52,1
28.6,9,1,2,0,0,0,0,25.4,0,6,8.83,0
7.81,10,0,1,0,0,1,0,28.8,2,1,18.05,0
8.7,16,2,0,0,0,0,0,24.7,0,1,21.39,0
4.13,19,4,1,0,0,0,0,8.8,1,2,33.95,0
29.09,8,2,1,0,0,0,0,2.3,0,2,13.47,0
25.67,12,3,3,0,0,0,0,27.0,1,0,126.82,0
34.68,13,1,1,0,1,0,0,38.7,1,2,41.95,0
91.82,17,3,2,0,0,0,0,26.9,0,2,35.35,0
46.88,23,5,3,0,1,0,0,13.4,2,3,5.56,0
19.69,12,2,1,0,0,0,0,14.8,1,3,35.45,0
19.15,13,2,0,0,0,0,0,43.6,2,0,18.16,0
33.44,13,2,0,0,0,1,0,3.4,0,1,37.63,0
330.74,9,13,8,2,4,0,1,520.0,3,6,5.01,1
14.43,18,0,3,0,1,0,0,98.2,1,2,42.6,0
10.89,10,2,1,0,0,0,0,37.5,1,3,20.7,0
20.93,20,1,0,0,0,0,0,34.7,1,1,14.23,0
50.7,9,2,1,0,0,0,0,73.6,2,1,121.55,0
13.56,15,1,0,0,0,0,0,106.9,4,1,21.95,0
12.5,19,2,1,0,0,0,0,5.7,3,0,41.46,0
11.38,19,3,1,0,0,0,0,5.4,1,2,18.58,0
198.45,21,4,4,1,2,1,1,22.6,2,6,56.33,0
12.48,18,1,1,0,1,1,0,36.5,2,1,55.48,0
25.89,9,1,1,0,0,0,0,18.2,3,1,84.0,0
2.39,11,3,1,0,1,0,0,54.2,3,3,18.41,0
16.46,13,3,0,0,0,0,0,41.8,2,0,11.2,0
40.8,12,5,0,0,0,0,0,3.7,0,2,243.2,0
73.7,8,1,0,0,1,0,0,30.7,1,1,7.02,0
59.28,9,2,3,0,0,0,0,2.9,2,2,20.32,0
7.13,11,2,2,0,0,0,0,54.0,2,1,13.35,0
16.15,12,0,3,0,0,0,0,204.2,0,1,31.55,0
11.04,10,3,0,0,1,0,0,0.1,1,1,37.86,0
9.19,12,5,0,0,0,0,0,148.1,1,2,56.43,0
40.92,11,3,1,0,0,0,0,49.9,0,1,66.46,0
80.97,16,1,1,0,0,0,0,55.4,1,1,18.02,0
16.54,19,3,0,0,0,0,0,21.4,3,2,14.53,0
90.36,11,2,2,0,0,1,0,56.8,2,3,9.23,0
28.56,20,4,2,0,0,0,1,16.3,1,1,10.01,0
67.96,6,2,3,0,1,0,1,69.5,0,2,27.05,0
151.31,15,4,3,0,4,0,0,252.9,3,5,4.51,0
21.16,20,3,0,0,1,0,0,127.2,1,2,69.83,0
7.59,15,4,0,0,1,0,0,11.7,3,0,11.83,0
15.43,20,1,1,0,0,0,0,25.7,2,1,10.51,0
20.66,12,2,0,0,0,0,0,54.0,2,0,98.94,0
3.82,16,3,0,0,0,0,0,93.3,1,0,76.0,0
34.85,17,0,2,0,0,0,0,49.0,2,1,120.96,0
15.04,17,4,3,0,0,0,0,142.9,3,2,13.14,0
38.39,12,2,1,0,0,0,0,112.0,0,3,29.74,0
20.12,15,1,1,0,0,0,0,30.8,2,3,24.43,0
53.83,11,0,1,0,1,0,0,100.4,0,3,39.79,0
286.04,4,11,13,1,6,0,1,285.4,3,5,21.55,1
4.16,11,1,1,0,0,0,0,29.3,1,3,12.05,0
79.77,12,5,1,0,0,0,1,27.2,1,2,100.15,0
36.34,14,2,2,0,0,0,0,115.0,0,0,13.93,0
42.0,18,0,1,0,0,0,0,136.5,1,2,45.4,0
295.85,23,10,0,1,1,1,0,106.9,2,2,19.36,0
52.17,14,0,0,0,0,1,0,4.6,1,1,12.39,0
381.85,4,7,2,1,3,1,1,240.9,2,5,4.51,1
5.07,20,3,2,0,0,0,0,0.5,2,2,20.47,0
15.79,16,0,1,0,1,0,0,45.2,0,4,2.5,0
48.02,21,2,0,0,2,0,0,121.1,0,2,21.84,0
9.11,15,1,1,0,0,0,0,69.5,0,1,8.94,0
51.03,11,0,1,0,0,0,0,35.2,4,2,22.41,0
7.47,13,2,1,0,3,0,0,91.8,1,1,50.4,0
28.7,14,2,2,0,1,0,0,35.0,1,2,30.86,0
41.77,20,1,3,0,0,0,0,52.0,4,2,47.81,0
66.27,11,2,1,0,0,0,0,8.4,1,1,46.01,0
25.71,17,2,0,1,0,0,1,83.0,0,1,19.58,0
15.39,15,2,0,0,0,0,0,28.4,2,2,23.74,0
139.06,17,1,0,0,0,0,0,70.9,2,1,24.75,0
10.36,17,3,2,0,0,0,0,21.7,1,3,28.54,0
33.86,16,1,1,0,1,0,0,8.7,2,1,7.18,0
11.31,12,0,4,0,1,0,0,48.5,0,1,64.21,0
17.2,16,2,1,0,0,0,0,93.7,2,0,162.99,0
12.16,14,0,1,0,1,0,0,18.1,4,1,10.48,0
21.93,20,0,2,0,0,0,0,39.9,3,2,7.04,0
4.73,16,1,0,0,0,0,0,52.0,3,0,7.59,0
18.99,13,2,1,0,0,0,0,8.8,0,1,15.95,0
18.06,14,0,2,0,0,0,0,14.0,0,2,13.42,0
158.03,13,4,1,0,0,0,0,11.7,0,3,46.07,0
10.75,10,3,1,0,0,0,0,40.9,2,2,126.65,0
9.41,9,2,2,0,1,0,0,40.6,1,1,14.02,0
341.52,12,5,8,1,0,0,1,10.0,2,3,39.23,0
16.72,17,2,1,0,0,0,0,3.5,0,2,45.91,0
141.09,20,1,0,0,1,0,0,3.1,1,1,9.23,0
109.6,23,7,4,0,2,0,0,19.4,3,2,55.59,0
32.41,10,2,1,0,0,0,0,72.8,2,2,5.79,0
21.49,20,4,3,0,0,0,0,15.6,3,1,8.72,0
282.14,8,2,3,0,1,0,0,12.0,1,2,25.09,0
8.19,16,4,4,0,0,0,0,120.9,0,1,79.4,0
10.42,16,1,1,0,0,0,0,28.7,2,1,65.35,0
35.72,12,2,6,0,3,0,0,10.0,1,6,17.13,0
23.36,18,2,1,0,0,0,0,6.3,1,2,107.24,0
4.06,10,3,2,0,0,0,0,37.0,1,3,13.24,0
13.15,9,1,0,1,0,0,0,16.9,2,1,22.4,0
69.04,9,3,0,0,0,0,0,13.0,3,7,27.53,0
19.78,18,4,1,0,0,0,0,121.2,0,3,16.4,0
16.5,13,1,0,0,2,0,0,45.6,1,3,15.74,0
12.67,17,0,0,0,0,0,0,87.6,1,1,49.23,0
27.39,16,1,0,0,0,0,0,141.2,0,3,143.81,0
51.82,11,1,1,0,0,0,0,7.8,0,2,15.47,0
67.96,9,1,1,0,1,0,0,10.8,1,0,18.2,0
42.31,8,1,0,0,1,0,0,31.6,0,1,11.07,0
19.07,11,2,0,0,1,1,0,6.8,1,1,11.32,0
31.04,11,5,1,0,1,0,0,20.6,0,2,29.59,0
32.22,11,1,2,0,0,0,1,29.2,1,0,11.62,0
63.42,16,6,1,0,0,0,0,89.5,0,1,71.72,0
5.44,14,4,1,0,0,0,0,48.2,0,2,16.56,0
27.23,15,0,0,0,0,0,0,20.3,0,2,15.48,0
13.17,15,4,1,1,0,0,0,3.0,5,2,7.2,0
10.06,9,1,2,0,0,0,0,71.0,1,1,94.95,0
164.5,13,2,1,0,0,0,0,6.5,0,1,6.9,0
21.83,18,4,0,0,0,0,0,36.1,0,1,49.64,0
7.11,17,1,1,0,0,0,0,22.7,0,3,21.1,0
112.37,4,7,4,0,2,0,1,327.4,4,4,8.89,0
34.05,9,3,1,0,1,0,0,121.7,0,1,17.23,0
41.42,10,1,3,0,0,0,0,78.8,2,2,16.27,0
122.22,19,1,2,0,0,0,0,59.3,3,0,17.3,0
26.24,8,2,0,0,0,0,1,80.6,0,2,23.21,0
58.55,17,3,0,0,1,0,0,8.7,2,4,29.25,0
41.36,16,1,0,0,0,0,0,2.9,0,2,15.88,0
25.02,15,1,0,0,0,0,0,54.7,0,2,9.11,0
14.97,14,2,1,0,0,0,0,12.8,0,0,27.21,0
12.89,13,1,2,0,0,0,0,115.1,2,2,30.55,0
15.06,9,0,1,0,1,0,0,128.3,0,3,6.47,0
41.58,9,5,0,0,1,0,0,7.9,0,0,61.86,0
12.98,18,1,3,0,0,0,0,23.2,0,1,23.75,0
32.44,11,3,2,0,1,0,0,1.7,0,1,21.17,0
29.93,9,0,0,1,1,0,0,0.8,2,3,35.13,0
4.18,15,1,1,0,1,0,0,18.2,2,3,19.74,0
63.91,19,1,0,0,1,0,0,3.9,1,0,53.96,0
57.9,14,4,0,0,0,0,0,6.2,1,2,49.9,0
33.68,16,3,1,0,0,0,0,1.9,0,0,25.54,0
124.6,18,1,0,0,1,0,0,43.2,2,2,30.29,0
11.71,10,1,3,0,2,1,0,86.9,1,2,36.13,0
49.9,13,3,3,0,0,0,0,76.1,1,3,38.22,0
17.86,18,1,0,1,0,1,0,23.3,1,0,63.14,0
11.52,13,3,2,0,0,0,0,12.7,1,1,16.96,0
44.08,20,3,1,0,0,0,0,149.9,0,1,22.74,0
24.94,11,1,2,0,1,0,0,97.5,1,2,54.48,0
12.33,10,1,0,0,0,0,0,41.7,3,0,120.92,0
53.94,12,0,1,0,0,0,0,19.0,1,2,71.84,0
12.83,17,2,0,0,0,0,0,20.5,5,3,17.3,0
103.06,1,12,4,1,5,1,0,765.6,3,7,16.5,1
38.62,21,3,0,0,0,0,0,29.0,0,3,19.76,0
30.37,9,4,0,0,0,0,0,11.2,0,1,37.77,0
66.6,17,4,0,0,0,0,0,28.4,2,1,16.69,0
27.29,9,4,1,0,1,0,0,5.2,3,2,19.6,0
14.21,19,2,1,0,1,0,0,170.5,1,2,69.7,0
4.99,12,1,1,0,0,0,0,20.4,1,2,29.19,0
4.9,9,4,2,0,0,0,0,19.3,1,0,22.81,0
19.7,8,2,0,0,0,0,0,22.8,3,0,24.72,0
26.37,13,3,0,0,0,0,0,14.8,1,1,13.55,0
33.67,15,1,0,0,0,0,0,35.8,1,3,16.38,0
8.8,14,2,0,0,0,0,0,22.1,1,1,26.95,0
12.55,12,1,2,0,0,0,0,41.1,2,2,113.6,0
28.23,16,1,0,0,1,0,0,86.4,2,3,17.67,0
46.22,15,2,0,1,0,0,0,40.4,1,1,9.13,0
289.14,15,5,4,0,1,1,0,48.4,0,3,26.18,0
31.01,10,3,0,0,0,0,0,42.3,1,2,19.13,0
15.29,14,3,1,0,1,0,0,34.7,5,3,37.91,0
8.56,18,2,2,0,0,0,0,68.0,1,3,35.33,0
180.26,12,4,4,0,2,1,0,59.6,4,2,38.85,0
93.71,8,2,1,0,1,0,0,177.5,1,1,12.22,0
9.72,14,1,0,0,1,0,0,22.3,1,2,18.58,0
88.6,10,2,2,0,0,0,0,57.1,1,3,11.21,0
8.03,19,1,0,0,0,0,0,19.5,5,0,26.73,0
30.31,19,2,2,0,0,0,0,85.4,1,1,5.57,0
16.71,13,1,3,0,0,0,0,56.1,3,0,8.66,0
118.88,19,3,2,0,1,0,0,20.7,1,2,26.21,0
3.63,19,3,2,0,1,0,0,57.4,0,1,24.35,0
92.28,3,10,5,1,3,0,1,197.8,3,8,125.47,1
240.55,5,2,11,2,3,1,0,50.0,4,5,10.36,1
68.13,14,3,2,0,0,0,0,97.8,2,1,26.01,0
86.42,15,4,1,0,0,0,0,53.3,1,1,22.43,0
24.6,12,1,1,0,0,0,0,5.7,4,2,33.09,0
44.01,10,2,1,0,0,0,0,13.9,0,2,145.74,0
6.36,18,0,1,0,0,0,0,27.4,0,1,36.8,0
41.59,21,3,1,0,1,0,0,7.5,0,0,45.83,0
26.41,8,0,1,0,0,0,0,72.7,1,2,13.0,0
30.65,10,2,0,0,1,0,0,42.1,3,0,84.67,0
249.04,4,4,2,1,3,0,0,83.7,5,4,19.31,0
33.1,12,3,1,0,1,1,0,197.5,0,0,17.41,0
11.0,14,1,3,0,0,0,0,46.5,0,4,75.18,0
14.58,16,1,2,0,1,0,0,36.6,1,1,13.57,0
23.71,6,15,3,2,4,0,0,578.9,4,6,21.13,1
40.76,16,5,4,0,0,0,0,1.2,0,4,22.75,0
76.79,16,4,0,0,0,0,0,219.1,2,1,16.29,0
25.38,11,3,0,0,1,0,0,32.7,2,0,33.39,0
33.83,18,3,2,0,0,0,0,18.1,4,3,161.49,0
40.95,17,3,2,0,0,0,0,38.8,2,3,15.69,0
172.84,11,4,0,0,0,0,0,57.5,1,0,6.8,0
4.86,10,0,1,0,0,0,0,15.8,0,2,9.15,0
37.08,16,1,3,0,0,0,0,48.3,0,2,23.41,0
41.22,16,1,3,1,0,0,1,129.8,2,5,6.69,0
19.74,16,2,0,0,1,0,0,106.8,3,3,36.05,0
27.23,9,2,0,0,0,0,0,29.9,3,0,18.58,0
28.18,18,2,2,0,0,0,0,14.3,1,4,18.39,0
23.29,19,1,3,0,1,0,0,50.0,0,3,8.38,0
34.32,18,1,2,0,0,0,0,48.7,0,0,30.72,0
27.77,9,3,1,0,0,0,0,3.2,2,1,2.45,0
11.48,18,3,0,0,0,0,0,11.9,3,2,15.63,0
35.82,18,2,2,0,0,0,0,212.0,1,0,2.04,0
13.84,16,3,0,0,0,0,0,64.5,0,2,21.62,0
169.82,19,2,1,0,0,0,0,49.5,0,0,18.03,0
71.62,10,4,0,0,0,0,0,15.3,1,0,17.4,0
16.68,12,2,2,0,0,0,1,235.1,3,1,8.05,0
8.33,10,0,0,0,0,0,0,1.7,1,3,7.54,0
15.31,20,0,2,0,0,0,0,49.5,2,3,21.75,0
41.61,12,2,0,0,0,0,0,13.9,0,2,77.6,0
63.85,19,1,3,0,0,0,0,8.0,0,1,25.93,0
27.43,15,2,2,0,0,1,0,67.0,0,2,15.49,0
84.16,19,5,1,0,0,0,0,26.9,0,3,27.41,0
79.66,11,2,0,0,0,0,0,85.2,0,4,12.55,0
12.51,17,2,1,0,1,0,0,18.5,1,1,12.71,0
13.8,16,4,1,0,0,0,0,37.3,0,3,14.51,0
25.97,18,1,0,0,0,0,0,33.1,2,1,61.21,0
19.18,18,0,1,0,1,0,0,31.2,1,1,15.36,0
15.51,17,4,1,0,2,0,0,54.1,2,0,125.71,0
714.09,21,3,5,1,1,0,0,31.6,1,3,25.01,0
19.21,18,2,0,0,0,0,0,68.4,1,1,20.38,0
57.95,8,3,3,1,2,0,0,97.8,1,1,22.94,0
21.13,16,0,1,0,2,0,0,33.3,0,3,7.46,0
45.33,19,1,2,0,0,0,1,12.7,2,1,25.5,0
4.74,12,3,1,0,0,0,0,3.9,0,2,18.09,0
8.71,17,2,2,0,0,0,0,45.4,3,3,15.34,0
14.86,13,3,1,0,0,0,0,57.0,0,0,34.52,0
10.67,14,1,0,0,0,0,0,90.6,0,2,24.43,0
41.8,17,1,1,0,0,0,0,40.2,1,1,8.92,0
31.16,21,0,0,0,0,0,0,1.8,0,2,83.1,0
70.57,21,3,4,0,1,0,0,21.1,1,2,38.22,0
27.03,18,2,0,0,0,0,0,22.7,0,2,68.62,0
9.68,21,1,0,0,0,0,0,180.1,3,1,72.6,0
13.68,13,2,1,1,0,0,0,150.8,2,0,56.19,0
174.06,17,3,7,0,4,0,0,138.4,1,2,6.08,0
201.0,20,0,1,0,0,0,0,50.8,2,1,32.2,0
1433.27,1,5,5,0,2,1,0,470.5,2,2,52.07,1
71.05,11,3,1,0,2,0,0,4.6,0,1,55.64,0
10.21,16,1,2,0,1,0,0,135.7,1,2,11.42,0
44.06,12,2,0,0,1,0,0,27.0,2,1,18.52,0
82.86,14,1,1,0,0,0,0,17.5,4,1,21.92,0
98.17,11,1,5,0,4,1,0,95.9,1,4,28.52,0
322.48,2,3,6,0,5,1,1,419.6,2,5,36.63,0
124.55,2,7,8,1,7,0,0,509.0,6,4,74.32,1
20.96,14,1,0,0,0,0,0,75.7,0,3,13.38,0
20.62,11,1,1,0,0,0,0,48.7,2,2,43.91,0
91.08,13,3,2,1,2,1,0,68.3,6,2,7.37,0
10.93,11,1,0,0,0,0,0,102.3,0,1,52.84,0
25.03,17,3,2,0,1,0,1,47.3,3,0,19.29,0
495.73,20,4,6,0,2,1,0,41.2,3,6,47.84,0
29.49,14,0,2,0,0,0,0,23.7,0,4,67.64,0
23.31,9,1,1,0,0,0,0,89.4,2,4,13.85,0
23.08,14,6,0,0,0,0,0,4.0,2,3,86.45,0
25.44,12,3,2,0,0,0,0,115.3,0,1,65.02,0
11.13,19,2,0,0,0,0,0,85.3,1,3,67.45,0
37.78,15,2,0,0,1,1,0,8.5,0,0,33.96,0
13.58,12,3,0,0,0,1,0,119.9,1,1,14.32,0
44.53,12,3,0,1,0,0,0,97.0,3,0,24.75,0
51.5,11,4,0,0,1,0,0,66.4,1,0,33.63,0
58.73,14,2,0,0,0,0,0,31.9,1,1,42.46,0
1.71,11,6,1,0,0,0,0,66.5,2,0,9.68,0
27.1,9,2,2,0,1,0,0,49.2,1,0,16.61,0
38.09,20,3,1,0,1,0,0,8.8,0,3,21.87,0
4.76,13,5,1,0,1,0,1,2.3,2,1,21.86,0
159.39,16,1,3,0,1,0,0,21.5,1,3,54.65,0
21.25,14,2,0,1,0,0,0,10.4,0,1,48.13,0
14.92,18,2,0,0,0,0,0,18.5,3,1,100.7,0
87.7,9,2,2,0,0,0,0,58.1,1,1,6.96,0
33.92,12,4,1,0,0,0,0,26.2,2,0,64.35,0
15.81,18,2,2,1,1,0,0,24.4,0,1,11.59,0
126.34,18,1,0,0,0,0,0,12.7,2,5,9.13,0
14.3,19,2,1,0,0,0,0,22.6,0,0,21.96,0
16.02,13,3,1,0,0,0,0,66.3,0,1,89.54,0
38.75,20,4,1,0,0,0,0,24.2,1,4,44.04,0
24.77,12,1,3,0,1,0,0,63.0,0,0,81.83,0
25.8,19,1,0,0,0,0,0,63.1,2,1,36.72,0
27.15,18,2,1,0,0,0,0,35.2,1,2,5.36,0
39.26,16,2,1,0,0,0,0,2.3,0,1,70.66,0
25.02,13,3,0,0,0,0,0,53.4,1,3,47.29,0
4.72,10,1,2,0,0,0,0,42.1,0,3,62.71,0
33.69,17,2,0,0,1,0,0,41.1,2,2,83.51,0
2.46,13,3,0,0,0,0,0,73.8,1,2,5.67,0
161.8,17,2,2,0,1,0,0,2.5,2,2,38.43,0
90.69,17,5,2,0,2,0,0,97.7,3,5,9.69,0
22.53,8,3,0,0,0,0,0,44.7,1,1,12.32,0
7.49,10,2,1,0,1,0,0,18.4,2,0,22.47,0
126.67,18,0,1,0,0,0,1,50.1,0,1,44.32,0
26.72,8,1,1,0,0,0,0,95.8,1,0,48.89,0
1.57,14,2,2,0,0,0,0,58.4,2,1,18.88,0
2.56,9,4,1,0,2,0,0,28.8,3,2,64.41,0
22.84,17,5,0,0,1,0,0,22.6,4,1,29.84,0
4.24,17,2,1,0,0,0,1,39.5,1,4,37.1,0
449.42,18,4,1,0,0,0,0,89.2,2,1,20.24,0
85.73,13,1,1,0,0,0,0,62.3,0,1,100.1,0
15.16,12,0,1,0,0,0,0,1.6,1,1,12.77,0
9.92,18,4,2,0,0,0,0,264.1,2,1,8.13,0
19.33,11,1,0,0,0,0,0,7.8,2,0,33.29,0
8.04,20,3,1,0,0,1,0,130.1,0,1,21.5,0
8.77,15,0,4,0,0,0,0,0.7,0,1,37.3,0
18.59,19,2,4,0,0,0,0,136.6,0,0,113.26,0
6.26,10,2,1,0,0,0,0,128.6,1,2,48.34,0
4.21,16,3,0,0,0,0,0,9.3,2,0,30.47,0
58.72,12,1,4,0,0,1,0,4.6,2,2,15.0,0
20.53,13,4,1,0,1,1,0,74.4,2,0,10.33,0
19.38,9,3,2,0,0,0,0,39.1,2,1,75.89,0
68.72,19,0,1,0,0,0,0,100.8,2,1,72.5,0
243.78,9,4,3,0,1,1,0,89.8,3,2,9.67,0
4.75,19,1,3,0,1,0,0,51.9,0,0,22.45,0
13.7,18,0,2,0,0,0,0,36.9,1,2,21.27,0
60.81,11,2,1,0,0,0,0,3.6,1,2,24.86,0
31.22,3,4,4,2,5,1,1,127.6,4,5,52.64,1
16.27,16,3,1,0,1,0,0,5.1,1,1,6.78,0
9.89,9,3,2,0,0,1,0,29.4,2,2,12.61,0
61.52,17,4,3,0,2,0,0,17.8,0,0,144.78,0
233.67,17,6,7,1,4,1,1,469.4,6,7,43.07,1
11.82,21,1,0,0,1,0,0,46.3,0,1,21.52,0
24.51,14,2,0,0,0,0,0,37.7,1,3,25.55,0
13.58,16,5,0,0,0,0,0,25.2,2,2,94.46,0
13.94,9,2,0,0,0,0,0,139.5,1,0,36.58,0
39.17,19,1,0,0,0,0,0,76.8,2,0,58.85,0
48.38,20,1,1,0,0,0,0,53.9,2,1,11.56,0
39.14,15,1,2,0,0,0,0,29.3,1,0,6.79,0
20.5,19,3,2,0,0,0,0,52.9,2,2,9.06,0
13.61,19,0,1,0,2,1,0,2.0,0,0,12.28,0
4.61,11,1,0,0,0,0,0,6.2,3,0,22.67,0
24.61,16,0,0,1,1,0,0,37.6,1,1,24.8,0
30.41,18,2,0,0,0,0,0,67.7,2,2,8.93,0
16.01,19,3,1,0,2,0,0,40.0,2,0,13.39,0
11.73,15,0,3,1,1,0,0,2.1,1,0,2.35,0
34.35,17,1,0,0,0,0,0,84.2,0,2,28.45,0
20.68,9,0,0,0,1,0,0,122.5,2,0,15.41,0
14.77,20,2,0,0,0,0,0,67.5,2,2,16.28,0
18.44,20,5,1,0,0,0,0,83.3,3,4,9.87,0
2.16,12,0,1,0,0,0,0,24.1,1,0,38.2,0
157.29,15,1,0,0,0,0,0,10.7,1,0,23.49,0
9.88,8,2,0,0,1,0,0,1.6,0,2,12.45,0
190.2,13,3,0,0,1,0,0,26.5,0,3,11.66,0
81.7,17,4,0,0,1,0,0,34.3,1,3,55.91,0
13.86,12,2,2,0,0,0,0,58.0,1,1,43.39,0
100.98,12,1,1,1,0,0,0,256.2,1,2,27.48,0
10.99,11,1,0,0,0,1,0,14.3,3,1,47.2,0
32.41,19,2,1,0,0,1,0,47.1,0,2,113.77,0
26.13,15,1,2,0,0,0,0,25.8,2,0,216.15,0
20.86,13,2,0,0,0,0,0,113.9,4,1,60.46,0
36.12,16,1,0,0,0,0,0,195.6,2,2,79.54,0
20.92,14,3,2,0,1,0,0,21.6,1,2,28.43,0
42.81,14,1,2,0,1,0,0,77.4,0,1,22.57,0
34.79,15,2,2,0,0,0,0,33.2,1,2,5.92,0
7.02,21,3,1,0,0,0,0,47.1,0,0,4.71,0
31.67,15,3,2,0,2,0,0,3.8,0,1,35.83,0
9.37,16,6,2,0,0,0,0,106.8,1,1,20.72,0
47.64,21,0,0,0,0,1,0,48.3,1,2,26.89,0
29.09,10,1,1,1,0,0,0,11.1,0,2,29.66,0
11.19,20,3,2,1,0,0,0,4.1,1,0,74.67,0
20.23,0,4,1,1,2,0,0,41.3,1,1,29.99,0
13.88,16,3,1,0,0,0,0,25.4,2,2,17.54,0
33.73,11,0,0,0,0,0,0,62.0,0,1,32.96,0
12.52,10,1,2,0,0,0,0,63.0,3,4,7.53,0
46.3,11,5,1,0,0,0,1,32.0,1,1,110.58,0
9.86,19,2,1,0,0,0,0,74.8,0,1,59.8,0
10.62,8,2,1,0,0,0,0,30.2,1,3,9.72,0
16.82,18,2,1,0,1,0,0,22.7,0,2,45.55,0
203.71,0,6,2,0,3,0,0,58.3,0,4,13.82,0
21.26,20,1,1,0,0,0,0,48.1,0,1,35.42,0
12.15,11,1,2,0,1,0,0,116.9,1,1,39.7,0
3.68,20,2,1,0,2,0,0,9.8,3,1,192.47,0
134.33,11,2,1,0,0,0,0,47.9,3,1,31.12,0
12.3,14,2,0,0,0,0,0,28.5,2,1,29.65,0
14.51,12,3,0,0,0,0,0,69.4,2,2,52.8,0
10.0,5,4,4,0,3,1,0,276.3,3,2,122.59,0
18.76,19,4,1,0,0,0,0,42.5,0,1,4.48,0
41.5,11,2,0,0,0,0,0,13.8,1,3,47.64,0
15.47,16,2,1,0,0,0,0,93.3,1,2,30.97,0
27.3,13,0,1,0,1,0,0,19.6,0,2,45.6,0
11.2,9,1,1,0,0,0,0,11.1,1,4,41.18,0
113.22,10,3,4,0,0,0,0,7.0,1,2,7.48,0
20.48,20,0,1,0,1,0,0,73.1,0,4,8.04,0
71.55,19,4,3,0,1,0,0,36.0,0,2,19.04,0
83.55,14,2,0,0,1,0,0,5.1,0,1,165.37,0
49.5,20,2,0,0,0,0,0,65.3,1,1,18.39,0
30.82,19,3,1,0,2,0,0,3.4,2,2,53.34,0
31.55,18,4,5,0,1,0,0,10.0,2,3,79.62,0
120.99,20,3,1,1,0,0,0,0.4,2,4,59.94,0
48.15,17,1,1,0,2,0,0,77.6,1,2,9.27,0
187.65,12,5,10,0,0,0,0,464.5,2,2,7.95,0
30.75,11,1,1,0,2,0,1,27.1,2,2,93.53,0
11.76,14,6,3,0,0,0,0,111.7,0,2,5.91,0
21.62,21,4,1,0,0,0,0,18.6,3,0,18.83,0
15.82,12,1,0,0,0,0,0,61.5,3,1,73.48,0
31.26,19,1,1,0,0,0,0,37.0,3,4,41.47,0
11.52,10,3,2,0,0,0,1,233.8,2,1,18.44,0
71.13,3,6,7,0,0,0,0,219.5,3,2,14.8,0
33.99,16,4,0,0,0,0,1,112.8,1,0,29.59,0
4.67,8,3,2,0,0,0,0,5.7,2,2,96.63,0
36.93,18,2,1,0,1,0,0,121.3,0,0,78.31,0
25.22,21,2,0,0,0,0,0,1.3,0,4,42.17,0
24.72,15,1,0,0,0,0,0,59.2,0,1,22.76,0
122.66,12,1,1,0,0,0,0,82.5,2,2,27.46,0
15.36,16,0,0,0,0,0,0,136.7,2,1,21.35,0
8.42,10,2,2,0,0,0,0,11.4,0,1,8.53,0
50.05,20,1,0,0,1,0,0,117.1,0,3,17.98,0
74.77,9,4,0,0,0,0,0,32.8,2,0,27.02,0
43.87,13,1,2,0,0,0,0,10.6,0,1,28.9,0
25.27,19,1,0,0,0,0,0,45.1,1,2,3.98,0
41.14,11,4,1,0,2,0,0,50.9,2,2,7.19,0
8.36,11,1,1,0,1,0,0,3.1,3,1,29.58,0
633.15,16,5,7,1,4,1,1,397.5,4,2,9.99,1
11.06,15,5,0,0,0,0,1,97.7,3,3,47.08,0
6.84,20,1,0,0,2,0,0,7.9,2,1,20.81,0
390.12,21,3,3,1,6,0,1,286.8,1,4,62.36,0
242.62,3,7,1,2,3,1,0,50.0,3,4,17.23,1
90.26,15,1,0,0,1,1,0,32.4,0,0,12.29,0
6.4,13,2,2,0,0,0,0,19.6,0,2,53.43,0
77.22,20,3,0,0,0,0,0,168.1,2,2,7.63,0
49.06,8,2,0,0,1,0,0,109.8,1,2,28.13,0
55.41,20,1,0,0,1,1,0,139.5,2,2,34.13,0
44.68,14,1,1,0,0,0,0,40.7,0,2,17.68,0
23.11,17,2,0,0,0,0,0,3.1,0,1,19.82,0
40.75,14,4,0,0,0,0,0,139.3,1,2,22.21,0
38.63,16,1,2,1,0,0,0,41.9,2,2,33.89,0
49.71,17,2,1,0,0,0,0,84.5,5,0,45.04,0
21.77,16,3,1,0,0,0,0,298.5,3,0,30.41,0
25.26,8,3,3,0,1,0,1,241.6,0,4,16.81,0
41.34,18,0,0,0,1,0,0,25.0,1,3,23.21,0
11.95,11,1,0,0,0,0,0,9.0,2,4,23.69,0
21.97,15,7,5,0,3,1,0,10.0,1,1,9.22,0
18.69,13,3,2,0,1,0,0,15.7,2,2,32.74,0
51.58,16,1,2,0,1,0,0,77.7,3,1,91.75,0
9.18,14,2,1,0,0,0,0,62.9,1,0,10.96,0
17.18,21,4,2,0,0,0,0,11.4,0,0,19.35,0
51.2,20,1,2,0,0,0,0,48.7,2,0,13.82,0
84.75,12,1,1,0,0,0,0,14.1,1,3,28.33,0
13.01,9,5,2,0,0,0,0,11.5,1,0,27.16,0
9.91,17,0,1,0,0,1,0,0.5,2,4,40.4,0
45.78,17,3,1,0,0,0,0,0.6,0,1,8.04,0
12.18,14,3,1,0,0,0,0,158.3,1,0,16.07,0
38.81,9,3,0,0,1,0,0,63.7,1,4,172.4,0
70.85,13,3,1,0,0,0,1,117.9,2,4,13.82,1
62.12,13,1,0,0,0,0,0,44.2,1,1,4.13,0
36.2,15,2,1,0,0,0,0,39.3,2,1,21.81,0
12.42,15,2,1,0,0,0,0,18.4,1,2,34.15,0
5.0,13,2,1,2,0,1,0,46.4,0,2,25.01,1
4.75,18,1,0,0,0,0,0,8.8,0,5,45.08,0
7.79,9,1,1,0,0,0,0,0.1,0,0,16.57,0
7.19,17,3,1,0,0,0,0,40.8,0,2,5.15,0
19.77,9,2,2,0,0,0,0,42.2,3,0,35.52,0
96.82,16,1,1,0,0,0,0,23.5,1,2,41.92,0
49.37,17,6,7,0,1,0,1,362.3,2,2,7.28,0
24.07,16,2,2,0,1,1,0,3.2,2,3,11.63,0
468.3,11,3,0,0,0,0,0,32.7,0,1,40.23,0
126.08,20,1,2,0,1,0,0,128.6,4,5,12.17,0
9.98,13,4,1,0,0,0,0,64.6,0,1,23.49,0
225.59,17,2,0,0,0,1,0,1.3,1,2,14.45,0
67.17,10,2,1,0,0,0,0,67.2,0,3,13.41,0
5.51,17,4,2,0,0,0,0,18.6,2,1,117.44,0
11.41,12,3,0,0,0,0,0,35.0,1,3,30.89,0
25.89,11,0,0,0,0,0,0,36.9,1,0,64.75,0
25.16,19,1,0,1,0,0,0,44.4,1,0,3.07,0
108.78,8,1,1,0,0,0,0,195.2,2,2,4.74,0
24.24,18,1,1,0,0,0,0,26.3,0,0,13.59,0
89.89,10,5,2,1,1,0,0,11.5,2,3,7.21,0
71.0,16,1,1,0,0,0,0,30.0,0,1,36.29,0
19.75,16,4,4,0,0,0,0,22.1,2,0,35.27,0
27.84,15,3,0,0,0,0,0,92.3,1,3,22.3,0
34.38,15,0,1,0,0,0,0,16.8,1,1,7.32,0
41.89,8,2,1,0,0,0,0,42.6,1,4,13.35,0
24.53,18,2,3,0,1,0,0,391.0,1,5,22.09,0
32.29,21,0,1,0,0,0,0,86.4,3,1,73.7,0
5.67,16,1,3,0,1,0,0,3.3,0,1,12.33,0
23.72,15,5,5,1,1,0,1,225.0,1,0,11.43,0
3.65,19,3,2,0,0,0,0,30.8,0,1,13.34,0
12.25,20,6,3,0,2,1,1,79.7,0,3,9.46,0
41.42,15,3,0,0,1,0,0,432.4,1,2,37.9,0
34.41,16,4,3,0,0,0,0,27.1,1,1,34.9,0
47.07,18,3,2,0,0,0,0,7.9,0,1,49.93,0
47.21,10,0,1,0,0,0,0,50.3,1,1,9.27,0
43.9,9,0,2,0,0,0,0,191.8,2,1,9.61,0
31.87,9,0,1,0,0,0,1,57.5,3,0,13.2,0
21.42,11,4,1,0,0,0,0,58.3,1,3,49.05,0
8.44,10,4,1,0,0,0,0,20.3,1,0,14.78,0
152.25,3,5,5,0,4,0,0,97.2,3,3,15.39,0
62.31,16,3,2,1,0,0,0,18.0,0,2,17.49,1
37.04,20,1,1,0,0,1,0,49.2,0,2,20.67,0
29.11,17,2,0,0,0,0,0,44.0,2,2,45.49,0
136.79,14,2,0,0,1,0,1,37.6,0,1,17.31,0
175.95,21,1,1,0,0,0,0,63.7,0,1,81.79,0
11.11,19,2,5,0,0,0,0,155.7,2,0,9.32,0
4.79,10,2,1,0,1,0,0,25.2,2,1,4.15,0
34.76,18,3,0,0,0,0,0,16.2,2,2,18.12,0
24.1,15,0,1,0,0,0,0,30.5,3,2,36.62,0
14.09,10,0,1,0,0,0,0,40.7,1,2,11.7,0
17.62,9,3,0,0,0,0,0,59.1,1,2,29.95,0
7.09,19,2,1,0,1,0,0,68.5,1,3,18.09,0
36.69,13,1,0,0,2,0,0,22.5,0,1,25.42,0
49.76,9,4,2,0,0,0,0,28.5,0,3,15.77,0
11.56,16,1,0,0,1,0,0,144.4,1,0,39.09,0
196.16,14,2,1,0,0,0,0,20.7,2,1,11.48,0
64.24,18,4,1,0,0,0,0,2.6,0,1,91.38,0
105.47,10,2,1,0,0,0,0,18.0,2,2,28.83,0
8.16,14,1,0,0,0,0,0,89.7,1,1,39.51,0
24.9,9,1,1,0,0,0,0,51.3,0,1,17.6,0
89.08,19,1,0,0,0,0,0,7.4,0,1,3.25,0
28.45,11,1,2,0,0,0,0,21.4,2,1,123.45,0
14.29,16,1,1,0,0,0,0,34.9,1,1,17.0,0
433.33,21,3,3,0,1,0,0,107.2,1,6,19.28,0
67.15,14,1,0,0,1,0,0,107.7,1,3,7.28,0
58.13,16,2,1,0,0,0,0,5.6,0,1,22.54,0
48.96,20,0,1,0,0,0,0,141.1,2,0,53.07,0
10.0,6,8,2,0,3,0,0,56.9,4,4,41.77,0
7.02,20,2,0,0,0,0,0,9.3,1,1,5.54,0
17.79,17,2,1,0,0,0,0,52.8,0,0,14.49,0
7.0,20,0,1,0,0,1,0,4.7,1,0,120.06,0
28.07,16,4,2,0,0,0,0,338.7,0,1,57.4,0
8.39,10,4,2,0,0,0,0,6.8,1,3,57.48,0
70.59,21,10,6,2,7,0,1,370.7,6,6,11.3,1
16.75,15,0,1,0,1,0,0,12.8,3,2,8.38,0
15.93,8,3,0,0,1,0,0,2.7,1,0,295.27,0
38.63,15,3,0,0,0,0,0,49.7,0,3,41.39,0
5.06,17,2,1,0,0,0,0,3.9,2,2,13.77,0
13.86,13,0,1,0,0,0,0,11.8,0,1,19.02,0
841.4,16,9,3,1,2,0,0,346.9,5,3,45.06,0
12.05,20,1,0,0,0,0,0,1.2,1,1,21.23,0
6.19,9,3,0,1,1,0,0,44.0,2,2,19.46,0
23.65,19,4,2,0,1,0,0,188.4,0,2,9.15,0
35.47,10,3,1,0,0,0,0,44.8,1,2,14.92,0
10.12,12,3,1,0,1,0,0,21.5,1,0,29.21,0
16.37,17,1,1,0,0,0,0,54.0,0,1,41.89,0
14.57,17,3,0,0,0,0,0,40.9,2,1,24.47,0
7.49,20,0,1,0,0,0,0,9.9,2,1,25.13,0
14.11,18,1,1,0,0,0,0,150.4,1,0,88.79,0
27.13,10,2,1,0,0,0,0,25.6,2,2,19.5,0
17.11,17,1,0,0,0,0,0,109.5,1,1,35.05,0
184.07,7,5,4,0,2,1,1,236.6,6,2,53.12,0
54.32,12,1,2,1,0,0,0,16.6,1,0,39.31,0
