amount,hour_of_day,is_night,recent_transaction_count,velocity_1h,previous_chargebacks,failed_transaction_count,is_new_device,is_new_ip,distance_from_home,device_account_count,ip_account_count,amount_deviation,is_fraud
23.84,9,0,2,3,0,0,0,0,29.6,1,2,0.858,0
33.88,19,0,0,1,0,0,0,1,87.5,1,2,0.121,0
14.85,17,0,1,1,0,0,0,0,16.2,2,3,0.781,0
34.83,1,1,5,4,0,2,0,1,143.8,3,2,0.239,0
2.44,16,0,2,1,0,0,0,0,19.3,1,2,0.925,0
8.11,8,0,2,1,0,0,0,0,83.5,2,4,0.779,0
19.85,9,0,5,1,0,0,0,0,73.7,1,1,0.845,0
10.43,16,0,3,1,0,0,0,0,132.5,1,1,0.908,0
64.18,1,1,7,8,2,5,1,1,157.7,3,3,0.219,1
13.35,15,0,0,1,0,0,0,0,4.2,4,1,3.510,0
59.33,10,0,4,2,0,0,0,0,94.4,1,4,11.926,0
14.26,10,0,2,1,0,0,0,0,50.1,1,1,0.571,0
71.13,11,0,3,2,0,0,0,0,9.4,3,2,6.036,0
22.18,13,0,2,2,0,0,0,0,15.9,1,2,0.380,0
48.54,15,0,1,1,0,2,0,0,21.9,3,2,0.289,0
19.78,20,0,1,3,0,0,0,0,4.9,2,3,0.269,0
12.60,20,0,2,2,0,0,0,0,16.1,2,1,0.410,0
12.45,13,0,0,2,0,1,0,0,7.1,1,2,0.917,0
27.40,17,0,2,2,0,0,0,0,83.2,1,1,0.027,0
243.58,10,0,6,1,0,0,1,0,234.2,4,3,11.167,0
25.47,20,0,2,1,0,0,0,0,19.0,3,3,2.937,0
46.95,19,0,2,2,0,0,0,0,7.8,3,1,1.507,0
9.78,17,0,3,3,0,0,0,0,43.0,1,2,0.522,0
4.59,12,0,2,1,0,0,0,0,3.2,1,1,0.857,0
21.72,9,0,4,1,0,3,0,1,6.9,1,2,3.153,0
17.55,17,0,3,1,0,1,0,0,12.0,1,2,0.755,0
37.37,13,0,0,1,0,0,0,0,303.3,1,2,2.373,0
34.88,13,0,0,0,0,0,0,0,32.9,1,1,6.252,0
6.38,10,0,3,1,0,0,0,0,65.6,1,2,0.835,0
20.27,17,0,1,1,0,1,0,0,0.9,1,1,0.667,0
16.44,21,0,2,1,0,0,0,0,4.5,2,1,0.007,0
9.30,18,0,2,1,0,0,0,0,42.3,1,2,0.880,0
22.22,12,0,0,0,0,0,0,0,42.5,1,2,0.537,0
27.60,17,0,2,2,0,0,0,0,77.3,2,1,0.355,0
78.72,14,0,2,1,0,0,0,0,45.7,1,1,2.039,0
107.52,16,0,4,1,0,0,0,0,24.7,1,1,6.918,0
57.28,18,0,4,4,0,0,0,0,110.2,1,2,0.544,0
27.76,13,0,4,4,0,0,0,0,85.2,1,3,0.643,0
29.39,11,0,0,1,0,0,0,0,173.6,3,3,0.584,0
69.68,10,0,5,5,0,0,0,0,26.9,1,1,0.794,0
33.51,13,0,1,1,0,0,0,0,158.7,1,3,0.533,0
12.70,16,0,2,2,0,1,0,0,55.9,2,2,0.543,0
97.88,12,0,2,2,0,0,0,0,54.1,1,1,10.010,0
274.90,0,1,4,1,1,5,1,0,192.2,3,2,8.783,0
72.41,12,0,2,2,0,1,0,0,9.2,1,1,0.173,0
33.89,19,0,5,6,1,9,1,0,50.0,4,8,2.042,1
133.60,18,0,2,4,0,1,0,0,19.2,1,2,5.607,0
20.71,10,0,6,1,0,0,0,0,29.5,1,2,0.674,0
8.76,14,0,1,1,0,0,0,0,65.9,2,1,0.254,0
33.08,16,0,2,2,0,0,1,0,42.6,1,3,0.782,0
34.32,9,0,4,5,0,1,0,0,40.1,5,2,0.282,0
13.02,19,0,3,1,0,1,0,0,55.3,1,3,0.149,0
51.02,16,0,3,2,0,1,0,0,17.2,1,3,0.550,0
29.25,10,0,8,2,0,0,0,0,43.8,2,1,1.997,0
76.65,15,0,4,5,0,4,0,0,105.1,3,2,2.578,0
4.76,13,0,0,1,0,0,0,0,37.4,1,1,0.888,0
52.97,20,0,3,1,0,0,0,0,23.3,1,1,0.305,0
48.24,16,0,1,1,0,0,0,0,36.5,1,1,1.321,0
29.67,20,0,1,1,0,0,0,0,1.4,2,2,0.256,0
33.79,13,0,1,2,0,0,0,1,4.7,2,1,0.913,0
116.11,9,0,1,1,0,0,0,1,101.0,1,1,9.230,0
64.07,18,0,4,4,0,0,0,0,47.0,1,1,1.116,0
21.78,13,0,1,1,0,0,0,0,30.2,1,2,0.388,0
5.44,15,0,5,1,0,1,0,0,23.3,1,5,0.981,0
35.26,20,0,3,3,0,0,0,0,145.8,2,1,0.130,0
16.46,20,0,3,3,0,0,0,0,32.8,3,3,1.505,0
106.73,15,0,2,2,0,0,0,0,11.6,1,6,5.304,0
22.11,17,0,5,1,0,0,1,0,12.1,1,1,0.225,0
6.64,9,0,0,1,0,1,0,0,64.5,1,3,0.145,0
13.51,9,0,3,2,0,1,0,0,23.4,1,3,0.900,0
25.00,14,0,1,1,0,0,0,0,0.0,2,1,0.420,0
871.97,23,1,2,9,0,2,0,1,14.5,2,4,8.213,0
6.34,15,0,1,1,0,0,0,1,162.4,3,2,0.733,0
19.56,10,0,2,2,0,0,0,0,71.4,2,1,0.196,0
12.34,15,0,2,2,0,0,0,0,222.9,1,2,0.506,0
28.53,18,0,0,0,1,0,0,0,67.5,1,1,0.463,0
35.16,13,0,2,2,0,0,0,0,256.1,1,1,0.163,0
59.79,1,1,8,4,0,2,1,0,32.9,3,4,7.754,0
36.06,17,0,4,4,0,1,0,0,18.4,2,2,1.417,0
22.07,9,0,2,2,0,1,0,0,38.7,1,1,0.250,0
36.56,14,0,0,1,0,0,0,0,35.6,2,4,0.316,0
102.73,13,0,1,2,1,0,0,0,9.6,1,4,2.344,0
30.71,19,0,3,2,0,0,0,0,62.4,1,1,0.683,0
57.27,18,0,3,3,0,0,0,0,115.7,1,1,1.232,0
65.18,19,0,1,2,1,1,0,0,10.6,1,1,1.401,0
12.31,15,0,0,2,0,0,0,0,97.2,1,3,0.564,0
17.42,19,0,1,2,0,0,0,0,41.4,2,1,1.101,0
34.80,21,0,11,1,0,1,0,0,27.8,1,3,0.355,0
16.73,12,0,2,3,0,0,0,0,17.1,3,1,0.649,0
12.82,21,0,2,2,0,0,0,0,9.4,2,1,0.861,0
22.84,20,0,3,2,0,0,0,0,11.6,1,1,0.162,0
19.86,10,0,3,1,0,0,0,0,35.9,1,2,0.884,0
6.43,15,0,0,2,0,0,0,1,7.1,1,1,0.412,0
19.03,14,0,4,1,0,1,0,0,102.9,4,2,0.853,0
44.22,10,0,4,4,0,0,0,0,55.8,1,1,2.540,0
58.89,14,0,2,2,0,0,0,0,143.2,1,1,2.524,0
30.75,9,0,2,3,0,0,0,0,13.3,3,1,0.035,0
169.85,13,0,3,1,0,0,1,0,7.1,1,1,3.017,0
12.74,19,0,3,3,0,0,0,0,58.2,1,4,0.856,0
24.51,16,0,4,3,1,0,0,0,20.0,1,1,0.455,0
6.74,15,0,2,2,0,0,0,0,2.4,1,1,0.901,0
70.32,12,0,3,1,0,1,0,0,45.5,1,3,0.613,0
13.38,19,0,3,1,0,0,1,0,33.6,2,1,0.335,0
27.14,13,0,2,2,1,0,0,0,19.6,2,1,0.075,0
38.02,20,0,3,3,0,0,0,0,103.9,1,3,0.372,0
32.11,12,0,1,1,0,0,0,0,83.1,1,1,0.264,0
29.31,13,0,2,1,0,1,1,0,128.0,1,1,1.862,0
41.01,11,0,2,2,0,0,0,0,10.7,1,2,2.511,0
42.11,10,0,0,3,0,0,0,0,145.5,1,2,6.248,0
30.54,10,0,0,1,0,0,0,0,116.3,1,1,0.011,0
9.38,15,0,1,1,0,1,0,0,3.5,1,2,0.783,0
85.07,9,0,0,1,0,2,0,0,12.2,2,4,3.327,0
26.08,10,0,2,2,0,0,0,0,10.5,1,1,0.235,0
18.66,9,0,1,9,1,2,1,1,335.6,5,5,0.189,1
19.44,20,0,3,3,0,1,0,0,45.4,1,2,0.388,0
29.67,17,0,2,1,0,0,0,0,7.8,1,1,1.564,0
38.65,12,0,2,3,0,0,0,0,57.0,3,1,7.824,0
5.64,14,0,2,2,0,0,0,0,11.5,1,1,0.510,0
19.56,21,0,2,2,0,0,0,0,16.7,1,1,0.617,0
28.58,16,0,3,3,0,0,0,0,39.2,1,2,0.044,0
155.72,8,0,0,3,0,1,0,0,5.0,1,1,7.813,0
8.90,21,0,0,1,0,0,0,0,34.5,1,1,0.382,0
11.96,9,0,1,2,0,0,0,0,11.9,3,1,0.764,0
39.23,12,0,0,2,0,0,0,0,1.5,1,1,1.605,0
7.22,14,0,3,1,0,0,0,0,28.5,2,4,0.020,0
48.10,15,0,1,1,0,0,0,0,1.0,3,2,2.173,0
79.28,17,0,1,1,0,2,0,0,23.1,3,3,6.110,0
79.06,20,0,3,3,0,0,0,0,20.3,1,1,5.360,0
25.76,17,0,3,3,0,1,0,0,77.9,1,1,0.246,0
16.01,17,0,0,1,0,0,0,0,19.5,1,1,0.032,0
131.45,10,0,4,4,0,0,0,0,35.0,1,1,0.384,0
8.01,12,0,2,1,0,1,0,0,9.0,2,1,0.875,0
48.82,12,0,1,1,0,0,0,0,12.6,1,3,0.297,0
53.75,10,0,0,1,0,0,0,0,13.2,1,1,0.128,0
19.48,12,0,2,2,0,0,0,0,0.2,1,3,0.208,0
33.01,19,0,4,3,0,1,0,0,78.3,2,1,0.362,0
7.05,14,0,1,1,0,0,0,0,1.4,1,1,0.028,0
7.87,10,0,4,4,0,0,0,0,13.5,1,1,0.890,0
7.22,18,0,1,1,0,0,0,0,71.7,3,1,0.779,0
52.70,13,0,1,2,0,0,0,1,44.2,2,1,1.111,0
20.39,18,0,0,1,0,2,0,1,116.4,1,4,8.664,0
4.66,16,0,3,2,0,1,0,0,12.5,1,1,0.749,0
17.79,12,0,2,1,0,2,0,0,43.8,2,4,0.675,0
38.36,17,0,0,0,0,1,0,0,87.0,4,1,0.066,0
2.79,9,0,2,1,0,0,0,0,22.8,2,1,0.986,0
22.15,16,0,0,2,0,0,0,0,58.0,4,3,0.205,0
30.36,19,0,2,2,0,0,0,0,28.1,2,2,0.689,0
6.77,10,0,1,1,0,0,0,0,67.8,2,1,0.645,0
41.32,21,0,2,2,0,0,0,0,74.8,1,1,1.685,0
30.22,9,0,3,3,0,0,0,0,12.5,2,2,0.763,0
39.16,15,0,0,1,0,0,0,0,86.7,2,3,2.215,0
68.30,15,0,4,2,0,0,0,0,28.5,2,2,0.081,0
78.84,20,0,8,4,0,0,0,0,249.7,5,4,1.656,0
6.58,16,0,3,3,0,0,0,0,13.1,1,3,0.968,0
12.69,15,0,2,2,0,0,0,0,34.9,1,2,0.632,0
102.72,10,0,3,1,0,1,0,0,10.2,2,1,9.262,0
23.02,16,0,0,0,0,1,0,0,77.1,2,1,0.496,0
75.09,12,0,1,2,0,0,0,0,76.1,3,2,3.940,0
23.27,20,0,0,1,0,0,0,0,6.5,2,1,1.635,0
5.58,20,0,2,2,0,1,0,0,10.6,1,2,0.755,0
13.98,13,0,3,2,0,0,0,0,15.7,1,1,0.226,0
18.63,10,0,1,1,0,0,0,0,1.1,1,2,0.756,0
20.92,16,0,2,2,0,0,0,0,180.1,1,2,0.293,0
14.08,9,0,2,2,0,0,0,0,21.8,1,1,0.648,0
13.28,11,0,3,3,0,0,0,0,2.0,2,5,0.704,0
54.51,19,0,3,1,0,0,0,0,8.7,2,3,0.496,0
10.65,13,0,4,2,0,0,0,1,0.4,1,1,0.313,0
1188.19,2,1,3,3,0,0,0,0,320.7,5,5,169.717,0
19.16,11,0,2,3,0,0,0,0,49.2,1,1,0.003,0
113.92,14,0,1,1,0,0,0,0,41.3,4,3,3.864,0
61.25,10,0,5,1,0,1,0,0,31.8,1,1,2.011,0
16.98,10,0,2,2,0,1,0,0,93.9,1,1,2.121,0
18.82,9,0,2,2,0,1,0,0,64.4,1,2,0.269,0
50.50,20,0,7,5,0,4,1,1,31.9,1,3,0.309,0
44.51,8,0,1,1,0,2,1,0,123.4,1,2,0.460,0
22.62,11,0,2,2,0,0,0,0,22.5,2,3,0.740,0
1.35,16,0,1,1,0,0,0,0,134.6,2,1,0.971,0
135.41,0,1,8,6,1,5,1,1,848.0,3,5,7.932,1
6.42,13,0,1,1,0,0,0,0,49.7,2,3,0.598,0
14.04,9,0,2,2,0,0,0,0,76.3,1,1,0.723,0
56.72,9,0,3,3,0,1,0,0,84.4,1,1,0.360,0
31.79,19,0,1,1,0,0,0,0,8.0,1,2,0.388,0
20.81,11,0,2,2,0,0,0,0,171.0,1,2,0.241,0
15.30,19,0,0,1,0,0,0,0,37.8,1,1,0.051,0
22.36,9,0,2,2,0,0,0,0,184.4,2,4,0.059,0
59.76,18,0,4,4,0,0,0,0,30.4,1,1,0.685,0
11.81,11,0,0,1,0,0,0,0,60.7,1,3,0.316,0
19.35,20,0,3,1,0,0,0,0,64.9,1,1,0.246,0
192.74,15,0,7,3,0,3,0,0,598.5,3,2,5.201,0
74.93,16,0,1,1,0,0,1,0,8.5,2,1,2.206,0
4.66,17,0,1,3,0,0,1,0,24.5,1,3,0.976,0
53.35,15,0,0,1,0,0,0,0,8.8,1,4,1.155,0
13.42,19,0,3,1,0,0,0,0,19.3,1,5,0.033,0
21.99,15,0,3,1,0,0,0,0,3.6,3,4,0.222,0
60.25,11,0,5,4,0,1,0,1,77.6,1,2,1.373,0
50.96,17,0,0,4,1,0,0,0,4.3,1,2,0.965,0
52.69,9,0,1,1,0,2,0,0,21.6,1,2,0.812,0
5.11,18,0,5,2,0,0,0,0,47.2,3,1,0.830,0
15.73,11,0,3,1,1,1,0,0,131.7,1,1,0.153,0
15.17,19,0,2,2,0,1,0,0,1.3,1,1,0.159,0
76.14,12,0,1,1,0,1,0,0,38.1,2,1,2.135,0
7.05,14,0,1,1,0,0,0,0,53.9,1,1,0.769,0
43.26,14,0,2,1,0,1,1,0,33.5,2,1,0.317,0
59.27,19,0,4,1,0,0,0,0,50.2,1,1,9.915,0
138.19,16,0,0,3,0,1,0,0,0.7,1,2,1.196,0
15.57,17,0,4,1,0,0,0,0,73.5,3,1,2.278,0
29.14,17,0,2,2,0,0,0,1,140.6,2,1,0.644,0
27.74,9,0,2,2,0,1,0,0,57.2,1,1,1.076,0
20.57,13,0,2,2,0,2,0,0,19.8,1,1,3.147,0
7.39,20,0,2,1,0,1,0,0,222.4,1,1,0.639,0
31.12,9,0,1,2,0,1,0,0,40.2,2,1,0.682,0
21.85,9,0,0,0,0,0,0,0,32.6,1,1,0.548,0
26.90,13,0,2,2,0,0,0,0,47.2,1,3,0.348,0
73.96,17,0,4,4,0,0,0,0,46.2,1,2,0.443,0
13.87,23,1,4,8,0,1,0,0,416.2,8,2,0.475,0
4.36,19,0,3,1,0,0,0,0,22.2,1,1,0.147,0
22.43,11,0,2,2,0,0,0,0,59.2,2,1,0.418,0
43.74,20,0,0,1,0,0,0,0,22.0,1,1,10.391,0
95.57,2,1,6,4,0,4,0,0,120.6,6,1,3.584,0
11.06,9,0,0,0,0,0,0,0,11.5,3,1,4.760,0
99.29,14,0,3,3,0,0,0,0,35.9,1,1,5.881,0
16.55,18,0,0,1,0,0,1,0,11.8,1,3,0.773,0
31.57,14,0,0,0,0,0,0,0,139.7,1,1,1.644,0
11.91,17,0,1,1,0,0,0,0,151.2,1,5,0.888,0
64.79,7,0,2,4,1,2,1,1,624.3,1,3,3.177,0
12.18,19,0,1,3,0,1,0,0,178.8,1,1,0.818,0
29.26,18,0,1,1,0,0,0,0,25.8,1,2,0.189,0
25.90,20,0,6,1,0,0,0,0,79.9,3,1,4.511,0
3.22,9,0,4,1,0,0,0,0,42.4,1,2,0.955,0
44.63,0,1,7,3,0,2,0,1,87.8,4,3,3.504,0
37.98,19,0,2,2,0,0,0,0,104.9,1,3,2.840,0
36.78,14,0,0,1,0,0,0,0,52.9,1,2,0.725,0
51.66,20,0,2,2,0,0,0,0,3.5,1,2,5.354,0
44.04,13,0,3,1,0,0,0,1,101.0,2,3,0.787,0
63.07,15,0,2,2,0,1,0,0,31.3,1,2,0.129,0
109.31,16,0,2,6,0,3,1,0,147.4,2,1,4.142,0
45.36,15,0,2,2,0,2,0,0,160.5,1,2,0.739,0
3.45,11,0,5,2,0,1,0,0,2.9,2,5,0.854,0
117.39,13,0,0,1,0,0,0,0,42.4,1,3,1.485,0
32.87,20,0,1,2,0,0,0,0,31.1,1,1,0.529,0
137.12,23,1,10,8,1,6,1,1,50.0,1,3,8.636,1
20.94,10,0,0,3,1,1,0,0,9.6,1,1,0.745,0
206.24,23,1,5,5,0,2,0,0,10.0,1,3,2.273,0
25.86,12,0,3,3,0,1,0,1,18.2,1,1,0.358,0
107.52,9,0,2,2,0,1,0,0,55.0,1,1,5.653,0
89.29,15,0,11,3,2,2,1,0,107.0,2,3,0.617,1
16.59,12,0,1,1,0,0,0,0,21.8,1,3,0.276,0
13.09,8,0,1,1,0,0,0,0,20.1,1,4,1.839,0
101.67,17,0,1,1,0,0,0,0,76.0,1,1,1.155,0
4.92,19,0,0,1,0,0,0,0,52.9,1,1,0.648,0
26.17,12,0,3,3,0,0,0,0,34.0,1,1,1.172,0
8.91,8,0,3,1,0,0,0,0,13.1,1,2,0.845,0
48.31,8,0,4,2,0,3,0,0,782.7,2,3,3.632,0
22.23,9,0,1,1,0,0,0,0,3.5,1,1,3.710,0
30.37,17,0,4,4,0,0,0,0,42.1,2,3,0.836,0
53.52,17,0,1,1,0,0,0,0,147.1,3,2,0.389,0
221.32,17,0,1,2,0,0,0,0,48.1,1,1,4.324,0
181.53,20,0,1,1,0,0,1,0,38.2,3,5,8.564,0
11.34,14,0,3,3,0,0,0,0,20.3,2,1,0.348,0
6.92,11,0,3,2,0,1,0,0,2.8,1,2,0.287,0
88.49,15,0,3,2,0,1,0,0,41.6,1,2,3.694,0
9.04,12,0,2,2,0,1,1,1,7.4,1,1,0.502,0
21.63,10,0,5,2,0,0,0,0,26.6,2,1,0.071,0
7.30,18,0,4,4,0,0,0,0,90.6,4,2,0.447,0
1829.30,9,0,9,6,0,7,0,1,734.5,5,8,86.027,1
20.55,8,0,3,3,0,0,0,0,12.5,1,1,0.010,0
33.48,20,0,1,1,0,0,0,0,35.6,1,2,0.703,0
12.35,11,0,2,2,0,0,0,0,8.9,1,1,3.364,0
67.78,15,0,3,3,0,0,0,0,8.8,1,1,1.823,0
24.26,19,0,1,1,0,1,0,1,1.8,1,1,1.274,0
43.89,14,0,1,1,0,0,0,0,80.6,2,1,9.067,0
26.01,13,0,4,4,0,1,0,0,24.6,1,3,1.755,0
20.47,12,0,1,4,0,0,0,0,27.7,1,2,0.317,0
54.07,11,0,2,3,0,0,0,0,7.5,1,1,1.641,0
11.09,18,0,0,0,0,0,0,0,50.7,1,2,0.400,0
31.87,8,0,10,3,0,0,0,0,612.4,3,1,0.029,0
7.38,16,0,2,2,0,0,0,0,120.0,2,1,0.667,0
21.99,19,0,2,2,0,0,0,0,49.2,1,1,0.352,0
37.58,18,0,4,1,0,0,0,0,45.8,1,1,2.226,0
1407.37,2,1,4,4,0,4,0,0,841.4,4,7,14.549,1
32.65,19,0,0,1,0,0,0,0,63.3,1,1,0.309,0
11.63,21,0,1,2,0,0,0,0,69.0,1,1,3.806,0
134.51,1,1,10,3,0,2,0,0,432.9,1,1,3.906,0
22.50,19,0,1,2,0,0,0,0,2.4,1,1,0.502,0
12.69,20,0,1,2,0,0,0,0,68.6,1,1,0.508,0
39.25,13,0,3,3,0,0,0,0,16.1,1,3,3.356,0
18.73,9,0,3,2,0,0,0,0,25.1,1,1,0.578,0
95.26,8,0,2,1,0,1,0,0,77.0,2,2,7.707,0
19.81,11,0,3,1,0,0,0,0,23.2,2,1,0.211,0
6.32,20,0,3,2,0,0,0,0,23.7,2,2,0.128,0
164.43,13,0,1,3,0,1,0,0,10.7,1,1,1.901,0
274.49,10,0,7,3,0,1,0,0,36.8,4,2,106.643,0
73.55,19,0,0,2,0,1,0,0,112.5,1,1,0.669,0
15.61,18,0,4,1,0,1,0,0,43.2,1,1,0.727,0
36.28,18,0,1,2,0,0,0,0,17.9,1,1,0.380,0
106.19,2,1,8,5,0,4,1,1,166.8,1,6,3.095,0
5.58,16,0,2,1,0,0,0,0,134.2,1,2,0.640,0
23.16,20,0,2,2,0,0,0,0,104.1,1,1,0.220,0
18.19,20,0,3,1,0,0,0,0,84.9,2,1,2.419,0
4.66,9,0,0,2,0,0,0,0,36.8,3,3,0.880,0
17.78,9,0,3,1,0,0,0,0,58.6,1,1,0.652,0
48.83,12,0,2,2,1,0,0,0,30.5,2,2,0.250,0
182.42,17,0,1,1,0,1,0,0,24.9,1,1,4.133,0
11.17,12,0,4,1,0,0,0,0,168.4,1,2,0.182,0
47.59,21,0,1,1,0,0,0,0,47.9,1,1,2.756,0
26.03,15,0,2,2,0,1,0,0,32.2,2,2,0.477,0
474.37,2,1,7,9,2,1,1,1,553.7,4,5,6.128,1
30.36,20,0,3,1,0,1,1,0,86.9,1,1,1.343,0
18.06,17,0,1,1,0,0,0,0,73.1,2,2,0.807,0
1116.26,13,0,3,6,3,4,1,1,359.1,5,3,47.852,1
15.17,15,0,3,3,0,0,0,0,0.4,2,1,0.666,0
19.42,14,0,4,4,0,1,0,0,79.2,2,3,1.073,0
44.05,20,0,1,2,0,0,0,0,27.4,2,1,1.851,0
17.21,19,0,0,1,0,0,0,0,45.3,2,2,0.960,0
8.67,12,0,2,2,0,0,1,0,1.9,3,1,0.181,0
4.19,18,0,2,2,0,0,0,0,123.3,1,1,0.805,0
19.22,19,0,2,2,0,0,0,0,27.2,1,2,0.786,0
56.13,20,0,0,1,0,0,0,1,23.4,1,1,2.226,0
40.12,15,0,3,3,0,2,0,0,42.7,1,1,1.564,0
44.46,9,0,1,1,0,0,0,1,25.7,2,1,9.221,0
134.05,18,0,2,2,0,1,0,0,143.9,1,1,13.747,0
10.73,18,0,3,3,0,0,0,0,4.0,1,1,0.692,0
9.25,18,0,0,3,0,0,0,0,79.5,2,6,0.090,0
22.10,13,0,2,2,0,0,0,0,16.8,1,1,1.579,0
5.76,16,0,1,1,0,0,0,0,3.9,1,1,0.842,0
40.42,18,0,4,4,0,0,0,0,45.2,1,1,0.033,0
293.33,8,0,6,5,0,1,0,0,64.4,5,1,15.723,0
8.16,9,0,0,1,0,1,0,0,71.8,3,3,0.861,0
20.75,10,0,1,1,1,0,0,0,31.7,4,1,0.177,0
14.35,10,0,2,1,0,1,0,0,82.8,1,1,0.823,0
32.61,12,0,0,2,0,0,0,0,47.3,1,1,0.294,0
8.65,10,0,1,2,0,0,0,0,90.6,1,1,0.696,0
34.29,19,0,1,2,0,0,0,0,4.3,1,1,0.636,0
101.71,3,1,7,5,0,3,0,1,102.4,1,7,18.788,0
22.91,13,0,1,4,0,0,0,0,21.3,1,3,0.003,0
30.09,9,0,4,2,0,2,0,0,4.4,1,1,3.001,0
24.56,12,0,2,1,0,1,0,0,110.1,3,1,0.150,0
34.81,17,0,4,1,0,1,0,0,58.8,3,3,0.469,0
35.83,19,0,0,1,0,0,0,0,69.6,1,2,3.176,0
109.63,12,0,4,4,0,1,0,0,87.9,6,2,4.853,0
7.91,19,0,1,1,0,1,0,0,9.1,2,1,0.597,0
18.35,13,0,1,1,0,0,0,0,14.3,1,1,0.657,0
45.58,13,0,4,1,0,0,0,0,205.2,1,2,0.011,0
6.91,19,0,2,1,0,2,0,0,107.0,1,1,0.933,0
94.54,19,0,4,4,0,0,0,0,27.8,1,4,1.070,0
18.21,14,0,2,1,0,0,0,0,4.5,3,2,0.204,0
5.50,12,0,4,4,0,0,0,0,7.2,1,2,0.891,0
38.57,16,0,3,4,0,0,0,0,3.4,3,2,1.175,0
14.71,20,0,2,2,0,0,0,0,27.8,1,1,0.849,0
12.08,17,0,2,2,0,0,0,0,15.7,1,1,0.673,0
93.55,2,1,6,6,0,1,0,1,493.6,2,2,3.301,0
11.63,21,0,2,2,0,1,0,0,16.4,1,2,0.525,0
188.26,23,1,5,1,0,6,1,0,27.9,1,4,8.982,0
24.00,19,0,2,2,0,0,0,0,63.0,1,2,0.021,0
8.25,12,0,1,1,0,1,0,0,19.4,1,3,1.057,0
24.45,19,0,1,2,0,0,0,0,25.8,2,2,0.648,0
34.78,19,0,3,1,0,1,0,0,11.6,2,1,0.023,0
12.54,18,0,1,1,0,0,0,0,12.9,1,2,2.552,0
12.22,8,0,2,2,0,0,0,0,93.7,3,1,0.886,0
105.72,17,0,2,1,0,0,0,0,69.0,1,1,1.488,0
12.96,16,0,0,1,0,0,0,0,12.8,1,1,0.758,0
13.61,10,0,3,1,0,0,0,0,29.3,1,1,4.195,0
41.02,21,0,2,1,0,0,0,0,21.0,1,1,1.580,0
76.84,17,0,0,1,0,0,0,0,63.6,1,1,0.018,0
64.37,13,0,4,7,0,3,0,0,11.0,2,2,0.349,0
165.03,10,0,1,4,1,1,0,0,12.6,1,1,20.544,0
50.11,10,0,0,0,0,0,0,0,43.2,1,2,4.067,0
69.82,17,0,4,1,0,0,0,0,4.7,1,1,1.652,0
85.42,3,1,3,3,2,1,1,1,600.1,5,3,4.783,1
34.43,12,0,3,1,0,0,0,0,13.1,1,1,0.687,0
43.41,14,0,6,1,0,0,0,1,78.4,2,1,0.491,0
4.25,17,0,6,2,0,0,0,0,79.7,3,1,0.637,0
32.77,17,0,1,1,0,0,0,0,20.5,3,1,0.313,0
11.33,9,0,0,1,0,1,0,0,6.3,1,1,0.745,0
56.16,9,0,2,2,0,1,0,1,52.4,2,1,0.925,0
63.73,14,0,3,1,0,1,0,0,9.0,1,5,1.673,0
9.61,14,0,2,2,0,0,0,0,11.3,2,3,0.868,0
26.46,15,0,3,1,0,1,0,0,36.7,1,2,0.438,0
19.51,15,0,1,1,0,0,0,0,47.8,1,3,0.831,0
45.76,10,0,6,6,0,0,0,0,70.2,2,1,0.824,0
46.79,20,0,2,2,0,0,0,0,47.5,1,1,1.167,0
29.64,14,0,3,3,0,1,0,0,77.8,1,1,0.643,0
21.09,9,0,3,4,0,2,0,0,28.3,1,3,0.010,0
10.00,10,0,9,2,0,3,0,1,14.6,3,4,0.902,0
24.75,17,0,3,1,0,0,0,0,80.8,1,3,0.783,0
9.19,19,0,1,3,0,1,0,1,237.9,1,2,0.801,0
20.71,16,0,2,1,0,0,0,0,107.0,1,5,0.547,0
54.18,10,0,1,1,0,0,0,0,40.4,1,4,0.320,0
16.80,19,0,1,1,0,0,0,0,3.0,2,1,0.744,0
364.34,19,0,2,2,0,1,1,0,26.2,1,2,14.510,0
16.47,13,0,1,1,0,0,0,0,116.8,1,1,0.734,0
26.94,11,0,2,1,0,0,0,0,56.2,2,1,0.463,0
95.19,22,0,5,4,0,0,1,1,499.3,1,9,2.212,0
190.33,18,0,4,1,0,0,0,0,42.0,1,1,1.315,0
29.92,18,0,5,2,1,1,0,0,67.1,4,1,0.965,1
15.35,18,0,2,2,0,0,1,0,17.4,3,1,0.386,0
10.02,20,0,1,2,0,0,0,0,14.9,1,1,0.844,0
45.92,11,0,2,2,0,0,0,0,18.7,1,1,0.367,0
6.62,21,0,1,1,0,1,0,0,142.3,1,1,0.421,0
51.44,14,0,3,3,0,2,0,0,16.3,1,2,5.462,0
17.78,13,0,2,2,0,0,0,0,18.3,2,2,0.241,0
9.60,20,0,1,1,0,0,0,0,0.2,1,1,1.021,0
40.14,15,0,2,2,0,0,0,0,13.1,1,3,0.749,0
28.85,21,0,3,1,0,1,0,0,41.3,1,1,1.164,0
32.43,13,0,0,1,0,0,0,0,3.8,3,3,0.213,0
72.43,20,0,4,6,0,1,0,0,174.2,2,1,0.105,0
25.13,10,0,5,5,0,0,0,0,0.4,1,3,0.726,0
29.48,14,0,2,2,0,0,0,0,131.6,1,1,0.582,0
82.51,15,0,1,1,0,0,0,0,164.8,2,1,1.011,0
57.46,17,0,1,1,0,1,0,0,41.1,1,1,2.890,0
188.96,20,0,1,3,0,1,0,0,65.9,1,2,39.119,0
14.68,20,0,1,1,0,0,0,0,59.5,1,3,0.224,0
89.13,15,0,1,1,0,0,0,0,76.8,1,1,0.040,0
16.50,18,0,6,2,0,4,0,1,370.2,1,3,0.725,0
11.70,9,0,1,3,0,0,0,0,168.8,1,1,0.769,0
22.31,18,0,2,1,0,0,0,0,49.3,1,1,0.861,0
8.27,20,0,5,1,0,0,0,0,17.8,1,1,0.745,0
13.21,16,0,1,1,0,0,0,1,11.2,1,1,0.905,0
7.30,20,0,1,1,0,0,0,0,36.4,1,2,0.864,0
17.96,14,0,1,2,0,0,0,0,13.2,3,1,0.649,0
42.56,18,0,3,3,0,0,0,0,61.7,1,1,3.299,0
14.60,15,0,2,2,0,0,0,0,26.3,1,4,0.902,0
27.45,20,0,2,2,0,0,0,0,1.4,1,1,5.310,0
5.57,11,0,0,0,0,0,0,0,101.6,1,1,0.556,0
33.47,11,0,0,0,0,1,0,0,14.0,1,3,3.042,0
64.16,17,0,1,4,0,0,0,0,0.9,1,1,0.718,0
61.60,9,0,1,2,0,0,0,0,17.5,1,4,0.404,0
29.92,12,0,2,2,0,0,0,0,149.2,1,1,0.930,0
14.45,14,0,1,1,0,0,0,0,303.6,3,1,0.414,0
20.78,12,0,1,2,0,0,0,0,4.7,1,1,0.546,0
68.25,13,0,5,2,0,0,0,0,10.2,1,1,2.475,0
18.73,18,0,1,3,0,0,0,0,3.9,1,3,0.150,0
200.06,20,0,7,6,0,3,0,1,105.4,1,2,18.017,0
50.91,17,0,0,0,0,0,0,0,4.9,4,1,4.303,0
21.69,11,0,3,1,0,0,0,0,254.0,1,1,0.759,0
21.38,17,0,4,1,0,0,0,0,39.2,2,1,0.527,0
34.04,20,0,2,2,0,1,0,0,14.9,1,5,1.303,0
4.34,12,0,1,2,0,0,0,0,1.9,1,3,0.601,0
15.87,20,0,2,2,0,1,0,0,8.3,1,2,0.055,0
7.96,8,0,0,1,0,1,0,0,36.0,1,1,0.396,0
17.87,21,0,5,3,0,0,0,1,7.9,1,2,10.757,0
215.47,15,0,4,1,0,1,0,0,45.3,2,1,14.580,0
76.81,20,0,2,1,0,1,0,0,45.7,1,2,5.685,0
15.65,10,0,3,3,0,0,0,0,188.5,1,1,0.269,0
20.08,14,0,1,2,0,2,0,0,37.5,3,1,1.311,0
10.54,16,0,2,2,0,0,0,0,1.0,1,1,0.096,0
10.61,11,0,2,2,0,0,0,0,32.5,4,1,0.170,0
147.22,12,0,0,0,0,0,0,0,197.9,1,3,0.347,0
18.33,12,0,3,1,0,1,0,0,59.8,4,2,0.206,0
67.03,11,0,1,1,0,1,0,0,41.4,2,1,0.205,0
12.25,9,0,1,1,0,1,0,0,11.9,2,1,0.592,0
48.46,11,0,3,2,0,0,0,0,21.4,1,3,0.395,0
25.05,20,0,6,1,0,1,0,0,41.3,1,2,0.482,0
321.30,3,1,4,4,0,1,0,0,263.6,2,4,22.625,0
1778.87,17,0,5,4,0,3,1,0,10.0,3,3,24.743,0
13.99,18,0,4,4,0,1,0,0,6.5,1,1,0.198,0
41.40,17,0,2,2,0,0,0,0,32.3,3,1,0.443,0
13.17,13,0,4,4,0,0,0,1,127.3,1,1,0.515,0
46.96,11,0,4,1,0,1,0,0,15.0,2,4,0.787,0
11.02,1,1,7,5,0,4,1,1,181.5,1,4,0.775,0
18.74,17,0,0,0,0,0,0,0,19.6,1,1,0.632,0
33.64,12,0,4,4,0,1,0,0,27.8,1,1,0.049,0
8.59,17,0,2,1,0,1,0,0,12.1,3,1,0.833,0
9.74,10,0,2,1,0,2,0,0,209.1,2,1,0.096,0
11.50,12,0,0,1,0,0,0,0,23.8,1,1,0.541,0
32.38,10,0,2,2,0,0,0,0,61.3,1,1,0.042,0
31.63,17,0,2,4,0,0,0,0,8.5,1,1,3.618,0
83.57,12,0,2,1,0,0,0,0,7.6,1,3,1.594,0
32.92,17,0,1,1,0,1,0,0,74.8,1,1,1.534,0
42.19,15,0,2,1,0,0,0,0,89.0,1,3,1.178,0
30.66,18,0,7,4,0,2,0,1,237.8,1,3,0.262,0
8.29,10,0,3,3,0,1,0,0,208.8,1,1,0.683,0
73.27,13,0,2,2,0,1,0,0,162.3,1,1,1.262,0
8.51,17,0,3,2,0,0,0,0,77.2,1,3,0.503,0
39.31,11,0,3,1,0,0,0,0,129.0,2,2,0.107,0
18.29,8,0,1,3,0,0,0,0,24.9,1,2,0.830,0
10.56,21,0,1,2,0,1,0,0,83.1,1,1,0.685,0
33.08,11,0,2,1,0,0,0,0,77.9,2,1,0.449,0
5.30,17,0,5,5,0,2,0,0,38.7,1,1,0.846,0
59.77,8,0,3,3,0,0,0,0,213.0,2,1,0.143,0
63.46,9,0,2,2,0,0,0,0,0.0,1,1,7.646,0
30.05,12,0,4,2,0,0,0,0,68.8,1,2,0.318,0
29.70,17,0,2,1,0,0,0,0,4.8,2,1,2.759,0
25.09,18,0,3,3,0,1,0,0,48.2,1,1,0.485,0
23.24,9,0,2,2,1,2,0,0,93.4,1,2,3.924,0
13.76,17,0,2,1,0,0,0,0,193.9,1,2,0.222,0
20.39,13,0,0,0,0,0,0,0,77.1,2,1,0.210,0
3.91,11,0,1,1,0,0,0,1,49.2,2,1,0.607,0
83.25,20,0,2,2,0,2,0,0,57.5,1,3,2.088,0
68.63,13,0,0,1,0,0,0,0,49.6,1,2,0.285,0
6.92,11,0,0,2,0,0,0,0,37.7,1,4,0.907,0
35.32,14,0,1,1,0,0,0,0,129.9,1,2,0.311,0
37.65,21,0,3,5,0,5,0,0,376.2,2,3,1.477,0
56.65,4,1,9,3,0,1,1,0,19.6,4,1,7.893,0
26.49,11,0,1,2,0,0,0,0,75.2,1,5,1.276,0
15.65,21,0,2,2,0,0,0,0,73.7,1,3,0.152,0
23.00,19,0,3,1,1,0,0,0,67.6,1,1,8.312,0
50.36,7,0,6,2,0,0,1,0,200.9,2,3,0.072,0
7.24,13,0,2,2,0,0,0,1,9.3,1,1,0.867,0
166.66,19,0,3,3,0,1,0,0,31.3,2,1,1.689,0
10.02,14,0,2,2,0,1,0,0,16.6,1,4,0.118,0
5.81,11,0,2,2,0,0,0,0,44.0,1,5,0.414,0
34.55,14,0,2,1,0,1,0,0,18.3,1,1,0.244,0
17.29,12,0,0,2,0,0,1,0,89.9,1,1,0.758,0
57.07,19,0,2,2,0,0,0,0,57.2,2,2,1.890,0
3.59,17,0,0,0,0,1,0,0,11.6,2,2,0.937,0
32.07,16,0,2,1,0,5,1,0,387.9,6,2,6.372,0
20.21,20,0,1,1,0,1,0,0,12.5,2,2,0.354,0
8.15,12,0,1,1,0,1,0,0,39.3,1,1,0.627,0
13.47,13,0,5,5,0,2,0,0,6.2,1,1,2.082,0
4.05,8,0,2,1,0,0,0,0,78.7,1,1,0.007,0
27.77,12,0,4,2,0,0,0,1,73.9,1,2,3.253,0
128.27,16,0,0,2,0,0,0,0,107.9,1,1,12.488,0
26.49,13,0,0,2,0,0,0,0,43.1,1,1,0.530,0
30.45,13,0,0,2,0,1,0,0,47.5,2,4,0.663,0
13.34,18,0,1,1,0,0,0,0,1.0,4,2,0.568,0
44.99,13,0,1,1,1,1,0,0,223.1,1,1,0.726,1
35.41,9,0,1,1,0,0,0,0,14.1,1,4,0.842,0
10.44,17,0,1,1,0,0,0,0,21.0,1,1,0.708,0
42.19,16,0,2,2,0,1,0,0,36.6,1,4,0.701,0
107.25,8,0,0,0,0,0,0,0,90.1,1,2,3.714,0
21.62,11,0,6,1,0,0,0,0,59.3,1,3,0.123,0
30.03,15,0,0,1,0,0,0,0,3.5,1,1,0.375,0
51.84,17,0,2,2,0,0,0,0,102.1,1,1,0.677,0
35.16,11,0,4,1,0,0,0,0,1.0,3,2,0.840,0
298.63,2,1,10,3,0,4,0,1,366.4,1,10,10.210,1
19.67,20,0,3,2,0,1,0,0,24.7,2,1,0.731,0
78.87,9,0,2,3,0,0,0,1,6.7,4,1,0.389,0
9.60,9,0,1,1,0,0,0,0,17.5,1,3,0.080,0
24.98,14,0,4,1,0,0,0,0,57.1,1,3,0.476,0
82.11,14,0,0,0,0,1,0,0,118.0,1,1,14.234,0
522.68,8,0,4,4,1,1,0,0,95.1,1,4,11.833,0
9.33,19,0,1,1,0,0,0,0,44.1,1,2,0.706,0
16.66,10,0,0,0,1,0,0,0,93.3,1,1,0.759,0
27.55,12,0,0,2,0,0,0,0,34.4,1,2,2.713,0
52.18,10,0,0,2,0,0,0,0,82.9,1,3,7.498,0
6.41,14,0,3,1,0,0,0,0,62.6,1,2,0.899,0
13.70,17,0,0,0,0,0,1,0,4.9,2,2,0.701,0
8.07,9,0,1,1,0,1,0,0,1.1,1,1,0.125,0
19.58,19,0,1,1,0,0,0,0,102.5,1,1,0.169,0
135.90,8,0,4,3,0,2,0,0,146.8,2,4,1.462,0
90.53,17,0,0,1,0,0,0,0,70.9,1,2,4.497,0
12.75,14,0,0,1,0,0,1,0,0.1,1,1,0.273,0
99.68,18,0,2,2,0,1,0,0,116.7,1,1,0.351,0
9.25,18,0,3,3,0,0,0,0,69.0,2,4,0.716,0
21.26,17,0,3,1,0,2,0,1,68.7,1,1,0.974,0
16.34,13,0,3,1,0,0,0,0,8.7,3,2,4.059,0
44.09,12,0,1,1,0,0,0,0,129.3,1,4,0.365,0
23.15,13,0,4,3,0,0,0,0,0.1,1,1,1.404,1
34.84,20,0,1,1,0,0,0,0,52.1,3,3,0.012,0
34.15,22,0,4,5,0,1,0,0,106.4,1,5,0.749,0
55.82,15,0,1,1,0,0,0,0,314.5,1,3,1.703,0
12.49,10,0,1,2,0,0,0,0,110.9,1,1,0.574,0
97.09,1,1,10,8,1,6,1,1,193.3,7,4,13.983,1
15.81,10,0,3,1,0,0,0,0,24.0,3,2,0.008,0
142.70,22,0,7,5,0,2,0,1,66.5,2,5,0.250,1
106.09,19,0,0,1,0,0,0,0,56.0,1,2,1.708,0
27.80,8,0,3,3,0,1,0,1,2.7,1,2,0.093,0
81.31,12,0,2,2,0,0,0,0,94.7,1,2,16.374,0
8.39,10,0,5,1,0,0,0,0,28.9,3,1,0.681,0
6.87,19,0,2,3,0,0,0,0,10.2,2,1,0.720,0
33.55,16,0,5,1,0,0,0,0,44.7,2,5,0.753,0
37.23,1,1,14,6,0,2,1,1,222.4,3,5,0.105,1
28.29,13,0,0,1,0,0,0,0,10.6,1,1,0.249,0
44.05,15,0,1,1,0,1,0,0,30.3,2,1,2.857,0
31.00,18,0,2,2,0,1,0,0,17.7,2,1,0.417,0
20.35,9,0,3,1,0,1,1,0,42.0,1,1,0.396,0
25.95,10,0,4,2,0,0,0,0,48.2,3,3,0.215,0
160.87,17,0,3,2,0,1,0,0,33.6,1,4,3.893,0
24.43,19,0,1,2,0,0,0,0,7.5,2,1,0.098,0
29.70,20,0,1,1,0,1,0,0,15.8,1,2,0.286,0
19.46,17,0,0,2,0,1,0,0,81.5,1,1,0.586,0
37.38,13,0,2,1,0,2,0,0,75.0,1,1,1.916,0
32.35,20,0,4,3,0,3,0,0,141.0,3,5,2.950,0
19.76,11,0,1,1,0,0,0,0,73.5,3,1,0.839,0
22.95,13,0,3,1,0,0,0,0,85.8,1,1,0.022,0
37.39,18,0,2,2,0,0,0,0,19.2,1,1,0.853,0
5.61,11,0,5,1,0,1,0,0,11.1,1,4,0.753,0
26.16,14,0,2,2,0,1,0,0,32.2,2,3,2.214,0
24.72,15,0,3,3,0,0,0,0,12.2,2,1,0.314,0
36.84,18,0,5,1,0,0,0,0,52.0,1,1,0.128,0
13.01,19,0,3,1,0,0,1,0,42.9,1,2,0.789,0
26.25,23,1,10,2,1,2,1,1,77.7,2,2,0.550,0
77.67,12,0,3,1,0,0,0,0,6.6,2,4,3.094,0
10.28,13,0,1,1,0,0,0,0,23.6,1,4,0.683,0
8.79,20,0,2,1,0,1,0,1,5.0,1,1,0.443,0
33.14,9,0,2,1,0,0,0,0,19.4,2,1,0.570,0
7.85,9,0,0,1,0,0,0,0,2.0,1,3,0.544,0
104.15,13,0,2,1,0,0,0,0,12.8,1,2,0.060,0
42.69,10,0,5,3,1,3,0,1,66.3,3,4,0.054,0
58.74,21,0,2,4,1,1,0,0,167.0,1,1,7.356,0
61.50,16,0,1,1,1,0,0,0,20.7,2,1,0.072,0
43.35,10,0,2,2,0,0,0,0,20.8,1,1,0.558,0
29.46,11,0,1,1,0,0,0,0,14.5,1,2,0.182,0
5.99,20,0,3,3,0,1,0,1,11.3,1,2,0.926,0
57.01,5,1,4,1,0,1,1,1,436.1,2,3,7.458,0
9.39,13,0,4,1,1,1,0,0,21.3,3,1,0.456,0
44.79,15,0,2,2,0,0,0,0,49.9,1,1,13.637,0
29.14,9,0,1,1,0,0,0,0,6.9,1,3,0.011,0
56.17,16,0,1,2,0,0,0,0,13.3,1,1,0.323,0
29.47,18,0,2,1,0,0,0,0,14.0,3,3,1.716,0
191.33,4,1,4,7,2,2,1,1,358.2,2,6,11.202,1
30.81,17,0,2,1,0,0,0,0,16.1,1,1,0.443,0
59.86,17,0,2,1,0,0,0,0,61.1,1,1,6.754,0
4.00,12,0,5,5,0,1,0,0,233.7,2,1,0.888,0
3.87,8,0,1,1,0,1,0,0,12.5,2,6,0.931,0
92.10,19,0,4,1,0,0,0,0,92.5,1,3,0.387,0
20.93,17,0,4,1,0,0,0,0,76.0,1,2,0.781,0
196.16,14,0,0,1,0,0,0,0,36.9,1,1,9.880,0
8.55,15,0,2,1,0,0,0,0,140.4,2,3,0.876,0
61.52,17,0,1,2,0,0,0,0,20.2,2,1,0.304,0
22.56,8,0,1,3,0,0,0,0,41.3,1,2,0.438,0
13.50,16,0,3,2,0,0,0,0,0.6,1,1,0.102,0
32.07,18,0,1,1,0,1,0,0,10.1,1,4,0.027,0
30.19,20,0,0,0,0,3,0,0,40.8,1,5,2.999,0
22.17,13,0,1,1,0,1,0,0,75.1,1,1,0.912,0
2.63,14,0,4,2,0,0,0,0,48.9,1,1,0.950,0
104.65,9,0,1,1,0,0,0,0,4.5,1,1,35.337,0
17.31,16,0,2,2,0,0,0,0,56.5,5,1,0.894,0
22.91,20,0,2,2,0,0,0,0,20.1,2,1,0.975,0
8.94,10,0,3,3,0,0,0,0,62.4,1,2,0.067,0
37.90,19,0,1,1,0,1,0,0,10.6,4,1,0.432,0
80.52,18,0,1,1,0,0,0,0,155.2,1,1,2.203,0
31.34,18,0,3,1,0,1,0,0,7.6,1,1,1.660,0
30.44,20,0,5,1,0,0,0,0,30.0,1,1,2.132,0
415.63,22,0,4,1,0,3,1,1,556.9,1,5,20.898,1
23.45,19,0,1,2,1,0,0,0,18.4,1,3,0.168,0
11.71,13,0,1,1,0,0,0,0,21.9,3,2,0.910,0
16.17,12,0,2,1,0,0,0,0,116.7,2,2,0.396,0
18.30,13,0,1,1,0,0,0,0,1.4,1,2,0.227,0
64.24,16,0,2,2,0,1,0,0,71.3,1,2,0.418,0
45.92,9,0,3,1,0,0,0,0,16.6,3,1,0.830,0
14.46,9,0,2,1,0,0,0,0,66.6,1,1,0.474,0
14.39,20,0,2,2,0,1,0,0,0.8,3,1,0.001,0
93.80,10,0,3,1,1,1,0,0,3.3,2,2,1.917,0
21.77,15,0,0,0,0,0,0,0,16.9,1,1,0.455,0
29.37,13,0,1,1,0,1,0,0,138.3,1,1,0.928,0
10.20,10,0,2,2,0,1,0,0,207.2,1,1,0.537,0
4.60,14,0,5,5,0,1,0,0,68.5,1,1,0.392,0
12.08,11,0,0,0,0,0,0,0,5.8,1,1,0.482,0
21.66,12,0,3,3,0,0,0,0,69.4,1,1,0.464,0
12.09,21,0,2,2,0,0,0,0,114.0,1,1,0.895,0
7.44,15,0,1,2,0,2,0,0,125.0,1,3,0.880,0
32.06,10,0,1,1,0,1,0,0,10.0,1,1,0.143,0
36.68,12,0,3,3,0,0,1,0,60.0,1,1,0.722,0
25.96,18,0,2,2,0,0,0,0,92.3,1,1,0.588,0
72.04,21,0,1,1,0,0,0,0,6.7,1,1,8.368,0
44.25,19,0,5,5,0,1,0,0,129.3,2,1,0.319,0
24.28,11,0,2,2,0,0,0,0,72.9,1,4,0.419,0
219.40,22,0,10,5,1,3,0,1,446.0,5,6,4.358,1
40.67,8,0,4,4,0,0,0,0,55.1,2,1,2.941,0
49.79,19,0,0,3,1,0,0,0,93.8,2,1,0.414,0
22.84,16,0,0,1,0,0,0,0,2.4,2,1,0.010,0
56.99,9,0,3,3,0,1,0,0,23.1,2,1,0.374,0
6.73,18,0,0,1,0,1,0,0,19.6,1,1,0.636,0
128.64,23,1,4,8,0,3,1,1,187.6,3,3,10.579,1
222.44,12,0,0,0,0,2,0,0,3.0,2,2,8.718,0
23.49,9,0,2,2,0,1,0,0,28.7,2,1,0.462,0
13.25,9,0,1,2,0,0,0,0,102.9,2,1,0.461,0
224.87,10,0,3,4,0,2,1,0,104.4,2,1,8.565,0
22.42,10,0,0,0,0,2,0,0,29.7,2,1,0.702,0
4.41,20,0,5,3,0,0,0,0,2.1,1,1,0.633,0
10.14,9,0,1,1,0,1,0,0,265.8,1,1,0.576,0
12.45,9,0,2,1,0,0,0,0,2.3,2,1,0.681,0
43.63,14,0,1,1,0,0,0,0,9.1,1,2,1.110,0
51.63,16,0,1,1,0,0,0,0,57.9,1,1,3.660,0
27.88,21,0,2,2,0,0,0,0,67.0,2,1,1.780,0
31.35,9,0,0,1,0,0,0,0,17.1,1,2,0.426,0
238.19,16,0,4,2,0,4,0,1,325.0,2,2,2.605,0
12.25,14,0,2,2,0,0,0,0,12.7,2,1,0.706,0
53.77,17,0,3,1,0,2,0,0,149.0,1,3,1.772,1
12.37,12,0,1,1,0,0,0,0,39.2,2,1,0.306,0
9.61,20,0,4,1,0,0,0,0,82.2,3,3,0.713,0
68.68,14,0,1,1,0,1,0,0,21.0,1,1,2.432,0
24.40,9,0,0,1,0,0,0,0,17.8,1,1,1.534,0
12.96,14,0,1,2,1,0,0,0,21.2,1,1,0.251,0
9.31,21,0,0,1,0,2,0,0,16.6,2,1,0.780,0
9.23,16,0,2,2,0,0,0,0,2.7,1,2,0.817,0
5.95,15,0,2,2,1,0,0,0,113.1,3,1,0.878,0
15.84,8,0,1,2,0,0,0,0,9.5,1,1,1.296,0
14.96,17,0,3,2,0,0,0,0,27.4,1,1,0.175,0
21.58,17,0,4,1,0,0,0,0,48.2,1,2,0.750,0
18.80,20,0,1,1,0,1,0,0,53.0,1,2,0.556,0
109.21,12,0,0,2,0,0,0,0,18.4,1,2,0.470,0
9.46,14,0,2,3,0,0,0,0,45.4,1,1,0.581,0
24.80,17,0,2,1,0,0,0,0,1.8,1,1,2.955,0
21.81,15,0,2,2,0,0,0,0,21.8,1,1,0.531,0
58.29,12,0,2,1,0,0,0,0,72.1,1,1,5.762,0
12.73,16,0,3,3,0,1,0,0,66.7,2,2,0.638,0
3.78,17,0,2,2,0,1,0,0,15.6,1,3,0.390,0
7.35,14,0,1,2,0,0,0,0,109.4,1,1,0.694,0
32.03,11,0,1,1,0,0,0,0,43.5,2,2,0.178,0
14.57,21,0,2,2,0,0,0,0,9.7,1,1,0.092,0
41.44,10,0,2,1,1,1,0,0,9.2,2,1,0.061,0
72.44,14,0,2,1,1,0,0,0,90.9,1,1,2.789,0
25.34,12,0,1,1,0,0,0,0,20.2,1,6,1.656,0
26.23,19,0,3,3,0,0,0,0,3.7,1,1,0.007,0
17.28,9,0,1,1,0,0,0,0,212.8,1,1,0.413,0
11.91,16,0,2,2,0,0,0,0,119.7,1,2,0.787,0
2.14,8,0,2,2,0,0,0,0,0.8,1,1,0.821,0
13.20,11,0,2,1,0,0,0,0,22.2,1,1,0.484,0
77.45,12,0,3,2,0,0,0,0,12.5,3,1,5.065,0
36.66,11,0,2,2,0,0,0,1,5.5,1,1,0.335,0
18.16,11,0,1,1,0,0,0,0,7.4,1,1,0.681,0
26.05,17,0,0,0,1,0,0,0,19.3,1,1,1.637,0
27.26,12,0,0,1,0,1,0,0,20.3,1,3,0.152,0
5.31,11,0,0,2,0,0,0,0,105.5,3,3,0.463,0
20.12,21,0,4,2,0,0,0,0,8.6,1,1,0.166,0
2.77,21,0,1,2,0,0,1,0,20.6,1,1,0.910,0
15.92,17,0,4,1,0,0,0,0,1.3,1,2,0.615,0
21.55,20,0,1,1,0,0,0,0,68.6,1,1,0.466,0
45.05,15,0,5,2,0,0,0,0,51.2,1,1,1.886,0
14.55,17,0,2,2,0,1,0,1,31.6,1,1,0.761,0
33.91,13,0,3,2,0,0,0,0,287.9,2,1,0.255,0
44.58,21,0,4,7,1,1,0,0,183.0,5,3,0.204,0
6.39,19,0,2,1,0,1,0,1,20.2,1,1,0.683,0
40.10,18,0,1,1,2,0,0,0,16.7,1,1,6.832,0
7.53,13,0,1,1,0,0,0,0,31.9,1,1,0.979,0
34.67,15,0,1,2,0,0,0,0,48.8,1,1,6.774,0
674.52,7,0,5,6,5,3,1,0,1226.9,1,4,20.272,1
10.85,9,0,3,3,0,0,1,0,16.8,1,2,0.548,0
29.26,17,0,4,4,0,1,0,0,190.7,2,2,0.726,0
41.76,9,0,1,2,0,0,0,0,40.5,1,1,0.078,0
37.56,15,0,1,1,0,0,1,0,10.1,1,3,0.585,0
137.56,16,0,1,1,0,1,0,0,6.8,2,1,0.401,0
6.28,19,0,2,2,0,1,0,0,120.2,2,1,0.375,0
26.63,16,0,0,0,0,0,0,0,53.1,3,1,0.147,0
11.41,10,0,3,1,0,0,0,0,29.7,5,1,0.769,0
248.56,10,0,2,5,1,0,0,0,115.3,4,3,14.296,0
13.62,14,0,0,0,0,0,0,0,125.8,1,4,0.020,0
56.42,19,0,0,1,0,0,0,0,96.0,1,1,5.159,0
11.31,10,0,1,2,0,0,0,0,17.6,2,2,0.040,0
20.78,13,0,0,1,0,0,0,0,1.8,1,1,0.040,0
29.58,18,0,1,1,0,1,0,1,2.9,2,1,0.656,0
34.97,19,0,1,1,0,1,0,0,17.7,1,1,0.010,0
112.60,12,0,6,1,0,0,0,0,8.3,1,1,2.349,0
11.85,9,0,2,2,0,0,0,0,57.5,2,1,0.467,0
101.89,19,0,4,4,0,0,0,0,26.3,2,1,0.947,0
50.12,15,0,2,1,0,0,0,0,97.7,2,1,10.629,0
21.34,9,0,2,1,0,0,0,0,36.2,2,1,2.654,0
166.84,14,0,3,3,0,1,0,0,39.4,1,2,8.545,0
14.94,8,0,1,1,0,0,0,0,49.7,3,1,0.801,0
9.78,15,0,3,1,0,0,0,0,1.7,4,1,0.465,0
21.54,17,0,1,2,0,0,0,0,14.2,1,1,0.016,0
3.92,8,0,0,0,0,0,0,0,14.1,2,1,0.767,0
9.26,20,0,2,2,0,2,0,0,154.7,1,1,0.676,0
7.61,8,0,1,3,0,0,0,0,248.0,3,2,0.468,0
5.42,10,0,4,2,0,0,0,0,20.2,1,1,0.868,0
11.95,17,0,1,2,0,1,0,0,48.6,1,4,1.343,0
48.94,18,0,0,1,0,0,0,0,137.3,1,1,0.281,0
12.94,13,0,3,3,0,0,1,0,51.8,1,2,0.679,0
94.86,7,0,3,6,0,5,1,1,165.1,1,3,3.521,0
53.28,10,0,2,2,0,0,1,0,14.4,1,2,0.760,0
9.75,19,0,1,1,0,0,0,0,14.5,3,5,0.748,0
37.88,18,0,0,0,0,0,0,0,12.8,1,1,0.211,0
33.83,8,0,2,2,0,0,0,0,64.6,1,1,0.400,0
16.38,14,0,3,3,0,0,0,0,16.2,1,1,0.753,0
18.01,13,0,2,4,0,0,0,0,62.7,1,1,1.082,0
115.87,23,1,4,4,0,4,0,0,26.8,2,4,3.931,0
26.49,16,0,3,2,0,1,0,0,71.8,3,1,0.825,0
48.79,17,0,5,1,0,1,0,0,5.7,2,3,0.753,0
180.47,16,0,7,2,1,0,0,1,24.9,4,3,0.232,0
16.44,10,0,2,2,0,0,0,0,9.5,2,5,0.690,0
13.85,13,0,1,2,0,0,0,0,13.5,1,1,0.683,0
35.65,21,0,3,3,0,1,0,0,18.5,1,1,0.143,0
2.18,12,0,0,1,0,0,0,0,7.2,1,1,0.873,0
4.55,19,0,2,2,0,1,1,0,17.5,2,2,0.862,0
117.15,11,0,3,4,0,2,0,0,35.0,2,3,2.333,0
23.93,20,0,2,1,0,0,0,0,93.6,2,3,0.761,0
27.22,20,0,3,3,0,1,0,0,41.5,1,1,1.301,0
174.72,12,0,1,3,0,0,0,0,53.6,1,2,10.382,0
7.78,17,0,4,1,1,1,0,0,57.9,1,1,0.783,0
13.56,10,0,2,3,0,0,0,0,18.2,1,1,0.850,0
22.86,13,0,2,1,0,1,0,0,37.0,1,1,0.565,0
17.30,19,0,2,1,0,0,0,0,9.0,1,1,0.595,0
32.32,14,0,2,2,0,0,0,0,43.1,4,3,4.478,0
36.33,14,0,1,1,0,1,0,0,76.1,1,1,0.340,0
9.68,12,0,2,2,0,0,0,0,26.1,1,2,0.824,0
210.43,11,0,4,4,0,0,0,0,30.9,1,1,7.324,0
15.52,9,0,11,3,0,0,0,0,242.3,2,4,0.134,0
49.76,19,0,2,2,1,0,0,1,10.4,2,1,0.390,0
44.02,15,0,4,4,0,0,0,0,675.2,2,1,0.114,0
37.66,19,0,1,3,0,0,0,0,108.7,1,1,1.140,0
39.35,12,0,0,3,0,0,1,0,79.2,1,1,0.906,0
14.72,11,0,1,2,0,1,0,0,24.5,1,2,4.129,0
11.03,13,0,0,2,0,0,0,0,7.0,1,1,0.435,0
61.18,10,0,2,1,0,0,0,1,55.6,1,1,1.504,0
47.03,0,1,4,4,1,5,1,1,1084.1,3,4,1.205,1
6.80,10,0,2,2,0,0,0,0,98.4,2,1,0.932,0
7.34,17,0,3,1,0,0,0,0,53.9,2,4,0.436,0
13.05,19,0,1,2,0,0,0,0,6.1,1,2,0.620,0
32.04,12,0,2,1,0,0,0,0,6.3,3,1,0.719,0
33.34,9,0,4,4,0,0,0,0,19.1,1,5,0.561,0
38.39,21,0,3,1,1,0,0,0,43.8,1,2,1.529,0
336.67,13,0,8,5,2,5,1,1,178.3,1,9,2.443,1
38.65,10,0,2,2,0,0,0,0,187.1,1,4,0.687,0
15.16,16,0,1,3,0,1,0,0,225.8,2,2,0.840,0
21.25,17,0,3,1,0,1,0,0,126.6,3,4,0.590,0
17.47,12,0,2,1,0,0,0,1,67.7,2,3,0.482,0
66.90,9,0,1,1,1,1,0,0,31.7,1,1,6.871,0
36.19,11,0,2,2,0,1,0,0,49.8,1,2,2.912,0
13.24,14,0,1,2,0,1,0,0,6.8,2,1,0.322,0
24.72,18,0,0,1,0,0,0,0,62.6,1,1,1.405,0
41.78,12,0,2,2,0,0,0,0,28.6,1,1,0.952,0
31.88,19,0,2,1,0,1,0,0,65.1,1,1,0.580,0
13.29,18,0,2,1,0,0,1,0,27.4,2,1,2.034,0
32.46,18,0,0,1,0,0,0,0,72.2,1,2,0.211,0
24.78,21,0,4,4,0,0,0,0,10.0,1,2,2.726,0
10.76,10,0,3,3,0,1,0,0,9.6,2,1,0.887,0
17.94,15,0,4,1,0,0,0,0,34.7,1,1,0.811,0
8.69,21,0,1,4,0,0,0,0,15.7,1,2,0.211,0
13.97,14,0,2,1,0,0,0,0,139.2,1,2,0.154,0
269.74,17,0,1,1,0,0,0,0,0.3,2,1,11.080,0
31.03,15,0,2,1,0,1,0,0,7.7,2,3,15.505,0
26.26,18,0,1,1,1,1,1,0,0.7,2,1,2.925,0
5.52,12,0,4,1,1,1,0,0,22.9,1,2,0.424,0
27.08,14,0,4,2,0,1,0,0,17.1,1,1,0.355,0
83.22,15,0,3,3,0,0,0,0,18.2,1,1,3.942,0
45.05,17,0,2,2,0,2,0,0,42.2,2,2,3.234,0
71.08,17,0,2,2,0,1,0,0,62.4,1,1,6.718,0
36.88,11,0,2,2,0,0,0,0,166.9,1,3,1.820,0
287.81,14,0,13,3,0,3,0,1,105.4,4,5,1.212,0
16.85,20,0,4,4,0,1,0,0,24.1,1,1,0.047,0
4.12,8,0,0,0,1,0,0,0,26.5,1,1,0.922,0
151.27,14,0,7,2,0,2,1,0,21.8,4,3,12.653,0
15.98,13,0,5,3,1,0,1,0,271.1,2,5,0.884,0
41.42,17,0,4,1,1,1,0,0,48.2,2,2,0.946,0
4.50,20,0,0,2,0,0,0,0,67.9,1,1,0.734,0
25.90,9,0,3,2,0,0,0,0,72.0,1,3,0.369,0
7.12,13,0,1,2,0,0,0,0,17.2,3,1,0.203,0
32.12,14,0,3,3,0,0,0,0,1.6,1,1,0.379,0
12.94,8,0,1,1,0,0,0,0,156.6,1,1,1.067,0
149.76,8,0,4,4,0,0,0,0,14.1,1,4,18.500,0
19.36,12,0,5,4,0,0,1,1,332.5,6,1,0.295,0
49.80,18,0,2,2,0,0,1,0,26.1,2,1,2.630,0
30.81,15,0,5,1,1,2,0,0,92.0,2,3,0.456,0
428.29,17,0,1,1,0,1,0,0,31.6,2,1,34.991,0
140.18,9,0,4,4,0,0,0,0,41.4,2,1,39.166,0
42.37,20,0,2,1,0,1,0,0,29.1,1,3,0.030,0
30.86,18,0,1,1,0,1,0,0,154.1,1,3,0.467,0
21.53,9,0,4,4,0,0,0,1,4.4,2,2,0.617,0
117.30,9,0,3,3,0,0,0,0,17.2,2,2,7.619,1
26.73,19,0,2,2,0,0,0,0,54.5,1,3,0.438,0
25.19,16,0,3,1,0,0,0,0,94.9,2,4,0.790,0
18.28,18,0,4,4,0,0,1,0,42.9,1,1,0.218,0
19.49,15,0,0,1,0,0,0,0,39.5,2,1,0.719,0
20.62,12,0,3,3,0,0,0,0,20.7,4,1,0.332,0
139.10,13,0,4,4,0,2,0,0,85.6,3,4,0.391,0
9.31,16,0,1,2,0,0,0,0,72.7,1,1,0.737,0
8.69,11,0,2,2,0,0,0,0,0.8,2,1,0.719,0
26.97,20,0,1,2,0,0,0,0,45.4,2,4,0.389,0
14.24,15,0,3,3,0,1,0,0,68.4,2,1,0.754,0
14.08,17,0,2,2,0,0,0,0,46.3,2,1,0.410,0
78.09,10,0,1,1,0,0,0,0,33.1,2,1,2.141,0
25.70,17,0,2,1,0,0,0,0,18.6,2,1,0.201,0
17.30,10,0,3,3,0,0,0,0,26.0,1,1,0.634,0
31.08,17,0,2,3,0,1,0,0,45.1,1,4,2.870,0
48.76,13,0,7,1,0,0,0,0,75.9,3,3,0.047,0
84.73,12,0,2,1,0,0,0,0,8.1,3,1,7.100,0
24.08,8,0,2,2,0,1,1,1,32.9,2,1,1.508,0
15.42,14,0,1,2,0,0,0,0,16.5,1,3,0.510,0
55.81,14,0,3,1,0,2,0,0,131.2,3,1,0.442,0
14.67,19,0,2,2,0,0,0,0,10.2,2,1,0.702,0
17.63,22,0,4,2,0,1,0,1,120.6,4,3,1.551,0
24.07,15,0,3,1,0,0,0,0,50.9,1,1,0.408,0
16.52,9,0,2,2,0,0,0,0,36.8,1,1,0.345,0
10.54,16,0,3,1,0,0,0,0,6.5,1,2,3.726,0
12.86,21,0,1,2,0,2,0,0,36.2,2,2,0.927,0
58.04,14,0,4,2,0,1,0,0,85.8,1,1,21.409,0
15.98,19,0,3,2,0,0,0,0,30.7,4,1,0.163,0
31.17,10,0,1,1,0,0,0,1,10.8,2,1,0.022,0
14.50,19,0,0,3,0,1,0,0,10.9,1,2,0.299,0
25.87,11,0,2,1,1,0,0,1,66.1,1,2,0.329,0
10.85,14,0,1,1,0,2,0,0,23.5,2,1,0.785,0
19.74,9,0,2,1,0,0,0,0,26.2,1,1,1.390,0
59.71,13,0,2,2,0,0,0,0,8.1,2,1,7.899,0
12.48,14,0,1,1,0,0,0,0,98.1,2,2,0.625,0
38.02,20,0,5,3,0,1,0,0,94.7,1,1,0.534,0
19.20,1,1,3,3,2,5,0,1,542.1,8,8,0.574,1
2.71,18,0,4,1,0,0,0,0,14.1,2,1,0.984,0
10.93,21,0,3,3,0,0,0,0,12.5,1,1,0.809,0
21.22,15,0,10,3,3,4,0,1,50.0,6,3,0.321,1
229.52,6,0,4,4,3,4,1,0,50.0,2,5,18.924,1
8.31,15,0,1,1,0,0,0,0,50.7,2,2,0.271,0
74.26,19,0,1,1,0,0,0,0,88.4,1,1,0.554,0
46.59,15,0,2,2,0,1,0,0,20.9,1,2,0.093,0
18.74,14,0,4,4,0,0,0,0,48.4,3,2,0.578,0
29.57,11,0,3,3,0,0,0,0,15.0,2,2,0.107,0
16.62,10,0,3,3,0,1,0,0,9.6,1,1,0.660,0
9.20,19,0,1,1,0,0,0,0,69.0,1,1,0.242,0
17.49,11,0,0,1,0,0,0,0,22.7,1,1,0.022,0
105.19,12,0,2,2,0,0,0,0,102.3,1,1,1.393,0
83.50,12,0,1,2,0,1,0,0,3.6,2,2,1.372,0
3.62,17,0,4,4,0,0,1,0,18.0,1,1,0.896,0
116.89,17,0,1,3,0,1,0,0,39.8,1,2,24.918,0
18.78,13,0,0,0,0,0,0,0,67.4,1,1,0.510,0
21.24,17,0,0,3,0,0,0,0,32.3,1,3,0.378,0
21.77,9,0,3,3,1,0,0,0,75.1,1,1,0.789,0
59.00,12,0,3,3,1,0,0,0,11.2,1,1,0.528,0
33.55,21,0,2,2,0,0,0,0,31.8,3,2,0.440,0
26.93,19,0,1,1,0,0,0,0,98.0,2,1,0.172,0
17.46,18,0,5,1,0,0,0,0,25.7,1,2,0.192,0
42.80,14,0,3,3,0,0,0,0,48.7,1,2,11.892,0
59.67,10,0,3,3,0,0,0,0,27.7,1,1,1.335,0
18.48,13,0,3,3,0,1,0,0,54.7,1,2,1.067,0
365.92,15,0,7,6,1,5,1,1,317.5,3,6,82.164,1
54.46,12,0,7,5,1,4,1,1,430.1,6,2,2.464,1
65.55,17,0,10,7,0,1,1,0,153.4,3,5,3.827,0
86.39,13,0,5,2,0,0,0,0,64.5,1,3,2.373,0
29.68,11,0,2,2,0,0,0,0,6.5,1,1,0.685,0
9.43,13,0,0,1,0,0,0,0,17.8,3,1,0.445,0
182.88,18,0,6,8,0,4,0,1,283.1,3,9,5.758,1
24.54,16,0,4,4,1,0,0,0,50.5,1,1,2.303,0
6.51,19,0,3,1,0,0,0,0,7.2,1,1,0.476,0
39.85,16,0,1,1,0,0,0,0,43.7,2,1,1.704,0
25.42,9,0,0,0,0,0,0,0,76.8,1,1,1.812,0
27.60,13,0,2,2,0,0,0,0,81.0,1,1,0.573,0
26.32,11,0,1,1,0,1,0,0,87.4,1,3,0.627,0
58.80,17,0,2,1,0,1,0,0,48.0,1,5,5.350,0
35.05,18,0,2,2,0,0,0,0,2.3,2,1,0.466,0
32.38,10,0,3,1,0,0,0,0,21.1,1,1,1.118,0
21.61,9,0,3,1,0,0,0,0,64.6,1,1,0.406,0
25.31,14,0,2,1,0,0,0,0,14.4,1,1,0.206,0
29.52,13,0,1,3,0,1,0,0,51.0,2,2,1.201,0
50.98,17,0,0,0,0,0,0,0,16.9,2,1,0.463,0
236.72,11,0,11,2,1,5,0,1,112.2,4,4,6.795,1
12.13,10,0,6,6,0,0,0,0,27.5,2,1,0.703,0
25.05,14,0,0,3,0,1,0,1,71.9,2,1,0.518,0
126.11,12,0,1,2,0,0,0,0,25.7,2,1,2.613,0
11.19,17,0,2,1,0,0,0,0,5.1,2,1,0.355,0
43.39,12,0,2,1,0,0,1,0,53.6,2,4,0.722,0
28.90,16,0,5,1,0,0,0,0,72.0,1,3,0.438,0
33.26,13,0,1,1,0,0,0,0,32.5,2,1,1.374,0
49.84,13,0,1,1,0,0,0,0,6.5,1,3,0.248,0
34.68,9,0,0,1,0,0,0,0,33.5,1,3,0.298,0
83.99,8,0,2,1,0,0,0,0,151.7,1,2,6.931,0
73.10,9,0,0,1,0,0,0,0,17.9,2,3,7.661,0
28.42,12,0,1,1,0,1,0,0,22.6,5,4,0.590,0
15.85,12,0,0,1,0,1,0,0,46.6,1,2,0.605,0
64.73,10,0,1,2,0,0,0,0,148.3,1,3,5.055,0
199.49,17,0,12,9,4,1,1,1,50.0,9,3,35.205,1
10.30,20,0,2,1,0,1,0,1,92.1,1,2,0.292,0
44.80,19,0,1,2,1,1,0,0,4.0,2,3,1.326,0
55.08,20,0,1,2,1,0,0,0,20.9,1,1,0.536,0
163.19,18,0,6,6,1,2,1,0,556.2,3,1,11.429,0
20.87,13,0,2,1,0,0,0,0,26.7,2,2,0.767,0
25.42,15,0,4,1,0,0,0,0,53.8,1,1,0.111,0
18.33,8,0,0,4,0,0,0,0,97.4,1,1,0.564,0
7.68,10,0,4,2,0,0,0,0,43.5,1,3,0.006,0
19.39,15,0,2,1,0,0,1,0,58.7,3,1,0.600,0
21.19,11,0,4,4,0,0,0,0,54.5,1,2,9.867,0
14.80,21,0,2,2,0,0,1,0,17.6,3,2,0.676,0
27.27,19,0,2,1,0,1,0,0,88.0,1,1,0.046,0
10.81,9,0,3,1,0,0,0,0,15.6,1,1,0.812,0
2.59,13,0,0,1,0,0,0,0,2.3,1,1,0.974,0
28.52,17,0,2,2,0,1,0,0,49.7,2,2,0.440,0
5.34,16,0,2,1,0,1,0,0,2.8,1,1,0.876,0
213.00,4,1,8,5,1,4,1,1,286.7,5,7,15.706,1
45.55,20,0,2,3,0,1,0,0,0.4,1,2,0.547,0
15.26,20,0,1,1,0,0,0,0,54.6,1,1,0.041,0
6.56,10,0,2,1,0,0,0,0,103.1,1,1,0.695,0
16.83,12,0,3,1,0,0,0,0,26.5,1,1,0.160,0
60.32,13,0,2,2,0,1,0,0,4.3,2,2,1.359,0
13.21,15,0,0,2,0,0,0,0,16.5,1,1,0.855,0
57.05,15,0,2,2,0,0,0,1,184.5,2,1,0.275,0
5.94,18,0,4,1,0,1,0,0,7.3,3,1,0.588,0
82.44,11,0,1,1,0,1,0,0,114.2,1,1,2.379,0
110.41,21,0,1,1,0,1,0,0,40.6,1,3,4.044,0
14.30,10,0,2,1,0,0,0,0,39.4,1,2,0.816,0
4.83,12,0,2,1,0,1,0,0,39.5,1,2,0.920,0
11.56,15,0,1,1,0,0,1,0,11.5,1,6,0.582,0
2.34,18,0,2,2,0,0,0,0,76.1,1,1,0.798,0
36.15,1,1,4,9,5,1,1,1,70.9,2,1,0.918,1
20.85,20,0,4,2,0,0,0,0,172.6,1,3,0.644,0
83.92,19,0,2,2,0,1,0,1,71.5,1,1,5.064,0
11.47,15,0,2,2,0,0,0,0,34.3,1,1,0.150,0
53.21,19,0,2,2,0,0,0,0,216.8,3,4,2.795,0
80.21,14,0,1,1,0,0,0,1,39.0,1,2,3.466,0
50.56,12,0,1,2,0,0,0,0,70.0,1,2,0.360,0
42.19,3,1,7,3,0,0,0,0,607.8,1,3,0.136,0
19.21,12,0,1,2,0,0,0,0,45.2,1,1,0.320,0
21.51,19,0,1,1,0,0,0,0,45.6,1,1,0.283,0
22.22,13,0,1,2,0,0,0,0,79.5,1,2,0.276,0
74.95,10,0,9,5,1,0,0,1,276.6,5,4,0.120,0
22.48,15,0,3,2,0,0,0,0,50.2,1,3,0.634,0
40.15,10,0,1,1,0,0,0,0,19.7,1,1,0.628,0
47.94,20,0,1,1,0,0,0,1,112.1,1,1,0.079,0
131.13,12,0,1,1,1,1,0,0,5.1,1,2,0.010,0
153.78,21,0,0,3,0,0,0,0,19.0,2,1,5.373,0
17.56,11,0,3,1,0,1,0,0,31.9,2,1,0.085,0
19.65,13,0,2,3,0,0,0,0,40.2,1,3,0.080,0
12.95,13,0,4,1,0,0,0,0,10.8,3,1,0.539,0
28.55,19,0,0,0,0,0,0,0,53.9,1,1,4.126,0
19.11,16,0,0,1,0,0,0,0,7.2,3,1,0.832,0
153.56,16,0,1,1,0,0,0,0,8.2,2,6,30.022,0
16.03,20,0,1,1,0,0,0,0,351.1,1,1,0.336,0
13.19,15,0,3,1,0,0,0,0,29.8,1,1,0.834,0
45.11,21,0,2,2,0,0,0,1,4.1,1,1,0.093,0
18.36,11,0,1,2,0,0,0,0,151.3,1,3,0.327,0
172.93,2,1,3,4,0,2,1,0,326.4,1,1,98.385,0
17.96,20,0,3,1,0,0,0,0,66.8,1,2,0.018,0
19.67,21,0,1,1,0,0,0,0,44.1,2,1,0.214,0
12.47,19,0,3,3,0,0,0,0,69.0,1,1,0.011,0
71.72,11,0,1,1,0,1,0,0,5.3,1,1,1.088,0
95.25,17,0,1,1,0,0,0,0,11.4,1,3,17.143,0
28.69,13,0,1,1,0,0,1,0,2.0,1,3,0.970,0
25.39,19,0,3,1,1,0,0,0,2.6,1,1,0.289,0
10.59,12,0,1,5,0,3,1,0,82.9,3,1,0.324,0
19.80,17,0,1,1,0,0,0,0,18.0,1,5,0.480,0
3.24,15,0,2,2,0,0,0,0,0.6,1,3,0.929,0
8.82,11,0,2,2,0,0,0,0,23.0,3,3,0.415,0
10.33,10,0,3,2,0,1,0,0,30.4,1,3,0.857,0
108.85,17,0,1,1,0,3,0,0,39.0,1,4,1.939,0
33.29,9,0,6,6,0,1,0,0,15.9,1,1,32.290,0
14.42,20,0,1,2,0,0,0,0,83.2,1,1,0.755,0
46.57,11,0,2,2,0,0,0,0,158.0,1,1,0.411,0
31.20,11,0,2,1,0,0,0,0,12.7,1,2,0.169,0
16.50,13,0,3,1,0,1,0,0,8.4,1,1,0.142,0
61.48,12,0,2,2,0,0,0,0,16.2,2,1,2.842,0
430.76,2,1,9,7,1,2,1,1,56.1,2,5,15.043,1
45.47,17,0,6,1,0,0,0,0,116.2,1,1,0.416,0
47.28,15,0,1,1,0,0,0,0,100.9,2,4,2.252,0
124.99,15,0,2,4,0,1,0,0,39.4,1,1,8.184,0
7.25,20,0,0,2,0,0,0,0,1.5,1,4,0.883,0
6.09,16,0,2,2,0,0,0,0,188.7,1,2,0.861,0
45.19,16,0,3,3,0,1,0,0,30.2,1,1,0.937,0
20.65,14,0,3,1,0,1,0,0,6.4,3,2,0.862,0
11.71,20,0,2,2,0,0,0,0,26.9,1,1,0.766,0
10.66,3,1,11,4,2,1,1,0,806.2,1,5,0.218,1
38.25,11,0,1,1,0,0,0,0,27.2,2,2,0.447,0
69.87,9,0,3,2,0,1,0,0,40.0,2,2,2.649,0
20.51,19,0,4,3,0,0,0,0,6.7,2,1,0.596,0
4.00,9,0,3,1,0,0,0,0,115.5,1,2,0.888,0
11.79,19,0,1,1,0,0,1,0,0.0,2,1,0.394,0
16.39,8,0,2,1,0,0,0,0,77.0,1,3,0.771,0
17.21,16,0,3,3,0,0,0,0,32.0,1,2,0.604,0
37.27,13,0,0,0,0,0,0,0,48.3,2,2,2.477,0
17.78,14,0,1,1,0,0,0,0,24.8,4,1,0.547,0
19.51,9,0,3,1,0,0,0,0,29.8,1,1,0.557,0
19.65,20,0,1,1,0,0,0,0,4.5,2,1,0.223,0
7.85,13,0,4,4,0,2,0,0,70.0,1,1,0.853,0
45.49,10,0,2,2,0,0,0,0,67.1,2,1,1.023,0
26.91,8,0,4,1,0,0,0,0,152.8,2,2,0.470,0
19.74,17,0,3,3,0,1,0,0,53.3,5,1,0.377,0
364.11,1,1,9,7,1,1,0,0,117.6,3,4,30.552,1
24.82,11,0,2,1,0,0,0,0,13.6,1,1,0.775,0
3.78,13,0,2,2,0,1,0,1,37.9,1,1,0.681,0
27.90,13,0,4,2,0,0,0,1,27.0,1,1,0.447,0
21.94,13,0,2,2,0,0,0,1,107.2,4,3,4.150,0
92.98,8,0,4,3,0,4,1,0,15.8,3,2,9.749,0
17.61,13,0,0,2,0,0,0,0,62.0,2,1,0.233,0
18.35,20,0,1,1,0,1,0,1,79.9,1,1,0.315,0
13.32,21,0,0,0,1,0,0,0,165.7,3,1,0.670,0
90.17,2,1,3,4,2,6,1,1,50.0,2,4,8.403,1
10.27,16,0,1,1,0,1,0,0,114.6,1,2,0.179,0
21.14,13,0,2,1,0,0,1,0,322.9,1,1,0.433,0
42.48,10,0,3,1,0,2,0,0,7.8,1,3,0.292,0
27.94,13,0,1,1,0,0,0,0,19.2,3,2,4.544,0
48.17,13,0,1,1,0,0,0,0,24.6,1,1,0.045,0
30.77,17,0,3,1,0,0,0,0,62.4,1,3,0.366,0
9.78,12,0,1,1,0,0,0,0,3.3,2,2,0.661,0
11.61,17,0,2,1,0,0,0,1,87.0,1,1,1.758,0
113.09,10,0,0,1,0,1,0,0,54.9,1,1,7.607,0
7.78,9,0,0,0,0,1,0,0,6.4,1,2,0.684,0
38.24,10,0,3,2,1,1,0,0,28.7,2,3,0.075,1
151.09,8,0,9,6,0,0,1,0,127.6,1,5,7.541,0
36.99,17,0,3,3,0,1,0,0,5.7,2,2,0.243,0
32.56,8,0,3,1,0,0,0,0,9.7,1,1,2.831,0
64.09,10,0,0,2,0,0,1,0,19.2,1,2,4.642,0
121.69,16,0,2,2,0,0,0,0,77.5,1,1,0.138,0
58.43,17,0,0,1,0,0,0,0,179.6,2,1,1.553,0
26.82,8,0,4,4,0,0,0,0,26.7,2,1,0.470,0
189.91,17,0,1,1,0,0,0,0,110.3,2,3,14.242,0
8.33,10,0,0,0,0,0,0,0,46.6,2,1,0.800,0
41.86,17,0,1,2,0,0,0,0,58.4,1,1,0.578,0
3.06,9,0,1,3,1,1,0,1,19.3,1,2,0.964,0
19.45,14,0,3,3,0,0,1,0,19.7,1,3,0.626,0
4.10,8,0,2,2,0,0,0,0,8.7,1,2,0.937,0
36.30,16,0,4,1,1,0,0,0,6.5,1,2,0.752,0
20.00,15,0,3,5,0,0,0,0,55.1,2,1,0.437,0
17.62,20,0,3,1,0,0,0,0,45.9,1,1,0.001,0
29.09,11,0,1,1,1,0,0,0,33.0,1,1,0.880,0
53.41,12,0,2,2,0,0,0,0,1.4,1,2,0.977,0
31.03,15,0,1,1,0,0,0,0,2.2,1,2,0.025,0
46.28,10,0,2,2,0,0,0,0,44.6,1,3,0.424,0
10.82,18,0,1,1,0,1,0,0,77.9,1,3,0.821,0
6.08,12,0,8,8,0,0,0,0,2.0,1,3,0.475,0
83.78,19,0,1,1,0,0,0,0,89.0,1,1,3.459,0
7.25,20,0,0,1,0,0,0,0,114.2,1,1,0.816,0
23.34,19,0,2,1,0,0,0,0,5.5,1,1,0.075,0
35.44,0,1,4,2,1,0,0,1,10.0,1,1,0.110,0
18.90,17,0,2,2,0,1,0,0,56.8,1,1,0.424,0
34.05,8,0,1,1,0,0,0,0,315.9,1,2,0.126,0
24.59,9,0,1,1,0,0,0,0,46.9,1,5,0.475,0
52.75,16,0,1,1,0,1,0,0,22.7,3,2,17.772,0
18.05,12,0,2,2,0,0,0,0,0.1,1,2,0.491,0
59.01,10,0,4,4,0,0,0,0,20.7,1,1,0.267,0
7.95,10,0,1,2,0,0,0,0,3.6,1,2,0.279,0
7.95,9,0,2,1,0,1,0,0,23.6,1,3,0.448,0
14.95,12,0,5,3,1,0,0,0,38.2,2,2,0.254,0
24.86,10,0,1,1,0,0,0,0,119.3,1,2,1.519,0
33.61,18,0,3,3,0,1,0,0,7.6,3,1,0.147,0
13.58,13,0,1,2,0,0,0,0,9.9,1,1,0.180,0
46.46,12,0,3,4,0,1,0,0,91.8,2,2,1.486,0
10.24,14,0,2,2,0,0,0,0,70.0,1,1,0.725,0
7.93,13,0,4,2,0,0,0,0,113.6,1,1,0.508,0
15.53,17,0,1,3,0,1,0,0,129.1,1,1,0.478,0
14.46,8,0,3,1,0,1,0,0,43.4,1,2,0.266,0
11.07,12,0,1,1,0,0,0,0,227.6,1,2,0.770,0
23.32,21,0,3,3,0,0,0,0,64.7,2,1,0.928,0
134.30,14,0,0,0,0,1,0,0,24.5,2,1,3.459,0
113.03,16,0,4,4,0,1,0,1,29.8,1,3,5.283,0
75.44,19,0,2,2,0,1,0,0,27.4,3,1,3.677,0
299.00,15,0,6,3,1,1,0,1,349.8,2,2,6.044,0
26.59,11,0,1,1,0,1,0,0,71.3,2,2,0.513,0
109.75,12,0,3,1,0,0,0,0,9.2,2,1,13.672,0
62.87,16,0,3,1,0,0,0,0,20.4,2,2,9.392,0
868.76,11,0,5,4,1,3,1,0,80.6,2,2,103.670,0
62.37,12,0,0,1,0,0,0,0,37.8,1,4,1.763,0
10.76,9,0,1,2,0,0,0,0,23.3,1,1,0.807,0
89.32,13,0,7,6,1,5,1,1,270.5,4,3,1.497,1
50.75,13,0,1,1,0,0,0,0,3.9,2,2,0.818,0
11.11,11,0,4,1,1,1,0,0,80.1,1,3,0.498,0
67.19,16,0,3,3,0,0,0,0,23.4,1,1,0.051,0
210.70,19,0,1,2,1,1,1,0,60.2,1,1,7.418,0
13.87,16,0,4,4,0,0,0,0,10.4,1,1,0.273,0
28.74,9,0,5,1,0,0,0,0,67.4,3,1,0.274,0
10.80,17,0,3,1,0,0,0,0,19.1,1,2,0.137,0
23.87,21,0,3,1,0,0,0,0,32.0,1,2,0.996,0
38.27,12,0,4,2,0,0,1,0,77.2,1,1,5.183,0
17.41,21,0,0,0,0,0,0,0,43.0,3,1,1.053,0
17.42,11,0,2,3,0,0,0,0,64.4,2,1,0.016,0
1.80,18,0,1,1,1,2,0,0,162.3,2,4,0.489,0
30.13,14,0,2,2,0,0,1,0,45.5,2,1,0.894,0
10.68,12,0,4,2,0,0,0,0,32.2,1,2,0.890,0
29.85,10,0,2,2,0,0,0,0,152.9,1,1,2.350,0
94.71,4,1,9,3,1,2,0,0,196.6,4,4,16.670,0
142.23,13,0,3,1,0,0,0,0,99.8,1,2,13.082,0
78.48,5,1,1,5,0,1,1,0,505.4,6,2,3.920,0
34.69,15,0,2,2,0,0,0,0,100.7,2,2,0.568,0
7.51,12,0,2,3,0,0,0,0,101.7,2,2,0.619,0
8.68,17,0,3,3,0,0,0,0,7.9,1,3,0.581,0
55.44,10,0,0,1,0,0,0,0,11.8,1,1,0.361,0
7.74,12,0,3,3,0,0,0,0,20.9,1,1,0.714,0
24.07,9,0,3,1,0,0,0,0,39.1,2,1,0.266,0
27.36,16,0,1,1,0,0,0,0,24.6,3,1,2.508,0
15.23,14,0,1,1,0,0,0,0,9.7,2,1,0.588,0
130.10,14,0,1,1,0,0,0,0,92.5,3,1,0.393,0
21.67,19,0,3,3,0,0,0,0,52.7,1,1,7.955,0
4.62,17,0,1,3,0,0,0,0,46.3,1,1,0.935,0
69.58,9,0,3,4,0,0,0,0,18.5,1,2,6.000,0
39.58,10,0,1,2,0,0,0,0,67.3,1,4,0.222,0
12.48,9,0,0,0,0,0,0,0,12.8,1,2,0.499,0
45.45,15,0,1,2,0,0,0,0,33.5,1,2,0.109,0
17.94,13,0,5,4,0,1,0,1,8.6,1,2,2.560,0
34.80,18,0,2,2,0,0,0,0,15.3,2,1,1.027,0
55.14,13,0,4,2,0,0,0,0,147.3,1,1,1.078,0
121.32,18,0,6,3,0,3,1,0,113.8,2,2,1.107,0
246.57,3,1,8,4,3,3,1,0,50.0,2,2,16.327,1
13.68,17,0,1,2,0,0,0,0,23.2,1,1,0.619,0
18.79,9,0,1,2,0,1,0,0,23.2,1,2,0.357,0
42.37,9,0,2,2,0,0,0,0,10.9,1,3,2.467,0
9.77,16,0,1,1,0,0,0,0,87.1,1,2,0.224,0
4.36,14,0,0,2,0,0,0,0,119.8,1,1,0.974,0
17.22,12,0,2,1,0,0,0,0,22.5,3,1,0.284,0
72.59,15,0,2,2,0,0,0,0,85.7,2,2,1.127,0
73.94,16,0,2,1,0,0,0,0,65.3,1,1,0.268,0
29.49,17,0,0,0,0,0,1,0,26.7,1,1,1.603,0
27.43,16,0,1,1,0,0,0,0,36.7,1,1,4.285,0
135.82,12,0,3,1,0,1,0,0,8.3,1,1,4.308,0
15.08,10,0,4,4,0,1,0,0,17.2,1,1,0.806,0
18.14,14,0,1,1,0,0,0,0,58.1,2,3,0.598,0
59.21,18,0,2,2,0,0,0,0,20.8,1,1,1.992,0
15.79,10,0,2,1,0,0,0,0,0.3,2,1,0.479,0
59.87,12,0,4,4,0,0,0,0,124.2,1,2,5.550,0
29.89,19,0,0,3,0,0,0,0,14.5,3,3,2.007,0
40.30,15,0,1,2,0,0,0,1,14.1,2,2,1.774,0
119.37,18,0,5,6,0,1,1,0,35.8,4,2,0.505,0
37.16,11,0,1,2,1,0,0,0,85.8,1,1,0.490,0
2.33,9,0,0,1,0,0,1,0,19.4,1,1,0.772,0
23.90,11,0,1,1,0,0,0,0,15.3,1,1,0.480,0
5.94,18,0,1,2,0,0,0,0,73.4,2,3,0.393,0
29.35,14,0,2,2,0,1,0,0,19.5,1,1,2.753,0
68.03,18,0,1,1,0,0,0,0,141.1,1,2,8.181,0
33.00,12,0,3,1,0,0,0,0,25.8,1,1,0.561,0
97.70,10,0,3,2,0,2,0,0,73.3,1,1,0.390,0
49.33,19,0,2,2,0,0,0,0,1.3,1,1,0.530,0
10.15,12,0,1,1,0,1,0,0,43.4,1,1,0.245,0
44.16,13,0,4,1,0,0,0,0,66.6,2,3,1.894,0
69.12,17,0,1,1,0,0,0,1,36.4,4,1,0.068,0
31.00,8,0,2,1,0,1,0,0,85.6,1,4,2.021,0
14.89,10,0,0,2,0,0,0,1,10.4,5,2,0.763,0
143.71,14,0,2,2,0,0,0,0,37.8,3,4,13.516,0
92.71,5,1,10,6,2,5,1,1,236.7,2,4,4.575,1
49.24,13,0,1,1,0,2,0,0,0.9,1,3,1.804,0
25.81,20,0,1,1,0,0,0,0,77.9,3,1,0.504,0
76.13,8,0,2,1,0,1,1,0,55.2,1,1,4.811,0
11.77,11,0,1,4,0,1,0,0,155.7,1,2,0.686,0
69.26,19,0,0,0,0,0,0,0,207.2,1,1,0.721,0
4.11,13,0,1,5,0,0,0,0,46.2,3,1,0.834,0
13.13,12,0,3,1,0,1,0,0,53.6,2,3,0.563,0
21.47,18,0,9,9,0,0,0,0,43.0,1,2,1.581,0
61.23,14,0,2,1,0,1,0,0,125.4,3,3,1.081,0
8.99,19,0,1,1,0,0,0,0,1.3,1,1,0.910,0
181.26,10,0,8,3,0,2,0,0,713.1,3,1,15.706,0
43.97,13,0,0,1,0,0,0,0,8.2,1,2,0.694,0
61.59,19,0,1,1,1,0,0,0,2.2,1,4,2.544,0
3.64,13,0,5,2,0,0,0,0,123.9,2,1,0.959,0
10.19,16,0,4,4,0,0,0,0,23.4,2,3,0.859,0
38.07,18,0,2,2,0,1,0,0,10.0,1,1,0.906,0
57.60,21,0,1,1,0,1,0,0,29.4,2,1,1.577,0
10.03,16,0,1,1,0,0,0,0,54.8,1,2,0.160,0
47.40,0,1,8,2,0,0,1,0,150.0,6,5,0.339,0
21.67,17,0,1,2,0,0,0,0,48.5,1,2,0.548,0
42.57,16,0,1,1,1,0,0,0,94.5,1,2,10.537,0
36.64,14,0,0,0,0,0,0,0,31.2,1,2,0.100,0
182.32,18,0,2,3,0,1,0,0,128.3,1,2,0.262,0
18.00,9,0,3,2,0,1,0,0,29.3,1,2,3.235,0
13.86,14,0,4,3,0,0,0,0,10.1,1,1,0.235,0
19.23,18,0,2,3,0,0,0,0,86.5,4,5,0.413,0
23.49,11,0,1,1,0,0,0,1,120.6,3,2,0.199,0
4.09,17,0,2,2,0,0,0,1,246.0,2,3,0.842,0
33.35,14,0,4,4,0,0,0,0,37.9,1,1,1.752,0
48.21,14,0,0,8,0,2,0,0,349.6,3,3,0.018,0
19.92,16,0,3,2,0,1,0,0,140.9,2,2,6.691,0
20.11,18,0,0,0,0,0,0,0,20.3,1,1,0.840,0
46.50,5,1,6,5,0,1,1,0,15.6,3,6,0.355,0
48.36,13,0,2,2,0,1,0,0,214.9,3,2,0.260,0
20.18,17,0,2,2,0,0,0,0,11.1,1,2,0.206,0
26.80,19,0,5,1,0,1,1,0,164.7,3,1,0.157,0
6.72,16,0,3,3,0,0,0,0,35.6,1,1,0.590,0
5.22,20,0,4,1,0,0,0,0,1.8,1,1,0.899,0
8.05,16,0,0,1,0,0,0,0,66.7,1,1,0.865,0
36.22,8,0,4,1,0,0,0,0,22.5,2,3,0.278,0
16.01,20,0,1,1,0,0,0,0,1.6,1,3,0.314,0
15.20,13,0,3,2,0,0,0,0,27.4,1,3,0.636,0
11.86,13,0,3,3,0,0,0,0,50.0,1,3,0.427,0
109.12,17,0,0,1,0,0,0,0,5.4,2,4,3.452,0
566.04,22,0,3,7,0,2,0,1,103.3,2,4,26.720,0
1059.95,11,0,11,8,2,6,0,1,238.4,2,6,56.512,1
18.11,11,0,0,1,0,0,0,0,122.5,1,2,0.112,0
10.80,14,0,2,2,0,0,0,0,77.8,1,1,0.655,0
31.80,18,0,1,1,0,0,0,0,220.8,1,1,3.386,0
188.24,21,0,3,1,0,0,0,0,83.3,1,1,1.944,0
85.80,15,0,1,1,0,0,0,0,13.7,1,1,0.871,0
97.73,13,0,3,1,0,1,0,0,179.6,3,2,0.528,0
18.18,20,0,1,1,0,0,0,0,6.3,1,1,0.479,0
28.44,11,0,1,1,1,0,0,0,41.6,1,1,2.132,0
9.19,17,0,2,3,0,1,0,0,27.8,1,4,0.688,0
24.53,17,0,1,1,0,1,0,0,15.8,1,1,1.321,0
25.27,19,0,2,1,0,0,0,0,8.8,3,2,0.257,0
19.35,14,0,3,3,0,0,0,0,114.8,2,1,0.592,0
9.75,15,0,0,0,0,0,0,0,13.3,1,2,0.834,0
109.45,21,0,3,2,0,0,0,0,82.9,1,2,3.158,0
20.82,15,0,2,2,0,0,0,0,25.8,3,3,0.014,0
27.64,8,0,4,4,0,0,0,1,38.0,1,1,2.267,0
46.91,9,0,4,1,0,0,0,0,55.3,1,1,0.497,0
98.55,21,0,3,2,1,1,0,0,0.6,1,1,0.363,0
13.43,19,0,3,2,0,0,0,0,2.1,2,1,0.385,0
11.73,19,0,1,1,0,0,0,0,82.2,2,4,0.516,0
148.28,9,0,1,1,0,0,0,0,64.6,2,5,4.716,0
7.57,13,0,4,3,0,1,0,0,31.0,1,2,0.844,0
12.64,19,0,1,2,0,0,0,0,102.4,3,2,0.842,0
12.97,20,0,0,1,0,1,0,0,11.4,1,2,0.539,0
110.74,18,0,2,1,0,0,0,0,0.4,1,1,1.123,0
30.13,16,0,2,2,0,1,0,0,9.7,1,3,0.188,0
31.03,14,0,3,3,1,0,0,0,125.7,2,2,0.276,0
14.99,19,0,1,1,0,0,0,0,47.8,1,3,0.404,0
18.59,12,0,4,1,0,0,0,0,52.1,1,1,0.432,0
14.76,8,0,0,1,0,0,0,0,65.4,1,1,0.374,0
24.23,14,0,0,2,0,0,0,0,35.3,1,3,0.334,0
14.59,12,0,0,0,0,0,0,1,3.5,1,1,0.974,0
8.63,17,0,2,2,0,0,0,0,22.7,1,1,0.784,0
7.89,17,0,2,2,0,0,0,0,26.5,2,1,0.519,0
10.98,18,0,2,2,0,0,0,0,16.2,1,1,0.646,0
8.98,18,0,2,3,0,0,0,0,39.3,3,1,0.690,0
17.69,13,0,2,1,0,0,0,0,122.3,1,2,0.242,0
69.22,21,0,2,1,0,0,0,0,115.6,1,1,8.791,0
53.20,14,0,5,1,0,0,0,0,28.1,2,1,0.438,0
37.13,17,0,1,2,0,0,0,0,36.9,2,1,0.171,0
24.31,11,0,1,1,0,0,1,0,2.0,1,1,0.198,0
39.26,23,1,6,2,0,0,1,1,71.1,1,8,0.492,0
37.80,10,0,1,2,0,0,0,0,47.7,2,1,0.341,0
20.80,15,0,4,4,0,1,0,0,14.5,1,3,0.761,0
162.70,10,0,1,1,0,0,0,0,96.6,4,1,1.381,0
22.12,9,0,2,2,0,1,0,0,50.4,1,5,4.628,0
9.78,19,0,1,1,0,1,0,0,23.9,1,2,0.792,0
14.14,21,0,4,1,0,0,0,0,45.1,1,4,0.653,0
37.17,17,0,2,1,0,0,0,0,120.6,2,1,2.049,0
2308.83,0,1,3,8,1,3,0,0,124.3,4,6,54.931,1
52.30,20,0,1,1,0,0,0,0,95.4,1,3,3.301,0
117.92,15,0,3,6,0,4,1,0,16.7,3,1,2.793,0
30.99,11,0,1,1,0,0,0,0,9.5,2,1,0.489,0
22.89,12,0,2,1,0,0,0,0,82.1,1,1,0.390,0
22.74,21,0,2,2,0,0,0,0,11.5,1,1,0.371,0
213.17,6,0,3,5,0,0,1,0,77.4,4,2,29.584,0
28.69,13,0,3,1,0,0,0,0,0.3,3,1,8.196,0
54.03,21,0,0,1,0,0,0,0,7.5,2,1,0.163,0
1.81,8,0,1,1,0,0,0,0,5.2,3,1,0.824,0
33.10,14,0,1,1,0,1,0,0,88.3,1,3,0.170,0
26.96,16,0,1,1,0,2,0,0,20.9,1,3,0.154,0
136.12,11,0,1,1,0,1,0,0,66.6,2,1,9.659,0
8.25,18,0,0,0,0,0,0,0,5.2,1,2,0.116,0
39.31,9,0,3,3,0,0,0,0,76.5,1,1,0.148,0
47.21,13,0,3,3,0,0,0,0,15.3,1,2,0.520,0
33.15,8,0,1,1,1,0,0,0,100.5,2,3,0.294,0
6.79,11,0,2,1,0,0,0,0,87.2,1,3,0.803,0
233.19,12,0,4,1,0,0,0,0,12.6,2,1,7.624,0
32.61,13,0,1,1,0,1,0,0,1.6,1,1,2.814,0
45.08,17,0,2,2,0,0,0,0,53.0,1,1,0.599,0
33.24,16,0,0,0,0,0,0,0,17.0,1,1,0.188,0
39.68,19,0,2,2,0,0,0,0,209.8,1,4,0.371,0
65.86,17,0,5,3,0,1,1,0,348.5,2,5,5.969,0
10.03,21,0,5,1,0,0,0,0,35.3,1,2,0.065,0
34.14,19,0,2,2,0,0,0,0,38.2,3,3,3.802,0
191.98,20,0,3,3,0,1,1,0,56.8,2,2,25.407,0
9.07,15,0,1,2,0,0,0,1,18.2,1,2,0.703,0
72.69,12,0,1,4,0,0,0,0,93.7,1,2,0.868,0
12.27,19,0,0,1,0,0,0,0,5.8,2,3,0.689,0
5.01,12,0,2,3,0,0,0,0,25.8,2,2,0.896,0
22.84,12,0,1,1,0,1,0,0,19.1,2,3,0.483,0
27.02,18,0,2,1,0,0,0,0,84.1,1,1,0.477,0
14.33,19,0,2,3,0,0,0,0,6.0,1,5,0.750,0
16.45,14,0,4,2,0,0,0,0,17.9,2,3,0.561,0
49.11,18,0,4,4,0,1,0,0,56.3,1,1,0.183,0
7.67,8,0,3,1,0,0,0,0,7.2,3,1,0.796,0
9.36,15,0,4,2,0,0,1,1,49.5,1,1,0.862,0
8.02,9,0,3,2,0,0,0,0,206.3,3,1,0.837,0
58.23,18,0,2,2,0,0,0,0,100.6,1,2,1.257,0
5.41,14,0,3,2,0,0,0,0,139.0,2,1,0.660,0
105.52,16,0,3,3,0,0,0,0,50.0,1,1,6.277,0
16.03,8,0,2,1,0,1,0,0,65.7,2,1,2.685,0
9.80,15,0,2,1,0,0,0,0,8.5,2,2,0.841,0
38.20,9,0,1,2,0,0,1,0,22.6,1,3,0.724,0
14.36,16,0,0,0,0,0,0,0,139.9,2,1,1.913,0
55.65,17,0,5,1,0,0,0,0,64.1,4,1,1.613,0
15.55,20,0,1,1,0,1,0,0,76.5,1,1,0.564,0
8.20,9,0,3,3,1,0,0,0,44.5,3,1,0.565,0
50.16,17,0,6,1,0,1,0,0,34.6,1,1,4.399,0
42.78,16,0,1,1,0,0,0,0,11.2,1,3,0.362,0
11.23,9,0,2,1,0,2,0,0,18.6,1,1,0.851,0
12.08,15,0,5,5,1,0,0,0,90.9,1,1,0.380,0
23.11,16,0,1,1,0,1,0,0,111.0,2,1,0.573,0
122.04,8,0,2,1,0,0,0,0,51.5,2,1,4.611,0
15.36,12,0,2,3,0,0,0,0,196.2,2,2,0.870,0
9.01,9,0,3,3,0,0,0,0,20.4,1,1,0.881,0
11.91,16,0,3,1,0,0,0,0,14.7,1,2,0.466,0
62.07,20,0,2,2,0,0,0,0,27.3,1,1,0.741,0
5.57,12,0,2,2,0,0,0,0,80.0,2,1,0.803,0
27.81,18,0,0,1,0,0,0,0,20.9,1,2,0.532,0
16.90,14,0,2,2,0,0,0,0,73.7,1,4,0.704,0
19.28,21,0,1,1,0,1,0,0,5.9,1,1,0.288,0
14.57,9,0,2,4,0,0,0,0,33.5,1,2,0.747,0
9.54,10,0,1,3,0,1,0,0,62.7,1,1,0.287,0
28.59,20,0,2,1,0,0,0,0,29.2,2,1,0.632,0
21.50,19,0,3,2,0,0,0,0,19.2,1,3,0.121,0
12.51,16,0,3,1,0,0,0,0,117.7,2,3,0.873,0
12.54,17,0,2,1,0,0,0,0,43.3,1,2,0.727,0
46.07,18,0,1,1,0,1,0,0,29.5,1,3,17.959,0
12.86,19,0,3,3,0,0,0,0,19.1,5,1,0.863,0
94.55,18,0,2,2,0,2,0,0,15.7,1,1,1.792,0
12.33,19,0,3,2,0,0,0,0,6.9,2,3,0.135,0
27.12,19,0,4,1,0,0,0,0,6.3,1,1,0.340,0
3.57,14,0,1,1,0,1,0,0,65.8,1,1,0.976,0
15.88,20,0,0,1,0,0,0,0,157.7,1,1,0.401,0
143.88,17,0,3,1,0,0,0,0,56.3,4,1,7.355,0
41.14,19,0,5,5,0,0,0,0,7.2,1,1,5.300,0
77.82,13,0,0,2,0,3,0,0,17.1,3,2,5.322,0
17.11,20,0,2,2,0,1,0,0,15.5,2,4,0.317,0
96.65,17,0,4,1,0,0,0,0,90.4,1,3,40.840,0
12.49,12,0,2,2,0,1,0,0,47.0,1,4,0.165,0
39.88,17,0,3,1,0,0,0,0,32.2,1,1,3.476,0
2.97,18,0,2,2,0,0,0,0,161.6,3,1,0.778,0
33.22,21,0,1,2,0,0,0,1,36.2,2,3,0.383,0
18.29,18,0,0,5,0,1,0,0,0.2,2,4,0.187,0
46.71,13,0,0,1,0,0,0,0,21.9,3,1,0.352,0
114.97,20,0,3,1,0,0,0,0,80.2,1,1,5.852,0
26.05,13,0,2,2,0,0,0,0,39.9,1,3,0.253,0
13.86,9,0,5,5,0,0,0,0,13.1,2,1,0.721,0
16.70,12,0,0,1,0,0,1,0,65.4,1,1,1.236,0
10.83,12,0,3,3,0,0,0,0,79.9,2,1,0.114,0
27.27,9,0,5,1,0,2,0,0,10.3,1,2,0.381,0
38.47,9,0,3,1,0,0,0,0,35.6,1,5,0.711,0
16.64,10,0,3,3,1,3,1,0,18.9,4,5,0.816,0
22.31,20,0,2,1,0,0,0,0,143.6,1,1,0.735,0
20.07,9,0,3,1,0,0,0,0,35.9,2,1,0.831,0
38.15,16,0,1,1,0,0,0,0,219.9,3,3,0.369,0
30.41,16,0,6,6,0,0,0,0,51.8,1,1,3.587,0
5.55,14,0,3,1,0,2,0,0,40.8,2,1,0.942,0
9.89,14,0,3,3,0,0,0,0,33.8,2,1,0.868,0
7.60,18,0,4,4,0,0,1,0,40.8,2,6,0.784,0
5.62,13,0,0,0,0,0,0,0,113.4,1,1,0.720,0
21.68,13,0,0,2,0,1,0,0,7.4,1,2,0.436,0
12.63,11,0,1,2,0,0,0,0,23.4,1,3,0.479,0
65.50,19,0,3,3,0,1,1,0,3.0,1,4,0.389,0
4.58,15,0,1,1,1,0,0,0,12.4,1,1,0.942,0
28.25,21,0,5,2,0,1,0,0,64.1,1,3,1.364,0
15.30,1,1,8,4,0,3,0,1,182.4,3,1,0.758,0
18.89,10,0,4,1,0,1,0,0,34.2,1,1,0.915,0
6.97,12,0,3,1,0,0,0,0,38.7,1,2,0.516,0
20.09,14,0,2,2,0,1,0,0,25.4,1,2,0.095,0
52.59,20,0,0,2,0,0,0,0,73.5,1,2,0.215,0
10.74,8,0,3,3,1,2,0,0,6.6,1,1,0.027,0
23.31,9,0,4,4,0,0,0,0,35.8,1,1,1.034,0
137.80,19,0,0,0,0,0,0,0,16.3,1,1,3.876,0
86.75,11,0,1,1,0,0,0,0,13.5,1,1,0.719,0
17.21,0,1,3,2,1,1,1,1,339.9,1,1,0.462,0
27.07,14,0,1,1,0,0,0,0,28.7,1,1,4.847,0
19.43,11,0,2,2,1,0,0,0,225.9,2,1,0.430,0
9.17,13,0,0,0,0,0,0,0,19.5,1,4,0.788,0
12.72,9,0,4,4,0,1,0,0,29.0,1,2,0.605,0
69.79,17,0,1,1,0,1,0,0,11.0,2,5,0.717,0
78.56,12,0,8,1,0,2,1,0,289.0,9,1,0.385,0
15.64,20,0,2,2,0,1,0,0,50.8,1,1,0.822,0
23.47,14,0,0,2,0,0,0,0,12.4,1,1,0.168,0
61.42,8,0,1,1,0,2,0,0,63.4,2,1,2.682,0
55.45,19,0,3,1,0,0,0,0,15.2,2,1,5.410,0
29.43,14,0,1,1,1,0,0,0,117.0,1,1,4.759,0
10.18,17,0,4,3,0,0,0,0,8.9,3,1,0.857,0
12.16,13,0,2,2,0,1,0,0,2.4,1,3,0.767,0
46.09,17,0,1,2,0,0,0,0,57.4,1,1,0.480,0
3.67,18,0,1,1,1,0,0,0,19.1,2,1,0.860,0
30.39,21,0,2,2,0,0,0,0,42.7,3,3,8.527,0
14.46,19,0,4,4,0,1,0,0,6.8,1,4,0.056,0
307.25,18,0,2,5,0,0,0,0,219.4,1,1,6.274,0
24.49,11,0,2,1,0,0,0,0,30.5,1,4,0.308,0
23.54,15,0,2,2,0,0,0,0,79.3,1,2,0.530,0
43.85,17,0,6,9,4,3,1,1,564.5,3,6,0.963,1
27.93,18,0,2,2,0,0,0,0,7.9,1,1,0.173,0
88.02,7,0,5,6,0,2,0,1,534.8,3,2,1.016,0
43.26,17,0,2,2,0,0,0,1,145.2,1,1,0.162,0
17.55,18,0,0,0,0,0,0,0,18.7,1,1,0.935,0
12.94,17,0,1,3,0,0,0,0,59.5,1,2,0.293,0
16.29,9,0,4,1,0,0,1,0,62.0,1,1,0.297,0
21.42,11,0,2,1,0,0,0,0,35.7,1,3,1.451,0
43.71,14,0,4,2,2,0,0,0,23.7,5,1,0.684,1
256.79,6,0,8,7,1,3,0,1,205.0,3,7,2.613,1
29.80,16,0,1,2,0,0,0,0,9.0,1,1,0.392,0
184.67,15,0,3,3,0,1,0,0,74.0,1,1,20.300,0
6.06,18,0,5,1,0,0,0,0,10.3,1,4,0.845,0
29.82,15,0,1,2,0,0,0,0,131.6,1,2,3.398,0
61.60,15,0,2,1,0,0,0,0,91.8,2,3,0.350,0
39.43,14,0,2,2,0,1,0,0,24.9,1,1,0.399,0
20.40,15,0,1,1,0,0,0,0,31.2,2,2,1.028,0
10.54,18,0,0,1,0,0,0,1,46.0,1,1,0.071,0
19.93,9,0,3,2,0,0,0,0,5.3,3,2,0.279,0
40.86,18,0,5,3,0,0,0,0,10.9,2,2,0.035,0
26.29,18,0,3,1,0,0,0,0,37.8,1,1,0.630,0
27.27,9,0,3,3,0,0,0,0,18.1,1,3,0.893,0
23.60,14,0,4,4,0,0,0,0,83.5,3,2,3.487,0
32.55,11,0,2,1,0,1,0,0,35.5,3,1,2.025,0
18.17,9,0,1,1,0,1,0,0,3.4,1,2,3.378,0
7.52,18,0,4,4,0,0,0,0,96.3,1,1,0.726,0
55.37,16,0,1,1,0,0,0,0,54.8,2,1,4.593,0
5.29,14,0,6,2,1,0,0,0,136.1,1,1,0.428,0
19.40,17,0,1,1,0,0,0,0,30.7,1,2,0.199,0
73.47,11,0,5,1,0,1,1,1,5.3,1,1,0.540,0
28.66,13,0,4,4,0,0,0,0,16.9,1,1,0.524,0
242.13,14,0,9,6,0,5,1,0,59.1,2,4,3.067,0
23.65,10,0,0,1,0,0,0,0,52.0,2,2,0.217,0
12.09,15,0,3,1,0,0,0,0,8.7,1,1,0.068,0
46.38,16,0,4,4,0,0,0,0,27.6,3,2,1.358,0
6.41,10,0,2,2,0,0,0,0,48.2,1,3,0.955,0
7.82,11,0,2,2,0,0,1,0,20.1,2,2,0.508,0
84.01,14,0,1,1,0,1,0,0,16.1,3,2,0.883,0
171.53,14,0,6,6,0,0,0,0,27.6,1,5,1.978,0
27.85,18,0,4,3,0,0,0,0,15.0,4,1,0.416,0
43.37,16,0,2,2,0,1,0,0,40.8,1,4,0.675,0
14.44,20,0,2,2,0,0,0,0,13.7,2,3,0.410,0
48.40,15,0,1,1,0,1,0,0,37.8,2,4,0.303,0
14.88,13,0,0,0,0,0,0,0,98.1,1,1,0.853,0
19.27,18,0,3,3,0,0,0,0,14.4,2,3,0.550,0
19.36,20,0,1,1,0,0,0,0,53.2,3,3,0.479,0
76.39,14,0,2,2,0,0,0,0,1.5,1,4,4.327,0
77.42,20,0,0,2,0,1,0,0,172.3,1,2,0.364,0
53.67,18,0,2,2,0,0,0,0,130.7,2,1,3.906,0
81.57,16,0,4,4,0,0,0,0,1.6,1,3,0.280,0
32.78,15,0,3,3,0,3,1,0,17.1,2,3,0.311,0
108.70,18,0,8,4,2,4,1,0,285.5,6,11,0.505,1
16.10,11,0,0,1,0,0,0,0,4.3,2,1,0.177,0
47.76,9,0,7,8,0,4,0,1,23.1,2,5,21.111,0
75.27,7,0,8,4,1,2,0,0,41.7,3,2,1.262,0
7.37,18,0,0,0,0,0,0,0,60.7,1,1,0.638,0
61.95,17,0,3,1,0,0,0,0,110.0,3,1,0.122,0
26.68,15,0,1,1,0,0,0,1,60.9,2,1,0.384,0
29.78,9,0,3,1,0,0,0,0,6.4,2,1,2.833,0
36.62,19,0,1,2,0,0,0,0,109.8,1,1,0.225,0
139.71,21,0,7,1,4,2,1,0,794.4,5,7,0.742,1
26.27,15,0,1,2,0,0,0,0,25.6,1,2,0.012,0
45.80,10,0,5,1,0,0,0,0,164.0,2,1,0.088,0
101.70,2,1,5,6,0,7,1,1,285.1,1,4,43.026,0
125.43,17,0,5,1,0,0,0,0,44.7,1,3,0.648,0
13.18,13,0,1,1,0,0,0,0,33.5,1,1,0.578,0
79.49,15,0,4,4,0,0,0,0,31.4,1,1,0.115,0
33.46,18,0,2,2,1,2,0,0,31.8,1,1,0.587,0
14.14,12,0,1,1,0,1,0,0,104.2,1,2,0.882,0
249.93,9,0,6,3,0,1,1,1,74.8,1,2,8.569,0
3.08,12,0,1,1,0,0,1,0,41.2,2,1,0.700,0
36.79,16,0,0,0,0,0,0,0,54.8,1,1,0.051,0
24.69,12,0,2,2,0,0,0,0,61.0,1,2,0.062,0
45.31,17,0,3,2,0,0,0,0,1.8,2,1,0.245,0
52.77,21,0,0,2,0,1,0,0,133.6,3,1,0.108,0
127.42,19,0,2,1,0,0,0,0,49.8,1,1,6.812,0
54.67,14,0,1,1,0,0,0,0,59.7,3,1,10.682,0
122.64,12,0,1,1,0,1,0,0,2.9,1,1,6.244,0
4.64,9,0,2,1,0,0,0,0,31.8,1,3,0.199,0
15.48,14,0,4,4,0,1,0,1,144.9,1,2,0.317,0
5.24,13,0,3,1,0,0,1,0,15.9,1,3,0.830,0
303.65,4,1,5,3,0,4,0,1,211.4,4,2,20.674,0
10.86,15,0,4,3,0,1,1,0,18.5,1,1,0.909,0
103.49,3,1,7,6,1,1,1,1,664.9,3,8,0.169,1
4.81,10,0,2,1,0,0,0,0,13.0,3,1,0.764,0
97.02,20,0,3,3,0,0,0,0,18.7,1,3,1.117,0
37.26,9,0,0,0,0,0,0,0,25.2,1,2,0.441,0
8.97,11,0,1,1,0,0,0,0,16.2,1,2,0.453,0
14.61,8,0,1,1,0,1,0,0,4.5,2,2,0.316,0
20.06,10,0,0,1,0,0,0,0,94.2,1,1,0.183,0
27.63,12,0,1,3,0,0,0,0,26.7,1,1,0.233,0
64.16,12,0,8,1,0,2,0,1,194.0,1,6,1.147,0
116.28,20,0,1,1,0,0,0,0,208.5,2,2,4.477,0
28.72,10,0,1,1,0,0,0,0,134.8,2,1,0.901,0
17.10,16,0,4,2,0,0,0,0,73.2,4,2,0.096,0
12.64,13,0,0,0,0,0,0,0,7.4,1,4,0.854,0
7.24,14,0,4,2,0,0,0,0,38.6,4,1,0.919,0
13.16,18,0,4,2,0,1,0,0,55.0,1,1,1.164,0
16.70,10,0,1,1,0,0,0,0,30.3,2,2,0.378,0
13.34,10,0,4,4,0,1,0,0,35.8,1,1,0.238,0
20.08,10,0,2,1,0,0,0,0,1.0,1,3,0.747,0
7.58,19,0,3,3,0,0,0,0,15.6,1,1,0.804,0
92.09,6,0,5,6,0,2,1,0,788.8,1,4,5.290,0
23.36,11,0,2,2,1,0,0,0,109.8,1,4,0.288,0
36.06,13,0,2,3,0,0,0,0,14.6,1,2,1.988,0
138.44,13,0,2,4,0,0,0,0,99.2,1,1,7.937,0
11.21,12,0,1,2,0,2,0,0,129.4,1,1,0.389,0
11.85,17,0,1,1,0,0,0,0,149.0,1,1,0.688,0
22.99,13,0,1,1,0,0,0,0,39.0,1,1,0.645,0
5.63,10,0,0,0,0,0,0,0,15.7,2,1,0.937,0
13.62,13,0,1,1,0,0,0,0,91.9,4,3,0.448,0
84.54,11,0,2,1,0,0,0,0,77.2,1,3,1.286,0
20.06,3,1,6,6,0,1,0,0,128.5,6,5,0.653,0
72.31,21,0,2,1,0,0,0,0,9.9,1,3,11.277,0
11.29,13,0,3,1,0,1,0,0,36.7,2,1,0.688,0
196.34,19,0,1,1,0,0,0,0,31.8,1,1,0.571,0
42.69,9,0,2,1,0,0,0,0,17.4,1,3,3.770,0
71.86,21,0,0,2,0,0,0,0,39.4,2,2,2.760,0
53.60,18,0,1,1,0,0,0,0,42.0,1,1,1.868,0
110.13,14,0,2,3,0,2,0,0,109.4,1,3,1.528,1
33.60,19,0,2,2,1,0,0,0,3.5,1,2,0.972,0
50.15,10,0,2,1,0,0,0,0,21.7,1,1,3.320,0
86.62,7,0,7,3,0,0,0,1,600.1,2,7,0.283,0
67.14,15,0,3,3,0,0,0,0,15.7,1,6,26.404,0
29.21,21,0,2,2,0,0,0,1,18.6,1,1,0.056,0
34.40,19,0,0,0,0,1,0,0,138.3,1,1,0.178,0
21.47,12,0,0,2,0,0,0,0,56.5,1,1,0.274,0
1917.77,3,1,9,11,1,6,1,1,617.8,3,3,196.505,1
6.58,21,0,2,3,0,0,0,0,10.2,2,2,0.930,0
86.54,15,0,2,3,0,0,0,0,19.0,3,1,1.538,0
29.38,20,0,1,1,0,0,0,0,49.4,3,1,0.434,0
28.42,18,0,3,2,0,0,0,0,147.0,2,3,0.001,0
760.65,2,1,3,5,0,4,0,0,213.7,5,3,14.897,0
122.38,11,0,2,1,0,0,0,0,98.3,1,1,12.005,0
53.89,18,0,0,1,0,0,0,0,64.6,2,6,0.240,0
36.34,22,0,5,1,0,4,1,1,31.6,2,4,2.841,0
17.03,15,0,0,2,0,0,0,0,4.0,1,1,0.184,0
14.38,17,0,1,3,0,0,0,0,16.6,1,1,0.403,0
99.17,8,0,2,1,0,0,0,0,62.3,1,1,2.015,0
9.73,18,0,3,2,0,0,0,0,13.3,1,3,0.086,0
44.07,15,0,0,1,0,0,0,0,78.6,2,2,1.639,0
35.79,9,0,1,1,0,0,1,0,12.0,2,2,2.682,0
18.30,12,0,2,3,0,1,0,0,68.1,1,3,0.913,0
51.68,16,0,5,2,0,2,1,0,10.0,4,2,1.730,0
35.09,19,0,5,1,0,1,0,0,31.8,1,2,0.678,0
19.79,12,0,2,2,0,1,0,0,54.6,2,1,0.753,0
20.84,20,0,3,1,0,2,0,0,25.2,1,3,0.549,0
22.88,16,0,1,4,0,1,0,0,0.1,1,1,0.522,0
3.21,12,0,0,0,0,0,0,0,70.4,2,2,0.692,0
59.03,3,1,6,8,1,3,0,1,390.5,6,5,2.848,1
44.11,21,0,0,0,0,0,0,0,3.2,2,1,5.248,0
112.17,17,0,2,1,0,1,1,0,0.4,1,1,38.496,0
21.45,12,0,5,5,0,1,0,0,2.2,1,1,0.288,0
11.66,21,0,0,0,1,0,0,0,13.8,3,1,1.139,0
7.98,11,0,3,3,0,0,0,0,65.1,1,2,0.729,0
7.66,17,0,1,1,1,2,0,0,187.9,2,1,0.849,0
32.79,15,0,0,1,0,0,0,0,78.9,6,2,2.045,0
77.67,11,0,4,1,0,0,0,1,68.8,2,4,2.951,0
31.59,18,0,2,2,0,0,0,0,6.6,1,4,0.945,0
7.34,13,0,0,2,0,0,0,0,63.8,3,3,0.951,0
131.92,20,0,3,2,0,0,0,0,13.8,1,2,5.231,0
124.70,19,0,4,1,0,0,0,0,29.3,1,1,2.133,0
43.31,15,0,1,1,0,0,0,0,120.6,1,2,0.840,0
7.70,15,0,1,1,1,0,0,0,215.8,2,1,0.827,0
11.46,18,0,2,2,0,0,0,0,23.7,3,1,0.700,0
22.50,19,0,0,1,0,0,0,0,17.7,2,1,2.744,0
45.12,14,0,0,1,1,1,0,0,55.4,1,1,3.700,0
51.14,12,0,1,1,0,1,0,0,15.9,1,1,3.283,0
5.16,10,0,2,2,0,1,0,0,15.6,1,1,0.839,0
202.58,16,0,1,2,0,2,0,0,59.1,2,4,3.117,0
21.37,12,0,1,1,0,1,0,0,32.0,3,2,0.601,0
130.23,17,0,0,2,1,0,0,0,6.2,2,1,0.350,0
12.89,14,0,3,3,0,0,0,0,31.1,1,4,0.241,0
78.25,11,0,1,1,0,1,0,0,62.6,2,1,9.690,0
25.50,14,0,1,3,0,0,0,0,25.5,1,4,0.380,0
42.16,16,0,1,1,0,0,0,0,15.1,2,1,1.041,0
8.29,14,0,1,1,0,0,0,0,17.0,1,1,0.840,0
92.97,14,0,0,0,0,0,0,0,18.2,1,1,3.593,0
11.74,15,0,1,2,0,0,0,1,63.3,1,1,0.709,0
30.59,16,0,1,1,0,0,1,0,22.2,2,2,1.477,0
25.53,12,0,3,3,0,0,0,0,1.2,1,3,0.145,0
5.89,13,0,2,1,0,0,0,0,10.0,1,2,0.931,0
143.70,4,1,8,7,3,5,1,1,2115.3,2,8,1.499,1
13.98,19,0,1,1,0,1,1,0,63.6,1,2,2.251,0
49.70,17,0,6,1,0,1,0,0,19.4,1,2,4.066,0
11.41,11,0,2,2,0,1,0,0,65.9,3,4,0.327,0
43.63,16,0,3,3,1,1,0,0,141.8,1,5,2.449,0
80.34,21,0,3,3,0,0,0,0,56.3,1,1,1.655,0
115.08,16,0,2,1,0,0,0,0,9.4,2,1,0.318,0
35.78,18,0,3,2,0,0,0,0,79.1,1,1,2.155,0
5.47,14,0,4,3,0,0,0,0,21.0,1,2,0.781,0
45.56,13,0,3,1,0,0,0,0,24.3,2,1,0.430,0
22.87,12,0,2,1,0,0,1,0,12.8,3,2,0.224,0
17.89,12,0,0,1,0,0,0,0,4.8,1,1,0.425,0
39.43,16,0,1,1,0,0,0,0,78.2,3,1,0.133,0
104.45,19,0,1,2,0,0,0,0,13.2,1,1,0.064,0
33.24,19,0,5,5,0,0,0,0,42.5,1,1,0.380,0
20.67,14,0,2,2,0,0,0,0,8.3,1,1,0.562,0
23.76,19,0,2,1,0,0,0,0,48.5,2,1,0.301,0
40.94,13,0,8,2,0,1,1,1,85.4,2,5,0.450,0
6.11,12,0,2,2,0,0,0,0,67.3,1,1,0.802,0
12.94,19,0,1,1,0,0,0,0,23.9,1,3,0.471,0
16.14,12,0,4,1,0,1,0,0,20.2,1,3,0.371,0
17.74,10,0,1,1,0,0,0,0,46.4,1,3,1.997,0
37.90,9,0,2,2,0,0,0,0,17.6,1,2,1.880,0
5.60,9,0,2,3,0,0,0,0,5.3,4,2,0.893,0
23.19,21,0,1,2,0,0,0,1,89.0,1,1,0.689,0
14.94,17,0,2,2,0,1,0,0,43.0,1,1,0.436,0
9.37,19,0,1,2,0,0,0,0,86.0,2,1,0.797,0
35.25,16,0,3,2,0,0,0,0,12.9,1,4,0.432,0
29.66,13,0,3,3,0,1,0,0,31.7,1,2,0.005,0
87.16,16,0,1,2,0,0,0,0,4.6,1,1,0.279,0
41.09,15,0,6,3,0,3,0,0,10.0,2,1,0.522,0
3.64,10,0,2,2,0,1,0,0,61.5,1,1,0.849,0
21.23,14,0,1,1,0,0,0,0,2.0,1,1,0.576,0
92.38,14,0,5,5,0,0,0,0,166.3,2,4,5.280,0
24.12,14,0,2,1,0,0,0,0,33.0,2,2,0.080,0
50.00,16,0,2,1,0,0,0,0,3.6,1,3,0.643,0
32.52,18,0,0,3,0,0,0,0,95.4,2,1,0.095,0
17.35,19,0,2,2,0,2,0,0,89.7,1,3,0.641,0
6.25,15,0,2,2,0,1,0,0,17.5,1,5,0.887,0
10.00,6,0,8,6,1,3,0,1,339.3,6,2,0.368,0
3.55,12,0,3,3,1,0,0,0,30.2,1,1,0.617,0
52.65,15,0,3,3,0,0,0,0,24.3,2,2,2.840,0
3.10,9,0,4,4,0,0,0,0,10.7,1,1,0.164,0
22.16,14,0,2,2,0,0,0,0,7.5,1,1,0.706,0
69.17,12,0,6,2,0,0,0,0,56.2,1,3,0.026,0
100.01,23,1,7,4,1,4,1,0,17.0,1,3,4.150,0
8.04,19,0,1,2,0,0,0,0,178.7,4,2,0.738,0
16.71,20,0,3,1,0,0,0,0,27.2,2,1,0.006,0
22.88,15,0,3,1,1,0,0,0,16.0,2,4,0.204,0
23.55,17,0,2,1,0,0,0,0,5.1,1,3,0.872,0
9.32,13,0,0,3,0,0,0,0,145.8,1,2,0.107,0
58.91,16,0,1,1,0,0,0,0,13.9,2,2,0.029,0
39.77,15,0,3,3,0,1,0,0,21.5,2,2,11.585,0
28.65,16,0,5,1,0,0,0,1,42.6,2,2,0.797,0
3.45,16,0,2,2,0,0,0,0,72.6,2,1,0.770,0
27.04,15,0,3,1,0,1,0,0,69.9,2,3,0.988,0
24.80,13,0,1,2,0,0,0,0,107.3,3,1,0.438,0
21.96,13,0,1,1,0,1,0,0,29.9,1,3,3.848,0
30.59,10,0,0,2,0,0,0,0,26.7,1,2,0.271,0
81.90,11,0,1,1,0,0,0,0,101.6,2,2,1.419,0
13.54,12,0,1,2,0,1,0,0,33.7,3,4,1.792,0
81.87,19,0,5,4,0,3,1,0,143.9,3,5,5.823,0
94.56,19,0,4,4,0,0,0,0,13.1,1,2,2.492,0
16.61,13,0,3,3,0,0,0,0,19.9,1,1,0.101,0
42.54,13,0,5,2,0,1,0,1,15.1,4,3,0.274,0
18.77,17,0,2,1,0,0,0,0,137.3,1,3,0.557,0
17.70,18,0,4,4,0,0,1,0,55.5,2,1,0.614,0
455.41,19,0,6,3,0,4,1,0,187.5,2,6,7.468,0
240.95,21,0,3,6,0,1,1,0,71.9,1,4,2.031,0
9.29,9,0,5,5,0,0,0,0,7.3,1,1,0.328,0
1.81,16,0,1,1,0,0,0,0,46.9,2,4,0.939,0
51.99,19,0,1,1,0,1,0,0,16.3,1,1,0.615,0
36.43,15,0,1,1,0,0,0,0,65.0,2,1,1.290,0
26.79,16,0,4,1,0,0,0,0,29.8,2,1,0.563,0
45.61,18,0,3,1,0,1,0,0,50.9,3,4,0.762,0
112.33,18,0,3,1,0,0,0,0,0.4,2,3,0.354,0
7.58,18,0,1,2,0,0,0,1,40.0,2,2,2.369,0
44.36,11,0,3,2,0,0,0,0,36.9,3,1,0.234,0
12.42,8,0,4,4,0,0,0,0,75.8,1,1,0.602,0
42.43,13,0,1,1,0,0,0,0,12.3,2,2,0.323,0
41.64,18,0,1,1,0,0,0,0,71.8,2,1,0.516,0
13.92,16,0,2,2,0,1,0,0,42.7,1,2,0.493,0
8.61,9,0,3,3,0,0,0,0,109.7,1,1,0.328,0
10.78,18,0,2,2,0,0,0,0,0.5,2,2,0.703,0
7.03,18,0,2,2,0,1,0,0,3.1,3,1,0.533,0
19.85,13,0,0,1,0,0,0,0,57.8,1,1,0.269,0
12.21,11,0,3,2,0,1,0,0,46.6,1,1,0.407,0
13.08,13,0,2,1,0,0,0,0,28.8,1,2,0.355,0
70.80,14,0,2,2,1,0,0,0,19.6,1,3,1.149,0
10.71,17,0,2,1,0,0,0,0,54.7,1,1,0.611,0
81.86,20,0,3,3,0,2,0,0,22.6,3,3,0.830,0
4.67,9,0,1,1,0,1,0,0,4.0,1,2,0.529,0
58.16,19,0,2,2,0,0,0,0,0.9,3,1,0.042,0
12.48,21,0,1,1,0,0,0,0,7.2,1,1,0.239,0
16.26,9,0,2,1,0,0,0,1,1.1,1,1,0.730,0
57.13,17,0,0,1,0,0,0,0,29.2,4,2,0.130,0
41.74,14,0,3,2,0,0,0,0,22.2,1,1,4.011,0
10.41,16,0,3,3,1,0,0,0,31.2,2,1,0.357,0
46.53,13,0,2,1,0,1,0,0,91.4,2,1,0.106,0
94.82,14,0,1,1,0,1,0,0,21.6,6,2,1.117,0
25.05,14,0,1,1,0,0,0,0,104.3,1,1,2.830,0
7.93,9,0,2,1,0,0,0,0,19.8,2,1,0.675,0
10.88,18,0,1,1,0,3,0,0,31.5,1,1,0.159,0
27.75,2,1,9,4,0,2,0,0,908.1,3,3,3.527,0
181.81,11,0,1,1,0,1,0,0,52.7,1,2,26.505,0
8.82,17,0,6,1,0,0,0,0,7.7,2,5,0.944,0
156.25,11,0,2,1,0,0,1,0,70.0,1,2,5.551,0
88.54,11,0,3,2,0,0,0,0,7.8,2,1,1.973,0
112.08,2,1,2,5,1,2,0,1,326.1,4,5,3.344,0
15.88,12,0,2,2,0,1,0,0,174.6,1,2,0.466,0
15.15,18,0,2,2,0,0,0,0,22.1,1,1,0.430,0
23.95,20,0,2,3,0,1,0,0,155.7,2,1,0.230,0
8.28,12,0,2,1,0,1,0,0,76.5,1,3,0.302,0
13.64,15,0,5,1,0,0,0,0,100.3,1,1,0.579,0
15.46,12,0,1,1,0,0,1,0,23.8,1,2,0.266,0
30.65,21,0,2,2,0,0,0,0,23.6,1,1,0.350,0
39.76,12,0,5,1,0,0,0,0,11.0,2,1,1.718,0
10.04,15,0,3,2,0,0,0,0,73.6,3,1,0.711,0
35.97,12,0,2,2,0,1,0,0,137.3,1,1,0.385,0
15.19,20,0,5,5,0,1,0,0,1.5,1,3,0.731,0
10.00,15,0,4,3,0,2,0,0,107.5,6,4,0.098,0
63.41,10,0,1,1,0,2,0,0,29.3,2,2,0.064,0
28.13,14,0,2,2,0,0,0,1,24.7,2,1,0.426,0
77.24,18,0,2,2,0,0,0,0,24.4,1,2,2.015,0
30.36,17,0,1,3,0,0,0,0,333.9,1,1,0.353,0
8.79,20,0,4,1,0,0,0,0,105.8,2,1,0.674,0
29.16,16,0,1,1,0,1,0,0,17.6,1,1,0.473,0
99.27,17,0,0,0,0,0,0,0,49.5,1,1,4.004,0
58.28,10,0,1,1,0,1,0,0,14.6,1,1,6.285,0
16.04,19,0,3,3,0,0,0,0,70.3,1,1,3.134,0
19.93,8,0,2,2,0,0,0,0,7.6,1,2,0.171,0
26.08,20,0,2,2,0,0,0,0,57.7,3,1,0.667,0
24.03,17,0,4,4,0,1,0,0,117.0,1,2,0.065,0
35.25,16,0,3,3,0,0,0,0,17.6,1,1,4.875,0
69.95,11,0,1,1,1,0,0,0,31.4,1,1,0.557,0
18.26,18,0,2,3,0,0,0,0,50.7,1,2,0.316,0
18.73,15,0,4,4,0,0,0,0,159.8,3,1,0.055,0
14.70,17,0,0,2,1,0,0,0,32.2,1,1,0.547,0
47.04,19,0,2,2,0,0,0,0,86.7,2,2,1.981,0
226.83,8,0,3,7,0,4,1,0,502.9,2,1,2.334,0
76.80,13,0,2,2,0,0,0,0,4.3,2,1,2.170,0
116.08,19,0,1,1,0,1,0,0,1.3,1,1,18.124,0
26.77,11,0,6,9,1,2,0,0,368.1,1,3,0.754,0
88.62,3,1,4,6,1,1,1,0,550.0,3,1,1.092,0
21.37,10,0,3,3,0,1,0,0,27.7,1,3,0.430,0
84.02,18,0,2,2,0,1,0,0,27.8,1,1,1.819,0
196.96,15,0,6,5,0,2,0,1,255.5,2,3,14.484,0
58.79,8,0,6,2,0,0,0,0,221.3,2,2,5.432,0
77.98,16,0,0,2,0,2,0,0,25.4,2,1,25.524,0
55.64,11,0,6,3,0,0,0,0,5.1,5,1,0.160,0
44.65,15,0,5,5,0,1,0,0,9.5,1,2,0.112,0
9.57,17,0,2,2,0,0,1,1,11.7,1,1,0.363,0
44.09,10,0,2,2,0,0,0,0,187.5,1,2,0.099,0
144.49,5,1,5,8,0,2,0,1,107.3,3,3,1.751,0
40.14,10,0,3,1,0,0,0,0,58.3,2,2,0.505,0
10.41,8,0,2,2,0,0,0,0,36.8,3,1,0.810,0
10.00,7,0,0,3,0,1,1,0,235.8,5,4,0.683,0
21.66,13,0,2,2,0,0,0,0,182.1,2,1,0.957,0
47.29,10,0,3,1,0,0,0,0,27.1,1,1,1.835,0
28.38,16,0,5,1,0,0,1,0,11.0,3,3,0.503,0
30.38,16,0,2,1,0,1,0,0,50.6,1,1,3.660,0
78.81,10,0,2,2,0,0,0,0,13.9,1,1,10.851,0
21.26,21,0,3,2,0,1,0,0,71.5,1,1,0.724,0
32.29,20,0,0,1,0,2,0,0,0.9,2,4,0.262,0
16.43,14,0,2,1,0,0,0,0,33.1,1,1,0.607,0
22.88,19,0,1,3,0,0,0,0,36.9,4,1,0.542,0
2.90,9,0,1,1,0,0,0,0,149.0,1,1,0.807,0
25.57,16,0,4,1,0,1,0,0,16.7,1,1,0.682,0
59.57,20,0,2,1,0,1,0,0,122.7,1,1,0.423,0
24.91,10,0,2,1,0,0,0,0,8.8,1,2,0.006,0
30.23,11,0,2,2,0,0,0,0,50.2,2,3,0.596,0
18.60,9,0,3,2,0,1,0,0,10.9,2,4,0.724,0
15.15,19,0,3,2,0,0,0,0,26.7,2,1,0.218,0
8.36,10,0,4,1,0,0,0,0,65.3,1,1,0.837,0
10.22,12,0,1,1,0,0,0,0,20.0,1,2,0.224,0
169.82,15,0,3,1,0,0,0,0,16.3,1,2,4.623,0
177.40,12,0,2,2,0,1,0,0,69.8,1,1,3.567,0
2.95,19,0,1,1,1,0,0,0,57.0,1,1,0.874,0
51.09,11,0,2,2,0,0,0,0,13.9,1,1,1.377,0
3.63,11,0,1,1,0,0,1,0,39.2,1,2,0.825,0
292.66,1,1,7,3,0,0,0,0,224.0,6,5,0.379,0
15.48,15,0,1,1,0,1,0,0,98.6,1,1,0.810,0
10.61,19,0,3,3,0,0,0,0,0.2,1,1,0.806,0
42.71,15,0,1,1,0,0,0,0,55.8,1,3,0.082,0
65.43,10,0,2,2,0,0,0,0,13.5,1,3,4.453,0
56.09,12,0,3,3,0,2,0,0,115.1,1,1,1.317,0
16.49,12,0,1,1,0,0,0,0,31.8,1,1,0.829,0
17.60,10,0,2,6,0,1,0,1,52.3,2,2,0.050,0
29.63,15,0,2,3,0,0,0,0,7.0,1,3,0.687,0
7.99,16,0,2,1,0,0,0,0,28.0,1,1,0.793,0
18.25,18,0,2,1,0,0,0,0,95.2,2,1,0.664,0
61.44,15,0,3,3,0,0,1,0,17.1,2,2,1.692,0
157.02,18,0,0,2,0,1,0,0,89.0,3,1,6.582,0
7.40,11,0,1,1,0,0,0,0,79.3,1,3,0.607,0
15.32,17,0,3,1,0,1,0,0,44.0,1,1,0.787,0
13.65,15,0,1,1,0,1,0,0,28.3,1,3,0.151,0
22.04,15,0,3,3,0,0,0,0,13.4,1,2,2.820,0
10.95,18,0,1,1,0,0,0,0,53.8,2,1,0.750,0
79.15,20,0,2,2,0,0,0,0,41.8,1,1,0.382,0
39.94,21,0,2,1,0,1,0,0,4.3,1,2,0.082,0
51.16,16,0,4,1,0,0,0,0,44.7,1,1,1.628,0
20.11,18,0,2,2,0,0,0,0,64.1,1,2,0.825,0
38.58,10,0,1,2,0,2,0,0,24.7,1,1,6.565,0
16.49,10,0,1,1,0,0,0,0,28.7,2,2,0.214,0
74.91,14,0,2,2,0,0,0,0,90.6,1,5,1.225,0
24.39,19,0,3,2,0,1,0,0,45.7,2,2,1.199,0
43.33,19,0,1,1,0,0,0,0,69.9,1,1,1.573,0
19.41,20,0,1,1,0,1,0,0,66.6,1,4,1.884,0
102.00,16,0,2,1,0,0,0,0,85.2,5,2,2.788,0
44.66,13,0,1,1,0,0,0,0,9.3,3,1,2.860,0
28.78,14,0,2,1,0,0,0,0,8.6,1,2,0.330,0
40.24,8,0,1,1,0,1,0,0,29.9,1,1,3.878,0
138.01,0,1,9,11,2,5,1,1,138.5,2,3,3.274,1
29.75,16,0,0,0,0,1,0,0,69.4,1,1,0.564,0
16.70,17,0,1,1,0,1,0,0,8.5,2,1,0.419,0
4.26,20,0,2,2,0,0,0,0,22.2,4,1,0.954,0
38.26,19,0,1,3,0,0,0,0,5.2,1,1,1.977,0
30.27,5,1,5,6,1,1,0,0,75.5,1,2,0.307,0
16.92,13,0,5,5,0,0,0,0,14.6,1,2,3.305,0
4.11,20,0,2,1,0,0,0,0,13.4,1,1,0.693,0
8.18,19,0,2,1,0,0,0,0,45.4,4,2,0.865,0
63.71,20,0,0,0,0,0,0,0,18.9,2,1,1.876,0
21.81,11,0,2,1,0,1,0,0,39.5,1,3,0.015,0
23.75,9,0,0,2,0,0,0,0,77.7,1,2,2.029,0
14.14,8,0,2,2,0,0,0,0,67.5,2,3,0.684,0
51.65,19,0,0,1,0,0,0,0,56.3,1,2,0.191,0
12.54,4,1,10,4,0,3,0,1,633.9,6,2,0.418,1
44.70,13,0,2,1,0,0,0,0,40.9,2,1,0.124,0
128.93,9,0,6,2,0,1,0,0,17.2,1,1,1.900,0
50.44,22,0,8,5,0,6,1,1,669.3,2,1,6.364,1
35.54,10,0,1,1,0,0,0,1,2.2,2,1,1.385,0
76.90,14,0,1,1,0,0,0,0,11.4,1,1,0.281,0
84.74,17,0,2,1,0,0,0,0,160.4,1,1,4.373,0
18.94,16,0,0,2,0,0,0,0,1.0,1,1,0.069,0
18.10,10,0,3,3,0,0,0,0,123.3,2,3,0.566,0
3.59,21,0,2,2,0,0,0,0,40.6,1,2,0.873,0
6.81,12,0,3,3,0,0,0,0,39.6,3,1,0.865,0
161.57,14,0,2,2,1,0,0,0,4.4,3,1,12.211,0
26.12,9,0,5,2,0,1,0,0,108.1,1,2,0.327,0
26.38,15,0,3,2,1,0,0,0,28.8,1,1,0.509,0
13.38,13,0,3,2,0,0,0,0,21.3,2,4,1.655,0
8.87,13,0,3,3,0,0,0,0,41.8,1,1,0.884,0
250.88,23,1,2,6,0,2,1,0,303.4,3,2,5.742,0
577.24,7,0,8,5,4,1,1,0,244.6,3,4,58.204,1
38.68,17,0,3,1,0,0,0,0,5.2,2,2,0.632,0
16.36,14,0,1,1,0,0,0,0,31.5,1,1,0.567,0
7.56,10,0,2,1,0,0,0,0,7.7,1,1,0.540,0
73.93,20,0,4,1,0,0,0,0,66.8,1,1,1.619,0
19.68,17,0,6,6,0,0,0,0,56.3,1,4,0.277,0
23.48,11,0,1,1,0,0,0,0,16.0,2,1,0.014,0
38.86,16,0,2,3,0,0,0,0,9.1,2,1,1.834,0
85.61,9,0,2,1,0,0,0,0,6.4,2,1,0.015,0
14.88,10,0,1,1,0,1,0,0,47.5,1,2,0.343,0
15.29,12,0,2,1,0,0,1,0,22.6,1,2,0.200,0
28.69,9,0,0,1,0,0,0,1,44.3,1,1,0.478,0
14.85,13,0,2,2,0,0,0,0,26.3,1,2,0.472,0
28.75,21,0,1,1,0,0,0,0,133.6,1,4,0.776,0
16.35,8,0,0,2,0,1,0,0,5.8,1,2,3.192,0
90.58,9,0,2,2,0,0,0,0,40.0,1,2,14.047,0
56.05,18,0,1,1,0,0,1,1,8.4,1,2,2.705,0
14.43,21,0,0,0,0,0,0,0,203.8,1,3,0.087,0
137.45,18,0,2,4,0,0,0,0,8.7,1,2,2.672,0
23.89,19,0,0,2,0,0,0,0,12.0,1,3,0.339,0
13.71,15,0,2,1,1,0,0,0,45.1,1,1,0.525,0
5.01,16,0,2,1,0,0,0,0,20.7,2,1,0.781,0
57.42,16,0,3,2,0,0,0,0,20.4,2,2,1.676,0
19.43,18,0,4,1,0,1,0,0,136.3,1,1,0.329,0
15.77,10,0,2,2,0,0,0,0,4.6,2,2,0.584,0
57.60,13,0,2,4,0,1,0,0,95.7,1,1,0.701,0
20.54,10,0,2,2,0,0,0,0,23.2,1,2,0.477,0
35.71,21,0,4,2,0,0,1,0,94.4,1,1,7.626,0
243.63,23,1,9,4,0,2,1,0,115.1,1,4,4.779,0
38.47,20,0,4,3,0,0,0,0,14.2,1,2,5.520,0
23.61,18,0,2,2,0,0,0,0,28.5,2,1,1.485,0
72.13,19,0,2,2,0,0,0,0,6.5,1,1,3.910,0
33.37,17,0,2,2,0,0,1,0,15.9,1,1,15.199,0
7.30,13,0,3,2,0,0,0,0,10.9,1,1,0.588,0
24.13,17,0,4,4,0,0,0,0,4.9,2,1,0.134,0
9.48,12,0,1,1,0,1,0,0,62.2,1,2,0.632,0
23.20,13,0,1,1,0,0,0,0,2.3,2,1,0.543,0
94.82,19,0,3,1,0,0,0,0,39.7,1,3,3.830,0
8.53,21,0,4,1,0,0,1,0,3.9,1,1,0.332,0
38.54,8,0,6,1,0,0,1,0,127.9,1,1,0.216,0
2.34,20,0,2,2,0,0,0,0,43.3,2,4,0.932,0
22.08,20,0,3,3,0,0,0,0,26.1,1,2,0.147,0
3.36,10,0,0,1,0,0,0,0,13.2,2,2,0.941,0
9.58,19,0,1,1,0,1,0,0,66.6,1,1,0.805,0
20.94,17,0,4,2,0,0,0,0,32.3,1,1,0.380,0
15.09,15,0,2,1,1,1,0,0,2.7,2,1,0.178,0
91.71,17,0,3,3,0,1,0,0,303.0,1,1,4.640,0
4.57,14,0,0,2,0,0,0,0,6.7,2,3,0.819,0
39.74,12,0,2,3,0,0,0,0,43.1,1,1,0.467,0
41.85,11,0,4,1,0,0,0,0,9.9,1,4,8.894,0
8.16,17,0,1,1,0,0,0,0,14.9,1,1,0.651,0
18.91,13,0,1,1,0,0,0,0,34.7,1,1,0.346,0
53.35,20,0,1,1,0,0,0,0,57.8,1,1,0.249,0
43.62,14,0,4,4,0,2,0,0,0.9,1,1,2.662,0
31.61,14,0,3,3,0,1,0,0,4.4,1,4,0.075,0
18.27,19,0,0,0,0,0,0,0,96.9,1,2,0.770,0
10.46,11,0,4,2,0,0,0,0,10.4,1,2,0.778,0
28.00,16,0,2,2,0,0,0,0,3.5,4,3,0.840,0
6.70,14,0,2,1,0,0,0,0,19.7,4,1,0.585,0
23.17,15,0,3,2,0,0,0,0,0.2,1,1,0.157,0
173.11,6,0,5,3,0,1,0,1,107.9,3,1,1.740,0
3.88,17,0,1,1,0,0,0,0,43.0,1,2,0.693,0
13.87,12,0,1,1,1,1,0,0,41.9,1,4,0.654,0
19.52,16,0,2,1,0,0,0,0,83.3,1,2,0.612,0
6.28,10,0,2,2,0,0,0,0,88.1,2,3,0.968,0
8.13,19,0,2,1,0,0,0,0,92.1,2,1,0.152,0
30.53,11,0,3,3,0,0,0,0,17.0,1,2,2.996,0
19.91,9,0,3,3,0,0,0,0,7.0,2,1,0.924,0
61.65,13,0,3,2,0,0,0,0,6.1,3,3,3.335,0
36.10,18,0,4,1,0,0,0,0,22.2,1,3,0.056,0
9.91,16,0,2,2,0,2,0,0,71.5,3,1,0.750,0
9.09,19,0,1,1,0,1,0,0,88.9,2,3,0.832,0
5.07,10,0,3,1,0,0,0,0,77.3,2,1,0.539,0
34.12,21,0,1,1,0,0,0,0,8.0,2,2,0.054,0
34.19,17,0,4,4,0,0,0,0,68.2,1,1,0.349,0
41.97,14,0,1,1,0,0,0,0,22.3,1,1,1.718,0
40.89,17,0,1,1,0,0,0,0,1.8,1,1,0.829,0
72.33,17,0,3,1,0,1,0,0,2.1,1,1,5.027,0
11.16,11,0,2,2,0,0,0,0,20.6,1,1,0.735,0
16.64,10,0,0,2,0,0,0,0,13.6,2,3,0.226,0
31.57,12,0,3,1,0,1,0,0,74.8,1,3,0.353,0
14.86,14,0,1,1,0,0,0,0,31.1,3,3,0.249,0
2.70,14,0,1,1,0,0,0,0,48.8,3,1,0.797,0
25.40,17,0,2,1,0,0,0,1,64.1,1,1,0.837,0
34.48,13,0,2,1,0,0,0,0,19.3,2,1,5.543,0
57.42,20,0,2,1,0,0,0,0,21.9,2,1,0.115,0
32.33,10,0,1,1,0,0,0,0,2.0,1,1,2.121,0
73.13,9,0,1,1,0,1,1,0,35.9,1,4,3.279,0
3.20,11,0,5,1,0,0,0,0,13.8,1,2,0.501,0
22.99,11,0,1,2,0,1,0,0,12.1,2,4,0.766,0
806.69,19,0,3,6,0,1,0,0,518.2,1,3,43.446,0
95.92,2,1,8,1,0,3,0,1,158.7,2,4,8.268,0
50.80,17,0,3,3,0,0,0,0,11.0,1,2,1.632,0
7.50,17,0,5,5,0,0,0,0,102.9,3,2,0.769,0
8.50,13,0,0,0,0,0,0,0,12.4,1,1,0.680,0
43.36,19,0,3,3,0,0,0,0,19.4,1,3,0.130,0
13.80,21,0,4,3,0,2,0,0,59.0,3,2,0.700,0
33.49,10,0,8,3,0,2,0,1,82.9,1,1,1.633,0
10.97,11,0,2,1,0,1,0,0,36.5,1,1,0.888,0
31.06,14,0,0,0,0,2,0,0,48.1,1,1,0.015,0
19.97,20,0,2,2,0,1,0,0,37.7,1,2,0.621,0
49.06,12,0,1,1,0,1,0,0,92.1,1,2,3.270,0
147.05,22,0,4,3,0,0,1,1,615.4,3,7,1.090,0
34.97,11,0,1,1,0,1,0,0,67.8,1,2,1.317,0
18.51,19,0,1,1,0,3,0,1,2.2,1,5,3.783,0
29.66,13,0,3,1,0,0,0,0,104.4,2,2,0.544,0
44.16,23,1,5,1,0,4,1,1,744.4,5,4,0.060,0
20.95,13,0,1,1,0,0,0,0,39.7,2,1,0.079,0
23.96,9,0,3,3,0,1,0,0,60.7,1,2,0.598,0
15.42,9,0,0,1,0,0,0,0,35.2,2,2,0.663,0
11.28,16,0,1,1,0,0,0,0,50.7,2,1,0.393,0
7.70,16,0,2,2,0,0,0,0,16.9,1,2,0.768,0
50.61,12,0,3,2,0,2,0,0,29.6,1,1,1.610,0
14.01,19,0,2,2,0,0,0,0,15.4,1,4,0.838,0
24.17,18,0,1,3,0,0,0,0,45.1,1,5,0.147,0
22.86,10,0,4,2,0,0,0,0,95.9,1,1,0.215,0
25.48,18,0,2,2,0,0,0,0,104.1,1,1,0.419,0
37.55,16,0,3,1,0,1,0,0,68.8,1,1,0.819,0
10.13,8,0,0,0,0,0,0,0,54.9,1,5,1.055,0
147.95,2,1,7,6,0,2,0,0,266.7,5,2,15.476,0
66.85,19,0,2,2,0,0,0,1,3.5,2,1,8.046,0
7.96,19,0,3,2,1,0,0,0,17.9,1,2,0.911,0
8.53,13,0,2,1,0,1,0,0,53.9,1,1,0.949,0
17.59,10,0,1,1,0,0,0,0,11.4,3,1,0.385,0
11.63,9,0,1,1,0,1,0,0,5.5,3,4,4.409,0
22.46,17,0,0,0,0,0,0,0,65.2,1,1,0.022,0
49.28,18,0,1,1,0,0,0,0,24.2,1,1,4.091,0
12.28,9,0,4,1,0,0,0,0,81.3,2,1,0.770,0
11.58,19,0,1,2,0,0,0,0,15.2,1,1,0.810,0
235.01,21,0,2,2,0,1,0,0,4.1,4,3,21.403,0
56.83,14,0,0,2,0,0,0,0,49.2,1,3,3.976,0
9.14,12,0,1,1,0,0,0,0,86.8,1,3,0.192,0
34.49,15,0,3,1,0,0,0,0,51.4,1,2,1.109,0
38.82,18,0,1,2,0,0,0,0,59.5,1,2,2.542,0
9.12,14,0,2,2,0,1,0,0,56.6,2,1,0.508,0
12.20,9,0,0,1,0,0,0,0,15.9,1,4,0.078,0
86.29,12,0,4,4,0,3,0,0,218.6,1,2,0.114,0
36.80,17,0,1,1,1,0,0,1,87.5,1,2,0.843,0
37.00,21,0,4,2,0,0,0,0,37.3,2,1,0.528,0
19.82,20,0,2,2,0,0,0,0,5.7,2,2,0.318,0
60.27,11,0,3,1,0,0,0,0,171.4,1,4,2.718,0
124.78,10,0,3,3,1,0,0,0,59.2,1,3,0.115,0
20.89,20,0,3,3,0,0,0,0,24.1,1,1,0.485,0
13.38,21,0,0,0,0,0,0,0,32.0,1,1,0.478,0
177.27,12,0,2,2,0,0,0,0,9.0,1,2,2.599,0
28.23,18,0,1,1,0,0,0,0,81.0,2,2,0.350,0
60.19,19,0,1,2,0,0,0,0,78.0,3,1,0.158,0
39.65,16,0,5,5,0,0,0,0,27.4,2,1,0.615,0
12.91,18,0,0,2,0,1,0,0,27.2,2,2,0.637,0
190.88,14,0,8,2,1,2,1,0,257.5,2,1,7.185,0
44.25,20,0,3,3,1,0,0,0,9.0,2,2,1.693,0
262.68,16,0,10,5,3,5,1,1,741.9,7,3,1.399,1
16.36,14,0,2,2,0,0,0,0,209.7,1,1,0.332,0
25.86,14,0,4,4,0,0,0,0,10.9,1,1,0.850,0
21.57,13,0,3,1,0,0,0,0,51.3,1,3,0.694,0
6.43,9,0,1,1,0,1,0,1,38.2,1,1,0.567,0
14.76,16,0,0,1,0,0,0,0,11.0,1,2,0.158,0
56.33,13,0,2,1,0,0,0,0,53.5,2,1,0.481,0
8.91,9,0,3,1,0,2,0,0,8.4,1,1,0.427,0
11.34,9,0,1,1,0,0,0,0,141.1,1,2,2.533,0
20.41,10,0,1,1,0,0,0,0,32.5,1,1,0.029,0
62.66,17,0,2,2,0,0,0,0,63.8,3,1,0.964,0
102.82,11,0,1,1,0,0,0,0,38.7,1,1,3.441,0
32.24,15,0,1,1,0,0,0,0,31.1,1,1,0.411,0
46.96,10,0,2,1,0,0,0,0,60.4,1,2,1.274,0
39.17,15,0,3,3,0,0,0,0,36.3,3,3,0.185,0
30.31,11,0,1,1,0,0,0,0,24.3,1,1,0.067,0
244.81,2,1,7,7,4,4,1,0,212.2,3,4,7.746,1
12.04,17,0,4,1,0,1,0,0,9.2,1,1,0.751,0
72.01,0,1,2,5,1,3,1,1,94.7,2,2,1.408,0
134.90,14,0,3,1,0,0,0,0,9.6,1,2,3.424,0
72.20,18,0,2,2,0,0,0,0,84.6,1,1,2.132,0
11.65,11,0,3,3,0,1,0,0,3.9,1,1,0.786,0
39.10,10,0,1,1,1,2,0,0,52.4,1,1,0.527,0
20.13,15,0,3,3,0,0,0,1,64.4,2,1,0.256,0
25.00,20,0,1,1,0,0,0,0,88.7,1,1,0.698,0
38.75,9,0,2,2,0,1,0,0,55.5,1,5,1.731,0
91.61,8,0,1,2,0,1,0,0,36.7,2,1,2.188,0
22.47,21,0,3,2,0,0,0,0,92.6,1,3,0.674,0
6.03,8,0,2,1,0,1,0,0,23.9,1,2,0.632,0
45.59,12,0,3,3,0,0,0,0,34.1,1,2,3.945,0
17.89,8,0,2,2,0,0,0,1,35.5,1,1,0.095,0
12.84,15,0,1,2,0,0,0,0,89.8,1,2,0.773,0
23.27,9,0,1,1,1,0,0,0,50.8,1,2,0.527,0
1.82,21,0,0,0,0,0,0,0,6.9,1,1,0.803,0
12.04,8,0,0,1,0,0,0,0,48.0,2,1,0.934,0
38.47,10,0,1,1,0,1,0,0,95.2,2,1,0.669,0
51.98,20,0,2,2,0,1,0,0,15.8,2,2,0.113,0
34.28,14,0,4,1,0,0,0,0,197.5,2,1,3.975,0
7.66,17,0,3,1,0,0,0,0,173.9,1,1,0.381,0
14.57,11,0,2,2,0,0,0,0,145.3,3,3,0.621,0
20.28,10,0,1,2,0,0,0,0,2.5,1,1,0.334,0
11.92,14,0,0,0,0,0,0,0,41.2,2,1,0.721,0
12.19,9,0,2,4,2,4,0,0,61.8,1,3,0.749,0
10.67,11,0,3,3,0,0,0,0,33.1,1,2,0.082,0
13.15,8,0,2,2,0,0,0,0,170.1,2,3,0.777,0
114.15,15,0,1,1,0,0,0,0,24.1,2,2,1.376,0
71.16,8,0,2,2,0,0,0,0,7.5,1,2,0.160,0
29.01,18,0,1,1,0,1,0,0,46.8,1,1,0.101,0
13.17,14,0,3,2,0,1,0,0,7.6,1,1,9.131,0
10.11,14,0,0,1,0,0,0,0,71.0,1,3,0.343,0
18.50,14,0,4,4,0,1,0,0,21.2,1,3,0.012,0
16.62,19,0,1,1,0,1,1,0,79.8,1,1,0.232,0
34.71,15,0,2,1,0,0,0,1,55.9,1,3,0.736,0
26.57,12,0,3,1,0,0,0,0,126.8,1,2,3.787,0
48.96,20,0,7,7,3,3,1,1,88.0,3,3,1.815,1
30.26,15,0,2,2,0,0,0,0,111.0,3,1,0.501,0
169.05,16,0,3,3,0,0,0,0,54.1,1,2,16.795,0
35.23,17,0,1,4,0,0,0,0,141.5,1,3,8.320,0
19.99,21,0,0,2,0,1,0,0,9.8,1,1,0.127,0
20.62,10,0,1,1,0,0,0,0,59.8,3,3,0.004,0
18.77,17,0,2,1,0,0,0,0,1.9,1,1,0.458,0
112.05,0,1,3,8,0,4,0,0,10.0,2,1,2.934,0
9.34,19,0,6,6,0,0,0,0,43.0,1,1,0.744,0
6.05,18,0,2,2,0,1,0,0,3.1,1,1,0.658,0
14.03,12,0,2,1,0,0,0,0,7.6,1,1,0.778,0
39.26,20,0,1,1,0,0,0,0,19.6,3,1,2.998,0
55.85,11,0,2,1,0,1,0,0,97.5,2,1,0.211,0
15.07,18,0,1,1,0,0,1,0,24.8,2,3,0.751,0
22.52,10,0,3,1,0,0,0,0,75.6,1,2,0.771,0
8.27,17,0,0,0,0,0,0,0,9.0,1,1,0.468,0
6.95,18,0,3,3,0,1,0,0,2.3,1,1,0.847,0
48.40,17,0,0,4,0,0,0,0,14.6,4,1,0.293,0
70.52,2,1,8,9,0,4,1,0,146.5,1,2,9.750,1
14.18,20,0,5,5,0,0,0,0,45.6,1,1,0.739,0
24.77,12,0,1,1,0,0,0,0,80.7,1,1,0.275,0
91.13,8,0,0,1,0,0,0,0,3.8,1,1,1.914,0
43.58,20,0,3,1,0,0,0,0,51.1,1,1,0.691,0
16.17,16,0,1,1,0,0,0,0,90.6,1,1,0.587,0
38.92,11,0,2,2,0,1,0,0,135.5,1,2,1.851,0
10.81,16,0,4,1,0,0,0,0,22.6,1,3,0.671,0
33.95,15,0,1,1,0,0,0,0,19.4,2,1,3.497,0
4.53,18,0,2,2,0,0,0,0,14.4,2,2,0.611,0
114.38,19,0,1,3,0,0,0,0,68.8,1,3,3.184,0
38.20,19,0,3,3,0,0,0,0,27.5,1,2,0.016,0
106.29,8,0,1,1,0,0,0,0,16.7,3,2,35.031,0
34.78,10,0,3,1,0,1,0,0,22.0,2,1,0.295,0
44.25,12,0,0,4,0,0,0,1,29.1,1,2,2.526,0
17.34,12,0,2,2,0,0,0,0,25.6,1,1,0.111,0
11.45,18,0,3,3,0,0,0,0,82.0,2,1,0.737,0
8.24,12,0,0,0,0,0,0,0,7.4,1,1,0.513,0
40.74,19,0,0,3,0,2,0,0,193.1,1,1,1.671,0
76.85,17,0,0,1,0,1,0,0,35.6,1,1,2.998,0
14.22,9,0,2,1,0,0,0,0,49.5,1,1,0.173,0
32.80,12,0,2,1,0,0,0,0,10.7,1,3,8.011,0
23.52,20,0,0,3,0,0,0,0,230.8,1,4,0.853,0
1021.55,5,1,4,7,1,1,0,1,63.6,3,4,78.129,0
5.34,18,0,0,1,0,0,0,0,106.9,1,1,0.146,0
142.68,3,1,8,8,1,3,0,0,521.9,3,3,6.084,1
31.08,9,0,2,2,0,0,0,0,82.1,1,2,0.037,0
11.56,20,0,2,1,0,1,0,1,35.8,2,1,0.278,0
38.21,15,0,1,1,0,0,0,0,18.4,2,1,10.271,0
13.33,21,0,1,1,0,0,0,0,3.5,1,4,0.329,0
7.86,17,0,3,3,0,1,0,0,16.7,1,1,0.656,0
38.86,11,0,5,5,0,0,0,0,43.9,2,3,1.426,0
38.36,22,0,5,3,1,1,0,0,10.0,2,2,0.220,0
65.27,9,0,1,1,0,0,0,0,37.7,1,1,0.020,0
10.68,21,0,3,3,0,1,0,0,48.8,1,1,0.788,0
24.70,18,0,0,1,1,0,0,0,45.4,1,1,2.971,0
52.75,14,0,0,2,0,0,0,0,33.1,1,2,1.141,0
26.75,16,0,0,0,0,1,0,0,149.9,1,4,3.109,0
24.30,18,0,3,3,0,1,0,0,33.5,1,3,0.028,0
29.32,17,0,2,2,0,1,1,0,11.5,1,1,0.977,0
68.86,20,0,4,4,0,1,0,0,13.3,1,3,4.229,0
6.75,8,0,0,2,0,1,0,0,44.1,1,2,0.927,0
19.45,19,0,0,1,0,0,0,0,6.3,1,1,0.316,0
8.24,9,0,1,1,0,1,0,0,43.1,1,1,0.369,0
65.24,11,0,1,1,0,0,0,0,4.2,1,1,0.586,0
31.23,9,0,1,1,0,0,0,1,203.5,1,1,0.596,0
132.60,8,0,5,1,0,0,0,0,25.7,2,1,9.466,0
12.23,12,0,4,1,0,0,0,0,187.0,1,1,0.273,0
149.45,4,1,2,4,1,1,0,0,278.8,4,4,2.090,0
52.33,9,0,2,2,0,1,1,0,8.5,1,1,1.678,1
129.66,18,0,0,1,0,0,0,1,11.2,4,2,7.398,0
11.79,9,0,2,2,0,0,0,0,167.5,2,2,0.056,0
18.91,20,0,1,1,0,0,0,0,10.0,1,2,0.789,0
17.19,17,0,4,3,0,0,0,0,12.1,1,1,0.230,0
14.44,20,0,4,4,1,0,0,0,27.3,1,1,0.610,0
25.94,10,0,2,2,0,0,0,0,24.9,1,2,0.577,0
2.11,11,0,1,1,0,0,0,0,21.0,2,1,0.964,0
137.54,9,0,1,1,0,0,0,1,7.8,1,1,4.553,0
20.99,14,0,1,1,0,0,0,0,4.2,1,1,0.487,0
27.51,10,0,2,2,0,1,0,0,49.9,1,2,1.343,0
17.57,20,0,2,2,0,0,0,1,5.1,1,1,0.259,0
31.16,20,0,0,0,0,1,0,0,0.1,1,1,0.124,0
94.41,19,0,3,3,0,0,0,0,83.0,1,3,2.649,0
19.02,17,0,1,2,0,0,0,0,72.3,2,4,0.242,0
31.06,11,0,2,1,0,0,0,0,69.9,1,4,0.558,0
36.59,18,0,2,1,1,0,0,0,7.2,1,1,2.449,0
19.09,19,0,3,3,1,0,0,0,57.3,2,4,0.874,0
80.84,12,0,4,3,0,0,0,0,65.1,1,1,2.650,0
11.74,14,0,2,1,0,0,0,1,11.3,1,1,1.063,0
4.91,21,0,1,4,0,0,0,0,41.0,3,1,0.643,0
21.56,20,0,2,1,0,0,0,0,207.0,1,1,0.503,0
49.51,21,0,4,4,0,1,0,0,36.0,1,1,1.959,0
171.00,17,0,5,5,0,0,0,0,61.4,2,2,38.401,0
19.11,17,0,1,1,0,0,0,0,93.3,1,1,0.183,0
36.50,19,0,0,2,0,0,0,0,61.6,2,2,2.516,0
22.93,12,0,5,1,0,1,0,0,77.7,2,2,0.521,0
36.58,11,0,13,7,0,3,0,1,301.5,3,2,2.077,0
86.97,20,0,2,1,0,0,0,0,158.0,1,1,1.353,0
38.77,13,0,1,2,0,0,0,0,62.2,1,1,0.306,0
22.04,18,0,6,1,0,0,0,0,19.4,1,2,0.578,0
179.21,19,0,0,0,0,0,0,0,161.3,1,1,3.174,0
19.83,13,0,2,1,0,0,0,0,72.6,1,2,0.283,0
25.53,19,0,1,1,1,0,0,1,150.3,2,1,0.165,0
39.26,14,0,3,2,0,1,0,0,117.2,1,1,0.815,0
28.64,18,0,3,3,0,0,0,0,5.3,4,1,0.391,0
34.63,12,0,1,1,0,0,0,0,56.1,2,1,4.879,0
6.32,19,0,3,1,0,1,0,0,174.7,3,1,0.891,0
16.94,14,0,0,3,1,0,0,0,125.3,1,1,0.654,0
71.31,9,0,1,2,0,0,0,0,32.7,1,1,3.449,0
45.16,14,0,2,3,0,2,0,0,43.7,3,3,1.133,0
20.47,18,0,1,3,0,1,0,0,36.8,1,1,0.387,0
12.25,13,0,3,3,0,0,0,0,145.8,3,2,0.373,0
14.99,9,0,1,1,0,0,0,0,132.6,2,1,0.293,0
29.49,11,0,2,2,0,2,0,0,104.2,1,1,0.087,0
43.13,14,0,3,3,0,0,0,0,10.6,1,1,6.828,0
29.02,21,0,2,3,0,0,0,0,49.9,1,1,0.652,0
48.83,17,0,1,3,0,1,0,0,162.1,1,1,14.601,0
15.03,16,0,2,2,0,0,0,0,13.1,2,1,0.753,0
37.88,14,0,2,1,0,1,0,0,7.3,1,1,0.401,0
17.20,19,0,2,2,0,0,0,0,57.1,2,1,0.534,0
27.71,20,0,0,1,0,0,0,0,4.5,2,2,0.515,0
63.19,19,0,2,3,1,0,0,0,61.7,1,1,12.888,0
40.81,18,0,1,1,0,2,0,0,77.8,2,2,0.328,0
60.50,18,0,1,1,0,0,0,0,14.9,1,1,0.121,0
19.02,10,0,2,3,0,0,1,0,35.3,1,1,0.837,0
10.33,17,0,1,2,0,1,0,0,107.9,2,1,1.747,0
28.32,16,0,2,2,0,1,0,0,104.3,1,1,0.948,0
15.02,14,0,1,1,0,0,0,0,43.9,1,1,0.481,0
46.58,21,0,0,1,0,0,0,0,7.6,2,2,0.252,0
19.43,8,0,0,1,0,1,0,0,274.8,2,1,0.377,0
281.31,18,0,2,2,0,0,0,0,7.8,4,2,4.720,0
12.40,8,0,1,3,0,0,0,0,3.8,1,4,0.824,0
4.65,19,0,4,1,0,0,0,0,18.2,1,5,0.681,0
6.31,9,0,1,1,0,0,0,0,0.4,2,1,0.708,0
20.27,10,0,2,2,0,0,0,0,25.3,1,5,2.495,0
42.58,20,0,1,1,1,0,0,0,165.6,1,1,0.538,0
43.65,15,0,3,2,0,0,0,0,17.8,1,1,3.083,0
221.98,12,0,7,7,1,4,0,0,189.3,3,3,6.014,0
131.73,20,0,3,1,0,0,0,0,19.9,1,1,2.993,0
49.56,18,0,3,3,0,0,0,0,42.9,1,1,4.550,0
56.63,15,0,3,3,0,0,0,0,73.5,2,1,1.250,0
11.33,13,0,4,4,0,1,0,0,5.2,1,1,0.747,0
35.88,9,0,3,3,0,1,0,0,59.0,1,1,2.150,0
38.19,12,0,4,4,0,2,0,0,70.6,3,2,1.399,0
63.73,16,0,4,3,0,2,0,0,41.5,2,2,7.364,0
17.64,12,0,4,4,0,0,0,0,17.7,2,1,0.049,0
13.48,9,0,2,2,0,0,0,0,6.6,1,2,0.547,0
37.82,13,0,2,2,0,0,0,0,19.8,1,2,1.258,0
65.22,8,0,3,1,1,0,0,0,156.4,1,2,4.945,0
85.09,0,1,5,4,1,2,1,0,30.6,5,3,13.398,0
11.60,14,0,1,2,0,0,0,0,20.3,1,2,0.190,0
8.41,12,0,1,1,0,0,0,0,4.8,1,1,0.669,0
43.80,12,0,0,1,0,0,0,0,17.0,1,2,0.467,0
26.35,19,0,2,2,0,0,0,0,18.8,3,1,1.534,0
14.51,8,0,1,3,0,1,0,0,4.9,1,1,1.202,0
50.45,15,0,2,2,0,0,0,1,71.5,3,2,2.848,0
4.53,10,0,2,2,0,0,0,0,37.8,1,2,0.727,0
14.07,9,0,1,1,0,1,0,0,23.6,1,1,0.295,0
35.02,13,0,0,2,0,0,0,0,25.9,1,1,9.330,0
23.87,9,0,3,3,0,1,0,0,42.3,4,1,0.542,0
49.65,17,0,3,3,0,1,0,0,60.2,4,3,0.310,0
33.00,17,0,1,1,0,0,0,0,0.1,1,2,1.560,0
21.39,9,0,2,2,0,0,0,0,115.1,2,1,0.459,0
144.58,19,0,5,6,1,1,0,0,158.8,4,2,7.657,0
62.18,12,0,1,1,0,0,0,0,1.8,1,1,1.946,0
81.76,7,0,8,6,2,7,1,1,225.7,1,3,22.293,1
76.96,17,0,4,4,0,2,0,0,54.1,4,4,0.366,0
100.88,19,0,3,1,0,0,0,0,6.4,1,1,7.222,0
52.32,20,0,3,1,0,0,0,0,23.0,1,2,2.919,0
11.37,11,0,3,1,0,1,1,0,123.7,3,2,0.579,0
66.12,23,1,3,3,1,4,0,0,133.3,4,4,8.527,0
6.46,9,0,2,2,0,0,0,0,6.2,1,1,0.759,0
6.82,8,0,1,2,0,1,0,0,76.5,1,1,0.845,0
4.25,18,0,0,0,0,0,0,1,2.1,4,1,0.849,0
63.11,11,0,1,2,0,0,0,0,16.6,1,3,4.926,0
27.20,12,0,4,2,0,1,1,0,104.5,4,3,0.177,0
85.58,10,0,2,2,1,1,1,0,30.5,1,4,2.139,0
62.19,19,0,1,2,0,0,0,0,23.0,1,4,0.054,0
79.08,9,0,4,4,0,0,0,0,33.9,2,4,0.185,0
12.54,16,0,5,2,0,2,0,0,19.6,2,1,0.448,0
10.56,19,0,1,1,1,0,0,0,8.5,2,2,0.872,0
5.32,13,0,1,1,0,0,0,0,38.3,1,1,0.868,0
17.96,17,0,2,2,0,1,0,0,66.4,2,2,0.450,0
3.82,13,0,0,1,0,0,0,0,54.5,1,2,0.931,0
27.31,9,0,3,1,0,0,0,0,3.8,1,1,2.431,0
24.13,8,0,2,1,0,1,0,0,10.9,1,3,0.647,0
1.80,18,0,3,3,0,1,0,0,21.8,1,2,0.992,0
77.66,19,0,0,1,0,0,0,0,25.4,1,2,9.438,0
35.63,9,0,4,4,0,0,0,0,10.2,1,2,3.545,0
6.33,18,0,0,1,0,0,0,0,50.6,1,1,0.789,0
108.62,12,0,2,2,0,0,0,0,69.5,1,2,1.184,0
2.90,8,0,1,1,0,0,0,0,215.3,1,1,0.811,0
29.89,16,0,3,1,0,1,0,0,1.6,1,1,1.249,0
47.87,18,0,2,2,0,0,0,0,139.8,1,3,0.490,0
11.79,14,0,3,1,0,0,0,0,40.0,1,2,0.878,0
79.50,17,0,2,1,0,0,0,0,79.1,1,1,0.404,0
9.47,15,0,4,4,0,0,0,0,62.8,1,1,0.796,0
12.55,9,0,0,2,0,0,1,0,14.2,1,2,0.159,0
47.80,1,1,11,7,0,6,0,1,106.4,3,5,3.596,1
18.99,18,0,3,4,0,2,0,1,16.3,1,1,4.473,0
21.50,21,0,1,4,0,1,0,0,63.1,5,3,3.644,0
72.47,18,0,2,2,0,0,0,0,72.6,1,1,1.678,0
124.86,0,1,4,6,1,6,1,1,684.7,1,8,13.045,1
29.03,21,0,3,3,0,0,0,0,100.1,2,1,0.732,0
9.46,9,0,1,1,0,0,0,0,68.9,1,1,0.670,0
87.54,12,0,2,2,0,0,0,0,2.6,2,1,3.473,0
30.82,14,0,0,0,0,0,1,0,16.1,2,1,0.982,0
57.46,8,0,3,3,0,0,0,0,3.1,2,1,2.519,0
94.59,13,0,1,1,0,1,0,0,12.2,1,1,4.490,0
23.92,18,0,4,1,0,0,0,0,2.3,1,2,0.516,0
40.91,9,0,1,1,0,0,0,0,25.7,1,3,0.224,0
18.37,12,0,3,3,0,0,0,0,16.6,1,1,0.484,0
6.13,12,0,2,3,0,1,0,0,53.9,1,1,0.692,0
13.33,18,0,5,5,0,0,0,0,60.7,1,1,0.412,0
111.78,9,0,0,3,0,1,0,0,17.1,1,2,0.632,0
75.77,11,0,0,1,0,0,0,0,5.7,1,2,0.854,0
16.42,17,0,0,1,0,0,0,0,192.8,1,2,0.153,0
9.18,18,0,6,1,0,1,0,0,73.5,1,1,0.895,0
105.07,15,0,1,1,0,0,0,0,59.0,1,2,1.014,0
15.99,10,0,2,2,0,0,0,0,97.2,1,1,0.717,0
14.73,10,0,7,7,0,0,0,0,315.5,2,3,0.697,1
43.72,13,0,0,0,1,0,0,1,2.8,1,1,1.700,0
37.44,20,0,3,1,0,0,0,1,44.8,1,1,2.244,0
5.08,12,0,1,1,0,0,0,0,42.1,1,1,0.756,0
11.53,19,0,3,2,0,0,1,0,53.5,1,2,0.277,0
24.14,15,0,4,4,0,1,0,0,2.5,1,1,2.566,0
20.16,13,0,4,2,0,0,1,0,72.9,1,1,0.334,0
49.32,14,0,0,1,0,0,0,0,68.5,2,1,4.837,0
98.77,10,0,4,1,0,0,0,0,2.6,1,1,6.789,0
20.49,15,0,3,3,0,1,0,0,34.9,2,3,0.455,0
14.43,18,0,3,1,1,0,0,0,305.8,1,1,0.721,0
36.68,9,0,2,1,0,2,0,0,26.6,1,3,3.757,0
16.00,16,0,3,3,0,1,1,0,11.8,1,2,0.045,0
125.30,20,0,1,3,0,0,0,0,160.5,1,1,0.415,0
29.52,15,0,1,1,0,1,0,0,30.1,3,1,0.319,0
7.87,14,0,0,1,0,1,0,0,102.7,1,1,0.616,0
23.67,11,0,2,2,0,0,0,0,216.2,1,3,0.524,0
5.64,16,0,1,1,0,1,0,0,157.5,2,4,0.614,0
11.42,9,0,1,1,0,1,0,0,6.7,1,1,0.075,0
14.51,19,0,1,1,0,0,0,0,2.5,1,1,0.612,0
10.57,19,0,1,1,0,0,0,0,26.2,2,3,0.440,0
51.54,17,0,3,1,0,2,0,0,46.7,1,3,3.876,0
28.62,14,0,1,2,1,0,0,0,55.0,1,2,0.806,0
38.33,11,0,8,1,0,0,0,0,109.0,1,1,1.552,0
99.16,21,0,1,1,0,0,0,0,59.6,1,1,0.014,0
5.65,14,0,1,1,0,1,0,0,13.5,3,1,0.660,0
46.37,19,0,4,1,0,0,0,0,129.7,2,2,3.805,0
14.40,13,0,0,2,1,0,0,0,33.9,1,1,0.876,0
14.33,16,0,1,1,0,0,0,0,65.3,1,1,0.582,0
63.58,18,0,2,1,0,1,0,1,59.4,2,1,0.531,0
31.60,15,0,1,1,0,0,0,0,98.6,1,1,0.156,0
18.55,9,0,0,1,0,0,0,0,41.9,1,1,0.508,0
7.46,12,0,2,2,0,0,0,0,1.8,1,1,0.120,0
21.63,12,0,2,1,0,0,0,0,13.5,1,1,1.996,0
21.09,18,0,2,3,1,0,0,0,152.7,2,2,0.117,0
53.32,18,0,5,5,0,1,0,0,398.1,1,5,0.870,0
15.51,18,0,1,1,0,0,0,0,69.3,1,3,0.858,0
18.15,16,0,1,2,1,1,0,0,101.8,2,2,0.145,0
22.35,19,0,2,2,0,0,0,0,3.9,1,2,0.758,0
77.90,12,0,1,1,0,0,0,0,88.2,2,4,1.763,0
70.70,19,0,2,2,0,0,0,0,54.2,1,4,0.056,0
8.68,13,0,2,1,0,0,0,0,3.2,2,1,0.719,0
9.35,11,0,3,1,0,0,0,0,150.9,2,2,0.820,0
8.51,12,0,4,4,0,0,0,0,77.8,1,1,0.583,0
10.16,14,0,3,1,0,2,0,0,67.2,3,4,0.805,0
29.22,13,0,2,1,1,0,0,0,2.7,1,2,1.433,0
25.71,9,0,2,1,0,0,0,0,8.6,1,1,4.979,0
26.86,17,0,1,1,0,1,0,0,6.0,1,1,0.124,0
2.78,20,0,6,2,0,0,0,0,3.3,1,2,0.933,0
11.87,19,0,5,4,0,0,0,0,6.7,3,1,2.522,0
81.03,11,0,5,5,0,0,0,0,32.9,2,1,1.200,0
107.64,8,0,1,1,0,0,0,0,193.7,1,1,8.594,0
658.78,12,0,9,5,1,1,0,1,479.0,3,1,4.671,0
58.06,15,0,0,0,0,0,0,0,46.9,1,1,0.136,0
11.38,15,0,2,1,0,0,1,0,48.4,1,4,0.706,0
5.01,11,0,1,1,0,2,0,0,8.8,1,1,0.589,0
33.05,18,0,1,1,0,0,0,0,22.8,2,1,0.159,0
6.44,16,0,2,2,0,0,0,1,11.2,4,3,0.815,0
51.71,17,0,2,2,0,0,0,0,120.7,1,2,3.427,0
22.73,9,0,0,0,0,0,0,0,58.3,1,1,0.580,0
7.07,20,0,0,0,0,1,0,0,143.0,1,1,0.946,0
27.20,19,0,2,2,0,0,0,0,10.6,1,1,0.312,0
13.21,10,0,0,0,0,0,0,0,83.8,1,4,0.139,0
40.38,19,0,2,2,0,0,0,0,34.9,3,1,0.413,0
64.59,13,0,5,3,0,0,0,0,553.3,1,5,2.345,0
4.34,21,0,0,0,0,0,0,0,253.7,2,1,0.885,0
14.53,13,0,0,3,0,1,0,1,24.7,3,2,0.208,0
27.59,12,0,1,1,0,0,0,0,13.9,2,3,0.374,0
22.31,9,0,1,1,1,1,0,0,109.1,1,1,0.827,0
52.56,11,0,0,0,0,0,0,0,75.6,3,3,7.863,0
13.16,20,0,0,0,0,1,0,0,9.5,1,1,0.177,0
97.64,18,0,0,1,0,0,0,0,11.5,2,3,0.892,0
23.96,15,0,2,2,0,1,1,0,93.1,1,2,1.117,0
59.64,10,0,1,1,0,1,0,0,58.6,1,1,2.428,0
4.39,12,0,1,1,0,0,0,0,9.9,1,1,0.735,0
44.70,20,0,3,3,0,0,0,0,93.5,4,1,4.702,0
35.06,18,0,0,0,0,0,0,0,95.0,1,2,0.411,0
60.98,13,0,1,1,0,0,0,0,28.3,1,1,0.166,0
73.78,11,0,1,2,0,0,0,0,24.2,2,1,10.824,0
20.07,7,0,4,2,1,4,1,0,21.0,1,5,0.880,0
42.70,12,0,5,1,0,0,0,0,26.0,1,2,1.164,0
696.39,18,0,1,4,1,0,0,0,129.2,1,4,44.755,0
46.42,9,0,2,2,0,1,0,0,33.0,1,1,0.709,0
27.60,10,0,1,1,0,0,0,0,35.2,1,2,0.613,0
63.65,12,0,6,1,0,1,0,0,9.2,1,2,2.274,0
53.19,13,0,0,0,0,0,0,0,56.9,1,5,1.627,0
41.22,8,0,3,3,0,1,0,0,92.3,1,1,5.998,0
62.05,18,0,0,1,0,0,0,0,37.9,1,1,2.295,0
8.70,15,0,3,1,0,1,0,0,138.5,1,3,0.127,0
16.89,9,0,1,2,1,0,0,0,70.1,2,2,0.308,0
26.76,19,0,2,2,0,0,0,0,14.0,1,1,0.768,0
173.97,8,0,3,1,0,0,0,0,7.7,2,1,4.972,0
13.61,20,0,2,2,0,1,0,0,216.8,1,2,0.576,0
65.42,17,0,2,1,0,1,0,0,2.3,1,2,1.382,0
28.74,11,0,2,1,0,0,0,0,1.8,1,2,0.502,0
37.24,20,0,2,2,1,0,0,0,0.7,1,1,0.788,0
118.21,12,0,1,1,0,1,0,0,48.4,1,3,0.203,0
34.90,10,0,1,1,0,1,0,0,95.1,1,1,0.089,0
65.48,12,0,2,2,0,0,0,0,22.5,1,4,0.749,0
17.11,13,0,4,1,0,0,0,0,38.7,1,1,0.352,0
18.39,18,0,4,2,0,1,0,0,13.3,1,1,0.378,0
21.43,21,0,0,1,0,0,0,0,2.3,3,1,0.891,0
15.42,17,0,2,1,0,0,0,0,39.1,2,1,0.525,0
9.07,15,0,4,1,0,1,0,0,25.8,1,1,0.269,0
26.91,11,0,1,1,0,0,0,0,0.2,1,2,0.940,0
41.84,16,0,2,1,0,0,0,0,21.1,2,1,2.549,0
151.60,14,0,2,2,0,1,0,0,3.4,1,2,6.192,0
67.93,18,0,1,1,0,0,0,0,11.7,4,3,5.006,0
237.56,10,0,5,2,0,0,0,0,28.2,1,3,0.233,0
9.37,19,0,2,1,0,1,0,0,46.6,1,1,0.553,0
76.96,13,0,3,3,0,1,0,0,29.3,1,2,0.024,0
48.43,20,0,3,2,0,0,0,0,162.8,1,1,0.182,0
32.42,10,0,1,1,0,1,0,0,49.2,1,1,0.384,0
12.81,13,0,2,2,0,1,0,0,49.0,1,1,0.696,0
16.89,12,0,6,6,2,3,1,1,229.0,2,5,0.338,0
16.94,18,0,2,2,0,0,0,0,34.2,1,2,0.259,0
7.61,14,0,3,3,0,1,0,0,126.3,1,1,0.608,0
11.23,15,0,2,2,0,1,0,0,31.9,1,1,0.234,0
145.54,20,0,2,2,0,0,0,0,24.2,1,2,6.343,0
60.36,17,0,3,6,1,1,0,0,17.5,2,2,2.625,0
16.43,14,0,2,1,0,0,0,0,26.7,2,2,1.188,0
40.49,20,0,2,2,0,1,0,1,81.2,1,1,0.496,0
116.25,21,0,2,2,0,0,0,0,3.1,1,1,3.114,0
24.04,10,0,3,3,0,0,0,0,58.3,1,1,1.741,0
29.37,8,0,1,1,0,1,0,0,37.9,4,3,0.665,0
5.77,12,0,3,1,1,1,0,0,6.4,1,3,0.921,0
3.45,10,0,0,1,0,0,0,0,59.8,1,2,0.795,0
36.64,11,0,1,1,0,0,0,0,26.9,1,3,0.185,0
24.22,11,0,2,2,0,1,0,0,23.1,1,1,0.373,0
45.52,11,0,4,1,0,0,0,0,14.1,1,2,2.228,0
241.81,23,1,4,4,0,5,0,1,486.9,1,3,11.808,0
39.03,2,1,6,3,0,6,0,0,10.0,3,2,2.014,0
125.02,15,0,0,2,0,1,0,0,81.3,2,1,19.906,0
29.69,14,0,4,4,0,1,0,0,41.1,2,2,0.536,0
13.10,19,0,2,1,0,0,0,0,24.2,1,1,0.494,0
27.14,11,0,0,1,0,0,0,0,22.4,1,1,0.153,0
91.23,21,0,5,5,0,0,0,0,59.6,1,1,5.530,0
121.10,14,0,1,2,0,2,0,0,45.2,2,2,2.717,0
8.49,18,0,2,3,0,0,0,0,24.5,1,2,0.763,0
69.13,18,0,4,2,0,1,0,1,12.1,1,1,0.745,0
40.25,12,0,1,1,0,0,0,0,13.7,1,1,5.598,0
22.58,9,0,2,1,0,1,0,0,67.7,3,1,0.271,0
9.93,14,0,4,4,0,0,0,0,43.9,1,7,0.259,0
13.53,10,0,2,2,0,1,0,0,74.8,2,1,0.716,0
16.92,11,0,3,1,0,1,0,0,24.7,1,1,0.825,0
9.25,19,0,3,3,0,0,0,0,9.5,1,1,0.794,0
32.44,9,0,1,1,0,0,1,1,69.9,2,2,0.186,0
26.54,13,0,1,1,0,0,0,0,112.6,1,2,0.500,0
104.46,20,0,3,2,1,1,0,0,42.8,1,1,9.093,0
79.35,20,0,1,1,2,0,0,0,125.5,1,2,0.603,0
57.85,18,0,0,3,0,3,1,1,10.0,2,3,0.232,0
189.16,7,0,10,3,1,1,0,0,109.2,1,1,8.510,0
2.33,9,0,1,1,0,1,0,0,2.0,1,1,0.751,0
64.50,20,0,2,6,0,0,0,1,93.6,3,1,2.696,0
31.45,20,0,0,0,0,4,0,0,19.3,1,1,0.261,0
10.00,9,0,5,3,0,2,1,1,282.7,4,4,0.011,0
144.88,0,1,11,5,1,3,0,1,432.2,2,3,2.518,1
89.05,5,1,11,4,1,2,0,0,10.0,5,2,8.743,0
8.26,16,0,2,1,0,0,0,0,21.8,3,3,0.073,0
30.89,11,0,4,2,0,0,0,0,7.8,1,1,1.497,0
23.80,19,0,0,1,0,1,0,0,13.4,2,1,0.081,0
9.26,16,0,0,0,0,0,0,0,155.2,3,3,0.031,0
17.56,16,0,1,1,0,0,1,0,13.2,3,1,0.617,0
12.55,14,0,1,1,0,1,0,0,42.7,1,3,0.754,0
42.62,9,0,1,1,0,0,0,0,137.5,1,2,0.336,0
64.98,17,0,2,2,0,0,0,0,1.1,2,1,0.447,0
12.19,15,0,1,1,0,0,0,0,45.7,1,2,0.060,0
3.32,21,0,1,1,0,2,0,1,7.0,1,1,0.178,0
43.25,18,0,3,3,0,0,0,0,23.1,1,1,2.554,0
10.41,11,0,2,1,0,0,0,0,1.9,1,3,0.710,0
103.26,16,0,1,1,1,0,1,0,2.7,1,1,0.830,0
62.80,19,0,3,2,0,0,0,0,101.4,1,6,1.490,0
8.12,14,0,3,3,0,0,0,0,44.6,1,1,0.762,0
39.70,21,0,0,0,0,0,0,0,6.7,1,1,0.678,0
61.73,20,0,2,2,0,0,0,0,19.6,1,1,3.830,0
6.61,11,0,3,1,0,1,1,0,9.7,2,1,0.754,0
37.15,15,0,1,1,0,1,0,0,22.9,1,2,0.543,0
32.46,14,0,3,3,1,0,0,0,95.8,4,2,1.183,0
34.04,14,0,2,2,0,2,0,0,110.4,1,2,0.758,0
8.16,9,0,3,1,0,1,0,0,3.1,1,1,0.755,0
75.57,12,0,9,6,2,6,0,0,809.5,5,6,0.124,1
55.62,19,0,2,1,0,0,0,0,65.4,1,1,0.180,0
30.41,17,0,1,1,0,0,0,0,2.5,2,1,0.616,0
7.33,11,0,1,2,0,0,0,0,106.0,1,3,1.215,0
125.01,21,0,5,5,0,0,0,0,21.6,1,2,1.238,0
7.83,8,0,3,1,0,0,0,0,30.3,2,1,0.535,0
146.92,11,0,5,5,1,3,0,1,405.8,5,2,0.502,0
7.15,8,0,3,2,0,0,0,0,6.6,1,1,0.945,0
19.83,14,0,0,2,0,0,0,0,42.8,2,2,0.254,0
67.34,9,0,3,3,0,0,0,0,30.2,2,1,4.387,0
24.21,11,0,2,2,0,0,0,0,8.1,1,1,4.275,0
15.64,9,0,3,3,0,1,0,0,120.9,1,1,0.713,0
24.01,15,0,5,1,0,0,0,0,4.8,2,2,2.258,0
17.03,18,0,1,1,0,1,0,0,51.2,3,3,0.550,0
21.48,15,0,0,1,0,0,0,0,4.2,2,3,0.838,0
27.53,18,0,3,1,0,0,0,0,47.1,1,1,0.228,0
35.56,11,0,1,1,0,1,0,0,18.0,1,2,0.108,0
27.03,14,0,3,1,0,0,0,0,127.6,1,3,0.166,0
16.63,12,0,1,1,0,0,0,0,47.0,1,2,0.106,0
30.03,15,0,2,1,0,1,0,0,9.8,1,4,1.203,0
125.24,15,0,2,2,0,0,0,0,10.0,2,1,8.431,0
19.96,15,0,2,1,0,1,0,0,28.5,1,2,0.720,0
6.23,13,0,1,1,0,0,0,0,78.7,1,2,0.701,0
28.12,9,0,4,2,0,0,0,0,16.6,1,1,0.585,0
70.16,10,0,3,3,0,0,0,0,1.4,1,1,2.373,0
23.64,21,0,3,3,0,0,0,0,32.8,1,2,0.382,0
14.61,9,0,2,1,0,1,0,0,4.0,1,2,1.419,0
33.34,21,0,3,3,0,0,0,0,8.1,1,1,0.261,0
40.62,15,0,3,1,0,0,1,0,10.8,1,1,0.275,0
61.56,12,0,2,3,0,2,0,0,137.5,1,2,5.439,0
273.69,11,0,3,1,0,1,1,0,634.9,3,2,5.399,0
8.25,21,0,3,2,1,0,0,0,9.5,3,1,0.573,0
30.81,13,0,1,1,0,0,0,0,0.3,1,1,2.024,0
5.80,17,0,4,4,0,1,0,0,40.2,1,3,0.250,0
12.29,16,0,0,2,0,0,0,0,10.8,2,1,0.766,0
26.12,16,0,0,0,0,0,0,0,88.8,3,1,0.259,0
225.17,16,0,0,2,0,0,0,0,49.8,1,3,11.572,0
22.98,15,0,8,1,0,2,0,0,85.2,4,2,0.626,0
36.82,5,1,8,6,0,1,1,1,220.3,4,3,2.537,0
7.60,16,0,1,1,0,0,0,1,29.1,2,1,0.665,0
16.00,19,0,3,3,0,0,0,0,62.7,1,2,0.874,0
24.92,13,0,3,2,0,0,0,0,122.6,1,1,0.794,0
20.63,13,0,0,1,1,0,0,0,37.6,1,1,0.685,0
6.44,9,0,2,3,0,0,0,0,13.1,2,1,0.683,0
14.69,19,0,3,3,0,0,0,0,67.2,1,1,0.260,0
36.87,10,0,1,4,0,0,0,0,79.1,4,6,2.683,0
8.33,19,0,3,2,1,1,0,0,1.8,2,1,0.823,0
12.29,18,0,3,1,0,0,0,0,123.8,1,3,0.650,0
50.00,20,0,2,1,0,0,0,0,57.2,1,3,1.860,0
34.73,15,0,2,2,0,0,0,0,127.2,2,1,0.599,0
40.06,18,0,2,1,0,0,0,0,1.6,2,1,4.650,0
55.94,14,0,0,3,0,1,0,0,130.1,1,1,0.056,0
16.33,10,0,0,0,0,0,0,0,245.5,1,1,0.491,0
5.51,18,0,1,1,0,0,0,0,64.1,1,1,0.680,0
242.11,23,1,4,3,0,3,0,1,89.9,2,1,4.049,0
11.25,16,0,2,1,0,0,0,0,14.0,1,2,0.812,0
35.09,21,0,3,2,0,0,0,0,101.9,1,1,1.526,0
40.81,15,0,0,2,0,0,0,1,4.6,2,1,0.633,0
38.43,18,0,2,1,0,1,0,0,44.8,1,1,4.635,0
19.06,19,0,2,2,0,0,0,0,161.3,2,1,0.898,0
16.04,15,0,5,1,0,1,0,0,32.9,1,1,0.667,0
57.98,17,0,2,2,0,0,0,0,1.5,2,3,1.266,0
20.14,16,0,3,2,0,0,0,0,55.3,1,1,0.831,0
55.62,9,0,2,2,0,0,0,0,33.7,1,3,2.114,0
23.47,11,0,1,1,0,0,0,0,65.9,1,1,0.720,0
110.83,1,1,12,4,5,6,1,0,71.5,6,1,10.765,1
17.26,15,0,1,2,0,0,0,0,27.3,2,1,0.647,0
120.11,18,0,3,5,0,3,1,0,121.7,2,7,1.419,0
36.03,12,0,0,0,0,0,0,0,59.3,2,2,2.617,0
296.52,15,0,2,1,0,1,0,0,68.1,1,4,8.841,0
10.22,11,0,1,2,0,0,0,0,13.3,2,3,0.426,0
119.96,7,0,3,9,0,1,1,0,89.0,1,3,2.495,0
14.03,19,0,6,6,0,1,0,1,253.5,1,7,0.039,0
35.10,9,0,1,1,0,0,0,0,9.9,1,2,2.424,0
122.32,20,0,3,3,0,0,0,0,68.7,2,3,5.067,0
83.62,23,1,13,5,2,8,1,1,614.4,4,10,6.329,1
24.99,16,0,2,1,0,0,0,0,89.3,2,1,0.207,0
26.90,8,0,2,2,0,1,0,1,188.7,1,1,3.432,0
11.91,9,0,3,2,0,0,0,0,47.0,1,2,0.665,0
50.65,19,0,0,2,0,0,0,0,116.0,1,1,0.019,0
61.81,20,0,4,5,0,0,0,0,176.4,2,3,3.096,0
45.22,9,0,4,1,0,0,0,1,27.2,1,2,0.628,0
89.41,17,0,1,1,0,0,0,0,132.2,1,3,2.766,0
8.34,10,0,2,2,0,0,0,0,23.4,1,1,0.684,0
264.58,20,0,7,6,3,1,1,0,50.0,7,4,6.846,1
67.31,12,0,4,3,2,2,0,0,221.2,2,1,0.709,0
51.94,13,0,0,0,0,0,0,0,103.3,1,1,3.103,0
17.54,19,0,1,2,0,0,0,0,1.9,5,1,0.725,0
440.55,2,1,3,2,0,1,0,0,42.0,3,5,8.102,0
12.85,15,0,3,1,0,0,0,0,36.2,1,1,0.166,0
22.82,14,0,2,2,0,1,0,1,74.7,2,2,0.747,0
40.23,14,0,0,0,0,0,0,0,21.7,3,2,0.046,0
111.38,19,0,1,1,0,0,0,0,41.0,1,1,1.128,0
34.15,12,0,1,3,0,0,0,0,38.7,1,2,8.305,0
23.59,20,0,1,3,0,0,0,0,1.2,1,1,0.853,0
56.14,18,0,2,3,0,0,0,0,14.2,1,1,2.743,0
12.02,18,0,3,3,0,0,0,0,32.7,1,1,0.295,0
23.58,21,0,2,2,0,0,0,0,12.1,3,3,0.060,0
43.99,17,0,2,2,0,2,0,0,74.4,5,1,0.430,0
11.04,16,0,1,4,0,0,0,0,4.0,2,2,0.114,0
146.56,9,0,1,1,0,1,0,1,76.5,1,1,1.848,0
134.90,12,0,6,4,0,1,0,0,461.4,1,2,3.485,0
36.23,15,0,5,1,0,0,0,0,12.9,1,2,0.978,0
16.29,15,0,2,2,0,1,0,0,4.4,1,1,0.650,0
8.43,18,0,3,3,0,0,0,0,74.5,2,1,0.425,0
7.18,14,0,3,1,0,1,1,0,6.3,2,1,0.359,0
120.25,10,0,5,5,0,1,0,0,31.7,1,2,1.935,0
60.98,7,0,7,3,0,1,0,1,115.4,3,1,4.411,0
44.23,22,0,1,7,0,3,0,1,80.5,2,5,0.125,0
1745.71,23,1,4,4,1,0,1,1,270.8,1,1,126.146,0
8.30,17,0,2,2,0,0,0,0,18.5,1,1,0.799,0
53.65,11,0,3,3,0,0,0,0,105.2,1,1,0.548,0
33.59,11,0,0,0,0,1,0,0,13.3,1,1,0.109,0
17.05,13,0,2,2,0,0,0,0,48.0,1,1,0.600,0
123.07,21,0,1,3,0,0,0,0,88.5,3,2,38.319,0
15.33,14,0,2,2,0,0,0,0,3.0,1,1,0.791,0
35.15,10,0,4,1,0,0,1,0,51.2,3,3,7.062,0
71.57,10,0,2,2,0,0,0,0,0.8,3,2,9.893,0
13.69,21,0,2,2,0,0,0,0,88.2,1,2,0.478,0
8.42,15,0,0,2,0,0,0,0,36.5,1,1,0.933,0
5.50,13,0,1,1,1,1,0,0,9.6,2,3,0.642,0
14.16,15,0,2,1,0,0,0,0,31.4,1,1,1.932,0
31.13,13,0,1,2,0,0,0,0,46.4,1,1,0.436,0
8.39,14,0,2,1,0,1,0,0,14.5,2,3,0.177,0
9.21,9,0,2,2,0,0,0,0,67.9,2,2,0.564,0
28.21,15,0,1,1,0,0,0,1,17.4,1,1,0.510,0
20.96,14,0,3,3,0,0,0,0,66.9,1,1,2.225,0
28.77,13,0,2,2,0,0,0,0,83.8,1,1,2.151,0
75.96,19,0,1,4,0,1,0,0,53.8,1,1,0.616,0
54.67,11,0,2,1,0,0,0,0,124.6,1,1,14.144,0
10.56,21,0,5,3,0,1,0,0,74.7,1,2,0.764,0
644.37,23,1,10,9,0,5,0,0,607.9,3,2,20.422,0
33.90,20,0,4,3,0,0,0,0,17.3,1,2,0.527,0
11.88,16,0,2,1,0,0,0,0,15.3,1,1,0.225,0
499.52,5,1,7,7,2,6,0,1,168.9,4,7,36.473,1
30.77,18,0,2,2,0,0,0,0,20.3,1,1,0.429,0
22.42,17,0,0,1,0,1,0,0,62.3,1,3,0.345,0
7.83,17,0,3,3,0,0,0,0,5.8,1,1,0.369,0
47.56,12,0,1,1,0,0,0,1,66.3,1,1,0.186,0
12.48,16,0,1,1,0,0,0,0,24.7,3,1,0.436,0
201.90,21,0,1,1,0,0,0,0,328.9,1,1,16.883,0
45.82,13,0,3,1,0,0,0,0,10.2,1,3,8.626,0
221.98,5,1,7,9,0,3,0,1,64.2,2,5,6.819,0
46.08,20,0,2,2,0,0,0,0,100.6,1,2,0.003,0
32.53,10,0,1,2,0,0,0,0,2.4,1,1,0.234,0
19.80,18,0,0,2,0,0,0,0,18.3,1,1,0.796,0
54.31,19,0,1,1,0,0,0,0,68.9,1,3,1.442,0
81.48,9,0,2,2,0,0,0,0,139.6,1,1,1.376,0
95.67,20,0,3,1,0,0,0,0,9.3,3,2,0.171,0
34.24,8,0,2,1,0,0,0,0,2.8,1,1,0.381,0
54.00,14,0,1,1,0,0,0,0,83.3,2,3,5.345,0
27.71,15,0,9,2,1,2,1,0,28.7,1,3,3.870,0
43.01,16,0,3,1,1,0,0,0,73.7,1,1,0.965,1
59.67,17,0,3,3,0,0,0,0,7.8,1,1,8.995,0
12.46,17,0,3,1,0,0,0,0,12.9,1,1,0.860,0
70.30,19,0,4,4,0,0,0,0,64.2,1,2,1.228,0
8.40,15,0,0,0,0,0,0,0,29.8,2,2,0.743,0
27.78,19,0,1,1,0,0,0,0,58.2,1,2,0.629,0
25.62,20,0,5,2,0,0,0,0,39.4,2,1,2.102,0
53.27,17,0,0,0,0,0,0,0,197.9,1,1,0.142,0
6.28,20,0,2,2,0,0,0,0,4.7,1,2,0.950,0
52.50,19,0,0,0,0,1,0,1,45.6,1,3,0.789,0
17.23,20,0,1,1,0,0,0,0,11.2,1,2,0.310,0
66.34,18,0,3,1,0,0,0,0,50.4,1,1,3.217,0
13.32,20,0,1,1,0,0,0,0,20.3,2,4,0.498,0
186.51,15,0,6,6,0,0,0,0,31.9,1,2,7.860,0
37.14,12,0,1,3,0,1,0,0,58.8,3,1,0.602,0
10.02,20,0,3,1,0,1,0,0,251.4,3,1,0.688,0
7.15,15,0,2,2,0,0,0,0,3.2,1,1,1.509,0
26.44,19,0,2,2,0,0,0,0,59.2,1,1,0.379,0
9.12,15,0,6,6,0,0,0,0,5.8,1,1,0.469,0
13.74,14,0,0,2,0,0,0,0,43.0,2,2,0.186,0
11.85,13,0,2,2,0,2,0,0,2.7,1,2,0.825,0
4.05,9,0,2,2,0,0,0,0,51.7,1,1,0.045,0
83.09,10,0,5,1,0,2,0,0,30.4,3,1,2.466,0
25.23,16,0,0,1,0,0,0,0,6.0,1,2,0.338,0
12.03,14,0,1,2,0,1,0,0,28.3,1,1,1.824,0
3.36,12,0,1,1,0,2,0,0,30.4,1,1,0.373,0
40.33,12,0,1,1,0,0,0,0,18.8,1,3,11.003,0
24.18,20,0,1,1,1,0,0,0,19.8,2,1,0.002,0
47.15,13,0,3,2,0,0,0,0,18.2,1,2,1.406,0
69.59,15,0,2,1,0,1,1,0,5.2,2,1,0.001,0
28.50,20,0,6,6,0,0,0,0,163.5,1,3,0.216,0
34.74,19,0,4,2,0,0,0,0,131.3,1,2,0.147,0
119.28,9,0,3,3,0,0,0,0,43.8,1,3,11.085,0
65.84,9,0,2,2,0,0,0,0,6.0,1,2,4.996,0
16.80,15,0,2,3,0,0,1,0,30.8,4,1,0.693,0
20.59,19,0,4,3,0,0,0,0,40.7,2,2,0.695,0
18.73,18,0,4,4,0,0,0,0,16.9,1,2,0.501,0
14.77,17,0,3,2,0,0,1,0,105.3,2,3,0.628,0
20.51,11,0,1,1,0,0,0,0,38.1,1,1,0.447,0
68.07,20,0,3,3,0,0,0,0,12.7,1,1,4.192,0
37.79,14,0,2,1,0,0,0,0,5.5,1,1,1.045,0
14.74,17,0,1,1,0,0,0,0,34.4,1,2,0.482,0
40.60,13,0,1,1,0,0,0,0,23.4,1,1,2.378,0
49.27,16,0,0,0,0,0,0,0,56.1,1,1,10.675,0
59.62,15,0,3,3,0,0,0,0,47.5,1,1,0.395,0
50.21,12,0,3,3,0,0,0,0,36.5,3,1,2.665,0
20.06,11,0,1,1,0,0,0,0,0.3,3,3,0.184,0
55.21,20,0,0,0,0,0,0,0,50.3,1,1,0.695,0
16.12,18,0,0,1,0,0,0,0,1.3,1,4,0.120,0
20.43,14,0,2,1,0,0,0,0,125.3,1,3,0.368,0
14.46,11,0,2,2,0,0,0,0,38.8,1,1,0.560,0
31.83,21,0,0,1,0,0,0,0,0.3,1,2,0.493,0
32.55,18,0,1,1,0,0,0,0,10.6,1,1,0.896,0
27.95,16,0,0,0,0,0,1,0,64.4,1,2,0.090,0
34.99,17,0,1,1,0,0,0,0,89.6,1,1,0.473,0
71.48,9,0,1,1,0,0,0,0,58.9,1,3,0.770,0
24.10,15,0,1,1,0,1,0,0,134.2,1,1,0.222,0
116.53,18,0,2,2,0,0,0,0,133.0,1,1,2.277,0
16.80,18,0,1,1,0,0,0,0,17.4,1,1,0.049,0
141.93,19,0,1,1,0,1,0,0,28.0,3,2,11.183,0
17.43,9,0,2,4,0,0,0,0,20.8,3,2,0.561,0
21.31,18,0,1,1,1,0,0,1,28.7,1,1,0.033,0
18.17,17,0,1,2,0,0,0,0,5.5,1,1,0.023,0
25.41,14,0,0,2,0,2,0,0,111.6,2,1,0.353,0
68.15,18,0,3,3,0,0,0,0,34.6,1,4,2.995,0
20.62,10,0,2,1,0,0,0,0,67.1,3,1,0.527,0
46.88,10,0,5,2,0,0,0,0,37.5,3,2,0.145,0
17.10,9,0,2,1,0,0,0,0,47.3,1,1,0.517,0
10.63,21,0,1,1,0,0,0,0,61.9,1,1,2.046,0
33.15,14,0,2,1,0,0,0,0,18.6,1,1,1.111,0
13.20,12,0,1,1,0,1,0,0,4.9,1,1,0.397,0
45.27,16,0,2,2,0,0,0,0,76.3,1,1,0.253,0
21.21,18,0,0,1,0,0,0,0,45.0,3,2,0.648,0
32.60,13,0,2,1,0,0,0,0,51.2,1,1,0.040,0
388.65,16,0,7,9,4,4,1,1,120.9,5,2,11.485,1
9.06,11,0,2,3,0,0,0,0,23.0,1,2,0.507,0
30.21,11,0,3,1,0,0,0,0,63.6,1,1,0.281,0
22.91,10,0,1,1,0,0,0,0,73.5,1,1,0.188,0
10.35,12,0,2,1,1,1,0,0,62.7,2,2,0.629,0
37.19,9,0,3,2,0,0,0,0,20.0,1,3,0.113,0
122.53,13,0,3,3,0,0,0,0,94.0,1,1,0.863,0
14.91,10,0,1,1,0,0,0,0,26.6,1,2,0.757,0
44.64,14,0,0,0,0,0,0,0,3.4,1,2,8.398,0
21.17,10,0,0,1,0,2,0,0,39.5,2,1,0.349,0
42.87,15,0,4,4,1,0,0,0,6.6,1,1,1.417,0
92.35,18,0,2,1,0,0,0,0,10.5,1,3,3.920,0
12.17,8,0,1,2,0,0,0,0,77.7,1,2,0.112,0
25.02,12,0,1,1,0,0,0,0,94.7,1,1,0.216,0
147.50,11,0,6,3,0,1,0,1,281.6,1,2,3.552,0
12.31,18,0,1,1,0,1,0,0,5.8,1,2,0.921,0
40.18,9,0,2,1,0,0,0,0,88.3,1,1,0.725,0
10.66,14,0,3,3,0,0,0,1,124.8,1,1,0.152,0
171.60,9,0,1,1,0,0,0,0,68.5,1,2,0.648,0
52.93,18,0,1,1,0,0,0,0,59.5,3,2,0.076,0
243.75,0,1,0,5,0,1,1,0,311.4,4,2,9.394,0
17.48,15,0,2,3,0,0,0,0,2.5,2,1,0.213,0
10.55,18,0,0,1,0,0,0,0,27.6,1,1,0.862,0
44.24,16,0,2,2,0,0,0,0,4.0,1,2,1.229,0
18.42,13,0,1,3,0,0,0,0,36.5,1,1,0.118,0
12.31,9,0,2,2,0,1,0,0,10.0,1,3,0.565,0
47.67,14,0,2,2,0,0,0,0,4.5,2,3,4.492,0
9.08,20,0,3,1,0,1,0,0,39.8,1,3,0.743,0
38.15,10,0,0,5,0,0,0,0,7.1,1,1,1.930,0
83.01,11,0,1,2,0,0,0,0,56.0,1,1,2.611,0
71.90,16,0,0,2,0,0,0,0,121.3,3,1,4.414,0
9.29,14,0,3,3,0,0,0,0,36.6,1,1,0.577,0
43.61,17,0,4,4,0,0,0,0,20.4,1,1,1.778,0
23.61,16,0,3,3,0,1,0,0,23.3,1,2,2.784,0
32.09,9,0,0,2,0,0,0,0,29.2,1,3,0.185,0
136.83,11,0,3,1,0,0,0,0,12.7,1,1,3.037,0
93.24,16,0,3,2,0,0,0,0,1.8,2,2,18.629,0
37.37,12,0,1,3,0,0,0,0,73.9,2,1,1.210,0
19.00,19,0,4,2,0,0,0,0,70.5,3,1,1.477,0
71.59,21,0,2,1,1,0,1,0,59.5,1,1,9.946,0
29.12,20,0,2,2,0,0,0,0,4.1,1,3,1.090,0
16.74,18,0,1,1,0,1,0,0,80.5,1,3,0.445,0
9.49,9,0,1,2,0,0,0,0,4.4,2,1,0.519,0
34.80,13,0,5,2,0,2,0,0,11.3,1,1,0.151,0
11.23,16,0,3,3,0,0,0,0,64.6,1,1,0.785,0
18.13,19,0,1,1,0,1,0,0,52.2,2,1,0.676,0
11.25,9,0,2,1,0,1,1,0,7.3,2,1,0.769,0
120.70,21,0,5,6,0,2,0,0,95.3,3,1,2.492,0
71.01,13,0,2,2,0,0,0,0,43.2,1,1,8.794,0
1.78,19,0,2,2,0,0,0,0,4.3,1,2,0.973,0
11.68,17,0,4,1,0,0,0,0,2.8,3,4,0.738,0
43.24,19,0,4,1,0,0,0,0,25.6,3,2,5.831,0
41.29,18,0,2,1,0,3,0,0,2.3,1,2,0.012,0
33.93,9,0,0,0,0,0,1,0,4.3,1,4,4.335,0
16.68,18,0,5,5,0,1,0,0,16.2,2,1,0.500,0
27.54,9,0,2,2,0,1,0,0,22.4,1,1,0.873,0
21.68,10,0,3,1,0,0,0,0,24.4,1,1,0.954,0
3.49,19,0,1,1,0,1,0,0,4.9,4,1,0.675,0
47.19,9,0,0,1,0,0,0,0,38.8,1,1,7.854,0
12.89,13,0,5,1,0,0,0,0,6.8,2,2,0.513,0
6.32,15,0,3,2,0,0,1,0,19.2,1,3,0.688,0
12.23,18,0,2,2,0,0,0,0,73.8,1,1,0.715,0
12.95,13,0,3,1,0,0,0,0,73.2,2,1,0.556,0
46.55,19,0,1,2,0,0,0,0,31.3,1,2,0.834,0
24.75,20,0,3,3,0,1,0,1,10.6,1,1,1.296,0
13.77,10,0,2,1,0,0,0,1,136.4,2,2,0.764,0
23.87,14,0,3,3,0,0,0,1,27.0,1,1,0.061,0
28.37,9,0,1,1,0,0,0,0,10.3,1,2,0.750,0
14.85,21,0,2,2,0,0,0,0,14.8,1,1,0.088,0
133.87,9,0,6,6,3,2,1,1,279.9,2,6,10.621,1
28.47,17,0,3,1,0,0,0,0,20.8,1,1,1.517,0
38.98,18,0,0,1,0,0,0,0,69.7,1,3,1.402,0
6.93,18,0,2,3,0,0,0,0,20.3,3,3,0.763,0
26.00,14,0,0,0,0,0,0,0,7.0,1,1,0.499,0
49.58,15,0,4,1,0,0,0,0,91.9,1,2,9.202,0
8.64,12,0,1,1,0,0,0,0,51.3,1,1,0.882,0
5.68,17,0,3,3,0,2,0,0,15.7,1,3,0.547,0
52.17,20,0,2,1,0,0,0,0,5.4,3,1,1.002,0
30.73,9,0,1,1,0,0,0,0,7.1,1,1,2.188,0
4.80,18,0,1,1,0,1,0,1,4.7,1,1,0.849,0
16.02,17,0,1,1,0,0,0,0,11.3,1,1,0.893,0
7.20,11,0,1,1,0,0,0,0,35.9,1,2,0.538,0
29.10,19,0,1,1,0,0,0,0,2.0,1,2,0.510,0
23.60,9,0,1,1,0,1,0,0,2.2,1,2,0.050,0
12.47,14,0,1,1,0,0,0,0,27.6,1,3,0.763,0
12.04,18,0,3,1,0,0,0,0,47.1,2,1,0.127,0
8.67,18,0,3,1,0,0,0,0,85.3,1,3,0.472,0
39.44,16,0,3,1,0,0,0,0,28.0,2,3,1.538,0
32.52,20,0,2,1,0,1,0,0,0.4,1,4,0.478,0
7.39,21,0,0,3,0,0,0,0,52.1,4,3,0.508,0
29.09,19,0,2,2,0,0,0,0,45.8,1,3,0.786,0
19.72,18,0,6,3,0,3,1,1,149.6,2,3,0.168,0
35.88,16,0,3,3,0,0,0,0,16.7,2,1,3.333,0
25.71,9,0,3,2,0,0,0,0,5.4,1,3,0.882,0
29.11,16,0,1,1,0,0,0,0,65.0,2,2,0.771,0
12.24,14,0,0,0,0,2,0,0,47.8,2,1,0.027,0
48.50,12,0,3,1,0,0,0,0,18.3,1,1,1.323,0
14.17,13,0,0,0,1,0,0,0,15.3,4,4,0.086,0
30.43,9,0,3,3,0,0,0,0,23.1,4,1,0.146,0
11.90,19,0,0,0,0,1,0,0,80.0,2,1,0.111,0
13.61,12,0,2,2,0,1,0,0,140.5,3,2,0.377,0
20.45,15,0,2,2,0,0,0,0,33.3,3,3,0.502,0
24.23,14,0,1,1,0,0,0,0,58.1,1,1,0.140,0
19.69,21,0,2,2,0,1,0,0,42.9,1,1,2.343,0
13.00,20,0,11,9,1,3,0,0,950.7,4,4,0.782,1
7.86,21,0,3,2,0,0,0,0,5.4,4,1,0.754,0
42.78,19,0,1,1,0,0,0,1,47.3,1,1,0.524,0
17.22,8,0,3,3,0,0,0,0,42.7,1,4,0.016,0
63.49,16,0,1,1,0,1,0,0,31.9,2,2,7.432,0
70.46,20,0,1,1,0,1,0,0,206.5,3,1,5.464,0
62.52,14,0,4,4,1,0,0,0,241.5,1,1,0.610,0
42.74,12,0,5,1,0,0,0,0,58.3,1,1,0.784,0
19.42,9,0,2,2,0,0,0,0,7.7,1,2,0.702,0
12.94,9,0,2,1,0,0,0,0,35.7,1,1,0.886,0
67.28,11,0,6,3,1,0,0,1,36.4,1,2,1.122,0
13.37,9,0,2,2,0,0,0,0,127.6,3,1,0.346,0
15.08,17,0,0,0,0,1,0,1,52.3,1,2,0.136,0
289.01,14,0,3,3,3,2,1,0,201.5,1,3,14.259,0
46.06,16,0,3,3,0,0,0,0,18.1,1,1,6.141,0
26.29,8,0,2,2,0,1,0,0,148.7,1,2,0.862,0
17.79,12,0,4,4,0,1,0,0,111.6,2,2,1.071,0
15.65,16,0,1,1,0,0,0,0,18.4,1,1,0.623,0
40.58,10,0,0,1,0,0,0,0,19.2,3,1,0.261,0
10.37,18,0,2,1,0,0,0,0,18.7,1,4,0.483,0
7.43,20,0,2,1,0,0,0,0,24.4,2,5,0.871,0
25.63,20,0,1,1,0,0,0,0,37.5,4,1,2.506,0
31.52,15,0,3,1,0,0,0,0,40.6,1,2,8.325,0
20.59,21,0,4,4,0,0,0,0,80.0,1,1,0.800,0
20.54,3,1,7,5,0,0,0,0,190.7,2,1,0.196,0
38.73,20,0,3,1,0,0,0,0,37.5,3,1,0.638,0
23.97,17,0,1,1,0,1,0,0,47.3,1,1,1.937,0
6.73,12,0,1,2,0,0,0,0,98.5,1,1,0.449,0
13.66,19,0,3,1,0,0,0,0,46.1,1,4,0.389,0
48.52,16,0,4,1,0,2,0,0,49.8,1,1,0.302,0
48.67,12,0,2,2,0,0,0,0,119.8,1,2,0.068,0
10.67,14,0,0,1,0,0,0,0,23.8,1,4,0.043,0
48.33,10,0,1,6,0,0,0,0,53.5,1,2,3.729,0
6.79,15,0,1,2,0,0,0,0,0.3,1,1,0.905,0
31.49,14,0,3,1,0,0,0,0,63.3,1,1,2.375,0
23.80,9,0,2,1,0,1,0,1,56.1,2,2,0.638,0
141.91,17,0,4,1,0,0,0,0,58.8,2,1,19.478,0
16.41,9,0,2,4,0,0,0,0,63.1,1,1,0.740,0
295.51,16,0,2,1,0,0,0,0,55.5,1,1,6.211,0
10.89,20,0,1,1,0,0,0,0,9.3,1,4,0.600,0
323.35,16,0,2,2,0,0,0,0,99.0,1,3,63.030,0
55.85,15,0,2,2,0,0,0,0,9.0,1,1,0.283,0
8.40,16,0,2,1,0,1,0,0,15.6,2,1,0.054,0
100.25,19,0,1,1,0,1,0,0,2.0,1,3,1.162,0
34.38,12,0,1,3,0,0,1,0,33.4,1,1,1.135,0
115.65,14,0,6,5,0,2,0,0,94.4,1,3,19.800,0
126.98,20,0,3,3,0,1,0,0,72.5,3,2,0.534,0
51.58,18,0,1,2,0,1,0,0,18.2,1,3,0.083,0
9.99,16,0,5,3,0,1,0,0,19.3,3,1,0.580,0
13.19,19,0,1,2,0,0,0,0,117.0,1,1,0.818,0
54.59,8,0,1,1,0,0,0,0,32.4,1,1,0.533,0
22.23,9,0,1,1,0,0,0,0,23.9,1,2,0.247,0
11.90,10,0,4,2,0,0,0,0,26.2,1,1,0.621,0
32.71,3,1,8,5,1,1,0,0,297.0,1,2,0.485,0
10.80,20,0,3,1,0,1,0,0,119.3,1,1,0.315,0
4.60,12,0,3,1,0,1,0,0,18.6,2,3,0.912,0
17.33,12,0,1,1,0,0,0,0,58.5,3,2,0.275,0
85.15,8,0,0,1,0,0,0,0,34.8,1,1,0.547,0
12.13,18,0,4,4,0,0,0,0,65.9,1,2,0.634,0
53.53,20,0,3,3,0,1,0,0,33.3,2,1,2.510,0
17.63,16,0,2,1,0,1,0,0,25.2,1,1,0.017,0
42.98,9,0,2,1,0,0,0,1,42.0,2,3,2.750,0
304.81,5,1,9,5,1,5,0,1,205.8,1,8,7.863,1
99.50,17,0,1,1,0,1,0,0,115.6,1,2,3.115,0
16.18,13,0,2,1,0,0,0,0,10.7,3,1,0.540,0
31.14,15,0,0,0,0,2,0,0,154.9,1,1,0.693,0
46.45,17,0,1,1,0,1,0,0,24.7,1,1,3.462,0
21.02,16,0,3,3,0,0,0,0,52.1,2,1,0.502,0
19.08,20,0,4,2,0,0,0,0,103.1,2,3,0.189,0
3.29,11,0,1,1,0,0,0,0,1.7,5,1,0.892,0
5.31,16,0,2,1,0,0,0,0,5.6,1,3,0.571,0
16.66,14,0,2,2,0,1,0,0,21.7,1,1,0.384,0
27.38,17,0,0,0,0,0,0,0,2.7,1,1,1.517,0
18.21,14,0,0,0,1,0,0,0,82.0,1,1,0.654,0
381.22,16,0,1,1,0,0,0,0,7.4,3,3,15.794,0
13.83,11,0,2,2,0,0,0,0,45.5,1,1,0.349,0
17.45,15,0,0,0,0,0,0,0,6.3,1,2,1.138,0
109.74,12,0,2,1,0,0,0,0,1.3,1,1,2.484,0
67.91,10,0,1,1,0,0,0,0,77.7,1,3,0.452,0
18.55,14,0,2,2,0,0,0,0,85.9,1,1,0.704,0
21.13,12,0,2,3,0,1,1,0,8.9,1,2,2.828,0
17.90,20,0,3,1,0,0,0,0,13.4,1,5,0.364,0
10.12,2,1,7,5,1,1,0,0,310.1,4,3,0.957,0
24.98,12,0,1,1,0,0,0,0,67.2,1,4,0.574,0
110.98,8,0,1,1,0,0,1,0,100.5,1,3,13.283,0
67.10,9,0,2,1,0,0,0,0,45.6,2,1,3.397,0
20.84,13,0,2,2,0,0,0,0,7.1,2,1,0.187,0
14.90,14,0,3,2,0,0,0,0,48.5,1,1,1.431,0
8.79,19,0,2,3,0,0,0,0,78.3,1,2,0.682,0
8.72,18,0,2,2,0,1,0,1,101.3,2,2,0.347,0
12.01,15,0,1,2,0,0,0,0,43.3,1,3,0.957,0
54.71,9,0,1,3,0,1,0,0,85.9,1,5,0.187,0
3.31,17,0,1,3,0,0,0,0,12.2,1,1,0.986,0
28.12,19,0,3,1,0,0,0,0,2.8,1,1,0.426,0
13.19,18,0,6,3,0,0,0,0,29.3,4,2,0.626,0
6.91,19,0,2,1,0,0,0,0,261.9,1,2,0.544,0
63.15,18,0,5,5,0,0,0,0,41.8,3,1,0.583,0
14.00,9,0,2,2,0,0,0,0,13.4,3,3,0.200,0
55.86,8,0,0,2,0,1,0,0,3.1,1,2,0.676,0
41.39,21,0,3,3,0,0,0,0,31.1,2,2,0.735,0
85.92,16,0,2,2,0,1,0,0,25.8,1,1,0.668,0
5.12,11,0,3,1,0,0,0,0,14.0,3,1,0.890,0
42.29,17,0,5,2,0,0,0,0,23.2,1,2,0.375,0
5.47,20,0,1,1,0,0,0,0,56.7,1,2,0.355,0
41.25,10,0,0,0,0,1,0,0,0.3,3,3,0.359,0
20.23,12,0,3,1,0,0,0,0,7.0,2,1,0.806,0
5.86,10,0,3,2,0,0,0,0,6.8,1,1,0.030,0
78.71,16,0,1,1,0,0,0,0,9.6,1,2,5.929,0
37.74,19,0,2,2,0,0,0,0,18.8,3,1,0.269,0
94.94,13,0,2,1,0,3,1,0,671.2,1,6,6.187,0
8.16,18,0,2,2,0,0,0,0,52.8,1,2,0.900,0
10.49,10,0,1,1,0,0,0,0,222.9,1,1,0.932,0
103.76,19,0,0,1,0,0,0,0,20.8,1,1,4.042,0
15.38,16,0,3,3,0,0,0,0,20.3,1,1,0.758,0
18.90,11,0,4,4,0,0,0,0,34.8,3,2,0.238,0
16.63,20,0,1,1,0,1,0,0,60.9,1,2,0.399,0
13.17,18,0,3,2,0,0,0,0,86.1,2,1,1.068,0
94.34,7,0,3,2,0,2,0,1,49.4,1,4,0.677,0
12.19,17,0,3,3,0,2,0,0,12.9,1,3,0.630,0
16.30,9,0,0,2,0,1,0,0,24.1,1,1,0.705,0
12.14,19,0,0,2,0,0,0,0,16.5,1,2,0.725,0
26.56,9,0,3,1,0,1,0,0,108.0,3,4,11.411,0
14.72,9,0,3,3,0,0,0,0,56.2,2,2,0.769,0
135.64,21,0,5,5,0,0,0,0,2.2,1,1,20.194,0
12.76,13,0,2,1,0,0,0,0,109.8,2,1,0.351,0
40.21,20,0,1,1,0,0,0,0,77.7,2,2,3.124,0
131.69,20,0,3,1,1,1,0,0,38.8,1,1,13.584,0
109.99,20,0,8,4,0,0,1,1,15.2,2,2,1.009,0
12.81,20,0,5,2,0,0,0,0,2.6,2,3,1.121,0
9.81,11,0,1,1,0,0,0,0,35.7,2,1,0.904,0
16.62,9,0,1,1,0,0,0,0,38.8,1,4,0.762,0
38.47,20,0,2,1,0,0,0,0,102.0,1,4,0.482,0
86.72,18,0,1,1,0,0,0,0,6.8,1,1,8.335,0
26.26,13,0,2,2,0,0,0,0,14.0,1,1,0.462,0
26.92,9,0,1,1,0,0,0,0,99.9,1,1,0.818,0
20.14,9,0,3,3,0,0,0,0,15.4,3,1,0.495,0
3.18,12,0,5,1,0,0,0,0,82.3,1,2,0.469,0
15.75,20,0,1,1,0,0,0,0,49.8,1,1,0.590,0
19.64,8,0,0,2,0,0,0,0,86.1,3,1,0.490,0
59.74,19,0,4,1,0,0,0,0,14.8,1,1,0.254,0
29.71,9,0,3,3,0,0,0,0,135.0,1,1,0.637,0
332.89,4,1,7,4,0,3,0,0,72.3,6,5,90.203,1
47.41,13,0,1,1,0,3,0,0,115.9,1,1,3.256,0
84.66,17,0,3,1,0,0,0,0,25.5,4,1,1.873,0
72.22,9,0,1,1,1,0,0,0,82.7,1,1,0.023,0
141.62,19,0,3,3,0,1,0,0,47.1,2,4,2.429,0
12.08,20,0,1,1,0,0,0,0,105.3,2,2,0.542,0
94.99,21,0,6,1,0,3,0,1,195.6,2,3,2.732,0
9.22,13,0,2,2,0,0,0,0,75.7,1,1,0.714,0
75.41,20,0,2,2,0,0,1,0,91.6,1,4,2.797,0
126.71,18,0,11,3,2,4,1,1,287.5,1,2,1.263,1
34.37,11,0,1,2,0,0,0,0,35.3,3,3,0.355,0
127.32,8,0,6,9,1,1,0,0,171.2,1,1,5.000,0
34.38,12,0,2,1,0,0,0,1,32.6,1,2,0.683,0
49.06,9,0,2,1,0,1,0,0,40.6,1,1,1.416,0
29.29,19,0,2,2,0,0,0,1,124.1,1,2,0.854,0
19.03,18,0,3,3,0,0,0,0,52.2,2,2,0.742,0
7.89,20,0,3,2,0,1,0,0,83.3,1,3,0.254,0
532.72,5,1,9,5,0,3,1,1,201.2,3,3,47.210,1
52.69,13,0,2,1,0,0,0,0,17.6,1,3,0.330,0
7.76,9,0,2,3,0,0,0,0,90.4,1,1,0.451,0
25.84,16,0,0,1,0,0,0,0,9.0,1,1,0.601,0
12.07,19,0,4,1,0,0,0,0,28.3,1,3,0.631,0
30.52,16,0,1,1,0,1,0,0,29.5,2,1,0.781,0
11.45,9,0,2,2,1,0,0,1,237.3,1,1,1.281,0
22.10,12,0,4,3,0,0,0,0,77.8,5,4,1.371,0
1658.71,7,0,7,4,0,1,0,0,297.8,1,1,25.642,0
42.39,8,0,1,2,0,1,0,0,95.3,1,3,3.553,0
31.49,21,0,2,2,0,1,0,0,53.0,5,1,0.866,0
10.05,15,0,2,5,0,0,0,0,35.4,2,2,0.239,0
6.73,19,0,3,3,0,0,0,0,1.2,1,1,0.822,0
13.41,20,0,0,0,0,0,0,0,42.8,1,2,0.478,0
94.95,13,0,0,0,0,0,0,1,28.9,2,1,7.784,0
10.15,18,0,1,1,1,0,0,0,6.5,1,1,0.720,0
17.24,14,0,2,2,0,0,0,0,98.1,3,3,0.368,0
14.67,13,0,1,1,0,1,0,0,21.6,1,1,0.917,0
18.23,13,0,3,3,0,0,0,0,106.4,2,1,0.491,0
31.50,9,0,2,2,0,0,0,0,72.7,1,1,3.381,0
19.91,20,0,3,1,0,0,0,0,22.7,2,1,0.278,0
17.00,8,0,1,1,0,0,0,0,12.2,1,1,0.691,0
61.23,19,0,1,1,0,0,0,0,4.2,1,1,1.958,0
79.96,12,0,3,1,0,0,1,0,65.5,1,3,13.407,0
52.10,13,0,2,2,0,2,0,0,2.7,1,2,32.185,0
31.31,12,0,1,2,0,0,0,0,101.5,1,4,0.052,0
10.83,10,0,2,3,0,0,1,0,23.7,2,2,0.058,0
12.02,8,0,5,5,0,0,0,0,135.3,2,3,0.516,0
29.64,19,0,8,1,0,0,0,0,8.5,1,3,2.091,0
26.50,14,0,2,3,0,0,0,0,102.8,1,2,1.493,0
30.32,10,0,7,3,0,6,0,0,10.0,1,1,0.794,0
85.14,10,0,2,2,0,0,0,0,35.8,1,1,8.753,0
94.76,9,0,3,4,0,0,0,0,7.5,1,4,2.264,0
119.65,21,0,1,3,0,0,1,0,152.9,6,2,0.608,0
14.43,11,0,1,2,0,0,0,0,22.5,2,1,0.320,0
40.27,18,0,5,2,0,0,0,0,34.0,1,4,0.703,0
8.60,8,0,2,2,0,1,0,0,90.0,1,3,0.262,0
11.85,14,0,1,2,0,0,0,0,42.1,3,1,0.761,0
33.12,20,0,3,1,0,1,0,0,30.7,1,1,0.119,0
10.83,13,0,2,1,0,0,0,0,28.7,1,2,0.173,0
18.83,20,0,4,4,0,1,0,0,30.1,1,2,0.843,0
29.50,9,0,0,1,0,1,0,0,67.8,1,2,2.744,0
25.67,19,0,3,3,0,0,0,0,45.1,1,1,1.090,0
46.47,18,0,1,1,0,1,0,0,25.6,1,1,6.917,0
18.39,19,0,1,3,0,1,0,0,157.3,2,2,0.317,0
73.88,11,0,4,4,0,0,0,0,10.2,2,2,5.298,0
10.57,19,0,0,0,0,1,0,0,40.2,2,1,0.211,0
19.10,12,0,2,1,0,0,0,0,137.6,2,1,0.504,0
56.81,8,0,1,3,0,0,0,0,11.6,2,1,1.523,0
2.97,19,0,1,1,0,0,0,1,39.7,1,4,0.918,0
30.25,20,0,4,1,0,1,0,0,70.0,1,1,0.748,0
16.38,12,0,2,4,0,0,0,0,28.4,1,1,0.289,0
21.93,10,0,3,1,0,0,0,0,63.6,1,2,1.027,0
12.48,18,0,1,1,0,0,0,0,16.9,1,2,0.466,0
22.75,13,0,0,1,0,1,0,0,59.9,4,1,0.658,0
85.48,17,0,1,1,0,0,0,0,38.1,1,1,0.305,0
21.43,19,0,1,1,1,0,0,0,67.2,1,1,0.656,0
10.46,15,0,1,1,0,1,0,0,49.1,2,2,0.319,0
37.63,19,0,0,0,0,1,0,0,15.1,1,1,18.497,0
38.61,20,0,1,1,0,1,0,1,36.7,2,1,0.771,0
18.51,11,0,2,2,0,2,0,0,23.4,1,1,0.286,0
44.36,12,0,1,2,0,1,0,0,8.2,1,1,4.018,0
29.18,13,0,2,2,0,1,0,0,61.8,1,1,0.952,0
204.69,11,0,0,4,0,1,0,0,93.4,1,2,3.012,0
27.22,15,0,2,1,0,0,0,0,39.2,1,2,2.065,0
29.76,12,0,4,3,0,0,0,0,32.0,1,1,0.846,0
56.19,5,1,3,14,1,5,1,1,888.5,4,6,0.339,1
8.26,18,0,3,3,0,2,0,1,30.2,1,2,0.850,0
93.05,19,0,2,1,0,0,0,0,32.8,1,1,6.114,0
33.66,9,0,2,3,0,0,0,1,165.6,2,3,1.268,0
15.12,12,0,0,1,0,0,0,0,4.5,4,4,0.768,0
38.66,19,0,4,4,0,1,0,0,65.2,3,1,0.205,0
9.20,11,0,4,2,0,0,0,0,78.5,1,5,0.578,0
7.66,20,0,2,2,0,0,0,0,61.0,1,2,0.807,0
11.58,20,0,0,0,0,0,0,0,17.7,1,1,0.627,0
66.70,16,0,3,1,0,0,0,0,17.0,2,5,7.540,0
16.71,21,0,0,0,0,2,0,0,46.7,1,1,0.833,0
13.11,10,0,2,1,0,0,0,0,90.5,1,1,0.026,0
28.27,15,0,4,3,0,0,0,1,21.7,1,1,0.307,0
17.72,21,0,2,2,0,1,0,0,11.9,1,1,0.587,0
5.55,19,0,1,1,0,0,0,0,9.0,1,1,0.697,0
11.02,13,0,2,2,1,1,0,0,70.1,1,1,0.273,0
25.98,22,0,5,3,0,0,0,0,236.9,6,2,1.172,0
26.16,18,0,3,2,0,1,0,0,18.1,2,3,1.261,0
39.42,13,0,3,3,0,2,1,0,464.8,2,5,0.395,0
8.94,13,0,1,1,0,0,0,0,210.6,1,1,0.651,0
65.13,13,0,2,2,0,0,1,0,30.8,1,1,0.300,0
43.05,21,0,2,2,0,0,1,0,29.6,1,1,1.156,0
87.98,13,0,1,1,0,0,0,1,3.3,1,1,2.046,0
10.85,19,0,2,2,0,0,0,0,86.4,1,2,0.892,0
60.11,7,0,8,2,0,1,0,1,24.5,1,4,4.687,0
43.04,18,0,2,2,1,0,0,0,59.6,1,4,0.365,0
76.85,18,0,2,2,0,0,0,0,3.3,3,4,4.826,0
135.03,17,0,2,2,0,0,0,0,211.0,1,2,0.465,0
137.55,14,0,2,2,0,0,1,0,78.2,1,1,12.578,0
10.64,20,0,0,0,0,0,0,0,19.0,1,1,0.210,0
10.26,19,0,0,1,0,0,0,0,32.3,3,2,0.309,0
69.16,10,0,5,3,0,1,0,0,1.9,1,1,0.439,0
15.33,10,0,1,1,0,0,0,0,50.7,2,2,0.282,0
9.07,17,0,4,2,0,0,0,0,36.6,1,1,0.851,0
7.74,18,0,1,1,0,1,0,1,112.2,1,2,0.586,0
81.75,12,0,3,4,0,1,0,0,64.0,2,3,3.110,0
29.39,10,0,2,1,0,0,1,0,59.0,2,2,0.672,0
29.06,9,0,1,1,0,0,0,0,5.6,1,1,0.592,0
84.63,20,0,1,1,0,0,0,0,19.7,1,2,1.593,0
11.06,12,0,3,4,0,0,0,0,41.4,1,1,0.516,0
13.33,21,0,2,1,0,0,0,0,28.7,1,1,0.737,0
101.09,10,0,8,5,0,2,0,0,350.8,1,4,1.434,0
35.62,8,0,2,1,0,1,0,0,54.5,1,2,2.116,0
42.80,9,0,1,1,0,0,1,0,80.9,2,2,0.791,0
94.46,18,0,6,2,0,0,0,0,38.1,2,1,2.052,0
294.87,1,1,7,3,0,0,0,0,39.6,2,4,11.442,0
33.75,20,0,2,1,0,1,0,0,63.6,1,2,0.289,0
29.52,15,0,5,1,0,0,0,0,106.9,1,1,0.226,0
45.51,17,0,2,2,0,0,0,1,62.3,1,1,0.048,0
12.20,19,0,0,1,0,0,0,0,12.2,2,4,0.479,0
5.80,20,0,2,2,0,1,0,0,30.1,1,1,0.972,0
37.64,14,0,1,2,0,1,0,0,65.2,1,2,1.250,0
103.73,11,0,7,5,1,2,0,0,47.3,2,4,2.723,0
23.43,12,0,3,3,0,0,0,0,205.8,2,2,0.062,0
51.52,19,0,1,2,0,0,0,0,159.5,2,1,0.070,0
41.90,12,0,2,2,0,0,0,0,2.2,1,1,0.203,0
10.00,4,1,6,7,1,3,0,0,500.6,2,2,0.630,0
4.02,18,0,1,1,0,0,0,0,12.9,1,1,0.737,0
19.40,17,0,5,5,0,0,0,0,12.3,1,3,0.779,0
10.97,18,0,2,1,0,0,0,0,116.6,1,1,0.626,0
35.83,14,0,2,1,0,0,0,0,3.7,2,3,0.135,0
7.44,20,0,1,1,1,0,0,0,32.5,1,3,0.910,0
14.30,9,0,2,1,0,0,0,0,66.2,2,4,0.497,0
32.12,15,0,2,2,0,0,0,0,184.0,1,3,0.034,0
6.98,15,0,2,1,0,0,0,0,115.1,1,2,0.591,0
29.94,14,0,1,1,0,0,0,0,43.9,1,2,0.266,0
32.78,13,0,2,1,0,0,0,0,107.6,2,2,0.306,0
179.47,17,0,2,2,0,0,0,0,47.9,1,2,4.974,0
42.20,19,0,1,2,0,1,0,0,43.5,1,1,0.721,0
12.05,8,0,1,1,0,0,0,0,31.7,3,2,0.463,0
32.70,11,0,0,1,0,0,0,0,95.4,1,2,5.101,0
48.47,13,0,3,1,0,1,1,0,77.5,1,3,1.331,0
82.86,19,0,4,2,0,1,0,0,26.3,2,1,5.179,0
20.61,18,0,2,2,0,0,0,0,12.1,2,2,0.632,0
19.56,13,0,3,1,0,0,0,0,28.4,3,1,0.015,0
39.82,12,0,2,2,0,1,0,0,19.5,1,1,1.896,0
38.64,14,0,4,1,0,0,0,0,8.2,1,4,0.082,0
5.15,11,0,2,2,0,0,0,0,11.8,1,1,0.875,0
64.03,11,0,0,0,0,0,0,0,58.2,1,1,0.295,0
55.97,12,0,7,3,0,0,0,0,35.9,1,4,0.292,0
40.37,15,0,0,2,0,1,0,0,31.5,1,1,1.802,0
42.63,9,0,3,2,0,1,0,0,68.4,2,1,0.124,0
13.56,11,0,0,0,0,0,0,0,259.0,2,1,0.874,0
57.73,15,0,0,0,0,0,0,0,151.0,1,4,3.009,0
44.82,14,0,4,2,0,0,0,0,40.4,1,2,0.494,0
11.21,14,0,1,1,0,0,0,0,3.4,2,1,0.851,0
5.21,20,0,1,2,0,0,0,0,55.6,3,2,0.365,0
104.57,12,0,1,1,0,2,0,0,61.3,1,2,3.399,0
14.19,16,0,2,2,0,0,0,0,198.0,1,2,2.112,0
28.47,13,0,0,1,0,0,0,0,51.2,3,1,0.829,0
127.63,22,0,9,4,0,5,0,1,92.9,6,2,3.147,0
19.96,10,0,7,2,0,0,0,1,49.3,2,2,1.511,0
57.49,16,0,1,1,0,1,0,0,9.8,1,1,3.574,0
85.60,10,0,1,1,0,0,0,0,120.8,3,3,16.223,0
864.68,12,0,1,1,0,1,0,0,8.1,2,2,16.136,0
141.52,12,0,0,1,0,1,0,0,14.7,1,2,2.312,0
7.96,19,0,3,2,0,0,0,0,33.3,1,1,0.107,0
64.32,16,0,1,1,0,0,0,0,144.5,1,1,8.988,0
117.74,10,0,1,1,0,0,0,0,176.7,1,1,5.194,0
82.74,11,0,3,1,0,1,0,0,16.4,2,1,0.572,0
7.78,15,0,1,1,0,1,0,0,39.7,2,1,0.414,0
82.96,19,0,3,3,0,0,1,0,6.1,1,4,1.757,0
45.59,4,1,0,6,0,2,0,0,53.4,5,3,0.543,0
22.59,11,0,1,1,0,0,0,0,15.3,2,1,0.242,0
67.50,14,0,1,1,0,1,0,0,69.5,1,1,9.580,0
40.62,17,0,0,0,0,0,0,0,6.1,3,1,0.715,0
9.97,11,0,0,0,0,0,0,1,2.5,1,4,0.042,0
7.50,21,0,1,1,0,0,0,0,15.2,1,2,0.607,0
24.14,12,0,4,4,0,3,0,1,57.3,4,1,7.778,0
53.13,18,0,1,3,0,1,0,0,49.3,1,1,0.924,0
5.70,8,0,1,1,0,0,0,0,13.5,1,2,0.888,0
39.95,19,0,3,4,0,0,0,0,133.5,1,1,0.295,0
32.85,13,0,1,7,0,4,0,0,186.9,2,1,0.605,0
10.32,19,0,4,1,0,0,0,0,94.5,1,1,0.547,0
149.78,21,0,7,8,3,5,0,1,50.0,3,4,9.489,1
20.78,8,0,3,4,0,2,0,1,369.0,3,3,0.081,0
21.35,8,0,3,3,0,0,0,0,98.4,2,3,0.706,0
126.86,15,0,0,0,0,0,0,0,13.5,2,4,11.365,0
7.79,13,0,2,1,0,0,0,0,23.5,1,4,0.310,0
9.94,16,0,2,1,0,0,1,0,27.2,1,1,0.583,0
30.20,15,0,1,1,1,0,0,0,15.4,4,1,0.583,0
19.55,20,0,3,1,0,0,0,0,171.6,1,2,0.115,0
161.70,12,0,2,2,0,1,0,0,29.0,2,1,7.519,0
26.86,15,0,2,2,0,0,0,0,19.3,1,1,0.455,0
19.05,17,0,2,1,0,1,0,1,48.7,1,1,0.715,0
62.02,13,0,2,1,0,1,0,0,72.4,2,5,11.113,0
5.37,19,0,1,1,0,0,0,0,21.5,1,3,0.796,0
69.17,17,0,1,1,0,0,0,1,19.6,2,1,1.057,0
7.78,13,0,2,2,0,0,0,0,52.9,1,3,0.603,0
48.84,3,1,6,1,1,2,1,0,346.2,5,4,0.297,1
31.80,21,0,3,2,0,0,0,0,56.3,2,1,0.718,0
3.18,20,0,3,2,0,0,0,0,51.2,2,2,0.975,0
22.90,18,0,2,2,0,0,0,0,8.5,1,2,0.200,0
21.42,13,0,1,1,0,1,0,0,88.3,1,3,5.843,0
26.29,11,0,1,2,0,1,0,1,5.0,3,1,0.357,0
30.51,16,0,0,1,0,0,1,1,8.9,2,1,0.227,0
34.95,16,0,2,1,0,0,0,0,23.6,1,4,0.220,0
16.01,17,0,1,2,0,1,0,0,52.5,5,1,0.755,0
31.66,11,0,5,5,0,1,0,1,128.3,1,1,12.192,0
75.43,20,0,2,2,0,0,0,0,4.2,1,1,1.034,0
49.14,6,0,5,2,0,1,0,0,10.0,3,1,0.260,0
37.31,21,0,4,1,0,2,0,0,81.9,2,1,0.627,0
65.07,21,0,0,1,0,0,0,0,24.0,3,1,0.127,0
12.23,11,0,3,3,0,0,0,0,41.9,1,1,0.560,0
13.26,20,0,4,2,0,0,0,0,39.3,1,1,0.312,0
24.23,16,0,3,2,0,0,0,0,74.0,2,2,0.599,0
61.23,12,0,2,2,0,1,0,0,10.7,3,2,0.716,0
11.11,20,0,2,2,0,0,0,0,13.6,1,1,0.580,0
13.47,21,0,3,3,0,0,0,0,10.1,1,5,0.703,0
22.40,14,0,1,1,0,0,0,0,21.0,1,2,0.515,0
17.91,12,0,1,1,0,0,0,0,6.9,1,2,0.353,0
6.43,14,0,4,1,0,1,0,0,57.9,3,2,0.761,0
19.89,19,0,2,2,0,0,0,0,32.9,2,5,0.089,0
22.29,14,0,2,2,0,0,0,0,8.5,3,1,0.584,0
29.60,10,0,3,1,0,0,0,0,9.7,3,4,3.077,0
15.12,15,0,1,1,0,0,0,0,13.9,4,2,0.612,0
15.62,20,0,1,1,0,1,0,0,27.2,1,2,0.838,0
76.07,18,0,3,3,0,0,0,0,6.8,1,3,0.061,0
78.15,12,0,1,1,0,0,0,0,42.8,2,1,5.163,0
27.81,16,0,1,2,0,0,0,0,105.6,2,1,0.300,0
88.98,8,0,1,1,0,0,0,0,55.5,1,1,2.745,0
39.35,14,0,1,1,0,0,0,0,0.1,1,1,4.795,0
38.57,10,0,1,2,0,1,0,0,1.6,1,1,0.138,0
708.43,19,0,9,5,2,3,1,0,452.5,6,3,60.336,1
35.72,16,0,2,2,0,0,0,0,59.7,3,1,1.588,0
18.06,16,0,1,1,0,0,0,0,14.0,1,2,0.566,0
7.62,20,0,4,4,0,0,0,0,2.2,1,3,0.891,0
146.24,18,0,1,1,0,0,0,0,19.1,2,1,7.035,0
18.92,15,0,1,1,0,1,0,0,60.6,1,1,1.523,0
18.21,16,0,1,1,0,0,0,0,55.3,2,1,2.436,0
20.39,11,0,4,2,0,0,0,0,17.9,1,1,0.119,0
42.92,9,0,2,2,0,0,0,0,69.6,1,1,0.294,0
43.76,10,0,3,2,0,2,0,0,43.7,1,1,0.196,0
5.96,12,0,1,1,0,0,0,0,4.5,2,2,0.752,0
121.34,18,0,11,12,2,4,1,1,73.5,5,5,3.496,1
160.24,9,0,1,1,0,0,0,0,14.8,1,2,9.480,0
108.99,9,0,4,3,0,1,1,0,10.0,2,2,0.990,0
12.41,17,0,1,1,0,0,0,0,53.1,1,1,0.915,0
27.00,19,0,3,3,0,0,0,0,10.6,1,2,0.419,0
4.07,14,0,1,1,0,1,0,0,192.4,1,1,0.993,0
8.23,12,0,7,1,1,0,0,0,5.4,2,2,0.711,0
17.90,17,0,5,5,0,0,0,0,3.0,1,1,0.265,0
20.66,16,0,0,1,0,0,0,0,66.4,1,1,0.620,0
53.47,14,0,0,1,0,0,0,0,221.1,1,1,0.543,0
9.24,18,0,3,3,0,0,0,0,46.3,1,3,0.030,0
172.21,14,0,3,1,0,1,0,0,14.6,1,2,12.017,0
137.06,11,0,1,1,0,0,0,0,37.3,2,1,9.930,0
68.26,13,0,2,1,0,0,0,0,13.5,2,1,14.620,0
14.10,15,0,2,2,0,0,0,0,59.9,1,2,0.662,0
87.03,17,0,4,2,0,0,0,0,40.9,1,2,0.141,0
26.51,17,0,2,2,0,0,0,0,71.5,1,1,0.199,0
67.64,16,0,1,1,0,0,0,0,24.6,1,4,0.472,0
5.33,13,0,1,1,1,1,0,0,147.9,1,2,0.819,0
36.04,9,0,1,1,0,0,0,0,1.2,2,1,0.488,0
27.41,11,0,2,1,0,0,0,0,0.2,1,2,2.574,0
378.69,11,0,6,1,0,1,0,0,26.9,1,3,1.395,0
296.00,9,0,2,2,0,1,0,0,7.7,2,2,15.264,0
30.09,12,0,1,1,0,0,0,0,3.0,4,2,0.612,0
38.46,18,0,2,1,0,0,0,0,16.3,1,1,0.635,0
10.82,14,0,2,1,0,0,0,0,13.2,3,2,0.109,0
60.09,14,0,1,1,0,0,1,0,37.1,1,1,0.037,0
13.37,20,0,3,1,0,1,0,0,1.2,1,3,0.086,0
40.82,17,0,2,2,0,0,0,0,65.1,2,1,1.753,0
215.30,2,1,14,4,2,6,1,0,50.0,5,5,3.427,1
39.70,16,0,0,0,0,0,0,0,21.2,1,1,0.618,0
9.18,10,0,1,1,0,0,1,0,77.5,1,3,0.460,0
35.80,14,0,1,1,0,1,0,0,49.7,1,1,0.307,0
36.25,20,0,2,2,0,0,1,0,40.2,2,2,3.255,0
33.28,17,0,2,3,0,0,0,0,44.0,2,1,0.549,0
13.42,16,0,3,3,0,1,0,0,34.2,1,2,0.948,0
42.24,20,0,3,2,0,0,0,0,24.1,1,2,0.194,0
11.58,13,0,2,2,0,1,0,1,28.0,1,1,0.799,0
29.60,18,0,3,1,0,0,0,0,14.9,1,4,0.764,0
11.93,9,0,0,1,0,0,0,0,32.1,1,2,0.114,0
35.53,11,0,1,2,0,0,1,0,3.8,2,1,0.309,0
96.37,13,0,0,1,0,0,0,0,39.8,1,1,3.462,0
18.46,13,0,1,1,0,0,0,0,15.7,1,2,0.665,0
138.51,10,0,11,6,0,2,0,1,180.6,3,3,8.185,0
15.74,8,0,2,1,0,0,0,0,162.4,2,1,0.440,0
72.92,20,0,2,3,0,0,0,0,64.8,1,1,2.655,0
14.31,18,0,0,0,0,0,0,0,50.4,1,1,0.781,0
31.12,20,0,4,1,1,1,0,0,3.5,1,1,0.887,0
12.80,20,0,1,1,0,0,0,0,24.8,1,1,0.637,0
81.74,11,0,0,0,0,0,0,0,7.1,1,1,19.133,0
11.03,18,0,1,1,0,0,0,0,7.8,2,1,0.547,0
133.64,12,0,1,2,0,1,0,0,11.7,1,1,6.295,0
234.81,3,1,7,5,0,0,1,0,100.0,5,3,30.688,0
159.02,22,0,4,6,0,0,0,0,25.6,3,1,2.382,0
16.90,14,0,3,3,0,0,0,0,24.4,2,1,0.847,0
13.62,9,0,2,2,0,0,0,0,8.1,2,1,0.683,0
87.23,16,0,5,5,0,0,0,0,78.7,1,4,2.588,0
8.11,20,0,2,3,0,0,0,0,6.0,1,1,0.392,0
71.84,19,0,2,2,0,0,0,0,14.5,1,1,2.027,0
29.38,12,0,3,3,0,0,0,0,8.9,3,3,0.227,0
30.34,21,0,2,1,0,0,0,0,184.6,1,3,0.576,0
30.74,13,0,3,1,0,1,0,0,1.3,1,1,3.686,0
21.17,21,0,0,3,0,0,0,0,16.2,2,1,0.084,0
5.16,13,0,2,2,0,0,0,0,69.5,3,5,0.795,0
17.76,21,0,4,4,0,0,0,0,102.5,1,1,0.904,0
84.31,11,0,1,2,0,1,0,0,58.7,2,1,0.405,0
18.25,14,0,0,0,0,0,0,0,55.7,1,3,0.395,0
40.41,16,0,2,2,0,0,0,0,49.7,1,1,0.746,0
95.11,11,0,2,2,0,0,0,1,30.9,1,1,0.407,0
26.59,17,0,2,1,0,0,0,0,18.1,1,2,0.320,0
1.99,17,0,2,1,0,1,0,0,10.8,1,1,0.976,0
14.42,13,0,1,1,1,1,0,0,35.9,1,2,0.408,0
63.20,12,0,6,1,1,1,0,0,47.9,1,2,0.479,1
20.49,15,0,3,1,0,1,0,0,39.1,4,1,0.120,0
32.64,16,0,1,1,0,0,0,0,8.1,1,1,1.866,0
33.83,21,0,2,2,0,1,0,0,79.4,1,3,0.610,0
87.72,14,0,4,1,0,0,0,0,7.8,1,1,11.957,0
16.54,16,0,5,5,0,0,0,0,27.4,1,1,0.663,0
9.99,19,0,4,2,0,0,0,0,30.5,1,2,0.828,0
22.94,12,0,4,4,0,0,0,0,74.7,1,1,1.595,0
26.54,11,0,3,2,0,1,0,1,71.6,1,3,0.754,0
15.65,18,0,2,2,0,0,0,0,22.4,2,2,0.483,0
74.28,13,0,4,4,0,1,0,0,51.3,1,2,7.843,0
21.64,13,0,2,2,0,0,0,0,56.3,1,2,0.864,0
10.43,10,0,0,1,0,0,0,0,61.1,1,2,0.456,0
7.04,10,0,3,1,0,0,1,0,1.7,1,1,0.831,0
8.65,20,0,4,2,0,0,0,0,9.9,1,1,0.453,0
19.09,18,0,1,1,0,0,0,0,142.8,1,1,0.116,0
95.38,12,0,1,2,0,0,0,0,1.0,2,1,3.788,0
63.03,18,0,0,4,0,0,0,0,142.2,1,1,0.553,0
20.89,13,0,3,3,0,0,0,0,15.0,3,2,0.468,0
45.95,21,0,3,2,0,0,0,0,48.4,1,1,0.185,0
42.53,13,0,3,2,0,0,0,0,143.3,1,1,1.524,0
66.80,14,0,1,2,0,0,0,0,13.1,1,3,10.658,0
16.21,14,0,2,1,0,0,0,0,34.4,2,2,0.163,0
14.29,8,0,2,2,0,0,0,0,94.3,2,3,0.947,0
18.04,21,0,0,2,1,0,0,0,34.9,3,2,0.595,0
23.46,10,0,4,4,0,1,0,0,22.5,2,2,0.010,0
30.31,14,0,1,1,0,0,0,0,101.6,2,1,1.881,0
52.80,11,0,0,2,0,0,0,0,84.7,1,6,2.885,0
70.54,16,0,3,3,0,0,0,0,78.5,1,4,1.554,0
72.20,16,0,2,1,0,1,0,0,88.1,2,1,2.689,0
54.06,18,0,2,2,0,0,0,0,5.0,2,1,0.395,0
336.59,0,1,7,4,0,4,1,1,143.8,5,5,24.441,1
55.89,17,0,2,1,0,1,0,0,50.9,1,1,0.737,0
193.08,11,0,1,1,0,3,1,0,103.3,2,4,5.576,0
9.40,12,0,2,2,0,0,0,0,18.2,4,1,0.426,0
37.31,13,0,1,1,0,0,1,0,57.0,1,1,0.336,0
215.98,11,0,1,1,0,0,0,0,35.6,2,2,1.210,0
8.20,15,0,2,1,0,2,1,0,63.9,2,1,0.470,0
8.16,17,0,5,5,0,0,0,0,0.4,1,1,0.609,0
94.82,7,0,2,1,0,2,0,0,47.9,1,5,3.237,0
27.00,15,0,3,1,0,0,0,0,4.8,1,3,0.118,0
25.70,15,0,7,1,0,3,1,1,119.9,2,4,0.228,0
9.60,12,0,1,1,0,1,0,0,164.5,1,1,0.071,0
9.27,10,0,0,1,0,1,0,0,17.9,3,4,0.754,0
14.13,8,0,1,2,0,0,0,0,145.6,3,1,0.763,0
29.23,11,0,3,1,0,0,0,1,38.9,2,1,1.841,0
8.48,12,0,3,1,0,0,0,0,58.0,1,1,0.179,0
80.26,14,0,2,1,0,0,0,0,8.7,1,1,1.822,0
11.53,13,0,2,2,0,1,0,0,94.1,1,1,0.546,0
27.57,19,0,1,1,0,1,0,0,188.2,1,2,0.359,0
4.44,11,0,2,2,0,0,0,0,85.6,1,2,0.568,0
12.07,11,0,3,1,0,0,0,0,6.5,2,2,2.400,0
5.51,17,0,0,1,0,0,0,0,23.9,2,2,0.930,0
48.51,11,0,2,4,0,0,0,0,56.3,2,1,2.395,0
19.33,11,0,2,1,0,0,0,0,37.9,1,2,0.484,0
255.87,18,0,14,5,2,4,1,1,74.5,4,1,9.174,1
14.89,9,0,3,3,0,0,0,0,14.7,1,2,0.249,0
111.53,11,0,7,6,0,1,0,0,82.8,2,3,3.382,0
61.61,21,0,2,2,0,0,0,0,3.0,1,1,2.014,0
27.92,11,0,3,2,0,0,0,0,15.1,1,2,1.721,0
21.68,8,0,3,1,0,1,0,0,128.2,1,1,0.695,0
114.08,10,0,2,3,0,1,0,0,0.5,3,3,7.085,0
53.99,22,0,8,1,1,4,0,1,128.3,4,6,3.799,0
26.45,21,0,2,2,0,0,0,0,44.7,1,2,0.511,0
15.51,17,0,1,1,0,1,0,0,25.2,1,2,0.571,0
26.31,17,0,2,1,0,0,0,0,23.1,1,2,0.173,0
29.81,12,0,0,1,0,1,0,0,48.0,1,1,2.411,0
64.83,10,0,3,3,0,0,0,0,50.5,1,1,2.584,0
27.06,17,0,1,2,0,0,1,0,11.6,2,1,2.888,0
3.38,8,0,2,2,0,0,0,0,30.1,3,1,0.932,0
18.06,13,0,2,2,0,0,0,0,135.8,1,1,0.578,0
7.69,14,0,2,2,0,1,0,0,14.5,1,1,0.070,0
17.22,20,0,4,1,0,1,0,0,26.3,1,1,0.084,0
17.58,11,0,0,0,0,0,0,0,16.7,1,1,0.412,0
29.89,15,0,2,1,0,1,1,0,9.9,2,1,0.907,0
14.81,10,0,1,1,0,0,0,0,29.7,1,3,0.169,0
34.12,10,0,6,1,0,0,0,0,6.0,1,1,0.226,0
10.28,11,0,4,4,0,0,0,0,10.2,1,1,0.595,0
12.06,17,0,1,1,0,0,0,0,14.6,1,1,0.226,0
87.90,13,0,1,1,0,0,0,0,72.2,1,2,0.962,0
55.62,10,0,4,1,0,1,0,0,332.4,2,3,0.126,0
67.46,21,0,1,2,0,0,0,0,55.6,3,1,2.164,0
7.61,18,0,6,6,0,0,0,0,4.3,1,1,0.718,0
763.46,19,0,9,4,2,7,0,1,1198.9,6,6,68.279,1
90.96,13,0,2,1,0,1,0,0,99.9,1,3,10.257,0
87.30,15,0,4,3,0,0,0,0,83.0,1,3,3.207,0
89.12,11,0,3,1,0,0,0,0,50.4,1,1,2.982,0
77.22,17,0,3,1,0,0,0,0,13.9,2,2,0.100,0
215.87,17,0,3,3,0,0,0,1,211.4,1,2,22.959,0
19.86,14,0,1,1,0,0,0,0,7.7,1,4,0.449,0
11.02,14,0,0,2,0,0,0,0,40.2,1,1,0.030,0
15.62,15,0,4,1,0,0,0,0,6.7,1,1,0.653,0
56.18,13,0,2,2,0,1,0,0,5.4,1,2,0.503,0
4.18,20,0,3,3,0,2,1,1,22.4,1,2,0.868,0
140.18,19,0,0,1,0,0,0,0,7.5,1,1,0.238,0
9.77,9,0,4,1,0,1,0,0,65.7,1,1,0.646,0
13.09,10,0,4,4,0,0,0,0,57.0,1,1,0.791,0
12.91,14,0,4,3,0,0,0,0,15.9,1,1,0.843,0
18.76,16,0,2,1,0,1,0,0,27.4,1,1,0.234,0
44.14,13,0,1,1,0,0,0,0,175.2,1,1,0.245,0
83.14,2,1,2,6,0,5,0,0,64.2,1,3,0.792,0
4.26,8,0,3,3,0,0,0,0,33.0,1,2,0.580,0
43.36,10,0,1,1,0,0,0,0,29.5,1,1,0.365,0
37.91,14,0,2,2,0,0,0,0,1.5,1,2,1.714,0
41.15,7,0,7,11,0,3,0,1,50.0,6,4,1.950,1
26.40,9,0,5,2,0,1,1,0,41.4,1,2,0.435,0
111.30,18,0,0,1,0,0,0,0,9.1,1,1,0.377,0
21.34,18,0,3,3,0,0,0,0,34.7,1,1,0.341,0
51.05,20,0,3,3,0,0,0,0,127.6,1,2,0.296,0
12.12,20,0,0,0,0,0,0,0,30.3,1,2,0.812,0
57.77,13,0,2,2,0,0,0,0,24.1,2,1,0.545,0
8.76,15,0,1,1,0,1,1,0,55.7,1,1,0.168,0
84.13,17,0,4,4,0,1,0,0,26.1,2,1,4.242,0
32.96,13,0,2,2,0,0,0,0,12.3,1,2,1.218,0
62.79,12,0,1,2,0,1,0,0,33.8,3,1,7.133,0
35.60,10,0,3,3,0,0,0,0,52.4,2,1,0.470,0
27.36,12,0,0,1,0,0,0,0,21.8,2,1,0.258,0
12.58,9,0,2,1,0,0,0,0,15.5,1,1,0.110,0
183.09,16,0,0,1,0,0,0,0,39.5,1,2,17.438,0
60.87,12,0,2,2,0,2,0,0,18.0,1,1,3.189,0
26.64,16,0,0,5,0,2,0,0,73.4,2,1,0.483,0
28.17,21,0,1,1,0,0,0,0,36.3,2,1,0.923,0
8.01,17,0,3,3,0,0,0,0,2.9,1,1,0.821,0
13.34,9,0,1,1,0,0,0,0,1.1,1,2,0.017,0
112.84,7,0,5,3,0,1,1,0,26.4,3,4,1.254,0
58.52,16,0,1,3,0,1,0,0,80.7,1,2,9.918,0
17.46,10,0,0,2,0,0,0,0,72.1,2,1,1.270,0
39.23,17,0,4,1,0,0,0,0,9.0,1,1,2.690,0
122.84,10,0,1,1,0,0,0,0,76.8,1,4,1.389,0
75.51,8,0,2,2,0,0,0,0,19.6,1,1,0.714,0
16.29,13,0,5,1,1,1,1,0,45.8,1,1,0.508,0
32.13,13,0,4,1,0,0,0,0,48.6,1,1,2.702,0
16.21,14,0,0,0,0,0,0,0,28.0,1,2,0.955,0
204.54,10,0,6,8,0,2,0,0,81.4,7,5,0.467,0
22.11,10,0,3,2,0,2,0,0,109.4,4,1,0.030,0
65.50,14,0,1,3,0,0,0,1,19.1,1,3,6.158,0
21.19,11,0,2,2,0,1,0,0,12.4,1,1,0.034,0
6.34,13,0,1,2,0,0,0,0,36.6,2,1,0.733,0
157.71,3,1,6,2,1,0,1,0,67.1,1,1,2.627,0
9.61,19,0,3,1,0,0,0,0,10.0,3,1,0.763,0
27.93,11,0,6,5,0,1,0,1,69.2,2,3,1.978,0
16.16,11,0,4,4,0,0,0,0,44.0,5,2,0.794,0
87.08,20,0,0,1,0,0,0,0,27.5,2,2,6.392,0
3.50,20,0,1,1,1,0,0,0,80.1,1,2,0.841,0
9.00,10,0,3,3,0,0,0,0,22.6,1,1,0.163,0
5.75,10,0,2,1,0,0,0,0,69.9,1,3,0.922,0
46.55,19,0,1,1,0,0,0,0,7.3,1,1,2.318,0
75.06,21,0,0,1,0,1,0,0,25.1,1,4,15.247,0
14.83,16,0,6,1,0,0,0,0,43.7,3,1,0.470,0
15.97,18,0,3,3,0,0,0,0,36.8,1,1,0.298,0
7.66,12,0,2,1,0,0,0,1,4.4,1,1,0.505,0
8.31,18,0,1,2,0,0,0,0,19.6,1,3,0.738,0
12.95,19,0,2,1,0,0,0,0,225.1,1,3,0.115,0
11.28,10,0,2,2,0,0,0,0,324.9,1,2,0.378,0
88.21,21,0,1,1,0,0,0,0,16.6,1,5,1.593,0
26.44,19,0,0,2,0,0,0,0,20.5,1,1,0.539,0
54.72,20,0,0,0,0,1,0,0,124.3,1,2,3.272,0
85.13,12,0,8,7,0,3,1,0,114.9,1,4,1.666,0
28.00,18,0,2,2,0,0,0,0,98.2,1,1,0.076,0
6.92,10,0,1,2,0,0,0,0,32.1,1,1,0.697,0
114.02,15,0,2,2,0,0,0,0,16.2,3,1,11.287,0
144.04,19,0,3,2,0,0,0,0,12.7,2,3,3.158,0
269.60,6,0,8,4,2,3,1,0,284.4,5,6,8.211,1
27.76,9,0,4,4,0,0,0,0,52.4,2,2,0.592,0
153.88,16,0,4,1,0,0,0,0,135.1,1,2,30.404,0
27.18,13,0,2,1,0,1,0,0,29.5,1,1,2.658,0
96.77,14,0,2,2,1,0,0,0,4.1,1,1,1.186,0
15.50,15,0,2,3,0,1,0,0,49.0,4,2,0.703,0
20.61,13,0,0,1,0,0,0,0,102.9,1,1,0.422,0
44.59,20,0,0,1,0,0,0,0,34.1,3,2,0.108,0
98.15,9,0,4,4,0,0,0,1,50.3,1,1,27.783,0
20.47,14,0,1,1,0,0,0,0,21.6,1,4,1.321,0
12.13,9,0,5,6,1,0,0,1,149.2,3,3,0.803,0
56.23,18,0,1,1,0,1,0,0,57.4,2,1,0.135,0
51.17,15,0,1,1,0,0,0,0,64.5,2,3,3.911,0
25.73,19,0,2,2,0,1,0,0,38.9,1,2,0.273,0
3.85,19,0,2,2,0,0,0,0,19.2,2,1,0.963,0
18.01,14,0,2,2,0,2,1,0,51.9,1,3,0.163,0
191.13,17,0,4,1,0,1,0,0,146.6,1,1,4.211,0
5.08,11,0,2,1,0,1,0,0,16.1,2,1,0.919,0
21.16,12,0,0,0,0,0,0,0,38.7,2,1,0.661,0
21.82,10,0,8,3,0,0,0,0,47.7,1,1,1.028,0
3.70,20,0,4,1,0,0,0,1,6.3,3,1,0.501,0
47.11,11,0,1,1,0,0,0,1,9.7,2,1,3.547,0
15.34,9,0,3,1,0,0,0,0,77.5,1,4,0.475,0
37.57,14,0,3,1,0,1,0,1,175.4,3,4,1.804,0
24.84,20,0,0,2,0,0,0,0,7.1,1,1,0.091,0
7.46,19,0,1,1,0,0,0,0,14.0,1,2,0.877,0
14.11,12,0,2,2,0,0,0,0,3.2,1,1,0.385,0
17.09,18,0,0,0,0,0,0,0,50.0,1,4,2.398,0
18.70,14,0,4,1,0,1,0,1,66.0,2,1,0.238,0
85.78,9,0,8,7,2,2,0,1,410.0,6,6,1.725,1
15.16,17,0,5,4,0,0,0,0,24.4,1,2,0.324,0
49.72,17,0,3,3,1,0,0,0,68.5,1,1,0.918,0
46.68,17,0,1,1,0,1,0,0,22.4,1,1,0.051,0
68.13,10,0,2,3,0,0,0,0,56.6,1,2,5.520,0
66.98,21,0,1,1,0,0,0,0,45.4,3,1,0.477,0
30.76,12,0,4,4,0,0,0,0,38.3,1,1,0.285,0
16.81,16,0,4,4,0,2,1,0,47.9,1,2,0.852,0
9.58,14,0,0,2,1,1,0,0,53.6,3,5,0.347,1
27.37,20,0,2,2,0,1,0,1,82.6,2,1,0.233,0
74.63,10,0,2,1,0,0,0,0,105.2,1,2,6.375,0
9.95,14,0,5,2,0,0,0,0,22.5,1,2,1.445,0
4.24,17,0,2,1,0,1,0,0,73.6,1,1,0.126,0
1183.78,22,0,3,8,3,4,0,0,50.0,1,3,64.620,1
8.30,13,0,2,2,0,0,0,0,192.2,1,2,0.826,0
27.81,21,0,1,1,0,0,0,0,36.9,1,1,4.390,0
8.14,9,0,2,2,0,0,0,0,10.8,1,1,0.767,0
3.35,20,0,5,1,0,0,0,0,37.3,2,1,0.878,0
48.09,15,0,5,2,0,1,0,0,2.2,1,3,0.622,0
29.17,15,0,2,2,0,1,0,0,61.4,1,1,0.562,0
84.53,20,0,4,1,0,1,0,0,13.0,2,1,0.899,0
24.65,1,1,4,5,1,3,1,0,126.2,2,4,1.956,0
55.19,7,0,4,1,0,1,0,1,297.2,2,3,0.730,0
14.10,9,0,5,5,0,0,0,0,0.2,1,1,0.160,0
26.68,17,0,2,2,0,0,1,0,23.0,1,1,0.534,0
12.48,16,0,2,1,0,1,0,0,19.0,1,2,0.133,0
19.34,8,0,2,2,1,0,1,0,6.7,1,1,0.637,0
5.98,9,0,4,2,0,0,0,0,139.1,1,1,0.861,0
77.47,15,0,1,1,0,0,0,0,5.7,2,2,4.083,0
42.88,9,0,4,4,0,0,0,0,29.6,1,2,0.323,0
8.53,11,0,3,2,0,0,0,0,100.5,2,1,0.508,0
24.90,18,0,4,4,0,0,0,0,39.9,1,2,0.157,0
149.94,11,0,3,3,0,0,0,0,7.2,1,1,7.588,0
86.88,18,0,2,2,0,0,0,0,8.1,1,1,3.397,0
14.85,19,0,3,3,0,0,0,0,116.5,1,2,0.737,0
24.17,16,0,1,1,0,0,0,0,7.1,3,1,0.295,0
54.79,21,0,2,1,0,0,0,0,278.6,1,1,0.474,0
96.39,8,0,1,1,0,0,0,0,3.6,1,5,4.568,0
23.87,8,0,0,0,0,0,0,0,12.8,1,2,1.421,0
40.22,9,0,1,1,0,0,0,0,0.5,1,1,0.929,0
31.36,11,0,4,4,0,1,0,0,1.2,2,1,2.568,0
31.73,12,0,2,1,0,0,0,0,3.9,1,3,2.698,0
24.16,15,0,1,2,0,0,0,0,18.2,2,1,0.094,0
38.38,4,1,6,5,5,10,1,1,398.8,2,4,0.120,1
13.91,12,0,1,1,0,0,0,0,149.8,2,1,0.112,0
127.90,11,0,3,3,0,0,0,0,71.8,1,2,3.195,0
11.94,19,0,2,2,0,0,0,0,50.9,1,3,0.765,0
22.22,17,0,4,4,0,0,0,0,158.9,1,1,0.539,0
10.84,19,0,4,1,1,1,0,1,249.9,1,4,0.610,1
15.98,16,0,2,2,0,0,0,0,22.8,1,3,0.621,0
41.78,10,0,9,7,0,1,0,0,94.0,1,2,0.018,0
12.17,16,0,7,7,0,2,0,0,40.5,1,1,0.540,0
13.42,18,0,3,2,0,1,0,0,24.6,2,1,0.935,0
68.81,19,0,2,2,0,0,0,0,57.2,4,2,0.486,0
14.71,12,0,2,1,0,0,0,0,9.5,2,1,0.427,0
100.71,11,0,4,2,0,0,0,0,100.4,2,2,2.616,0
13.69,11,0,4,2,1,0,0,1,10.4,1,1,0.918,0
69.07,10,0,1,1,0,1,0,0,7.6,1,1,0.482,0
14.13,13,0,1,2,0,1,0,0,13.6,1,3,0.556,0
19.34,14,0,3,1,0,0,0,0,66.4,1,5,0.455,0
13.66,11,0,1,1,0,0,0,0,1.4,1,1,0.437,0
104.20,18,0,1,2,0,1,0,0,3.6,1,4,1.281,0
12.90,18,0,0,1,0,0,0,0,49.3,1,1,0.839,0
10.05,16,0,2,2,0,0,0,0,183.8,1,1,0.461,0
84.42,12,0,3,4,0,0,0,0,7.9,1,2,8.908,0
50.80,23,1,8,6,1,1,1,0,179.6,3,3,1.857,1
5.26,15,0,4,1,0,0,0,0,6.5,1,2,0.743,0
66.08,15,0,1,2,0,0,0,0,89.1,3,4,0.074,0
242.82,5,1,6,2,0,1,0,0,187.9,1,1,22.552,0
14.44,13,0,3,1,0,1,0,0,33.1,3,1,0.182,0
12.28,10,0,1,2,1,0,0,0,27.2,1,2,0.226,0
4.04,9,0,1,1,0,0,0,0,0.4,1,4,0.856,0
28.99,13,0,2,2,0,1,0,0,1.7,1,1,0.734,0
39.91,15,0,0,0,0,0,0,0,43.4,1,1,0.184,0
29.53,16,0,1,2,0,0,1,0,187.6,1,2,0.374,0
17.60,16,0,3,1,0,1,0,0,35.5,1,1,0.286,0
22.62,17,0,1,1,1,0,0,0,9.6,1,2,0.164,0
7.04,21,0,3,3,0,1,0,0,120.5,1,2,0.818,0
34.55,14,0,0,2,0,1,0,0,94.0,1,2,1.473,0
5.75,9,0,3,1,0,0,0,0,17.4,1,1,0.824,0
124.67,14,0,1,1,0,2,0,0,39.5,1,3,2.341,0
21.01,19,0,1,1,0,0,0,0,98.8,1,1,0.800,0
15.53,21,0,1,1,1,0,0,0,13.7,2,3,0.850,0
16.46,10,0,2,2,0,2,0,0,111.2,1,1,0.729,0
5.66,9,0,1,2,0,0,0,0,38.4,1,1,0.841,0
34.81,14,0,0,1,0,1,0,0,17.4,2,1,2.788,0
27.74,16,0,3,1,0,0,0,0,114.2,3,1,1.914,0
30.30,17,0,3,1,0,2,0,0,114.0,1,2,2.355,0
46.50,20,0,4,4,0,2,0,0,19.0,1,1,1.638,0
38.46,9,0,1,1,0,0,0,0,33.5,1,1,0.082,0
22.56,11,0,3,3,0,0,0,0,133.9,1,3,1.097,0
22.12,13,0,3,2,0,0,0,1,27.6,1,2,0.288,0
6.65,19,0,2,2,0,0,0,0,22.3,1,1,0.668,0
8.27,11,0,1,1,0,1,1,0,248.0,2,3,0.792,0
32.95,13,0,3,2,0,0,0,0,110.3,2,2,0.278,0
71.52,19,0,1,1,0,0,0,0,130.9,1,1,10.610,0
70.05,4,1,5,2,0,4,0,1,177.0,1,4,0.564,0
21.82,11,0,2,2,0,1,0,0,3.3,1,3,0.254,0
24.38,14,0,2,2,0,0,0,0,7.0,1,3,0.413,0
13.22,17,0,0,2,0,1,0,0,58.1,3,1,0.843,0
31.51,14,0,5,5,0,0,0,0,132.4,2,2,0.639,0
38.49,18,0,0,1,0,0,0,0,38.3,1,1,2.730,0
86.63,12,0,1,1,0,0,0,0,19.0,1,1,1.476,0
61.18,20,0,2,1,0,0,0,0,24.8,1,1,0.557,0
66.13,8,0,5,5,0,0,0,0,146.5,1,1,0.956,0
21.06,17,0,1,3,0,0,0,0,18.8,1,1,0.624,0
45.51,20,0,3,3,0,1,1,0,116.2,5,1,0.034,0
32.21,5,1,10,3,1,7,1,0,325.3,2,4,0.956,1
16.06,16,0,1,1,0,0,0,0,8.2,2,2,0.716,0
33.34,10,0,2,1,0,0,0,0,21.2,1,1,3.716,0
12.51,13,0,3,1,0,0,1,1,79.8,1,1,0.177,0
8.91,19,0,2,1,0,1,0,0,21.5,1,2,1.382,0
100.74,11,0,0,1,0,1,0,0,126.1,1,1,0.865,0
43.00,13,0,5,1,0,1,0,0,75.6,1,4,0.359,0
36.10,8,0,3,3,0,1,0,0,16.4,2,1,0.310,0
22.78,19,0,1,1,0,0,0,0,41.4,2,3,0.364,0
140.86,8,0,1,1,0,0,0,0,71.4,1,1,7.156,0
11.44,8,0,2,1,0,0,1,0,111.7,2,1,0.919,0
166.01,20,0,3,1,0,2,0,0,11.5,2,1,14.962,0
1762.10,6,0,6,5,0,1,1,1,236.6,3,5,19.641,0
69.81,13,0,3,1,0,0,0,0,21.0,1,1,0.584,0
20.61,15,0,1,1,0,0,0,0,8.5,2,2,0.551,0
16.59,5,1,3,4,0,2,1,0,110.9,1,1,0.229,0
100.22,3,1,11,7,0,5,0,1,262.1,2,4,8.203,0
10.02,17,0,5,1,0,0,0,0,6.5,8,1,0.701,0
41.11,10,0,1,1,0,0,0,0,8.9,2,1,2.386,0
31.22,16,0,2,2,0,0,0,0,6.3,1,2,0.063,0
162.55,9,0,4,4,0,0,0,0,103.9,1,1,5.562,0
124.74,8,0,5,1,0,1,0,0,14.1,2,1,10.561,0
144.05,9,0,2,2,0,0,0,0,91.6,1,2,5.106,0
35.54,12,0,0,1,0,1,0,0,25.1,1,1,2.454,0
8.68,14,0,3,2,0,0,0,0,67.1,1,1,0.026,0
21.47,14,0,2,2,0,0,0,0,16.2,1,1,0.947,0
14.01,16,0,5,1,0,0,0,0,2.6,1,2,0.220,0
41.88,20,0,3,3,0,1,0,0,3.1,3,1,0.922,0
16.32,20,0,1,1,0,0,0,0,82.0,1,1,0.350,0
15.81,15,0,2,2,0,0,0,0,20.0,1,1,0.732,0
31.93,21,0,2,1,0,0,0,0,17.2,1,1,1.162,0
38.41,9,0,2,1,1,0,0,0,16.6,1,2,0.215,0
52.32,9,0,6,2,0,0,0,0,6.1,2,3,0.415,1
24.44,17,0,3,2,0,0,1,1,42.0,3,1,0.536,0
9.56,15,0,1,1,0,1,0,0,47.7,1,1,0.893,0
16.51,9,0,0,0,0,0,0,0,17.1,1,1,0.034,0
4.22,9,0,1,1,0,0,0,0,46.9,2,1,0.953,0
173.22,16,0,1,1,0,0,0,0,71.0,2,1,8.088,0
25.73,18,0,4,2,0,0,0,0,20.5,2,2,0.600,0
6.55,17,0,0,0,0,0,0,0,15.3,3,2,0.856,0
40.21,12,0,3,5,1,3,1,0,399.9,2,7,0.040,0
20.45,18,0,2,1,0,0,0,0,32.1,1,1,0.711,0
27.04,21,0,2,2,0,1,0,0,73.2,1,1,0.250,0
124.46,20,0,6,1,0,0,0,0,15.6,1,1,7.194,0
15.71,17,0,5,2,0,2,0,0,18.8,2,1,0.019,0
69.89,18,0,2,2,0,1,0,0,32.2,2,3,2.502,0
12.55,15,0,3,4,0,0,0,0,31.0,2,3,0.458,0
11.81,14,0,3,3,0,0,0,0,28.1,2,4,0.788,0
108.11,12,0,4,4,0,1,0,0,52.0,1,1,0.762,0
22.93,20,0,0,0,0,0,0,0,0.2,2,1,1.682,0
6.86,13,0,2,1,0,0,0,0,52.1,2,1,0.922,0
105.16,2,1,4,8,4,3,1,0,537.6,1,8,15.030,1
51.35,16,0,7,3,0,0,0,0,36.2,1,1,0.708,0
54.62,20,0,0,3,0,0,0,0,2.7,2,2,0.376,0
27.69,14,0,1,1,0,0,0,0,102.7,1,2,0.928,0
16.72,0,1,6,9,2,3,1,1,87.6,4,7,0.181,1
61.45,17,0,1,1,0,0,0,0,16.8,1,1,4.903,0
13.51,19,0,3,1,0,0,0,0,121.2,3,1,0.031,0
76.33,18,0,2,2,0,0,0,0,68.2,2,1,19.355,0
25.33,19,0,3,3,0,0,0,0,5.5,3,1,0.441,0
5.95,20,0,4,1,0,0,0,0,7.5,3,2,0.923,0
27.97,12,0,1,3,0,0,0,0,21.8,4,2,0.300,0
31.77,20,0,3,2,0,1,0,0,81.8,1,1,0.207,0
28.15,16,0,1,2,0,0,0,0,22.7,3,2,0.522,0
46.92,19,0,2,2,0,0,0,0,13.7,1,2,6.483,0
30.08,9,0,3,1,0,1,0,0,85.7,2,2,0.698,0
45.11,13,0,8,8,0,1,0,0,47.3,1,5,0.305,0
12.17,19,0,6,1,0,0,0,0,6.7,1,2,0.700,0
58.90,8,0,2,3,0,0,0,0,0.6,2,1,4.713,0
38.29,15,0,3,2,0,0,0,0,20.0,1,1,0.077,0
43.76,9,0,1,2,0,0,0,0,42.6,1,1,4.819,0
13.28,14,0,2,1,0,0,0,0,31.0,1,3,0.206,0
4.76,10,0,2,2,0,0,0,0,6.7,2,1,0.882,0
29.17,13,0,3,1,0,0,0,0,14.7,1,1,0.288,0
172.59,9,0,4,6,0,1,1,1,194.6,4,1,2.234,0
36.01,15,0,3,3,0,0,0,0,78.9,1,3,0.048,0
18.20,14,0,1,1,0,0,0,0,18.4,3,2,2.948,0
45.65,14,0,1,4,0,0,0,0,39.8,1,2,0.744,0
17.20,19,0,2,2,0,0,0,0,180.6,3,3,0.028,0
17.42,9,0,0,0,0,0,0,0,141.7,2,1,0.037,0
17.09,13,0,1,1,0,0,0,0,13.9,1,2,0.809,0
34.17,19,0,3,3,0,0,0,0,11.4,1,4,1.537,0
101.12,10,0,3,1,0,0,0,1,33.2,1,2,22.737,0
137.56,14,0,2,1,0,0,0,0,24.9,3,1,4.836,0
17.27,21,0,1,1,0,1,0,0,9.9,1,2,0.614,0
11.75,17,0,2,1,0,1,0,0,35.1,1,2,0.922,0
107.56,1,1,12,4,1,7,1,1,57.1,7,1,1.592,1
17.88,16,0,1,3,0,0,0,0,29.9,1,2,0.792,0
53.04,15,0,3,3,0,0,0,0,92.7,1,2,0.334,0
14.24,10,0,4,2,0,0,0,0,7.3,1,1,0.176,0
48.29,17,0,4,1,0,0,0,0,9.8,1,1,1.895,0
77.00,22,0,8,2,0,1,0,1,333.8,6,5,1.594,0
26.93,9,0,2,2,0,1,0,1,0.8,1,4,0.996,0
51.79,15,0,3,1,0,0,0,0,59.9,1,4,0.360,0
43.97,16,0,1,2,0,0,1,0,14.2,1,1,0.340,0
18.03,12,0,3,1,0,0,0,0,13.3,2,1,0.502,0
33.24,20,0,1,1,0,0,0,0,21.1,3,1,0.273,0
43.19,18,0,2,2,0,0,0,0,107.7,2,1,0.026,0
5.55,19,0,3,3,0,0,0,0,68.4,1,3,0.858,0
104.30,18,0,6,6,0,2,1,1,71.4,2,4,7.869,0
9.25,18,0,3,3,0,0,0,0,72.2,1,1,0.803,0
17.32,18,0,1,1,0,0,0,0,14.0,1,1,0.629,0
175.87,11,0,2,2,0,0,0,0,318.1,1,1,18.369,0
61.13,19,0,2,2,0,0,0,0,7.5,2,1,1.557,0
2.01,18,0,3,1,0,0,0,0,16.9,1,2,0.443,0
19.92,11,0,3,3,0,0,0,0,24.5,2,2,0.129,0
17.31,19,0,0,0,0,0,0,0,77.5,1,1,0.588,0
40.79,17,0,2,1,0,0,0,0,11.5,1,2,0.340,0
12.99,16,0,0,2,0,0,0,0,57.1,1,1,1.593,0
15.05,15,0,4,3,0,0,0,0,1.7,1,1,0.205,0
28.95,12,0,4,1,0,0,0,0,103.0,1,1,0.564,0
27.93,17,0,3,2,0,0,0,0,84.7,1,2,1.160,0
26.53,17,0,1,1,0,0,0,0,30.9,2,1,0.594,0
95.70,0,1,2,5,2,5,1,1,457.6,6,5,17.728,1
151.01,15,0,7,6,0,6,1,0,147.8,2,4,4.351,0
108.85,21,0,3,6,1,2,0,0,110.3,4,1,0.447,0
12.39,11,0,1,1,0,1,0,0,32.4,2,1,0.676,0
101.10,10,0,6,4,0,0,1,1,60.8,3,1,4.438,0
8.33,17,0,3,3,0,0,0,0,37.2,1,1,0.688,0
20.69,15,0,8,5,0,3,0,1,136.2,2,1,0.749,0
34.61,11,0,2,2,0,0,0,0,148.5,2,2,0.164,0
84.30,16,0,5,5,1,4,0,0,536.3,3,1,14.906,0
8.22,19,0,3,2,0,0,0,0,18.5,1,1,0.656,0
36.76,18,0,0,4,0,0,0,0,134.4,2,3,1.733,0
137.68,15,0,0,2,0,0,0,0,47.2,1,1,5.658,0
8.37,11,0,2,2,1,2,0,0,102.8,1,1,0.860,0
9.87,18,0,2,2,0,0,1,0,49.1,1,1,0.206,0
13.43,16,0,2,1,0,0,0,0,26.3,1,1,0.423,0
91.63,11,0,2,3,1,1,0,0,54.2,1,1,2.870,0
70.17,18,0,2,1,0,0,0,0,0.7,1,4,3.886,0
97.40,10,0,3,2,1,0,0,0,205.0,2,2,10.907,0
8.78,17,0,2,1,0,0,0,0,47.6,1,1,0.788,0
13.32,15,0,2,2,0,0,0,0,81.5,2,3,0.927,0
53.09,10,0,1,3,0,0,0,0,31.6,2,3,0.273,0
69.79,12,0,1,1,0,1,0,0,110.2,1,3,7.289,0
53.80,16,0,1,2,0,1,0,0,146.2,2,1,0.303,0
27.34,20,0,0,0,0,0,0,0,47.9,1,3,0.055,0
42.75,1,1,1,2,0,3,1,0,326.6,1,3,4.391,0
4.38,19,0,2,2,0,0,0,1,5.9,1,2,0.743,0
147.60,18,0,7,7,0,3,0,1,10.2,1,2,23.197,0
7.65,12,0,3,3,0,1,0,0,5.4,3,1,0.399,0
57.80,14,0,0,1,0,0,0,0,59.6,2,2,0.352,0
60.60,16,0,6,4,1,2,1,1,283.8,3,3,1.165,1
18.23,17,0,0,2,0,1,0,0,125.3,2,1,0.463,0
15.23,13,0,3,1,0,1,0,0,54.2,1,1,0.650,0
63.54,20,0,0,3,0,0,0,0,5.7,1,3,0.896,0
49.58,20,0,1,1,0,1,0,0,52.7,1,1,0.048,0
29.09,18,0,1,1,0,0,0,0,54.6,1,1,0.306,0
21.70,17,0,3,3,0,2,0,0,2.0,3,1,0.928,0
13.82,10,0,4,1,0,2,0,0,50.4,1,1,0.750,0
22.22,18,0,2,2,0,0,0,0,11.9,2,3,0.573,0
2.08,19,0,2,1,0,0,0,0,13.5,1,1,0.834,0
14.01,15,0,4,4,0,0,0,0,8.0,1,3,1.010,0
18.38,5,1,6,1,2,2,0,0,35.3,4,6,0.826,0
26.65,19,0,0,1,0,0,0,0,7.7,1,2,8.621,0
25.82,15,0,7,4,1,2,0,0,222.7,3,5,0.392,0
22.60,10,0,3,3,0,0,0,0,12.7,1,2,0.584,0
5.71,9,0,4,4,0,0,0,0,118.4,1,2,0.605,0
17.95,18,0,0,2,0,0,0,0,63.2,1,6,3.214,0
9.91,18,0,1,4,1,0,0,0,52.0,1,1,0.765,0
42.51,19,0,2,2,0,0,0,0,45.2,1,1,0.718,0
29.82,12,0,0,1,0,0,0,0,46.0,2,2,0.554,0
141.28,9,0,0,0,0,0,0,0,9.1,1,3,4.560,0
93.92,13,0,3,3,0,0,0,0,100.5,1,2,5.582,0
647.40,13,0,3,3,0,0,1,0,33.7,2,4,33.806,0
49.58,13,0,4,1,0,0,0,0,40.8,4,1,0.963,0
199.46,9,0,3,4,0,5,0,0,35.8,2,6,2.547,0
25.04,20,0,4,4,0,0,0,0,74.5,1,2,0.520,0
124.69,10,0,3,1,0,1,0,1,10.0,1,1,1.161,0
30.73,19,0,3,1,0,0,0,0,20.6,1,1,5.538,0
13.22,17,0,1,1,0,1,0,0,5.8,1,1,0.587,0
38.15,17,0,2,1,0,4,0,0,316.5,2,4,0.031,0
8.72,11,0,1,1,0,0,0,0,86.9,1,1,0.187,0
176.17,15,0,12,6,1,1,0,0,101.2,1,4,4.062,0
19.06,13,0,1,1,0,1,0,0,15.2,1,2,0.008,0
54.32,17,0,2,1,0,0,0,0,73.6,1,1,0.339,0
11.70,11,0,2,2,0,0,0,0,12.7,3,1,0.108,0
97.76,11,0,4,1,0,1,0,1,30.2,2,1,4.016,0
19.90,11,0,5,1,0,0,0,0,17.7,1,2,3.462,0
17.22,19,0,1,2,0,0,0,0,29.2,1,1,0.093,0
9.30,12,0,0,0,0,0,0,0,3.1,4,2,0.711,0
24.95,13,0,0,1,0,0,0,0,14.6,1,1,0.845,0
51.66,16,0,1,2,0,2,0,0,9.7,2,2,3.560,0
15.47,21,0,1,1,0,0,0,0,7.5,1,1,0.398,0
274.97,10,0,3,3,0,2,0,0,10.1,1,1,17.516,0
28.13,17,0,4,1,0,0,0,0,49.8,1,2,1.867,0
4.64,19,0,2,1,0,0,0,0,9.1,3,1,0.797,0
18.11,10,0,2,6,0,3,0,0,327.7,4,2,0.401,0
12.99,9,0,2,2,0,0,0,0,18.6,1,1,0.251,0
30.11,11,0,2,2,0,1,0,0,14.1,2,3,0.211,0
12.03,12,0,2,1,0,0,0,0,21.9,2,2,0.623,0
27.12,21,0,0,0,0,2,0,0,48.7,1,1,0.247,0
29.25,9,0,7,1,0,0,0,0,2.1,1,2,0.413,0
61.37,16,0,3,3,0,0,0,0,105.5,1,1,0.627,0
564.33,10,0,5,6,0,2,0,1,203.2,3,1,33.452,0
5.47,15,0,1,1,0,1,1,0,86.6,1,1,0.895,0
33.98,11,0,1,1,0,0,0,0,4.2,1,3,0.345,0
9.71,18,0,4,2,0,1,0,1,2.9,2,2,0.879,0
37.81,11,0,0,0,0,0,0,0,58.5,1,1,0.803,0
41.92,16,0,3,3,0,0,0,0,89.2,2,1,0.329,0
51.98,12,0,1,2,0,0,0,0,79.3,1,1,0.188,0
62.25,21,0,0,2,0,1,0,0,58.5,1,1,0.305,0
10.18,17,0,4,4,1,1,0,0,24.7,1,2,0.656,0
137.11,9,0,3,3,0,0,0,0,17.4,2,4,2.383,0
24.55,15,0,0,1,0,0,0,0,24.7,1,1,0.493,0
3.34,20,0,3,1,0,0,0,0,9.6,1,2,0.712,0
3.45,20,0,0,2,0,0,0,0,78.1,1,2,0.120,0
3.78,10,0,0,0,0,1,0,0,4.8,1,1,0.852,0
18.60,12,0,1,3,0,0,0,1,10.8,2,3,1.150,0
42.68,17,0,3,3,0,0,0,0,133.3,2,2,0.022,0
6.91,15,0,2,2,0,1,0,0,43.0,2,2,0.972,0
1.11,12,0,0,1,0,0,0,0,17.9,1,2,0.951,0
19.19,12,0,1,1,0,0,0,0,130.2,1,1,0.463,0
8.42,10,0,2,2,0,0,0,0,76.0,1,3,0.801,0
70.31,11,0,2,2,0,0,0,0,29.2,3,3,0.071,0
68.22,16,0,2,2,0,0,0,0,29.6,1,1,6.505,0
3.39,13,0,3,4,0,0,0,0,12.2,2,2,0.926,0
42.43,11,0,1,1,0,0,0,1,82.8,1,3,3.476,0
26.65,16,0,1,1,0,1,0,0,15.0,1,2,0.722,0
100.98,8,0,2,1,0,2,0,0,33.4,1,1,1.215,0
122.05,19,0,2,2,0,0,0,0,150.6,1,1,5.849,0
43.11,12,0,2,2,0,2,0,0,88.1,2,2,0.285,0
4.83,9,0,2,2,0,0,0,1,9.4,1,1,0.532,0
13.86,20,0,2,2,0,0,0,0,136.4,1,1,0.966,0
121.40,6,0,8,7,0,1,0,0,77.8,2,4,2.907,0
62.64,14,0,2,2,0,0,0,0,7.7,1,1,0.742,0
17.48,14,0,3,2,0,0,0,0,55.4,1,1,0.369,0
11.91,18,0,0,3,0,0,0,0,15.7,1,2,0.390,0
18.19,8,0,2,2,0,0,0,0,44.4,2,1,0.797,0
34.20,22,0,4,4,0,1,1,0,199.7,1,2,0.186,0
75.34,16,0,1,1,0,1,0,0,17.6,2,3,0.032,0
129.56,11,0,0,1,0,0,0,0,226.9,1,1,6.485,0
26.16,9,0,0,1,0,0,0,0,9.2,1,1,0.163,0
14.91,13,0,1,1,0,0,0,0,56.2,1,2,0.131,0
29.73,12,0,2,2,0,0,0,0,4.3,1,1,0.393,0
4.74,19,0,1,2,0,0,0,0,305.9,3,2,0.806,0
26.45,10,0,3,2,0,0,0,0,86.9,1,1,2.426,0
47.99,15,0,1,1,0,0,0,0,8.7,1,3,0.031,0
32.02,19,0,0,1,0,0,0,0,8.1,2,2,0.551,0
28.08,11,0,1,1,0,0,0,0,7.7,1,2,0.310,0
35.98,12,0,3,1,0,0,0,0,53.5,1,4,3.458,0
29.63,9,0,1,1,0,0,0,0,80.0,3,2,0.012,0
53.90,16,0,5,5,0,1,0,0,71.5,2,1,0.661,0
30.08,19,0,1,1,1,1,0,0,59.0,1,2,0.216,0
26.77,14,0,1,1,0,0,0,0,3.0,1,2,0.704,0
17.67,13,0,1,1,0,0,0,0,94.9,1,1,0.687,0
44.82,13,0,3,3,0,1,0,0,53.0,1,1,9.646,0
167.08,18,0,1,2,0,0,0,0,8.3,1,1,2.278,0
15.30,14,0,5,5,0,1,0,0,14.7,1,1,0.821,0
234.66,20,0,0,0,0,0,0,1,97.8,1,1,3.154,0
11.90,14,0,2,1,0,0,0,0,36.2,1,1,0.882,0
6.18,20,0,3,2,0,0,0,0,1.3,1,1,0.456,0
38.43,10,0,2,1,0,0,0,0,8.6,1,1,2.324,0
29.98,17,0,3,2,0,0,0,0,12.4,1,1,1.587,0
14.68,13,0,2,2,0,0,0,0,57.2,2,1,0.501,0
5.63,17,0,0,2,0,1,0,0,28.7,2,1,0.751,0
190.05,11,0,7,5,0,5,0,1,157.3,3,1,20.795,0
91.34,20,0,2,2,0,0,0,0,64.6,3,1,1.792,0
21.07,10,0,1,3,0,0,0,0,44.9,4,1,5.463,0
142.71,9,0,2,1,0,0,0,0,27.5,1,1,1.209,0
30.05,12,0,1,1,0,0,0,0,86.9,2,1,0.630,0
24.27,15,0,3,2,0,1,0,0,29.2,1,1,0.235,0
3.85,21,0,0,0,0,0,0,0,263.1,1,4,0.694,0
8.22,13,0,1,2,0,0,0,1,68.8,1,2,0.789,0
150.82,13,0,7,6,3,6,1,1,78.9,4,4,19.136,1
27.43,19,0,3,3,0,0,0,0,71.9,1,1,0.026,0
34.64,13,0,1,1,0,1,0,0,39.0,1,1,0.316,0
8.14,11,0,1,1,0,2,0,0,17.7,1,1,0.730,0
15.20,19,0,1,1,0,1,0,0,8.3,1,1,3.368,0
367.59,16,0,8,5,0,2,0,0,362.6,3,2,19.219,0
42.85,15,0,2,1,0,0,0,0,2.1,3,2,15.937,0
44.98,9,0,0,0,0,0,0,0,26.3,1,2,3.599,0
29.03,15,0,2,2,0,0,0,0,42.0,4,1,0.550,0
114.23,14,0,2,2,0,1,0,0,63.8,3,1,3.664,0
16.62,9,0,1,1,0,0,0,0,39.3,1,1,0.209,0
32.15,13,0,2,2,0,0,0,0,18.2,1,2,0.296,0
2.09,19,0,2,1,0,0,0,0,44.7,1,1,0.901,0
140.82,16,0,1,1,0,0,0,0,124.4,1,1,5.418,0
18.91,8,0,0,2,0,0,0,0,25.2,1,1,0.828,0
23.78,19,0,4,4,0,1,0,0,40.8,4,5,0.675,0
199.58,12,0,7,3,0,3,1,1,111.6,3,3,8.027,0
17.56,14,0,0,1,0,0,0,0,23.0,1,1,0.233,0
196.92,7,0,8,6,0,1,0,0,494.2,5,3,25.647,0
30.42,14,0,0,1,0,0,0,0,98.6,3,2,0.253,0
52.50,20,0,0,1,0,1,0,0,142.0,1,4,0.464,0
7.76,9,0,1,1,1,0,0,0,8.3,1,1,0.642,0
4.49,18,0,5,3,1,0,0,0,54.3,1,1,0.910,0
32.34,20,0,2,2,0,1,0,0,98.3,1,2,0.355,0
160.08,19,0,0,3,0,0,0,0,8.3,1,2,0.676,0
47.24,20,0,2,2,0,0,0,0,46.4,1,3,3.094,0
12.14,16,0,1,1,0,0,0,0,2.3,1,1,0.545,0
15.72,21,0,3,3,0,1,0,0,29.6,3,1,0.405,0
86.98,5,1,7,1,0,1,1,1,78.5,1,2,4.156,0
39.42,3,1,5,3,0,2,0,0,31.3,2,1,0.011,0
70.58,14,0,5,5,0,0,1,0,65.6,1,1,1.427,0
28.04,18,0,4,1,0,0,0,0,7.9,1,3,3.612,0
6.02,15,0,0,0,0,0,0,0,151.1,1,2,0.614,0
17.05,17,0,3,1,1,0,0,0,73.0,1,1,0.286,0
7.35,11,0,3,3,0,0,0,0,7.2,4,2,0.883,0
10.87,9,0,3,3,0,0,0,0,166.5,1,1,0.348,0
33.32,11,0,2,2,0,0,0,0,19.5,1,1,0.191,0
14.44,16,0,2,2,0,0,0,0,159.0,3,3,2.398,0
76.42,15,0,3,3,0,0,0,0,10.5,3,1,0.513,0
31.70,19,0,3,1,0,0,0,0,294.2,3,3,0.489,0
8.21,17,0,1,2,0,0,0,0,8.0,1,1,0.831,0
39.98,19,0,0,0,0,0,0,0,6.8,2,1,6.901,0
19.86,13,0,0,1,0,1,0,0,28.9,1,4,0.580,0
28.00,8,0,2,1,0,0,0,0,141.9,1,3,0.574,0
66.81,15,0,3,2,0,1,0,0,37.5,4,2,0.834,0
15.48,9,0,3,3,0,0,0,0,40.3,1,3,0.184,0
107.81,7,0,5,1,0,3,0,0,145.7,5,4,5.747,0
4.09,16,0,1,2,0,0,0,0,36.1,1,3,0.683,0
53.94,10,0,3,1,0,0,0,0,6.4,1,3,0.260,0
44.81,1,1,5,6,0,1,0,1,816.6,2,6,0.256,1
10.72,21,0,5,7,0,2,1,1,123.6,1,3,0.743,0
10.98,19,0,2,2,0,0,0,0,39.0,3,1,0.539,0
2.91,14,0,2,2,0,0,0,0,4.1,4,1,0.756,0
15.19,13,0,0,1,0,1,0,0,21.6,1,2,0.649,0
8.66,12,0,1,1,0,0,0,0,71.9,1,2,0.510,0
122.40,2,1,17,7,1,4,0,0,579.3,4,8,1.960,1
10.43,15,0,3,1,0,1,0,0,156.5,3,1,0.488,0
18.39,14,0,3,2,0,0,0,0,60.9,2,1,0.723,0
34.68,11,0,2,2,0,0,0,0,78.8,1,2,0.787,0
143.83,18,0,0,1,0,0,0,0,50.2,1,1,1.015,0
39.33,20,0,2,2,0,0,0,0,27.7,1,1,3.826,0
7.08,20,0,1,1,0,0,0,0,21.4,3,4,0.642,0
18.51,15,0,1,1,0,1,0,0,8.7,1,1,0.755,0
16.87,16,0,2,1,0,1,0,0,21.2,1,1,0.314,0
12.11,10,0,1,1,0,0,0,0,36.4,1,1,0.452,0
38.69,17,0,4,1,0,0,0,1,56.0,1,1,0.285,0
48.86,14,0,4,3,0,4,0,0,156.3,1,2,2.148,0
3.51,11,0,4,4,0,0,0,0,29.6,2,4,0.844,0
127.13,21,0,6,4,0,0,0,0,189.0,1,4,11.662,0
43.87,11,0,5,1,0,0,0,0,112.6,3,2,2.301,0
4.82,16,0,2,1,0,1,0,0,41.5,2,3,0.509,0
10.79,12,0,4,1,0,0,0,0,21.5,1,1,0.029,0
37.59,12,0,1,1,0,0,0,0,0.2,2,2,0.511,0
10.12,12,0,1,1,0,0,0,0,63.9,1,1,0.628,0
6.04,13,0,3,3,0,1,0,0,40.4,1,1,0.676,0
35.35,21,0,6,6,0,1,0,0,81.6,1,1,0.609,0
7.45,17,0,0,0,0,0,0,0,45.8,1,2,0.905,0
21.62,20,0,1,1,0,0,0,0,1.6,5,1,0.186,0
41.53,9,0,4,3,0,0,0,0,148.8,1,4,2.025,0
39.36,13,0,0,2,0,1,1,0,23.6,1,1,0.114,0
17.38,9,0,3,1,0,1,0,0,11.4,1,3,0.552,0
37.49,14,0,4,4,0,0,0,0,140.2,1,2,0.096,0
460.10,9,0,2,3,1,0,0,1,17.8,4,3,5.505,0
235.96,16,0,4,6,0,3,0,0,12.8,1,3,1.556,0
56.08,8,0,3,5,0,0,0,0,35.9,1,2,0.084,0
83.30,15,0,2,2,0,0,0,0,59.9,2,3,1.624,0
47.38,10,0,5,5,0,1,0,0,25.9,1,2,4.276,0
17.13,13,0,3,2,0,0,0,0,31.9,1,1,0.378,0
8.97,15,0,1,3,0,1,0,0,137.6,2,1,0.090,0
124.13,13,0,3,3,0,0,0,0,36.8,2,3,8.107,0
11.01,10,0,0,0,0,0,0,0,5.0,1,1,0.708,0
55.89,17,0,1,2,0,0,0,0,7.6,1,3,1.063,0
28.30,18,0,3,4,0,0,0,0,15.1,1,2,0.790,0
54.62,19,0,1,1,1,0,0,0,8.8,3,1,11.219,0
134.38,16,0,0,0,0,1,0,1,54.2,4,1,21.971,0
6.54,18,0,0,2,0,1,0,0,25.8,1,1,0.550,0
58.20,13,0,2,1,0,0,0,0,13.0,1,1,0.230,0
313.83,18,0,4,2,0,0,1,0,29.4,1,1,26.290,0
19.24,17,0,2,3,0,0,0,0,41.1,1,3,0.588,0
44.13,9,0,3,1,0,0,0,0,14.1,1,2,3.844,0
93.07,0,1,8,3,0,1,0,1,264.8,1,3,12.707,0
180.09,13,0,3,3,0,0,0,0,9.2,1,1,13.059,0
74.84,18,0,2,1,0,0,0,0,102.3,1,1,3.274,0
16.45,12,0,1,1,0,0,0,0,23.2,1,1,0.492,0
48.94,17,0,1,1,0,1,0,0,19.2,1,1,0.458,0
38.96,13,0,2,2,0,0,0,0,4.7,1,1,0.423,0
6.33,12,0,1,1,0,0,1,0,5.1,1,2,0.217,0
43.68,13,0,5,1,0,1,0,0,12.0,1,1,1.668,0
118.12,19,0,2,1,1,0,0,0,72.1,2,1,10.615,0
20.00,17,0,1,1,0,0,0,0,1.5,1,1,0.274,0
19.31,17,0,1,2,0,0,0,0,1.5,2,1,4.501,0
22.46,11,0,2,2,0,1,0,0,76.3,2,1,0.359,0
10.22,8,0,6,3,0,0,0,0,63.1,1,1,0.552,0
66.98,16,0,1,1,0,0,0,0,10.0,1,3,0.517,0
58.49,11,0,2,1,0,0,0,0,99.3,1,1,4.158,0
51.32,16,0,1,2,0,0,0,0,5.2,1,1,0.325,0
19.06,9,0,1,1,0,0,0,0,66.1,1,3,3.801,0
44.64,8,0,2,1,0,0,0,0,77.6,1,1,2.402,0
27.83,15,0,0,0,1,1,0,0,14.9,1,1,1.403,0
16.43,9,0,2,1,0,0,0,0,8.5,1,1,0.972,0
20.26,16,0,1,1,0,0,0,0,49.5,1,3,0.163,0
46.59,13,0,2,3,0,0,0,0,27.6,1,1,2.235,0
25.86,16,0,2,4,0,0,0,0,0.2,2,1,0.749,0
31.10,20,0,4,2,0,0,0,0,141.6,1,2,0.824,0
37.59,16,0,2,1,0,0,0,0,139.3,1,2,0.241,0
22.60,15,0,1,1,0,1,0,1,19.8,1,1,5.043,0
20.46,10,0,0,1,0,0,0,0,102.1,1,1,2.212,0
41.54,20,0,2,2,0,0,0,1,16.7,1,3,2.294,0
9.10,15,0,1,1,0,0,0,0,9.1,1,2,0.901,0
86.02,10,0,3,6,0,2,0,0,10.0,2,4,0.251,0
40.21,10,0,3,1,0,1,0,0,17.4,2,2,1.730,0
3.43,11,0,2,1,0,1,0,0,70.6,1,1,0.543,0
61.73,15,0,2,2,0,1,0,0,70.8,1,1,0.133,0
3.93,20,0,0,3,0,0,0,0,4.7,1,2,0.941,0
25.47,20,0,1,2,0,1,1,0,151.9,2,1,3.324,0
16.26,18,0,4,1,0,0,0,0,56.9,3,1,1.077,0
11.44,15,0,2,1,0,0,0,0,34.6,2,1,0.616,0
123.22,17,0,1,2,0,1,0,1,50.0,2,1,3.739,0
32.74,14,0,4,2,0,0,0,0,75.5,4,1,0.686,0
19.48,17,0,1,1,0,0,0,0,146.1,1,1,0.693,0
24.36,14,0,2,1,0,0,0,0,13.2,3,2,0.443,0
18.01,18,0,3,1,0,0,0,0,54.0,1,2,0.047,0
8.77,8,0,2,1,0,1,0,0,13.2,1,1,0.474,0
17.80,16,0,4,2,0,0,0,0,9.7,1,4,0.031,0
46.56,17,0,3,1,0,0,0,0,2.7,1,1,4.517,0
9.37,18,0,1,1,0,1,0,0,8.4,1,1,0.012,0
90.56,13,0,1,2,0,0,0,0,11.6,1,1,2.348,0
121.48,8,0,10,5,0,0,0,0,48.0,3,5,0.959,0
32.56,12,0,5,1,0,0,0,0,56.4,1,2,6.094,0
20.83,10,0,2,3,0,0,0,0,108.6,1,1,0.270,0
6.22,15,0,3,1,0,0,0,0,96.3,2,1,0.701,0
38.44,13,0,3,3,0,0,0,0,38.5,1,3,0.530,0
33.58,11,0,3,3,0,0,0,0,29.7,1,1,0.241,0
160.58,8,0,4,1,0,0,0,0,9.0,3,7,29.881,0
47.07,9,0,0,4,0,1,0,0,12.0,1,1,1.462,1
6.42,21,0,5,2,0,0,0,0,67.0,6,1,0.504,0
23.93,9,0,1,1,0,0,0,0,11.0,2,3,0.278,0
82.19,3,1,2,4,1,4,0,0,236.5,1,3,0.538,0
22.30,10,0,1,1,0,0,0,0,89.1,1,2,0.442,0
1.88,19,0,2,1,0,0,0,0,33.8,1,1,0.968,0
38.41,13,0,4,4,0,0,0,0,29.9,1,1,0.549,0
17.95,19,0,1,2,1,0,0,0,32.2,1,1,0.441,0
39.08,14,0,1,1,0,1,0,0,52.7,1,1,1.598,0
29.11,12,0,5,1,0,2,0,0,54.0,1,1,0.426,0
154.83,16,0,0,0,0,2,0,0,17.5,1,1,8.528,0
19.25,18,0,3,1,0,0,0,0,70.0,1,4,0.066,0
34.46,20,0,4,1,0,0,0,0,9.2,1,1,0.534,0
29.60,20,0,2,2,0,0,0,0,13.4,1,1,0.798,0
8.27,10,0,0,2,0,0,0,0,52.8,2,3,0.938,0
92.91,21,0,0,2,0,0,0,0,33.0,1,3,1.240,0
53.76,13,0,0,1,0,0,0,0,66.9,2,2,1.630,0
6.42,21,0,2,2,0,0,0,0,10.7,2,1,0.909,0
74.39,19,0,1,1,0,0,0,0,25.3,3,1,4.961,0
58.73,11,0,4,2,0,0,0,0,92.5,3,1,1.844,0
34.30,20,0,3,3,0,0,1,0,14.4,1,2,0.651,0
117.89,17,0,10,11,0,3,0,1,24.3,2,4,12.582,0
14.24,14,0,1,3,0,2,0,0,105.2,2,3,0.458,0
18.00,16,0,3,3,0,0,0,0,13.2,1,1,0.443,0
36.25,18,0,2,2,0,0,0,0,25.5,2,1,1.780,0
33.87,12,0,0,2,0,1,0,0,114.3,2,2,0.322,0
8.36,14,0,1,4,0,0,0,0,107.3,1,3,0.318,0
4.78,9,0,3,1,0,2,0,0,107.3,2,1,0.924,0
58.18,21,0,1,1,0,0,0,0,47.9,1,2,7.058,0
9.45,8,0,1,1,0,0,0,0,32.9,1,1,0.758,0
27.57,11,0,1,1,0,0,0,0,11.0,2,3,1.893,0
2.01,20,0,2,1,0,0,0,0,5.4,1,1,0.901,0
57.26,20,0,2,1,0,0,0,0,75.1,1,1,0.929,0
62.49,11,0,4,1,0,0,0,0,37.3,2,1,3.026,0
26.12,14,0,5,5,0,0,0,0,57.7,1,1,1.113,0
64.86,16,0,1,3,0,0,0,0,15.3,3,3,0.330,0
99.58,17,0,2,1,0,0,0,0,6.5,1,1,0.196,0
7.02,17,0,1,1,0,1,0,0,196.8,1,1,0.847,0
36.86,19,0,3,1,0,0,0,0,12.9,1,1,0.610,0
76.68,20,0,2,2,1,0,1,0,10.3,1,1,2.471,0
338.29,18,0,10,6,1,2,1,0,21.6,1,4,9.125,0
11.95,4,1,8,2,0,3,0,0,113.0,4,1,0.275,0
24.30,9,0,1,2,0,1,0,0,173.4,2,1,0.563,0
62.04,13,0,4,4,0,0,0,0,15.1,1,1,1.977,0
12.78,21,0,3,1,0,0,0,0,33.7,4,1,0.872,0
8.91,14,0,1,1,0,0,0,0,100.3,1,1,0.910,0
731.94,21,0,5,2,0,1,1,0,252.6,2,5,53.500,0
74.89,10,0,1,1,0,0,0,0,29.6,1,1,2.073,0
24.42,20,0,0,1,0,0,0,0,43.6,2,1,0.623,0
5.03,16,0,1,2,0,0,0,0,23.3,4,1,0.651,0
73.20,22,0,10,4,1,3,1,0,788.5,2,8,0.825,1
27.25,19,0,4,1,0,0,0,0,22.3,4,1,0.084,0
33.90,9,0,1,1,0,1,0,0,29.9,1,1,0.549,0
44.55,17,0,2,1,0,0,0,0,5.5,1,1,7.174,0
174.56,13,0,2,2,0,0,0,0,58.9,1,1,33.912,0
18.33,20,0,0,1,1,1,1,0,44.1,2,1,0.555,0
68.98,18,0,0,2,0,0,0,0,57.8,4,2,0.328,0
15.58,20,0,3,2,0,0,0,0,56.2,1,1,0.259,0
16.06,18,0,3,3,0,1,0,0,21.9,1,1,0.498,0
12.76,3,1,4,4,1,2,0,0,578.1,1,3,0.885,0
16.50,14,0,3,2,0,0,0,0,18.6,1,1,0.476,0
28.14,21,0,2,1,0,0,0,0,197.8,1,1,0.231,0
15.28,19,0,2,1,0,0,0,0,8.2,1,3,0.876,0
138.87,9,0,2,1,0,0,0,0,210.0,1,2,0.634,0
54.39,13,0,2,1,0,0,0,0,1.6,2,1,1.349,0
24.62,15,0,2,2,0,1,0,0,48.0,3,1,0.630,0
396.93,21,0,4,4,1,2,0,0,1199.7,1,2,3.203,0
126.69,20,0,1,1,0,0,0,0,40.9,1,2,9.470,0
40.93,13,0,4,1,0,0,0,0,92.9,1,1,0.133,0
26.65,19,0,1,1,0,2,0,0,168.9,1,2,1.788,0
38.14,19,0,1,2,0,0,0,0,12.9,3,3,2.178,0
15.12,16,0,0,1,0,0,0,0,138.0,1,2,0.785,0
89.85,11,0,1,1,0,1,0,0,60.9,1,2,0.224,0
49.30,20,0,1,1,0,0,1,0,13.1,2,1,0.411,0
17.78,17,0,2,2,1,3,0,1,19.8,1,3,0.586,1
39.10,3,1,5,1,1,4,0,0,213.8,1,2,5.528,0
139.53,9,0,1,1,0,0,0,1,166.4,2,1,8.505,0
25.77,19,0,1,1,1,0,0,0,9.1,3,1,3.627,0
132.22,19,0,0,2,0,0,0,0,5.4,1,1,6.737,0
40.47,15,0,1,1,0,0,0,0,11.7,1,3,0.507,0
136.92,17,0,0,0,0,0,0,0,1.1,1,1,7.874,0
21.93,13,0,0,0,0,0,0,0,45.2,1,1,0.736,0
47.32,13,0,1,1,0,0,0,0,37.9,1,2,0.470,0
131.34,8,0,10,11,1,4,1,1,469.3,4,4,9.954,1
17.64,19,0,0,0,0,0,0,0,23.0,1,1,0.350,0
20.02,13,0,3,1,0,0,0,0,18.6,3,1,0.672,0
20.26,11,0,2,2,0,0,0,0,35.4,1,1,1.212,0
105.13,16,0,1,1,0,0,0,0,34.8,1,1,0.112,0
5.06,15,0,4,4,0,1,0,1,320.3,2,3,0.632,0
103.70,4,1,8,5,0,0,0,0,59.2,2,2,4.771,0
38.81,16,0,2,1,0,1,0,0,64.3,1,4,6.507,0
4.93,19,0,0,4,0,0,0,0,189.3,2,2,0.809,0
19.70,18,0,1,6,1,1,0,0,27.3,4,4,0.105,0
32.99,18,0,2,2,0,0,0,0,14.0,1,2,0.377,0
46.13,20,0,3,2,0,0,0,0,4.7,1,2,0.163,0
6.44,17,0,2,1,0,0,0,1,15.5,2,1,0.802,0
23.99,17,0,2,1,0,1,0,0,67.5,4,3,0.395,0
30.81,21,0,4,1,0,0,0,0,96.2,3,1,0.816,0
15.00,18,0,3,3,0,0,0,0,34.4,1,3,0.852,0
24.19,8,0,2,2,0,0,0,0,69.3,1,4,0.599,0
14.36,11,0,0,1,0,1,0,0,273.9,1,2,0.943,0
24.00,0,1,6,8,1,2,0,1,381.0,5,5,0.447,1
82.04,16,0,2,3,0,0,0,0,106.9,1,1,7.831,0
26.81,2,1,5,5,0,5,1,0,799.8,3,4,0.081,0
26.27,18,0,5,4,0,1,1,0,87.9,4,1,0.591,0
23.15,13,0,1,1,0,0,0,0,9.0,2,1,0.565,0
18.21,14,0,2,3,0,0,0,0,81.3,1,3,0.483,0
19.82,13,0,1,1,0,0,0,0,20.5,1,2,0.222,0
133.67,9,0,1,1,0,0,0,0,31.8,1,4,17.695,0
148.67,23,1,7,8,0,6,1,1,50.0,6,6,2.487,1
138.22,10,0,5,2,0,0,1,0,632.1,7,2,1.408,0
247.81,4,1,10,10,0,4,1,1,236.0,2,6,0.101,1
57.84,17,0,1,2,0,0,0,0,34.1,1,2,0.310,0
24.67,11,0,5,5,0,2,0,0,0.8,1,1,0.263,0
16.99,16,0,2,2,0,0,0,0,60.1,1,1,0.543,0
23.75,13,0,1,1,0,0,0,0,23.5,1,3,0.639,0
8.28,16,0,6,6,0,1,0,0,0.8,1,1,0.883,0
17.04,19,0,2,2,0,0,0,0,63.1,1,1,1.532,0
174.27,4,1,10,9,4,4,0,0,297.5,6,7,10.495,1
14.74,10,0,4,2,0,0,1,0,77.6,1,1,0.020,0
9.79,12,0,3,1,0,0,0,0,17.5,1,3,0.806,0
24.51,17,0,1,1,0,2,0,0,28.8,2,1,1.345,0
6.59,15,0,1,1,0,0,0,0,142.2,2,1,0.769,0
28.19,15,0,3,1,0,1,0,0,5.3,1,1,0.640,0
4.27,8,0,0,3,0,0,0,0,19.3,1,1,0.897,0
35.92,18,0,4,4,0,0,0,0,6.7,1,1,0.130,0
32.24,16,0,5,1,0,0,0,0,8.3,2,2,0.429,0
1760.02,7,0,9,5,1,1,0,0,10.0,9,1,236.199,0
16.48,19,0,4,4,0,0,0,0,4.9,1,6,0.333,0
8.10,16,0,3,3,0,0,0,0,29.8,2,2,1.093,0
17.24,19,0,1,3,0,0,0,0,22.2,1,2,0.747,0
12.88,16,0,2,2,0,1,0,0,90.2,1,2,2.277,0
18.75,19,0,3,2,1,0,0,0,66.5,1,1,0.580,0
46.34,18,0,3,3,0,0,0,0,18.8,1,1,1.693,0
12.72,9,0,1,1,0,0,0,0,8.4,3,3,0.789,0
20.75,9,0,2,2,0,0,0,0,117.1,1,1,0.590,0
12.05,14,0,2,3,0,0,0,0,28.4,3,3,0.845,0
76.70,10,0,4,1,0,0,0,0,21.4,1,1,4.007,0
27.03,20,0,2,1,0,1,0,0,76.3,1,1,0.275,0
8.99,11,0,3,1,0,0,0,0,32.9,1,1,0.603,0
71.54,16,0,2,1,0,0,0,0,47.4,2,1,12.007,0
5.34,11,0,4,4,0,0,0,0,8.3,1,2,0.620,0
27.08,14,0,2,1,0,0,0,0,2.1,2,1,0.667,0
3.94,12,0,3,1,0,0,0,0,14.6,1,2,0.274,0
13.31,18,0,7,3,1,0,1,0,40.5,2,3,0.195,0
38.13,19,0,3,4,0,1,0,0,171.4,2,1,0.439,0
169.61,21,0,3,1,0,2,0,0,22.9,1,1,0.509,0
4.39,15,0,2,3,0,1,0,0,48.3,1,1,0.715,0
34.10,17,0,0,0,0,1,0,0,14.5,3,3,0.748,0
14.08,9,0,2,1,0,1,0,0,25.1,1,2,0.461,0
6.07,9,0,1,3,0,1,0,0,33.7,2,1,0.887,0
138.91,15,0,1,2,0,0,0,0,16.8,2,2,1.093,0
128.59,14,0,2,2,0,0,0,0,20.6,2,1,7.170,0
12.49,9,0,1,1,0,0,0,0,107.8,1,1,0.572,0
34.42,20,0,1,1,0,1,0,0,39.4,1,1,1.805,0
35.73,9,0,1,1,0,2,0,0,20.3,1,2,0.366,0
55.25,15,0,2,2,0,0,0,0,7.4,2,1,2.602,0
104.53,18,0,9,6,1,5,1,1,571.9,4,2,2.108,1
2.98,16,0,3,3,0,0,0,0,26.4,1,4,0.943,0
8.05,21,0,2,1,0,1,0,0,55.9,2,1,0.684,0
5.14,14,0,1,1,0,0,0,0,47.7,1,1,0.901,0
26.21,18,0,1,1,0,0,0,0,30.0,1,1,0.559,0
10.46,13,0,4,6,0,1,1,1,67.1,1,4,0.685,0
23.69,12,0,0,4,0,0,0,0,9.7,3,1,0.697,0
43.40,11,0,3,3,0,0,0,0,5.3,1,2,0.502,0
26.70,13,0,2,1,0,0,0,0,81.3,1,5,0.638,0
19.41,14,0,2,1,0,1,0,0,144.2,1,2,0.643,0
51.95,16,0,3,3,0,0,0,0,44.4,1,2,1.567,0
10.40,15,0,1,1,0,1,0,0,245.0,2,2,0.734,0
35.92,15,0,3,1,0,0,0,0,27.9,1,1,0.333,0
28.04,10,0,1,3,0,0,0,0,110.9,1,3,1.074,0
11.04,19,0,1,1,0,1,0,0,30.3,1,2,0.290,0
39.82,12,0,2,1,0,1,0,1,5.6,4,1,0.468,0
34.67,9,0,2,1,0,0,0,0,26.2,3,2,0.113,0
50.66,11,0,1,1,0,0,0,0,43.9,1,2,1.043,0
2.57,20,0,4,1,0,1,0,0,4.4,1,2,0.788,0
28.44,12,0,1,1,0,0,0,0,49.4,2,2,0.051,0
6.39,11,0,6,1,0,0,0,0,58.9,1,1,0.907,0
3.76,17,0,2,3,0,0,0,0,18.2,2,2,1.490,0
30.33,17,0,1,1,0,1,0,0,25.5,1,2,0.145,0
12.21,12,0,1,1,0,0,0,0,62.7,1,2,0.049,0
40.43,19,0,0,2,0,0,0,0,110.3,1,2,0.355,0
181.84,16,0,1,1,0,0,0,0,25.5,1,2,0.903,0
10.99,13,0,0,1,0,0,0,0,3.3,1,1,0.709,0
305.00,6,0,3,5,1,4,0,0,11.3,2,1,12.232,0
69.88,13,0,4,1,0,0,0,0,23.3,1,1,1.325,0
79.57,11,0,7,4,0,0,0,0,81.9,2,4,9.609,0
13.36,14,0,4,1,0,0,0,0,14.3,1,3,0.097,0
22.28,12,0,3,2,0,0,0,0,7.9,2,1,0.140,0
22.97,11,0,1,1,0,0,0,0,57.5,1,1,1.709,0
12.29,17,0,1,2,0,1,0,0,48.7,2,2,0.282,0
13.59,4,1,3,4,0,3,0,1,470.7,4,1,0.283,0
22.09,19,0,2,4,0,4,0,0,34.2,2,2,0.102,0
14.40,21,0,2,2,0,1,0,0,113.6,1,1,0.689,0
18.19,14,0,5,4,0,0,0,0,3.3,1,2,0.859,0
107.85,12,0,2,2,0,0,0,0,9.6,2,3,5.131,0
9.02,17,0,2,2,0,0,0,0,45.2,1,5,0.109,0
14.92,11,0,1,1,0,0,0,0,7.7,1,2,0.810,0
14.44,19,0,1,1,0,0,0,0,48.0,2,1,0.905,0
16.48,14,0,1,2,1,0,1,0,29.8,1,2,0.766,0
12.32,8,0,3,2,0,0,0,0,1.9,3,2,0.786,0
32.43,20,0,3,3,0,0,0,0,3.6,1,3,4.091,0
23.33,12,0,0,3,0,0,0,0,90.2,1,2,8.295,0
84.48,16,0,1,1,0,0,0,1,20.6,1,1,2.879,0
18.92,19,0,0,0,0,0,0,0,91.2,1,3,2.660,0
163.69,18,0,1,1,0,0,0,1,17.4,1,1,3.320,0
18.58,14,0,1,1,0,0,0,0,26.4,3,1,0.600,0
695.77,23,1,6,4,1,1,1,0,68.1,4,2,21.767,0
4.98,12,0,3,2,0,1,0,0,95.6,1,1,0.693,0
18.12,17,0,2,5,1,0,0,0,101.7,1,2,0.132,0
16.97,16,0,0,1,0,0,0,0,16.5,3,2,0.736,0
20.41,14,0,3,3,0,0,0,0,21.7,1,1,0.536,0
1.27,8,0,3,1,0,0,0,0,54.2,1,1,0.988,0
4.49,18,0,1,1,0,0,0,0,9.1,2,3,0.792,0
14.14,9,0,2,1,0,0,0,0,33.9,1,3,0.385,0
60.26,0,1,11,8,2,5,0,1,50.0,10,5,2.204,1
24.52,16,0,4,3,1,1,0,0,23.4,2,2,0.423,0
19.38,19,0,2,2,0,0,0,0,4.3,1,3,0.725,0
45.72,18,0,4,1,0,0,0,0,18.9,2,1,0.144,0
10.35,12,0,3,2,0,1,0,0,240.5,1,2,0.362,0
9.34,10,0,0,1,0,1,0,0,9.0,1,2,1.747,0
34.29,15,0,4,1,0,1,0,0,161.4,1,2,0.072,0
38.86,19,0,0,0,0,1,0,0,11.5,2,1,1.563,0
26.13,10,0,1,1,0,0,0,0,45.9,2,1,0.468,0
37.57,1,1,6,5,0,1,0,1,13.1,3,4,0.428,0
28.36,13,0,3,2,0,0,0,0,1.3,1,1,0.444,0
12.38,8,0,4,4,0,0,0,0,122.0,1,2,0.233,0
97.85,8,0,3,3,0,0,0,0,17.2,1,1,3.176,0
74.93,13,0,0,2,0,0,0,0,11.2,3,2,0.534,0
7.93,13,0,2,2,0,0,0,0,34.1,1,1,0.895,0
31.12,20,0,3,2,0,1,0,0,54.2,1,1,2.066,0
55.95,10,0,1,4,0,2,0,1,38.1,2,2,0.851,0
146.79,22,0,8,3,0,5,0,0,96.5,4,2,1.752,0
14.17,10,0,0,1,0,0,0,0,6.5,3,1,0.736,0
984.67,13,0,12,9,1,4,1,1,528.7,5,3,79.054,1
25.91,17,0,2,2,0,2,0,1,84.8,2,2,0.522,0
64.42,11,0,2,1,0,0,0,0,15.9,1,1,9.882,0
18.07,12,0,0,1,0,0,0,0,9.0,1,1,0.240,0
28.60,14,0,3,3,0,0,1,0,2.7,1,1,0.023,0
24.29,14,0,1,1,1,0,0,0,38.7,1,1,0.406,0
9.34,20,0,3,3,0,0,0,0,91.4,1,1,0.134,0
21.38,10,0,4,4,0,0,0,0,21.4,1,1,0.169,0
104.75,10,0,3,1,0,0,0,1,1.0,1,2,1.997,0
49.70,19,0,0,1,0,0,0,0,69.3,2,2,3.811,0
13.14,10,0,2,3,0,0,0,0,27.5,1,2,0.346,0
490.68,11,0,7,8,2,4,1,1,457.5,6,4,4.377,1
6.70,12,0,1,1,0,0,0,0,77.3,3,1,0.800,0
9.36,18,0,3,1,0,0,0,0,54.4,1,1,0.694,0
66.99,17,0,2,4,0,1,0,0,20.5,1,2,0.940,0
13.35,20,0,1,3,0,0,0,0,17.7,1,4,0.796,0
66.54,13,0,1,2,0,1,0,0,8.8,1,3,1.608,0
28.48,15,0,1,1,1,0,0,0,10.7,2,1,0.379,0
25.68,9,0,1,1,0,0,0,0,15.6,2,1,0.233,0
5.58,15,0,2,2,0,0,0,0,10.3,1,1,0.794,0
35.27,18,0,2,2,0,0,0,0,41.0,2,2,0.065,0
11.40,19,0,1,2,0,0,0,0,100.5,1,4,0.606,0
234.16,22,0,4,2,0,0,0,1,116.0,3,1,4.641,0
22.97,16,0,1,1,0,1,0,0,20.8,1,3,0.804,0
9.21,8,0,3,1,0,0,0,0,73.3,1,1,0.215,0
29.33,18,0,2,2,0,0,0,0,6.0,1,2,2.127,0
34.14,9,0,1,1,0,0,0,0,52.1,1,1,1.933,0
36.12,18,0,4,4,0,0,0,0,66.4,1,2,1.163,0
64.13,13,0,0,1,0,0,0,0,62.9,1,1,3.372,0
322.23,13,0,4,3,2,1,0,0,119.5,2,4,13.424,0
449.40,1,1,6,5,0,1,1,1,36.5,1,5,14.846,0
25.06,10,0,2,1,0,0,0,0,31.0,1,2,0.043,0
28.63,17,0,2,2,0,1,0,0,46.8,1,3,0.566,0
27.64,11,0,2,2,0,0,0,0,29.7,1,2,0.849,0
37.76,14,0,2,1,0,0,0,0,142.4,1,3,0.562,0
44.70,11,0,3,3,0,1,0,0,80.3,1,1,2.068,0
23.38,19,0,1,1,0,0,0,0,21.8,2,2,0.070,0
34.39,12,0,1,3,1,1,0,0,34.2,3,1,0.804,0
7.37,19,0,1,2,0,1,0,0,98.7,1,2,0.864,0
69.10,20,0,2,3,0,1,0,0,49.2,2,2,3.496,0
123.70,17,0,3,1,0,0,0,0,1.9,2,2,3.934,0
266.44,12,0,10,3,0,2,0,0,207.0,2,3,6.472,0
17.69,12,0,4,1,0,0,0,0,47.7,1,5,0.246,0
335.64,9,0,0,2,0,1,0,0,14.4,1,1,11.192,0
15.53,12,0,3,3,0,0,0,1,27.7,1,1,0.268,0
14.14,9,0,2,3,0,1,0,0,34.5,1,1,0.699,0
43.54,13,0,1,1,0,1,0,0,23.5,1,1,0.105,0
70.94,2,1,7,4,0,3,0,1,34.1,1,3,4.100,0
5.45,12,0,4,1,0,1,1,0,57.6,1,1,0.870,0
42.26,17,0,0,0,0,2,0,0,129.2,1,1,1.131,0
36.97,18,0,4,2,0,1,0,0,89.9,2,4,1.104,0
76.79,15,0,2,3,0,0,0,0,85.4,1,1,0.234,0
18.88,8,0,3,1,0,1,0,0,14.5,1,4,2.216,0
92.66,10,0,5,3,0,0,0,0,70.1,2,3,0.496,0
295.39,8,0,4,4,0,0,1,0,60.3,1,1,43.022,0
19.09,9,0,2,2,0,0,0,0,142.2,2,1,0.576,0
10.87,12,0,2,2,0,1,0,0,40.1,1,1,0.547,0
20.55,11,0,3,3,0,0,0,0,68.6,1,3,0.024,0
6.30,12,0,1,1,0,1,0,0,7.6,1,1,0.905,0
12.53,12,0,4,4,0,0,0,0,32.0,4,1,0.629,0
79.54,10,0,0,2,0,0,0,0,68.3,1,1,0.655,0
6.34,9,0,1,1,0,1,0,0,4.4,1,1,0.365,0
39.09,9,0,4,1,0,1,0,0,46.3,1,1,0.068,0
30.82,8,0,0,2,0,0,1,0,5.1,2,2,0.526,0
204.12,22,0,7,7,2,5,1,1,645.0,2,5,10.532,1
27.56,19,0,4,4,0,0,0,0,54.0,1,3,1.653,0
9.32,13,0,4,4,0,0,0,0,2.1,1,2,0.414,0
356.94,8,0,3,4,0,3,0,0,190.4,3,5,4.232,0
28.84,13,0,0,1,0,0,0,0,23.7,2,1,0.915,0
2.50,12,0,3,1,1,0,0,0,27.0,1,1,0.863,0
3.22,15,0,4,1,0,1,0,0,27.3,2,1,0.499,0
41.75,19,0,2,2,0,0,0,0,43.3,1,1,0.628,0
2.60,20,0,1,1,0,1,0,0,82.5,1,2,0.910,0
16.84,15,0,1,1,0,1,1,0,25.9,1,2,0.445,0
9.06,12,0,0,0,0,1,0,0,7.3,1,2,0.871,0
2.73,14,0,1,1,0,1,0,0,22.2,2,1,0.777,0
14.40,9,0,3,1,0,0,0,0,62.9,1,1,0.543,0
8.24,9,0,4,4,0,0,0,0,10.4,1,2,0.672,0
10.62,10,0,1,1,0,0,0,0,46.3,1,1,0.000,0
64.49,16,0,1,1,0,1,0,0,7.6,1,2,0.268,0
5.00,18,0,2,2,0,1,0,0,14.3,2,1,0.945,0
10.62,13,0,4,4,0,0,0,0,0.1,1,1,0.128,0
10.77,19,0,0,0,0,0,1,0,36.5,1,1,0.401,0
33.88,10,0,1,1,0,0,1,0,1.1,1,2,0.579,0
41.45,19,0,1,1,0,0,0,0,164.1,1,1,0.570,0
7.15,16,0,2,1,0,0,0,0,44.1,1,1,0.751,0
26.57,15,0,1,1,0,0,0,0,99.2,2,2,0.170,0
60.71,14,0,3,3,0,0,0,0,24.4,1,1,9.632,0
34.83,19,0,7,7,0,2,0,0,23.2,3,2,0.854,0
18.68,15,0,2,1,0,0,0,0,19.9,2,1,0.414,0
22.29,12,0,6,2,0,0,0,0,50.5,1,2,0.656,0
22.01,17,0,3,2,0,0,0,0,17.2,1,2,3.350,0
14.31,17,0,1,1,0,0,0,0,149.1,2,1,0.373,0
58.61,7,0,5,5,1,0,1,0,198.7,3,3,1.501,0
33.42,8,0,4,4,0,0,0,0,174.8,4,3,0.274,0
16.91,14,0,3,1,0,0,0,0,114.7,2,1,0.641,0
53.35,10,0,0,0,0,0,0,1,15.3,1,2,0.249,0
236.31,11,0,2,2,0,0,0,0,191.6,2,1,8.300,0
36.36,15,0,2,3,0,0,0,0,177.4,2,3,0.102,0
25.11,22,0,9,4,1,3,0,0,80.6,1,4,0.636,0
9.52,12,0,0,2,0,0,0,0,78.0,4,2,0.832,0
31.57,11,0,1,2,0,0,1,0,2.8,1,2,0.631,0
622.72,6,0,3,3,0,1,1,0,51.3,3,1,40.212,0
15.13,19,0,4,4,0,0,0,0,31.9,1,1,1.702,0
17.94,12,0,2,2,0,0,0,0,12.9,2,1,2.215,0
28.21,10,0,1,1,0,0,0,0,19.2,1,2,6.233,0
21.92,16,0,2,2,0,0,0,0,151.0,4,2,3.323,0
486.50,3,1,7,2,0,5,0,0,76.8,2,1,15.846,0
80.03,8,0,0,2,0,2,0,0,86.8,2,2,0.306,0
46.27,17,0,3,3,0,0,0,0,16.3,2,1,0.283,0
9.90,8,0,2,2,0,0,0,0,32.9,1,1,0.454,0
44.31,16,0,2,2,0,1,0,0,16.3,5,1,0.017,0
6.60,19,0,3,1,0,0,0,0,59.3,1,3,1.316,0
18.57,18,0,1,1,0,0,0,0,5.4,1,2,0.043,0
57.12,13,0,3,1,0,0,0,0,66.5,1,3,0.406,0
45.73,15,0,0,1,1,0,0,0,46.2,2,2,0.420,0
31.57,12,0,2,1,0,0,0,0,7.1,2,1,3.434,0
18.58,12,0,4,4,0,0,0,0,131.5,1,5,2.466,0
17.59,19,0,1,1,0,0,0,0,135.0,1,2,0.078,0
23.05,13,0,3,2,0,0,0,0,57.7,2,1,0.448,0
45.77,14,0,1,1,0,0,0,0,13.1,2,1,0.671,0
116.75,19,0,4,4,0,0,0,0,44.3,2,1,3.742,0
9.23,14,0,6,6,0,1,0,0,36.5,1,2,0.779,0
15.20,8,0,3,2,0,0,0,0,54.5,1,4,0.271,0
17.63,2,1,3,3,1,0,0,0,135.2,3,6,0.670,0
25.37,19,0,2,2,0,1,0,0,23.8,1,1,1.043,0
31.82,9,0,2,1,0,1,0,0,8.1,1,1,2.536,0
40.12,13,0,2,2,0,0,0,0,291.5,1,1,0.305,0
49.63,9,0,3,2,0,0,0,0,23.6,1,1,0.032,0
57.82,20,0,0,1,0,0,1,0,143.4,1,1,3.261,0
41.20,8,0,2,1,0,1,0,0,73.3,1,2,0.807,0
16.33,14,0,1,1,0,0,0,0,206.2,1,1,0.889,0
11.51,20,0,0,3,0,1,0,0,9.0,1,1,0.602,0
374.71,14,0,3,1,0,0,0,0,1.1,1,3,9.585,0
39.29,11,0,0,0,0,0,0,0,15.7,1,2,1.581,0
135.00,23,1,6,2,0,1,0,1,125.0,3,5,5.770,0
25.63,11,0,4,1,0,1,0,0,21.4,1,1,1.597,0
14.40,18,0,1,1,1,0,0,0,113.6,1,2,0.415,0
156.13,13,0,6,5,0,0,0,0,75.6,3,1,30.414,0
29.24,21,0,2,1,0,0,0,0,27.2,1,1,0.336,0
47.95,19,0,1,2,1,0,0,0,6.4,2,1,1.116,0
15.20,16,0,0,1,0,0,0,0,2.6,1,1,0.588,0
33.11,8,0,7,6,0,1,1,0,10.0,3,5,0.285,0
6.88,11,0,0,1,0,0,0,0,7.5,4,1,0.940,0
18.19,9,0,2,2,0,0,0,0,21.3,1,1,0.929,0
17.66,15,0,1,1,0,0,0,0,29.7,2,3,0.587,0
4.14,18,0,1,1,0,1,0,0,21.9,1,2,0.321,0
32.16,11,0,2,3,0,0,0,0,0.6,1,2,0.125,0
144.41,21,0,3,3,0,0,0,0,27.8,2,1,5.227,0
10.57,12,0,2,2,0,0,0,0,29.2,1,1,0.812,0
89.96,15,0,0,0,0,1,0,0,104.3,1,1,1.984,0
8.55,15,0,2,2,0,1,1,0,190.5,1,1,0.681,0
84.93,13,0,2,1,0,0,0,0,67.4,2,2,5.719,0
3.78,9,0,3,1,0,0,0,0,134.1,2,3,0.685,0
11.14,16,0,2,1,0,1,0,0,75.5,1,1,0.476,0
19.62,13,0,4,4,0,0,0,0,27.8,2,1,0.992,0
10.95,15,0,2,2,0,0,0,1,34.8,1,2,0.673,0
16.63,11,0,3,3,0,1,1,0,95.8,3,5,10.390,0
67.88,9,0,2,2,0,0,0,0,12.4,1,2,2.076,0
206.17,9,0,1,2,0,2,0,0,1.4,1,1,2.721,0
12.23,12,0,0,0,0,0,0,0,31.2,1,1,0.792,0
25.68,12,0,3,2,0,0,0,0,80.1,1,2,0.966,0
12.79,17,0,5,5,0,0,0,0,69.6,2,2,1.063,0
34.29,18,0,2,1,0,0,1,0,95.1,1,1,0.165,0
20.15,9,0,1,1,0,1,0,0,67.7,2,4,0.402,0
36.54,16,0,2,1,0,0,0,1,118.2,2,1,2.180,0
67.98,18,0,2,2,1,0,0,0,131.5,3,2,0.078,0
49.64,12,0,5,2,0,0,0,0,35.0,2,1,0.771,0
20.88,13,0,1,1,0,1,0,0,13.1,3,2,0.529,0
9.04,13,0,2,1,0,2,0,0,128.1,1,2,0.767,0
60.24,17,0,4,4,0,0,0,0,10.0,1,1,0.293,0
18.18,12,0,3,1,0,1,0,0,61.7,3,1,0.882,0
20.84,14,0,2,1,0,0,0,0,129.2,1,2,0.658,0
3.56,12,0,0,3,0,0,0,0,112.5,2,1,0.877,0
5.94,11,0,2,2,0,0,0,0,34.3,1,1,0.849,0
17.98,11,0,2,2,0,0,0,0,25.8,2,1,1.228,0
6.09,10,0,1,1,1,0,0,1,4.7,1,1,0.389,0
14.32,5,1,7,7,1,1,0,0,120.8,1,4,0.911,0
39.48,10,0,3,3,0,3,1,0,234.9,3,1,1.126,0
933.64,16,0,4,5,0,1,0,0,46.7,2,3,41.400,0
51.37,9,0,2,1,0,0,0,0,116.2,1,4,1.299,0
9.73,9,0,1,1,0,0,0,0,28.8,1,2,0.111,0
15.79,13,0,3,3,0,0,0,0,10.1,1,1,0.429,0
12.30,16,0,2,1,0,0,0,1,183.5,1,3,0.082,0
29.85,17,0,1,1,0,0,0,0,18.4,1,2,0.821,0
37.36,12,0,2,2,0,0,0,0,71.1,1,3,0.275,0
3.99,10,0,0,1,0,0,0,0,10.0,1,1,0.941,0
75.08,14,0,1,1,0,1,1,0,34.3,1,2,0.441,0
24.61,16,0,1,1,0,2,0,1,156.2,1,2,0.128,0
21.75,10,0,4,3,0,1,0,0,45.5,1,2,0.270,0
13.01,18,0,3,2,0,1,0,0,0.2,1,2,0.552,0
15.74,17,0,5,1,0,1,0,0,5.0,1,1,0.576,0
12.78,15,0,3,1,0,1,0,0,12.8,1,1,0.732,0
16.23,16,0,6,1,0,1,0,0,9.0,1,1,0.290,0
22.10,16,0,2,2,1,0,0,0,176.2,1,1,0.400,0
134.59,9,0,1,2,0,0,0,0,22.1,1,1,3.590,0
19.18,10,0,1,1,0,0,0,0,0.7,1,3,0.472,0
10.38,16,0,2,2,0,0,0,0,150.0,2,1,0.947,0
69.31,14,0,3,3,0,2,0,0,121.1,1,1,5.365,0
12.98,8,0,2,2,0,0,0,0,78.5,2,1,0.265,0
34.11,15,0,1,1,0,1,0,0,54.5,1,1,0.220,0
429.55,13,0,4,4,0,2,1,0,17.1,2,1,19.465,0
30.06,20,0,2,2,0,0,0,0,39.9,1,4,1.072,0
18.33,13,0,1,2,0,1,0,0,19.0,3,1,0.279,0
512.79,22,0,2,2,0,1,0,1,35.5,1,3,34.340,0
53.22,13,0,3,2,0,1,0,0,300.1,1,2,0.450,1
31.77,17,0,1,1,0,1,0,0,63.6,1,1,0.343,0
10.41,18,0,4,1,0,1,1,0,1.7,1,1,0.661,0
22.94,9,0,2,1,0,1,0,0,49.6,1,1,2.263,0
17.48,17,0,3,2,0,0,0,0,21.5,2,2,0.434,0
58.41,9,0,3,3,1,0,0,0,43.3,1,2,3.279,0
30.44,10,0,2,3,0,0,0,0,46.8,1,1,0.272,0
62.45,11,0,3,2,0,0,0,0,6.8,3,2,1.131,0
23.23,19,0,4,1,0,0,1,0,174.0,4,2,0.327,0
38.06,18,0,5,2,0,0,0,0,82.7,1,3,2.632,0
7.85,19,0,3,1,0,0,0,0,91.0,2,2,0.105,0
46.98,13,0,2,3,0,0,0,0,96.7,2,2,5.206,0
29.50,19,0,1,1,0,0,0,0,7.9,1,3,0.657,0
15.91,9,0,4,1,0,1,0,1,114.6,2,2,2.157,0
19.36,14,0,1,1,0,0,0,0,7.0,1,1,3.181,0
30.90,18,0,2,2,0,0,1,0,10.4,1,1,0.429,0
18.54,20,0,2,1,0,1,0,0,22.0,2,1,0.221,0
58.67,16,0,0,3,0,2,0,0,10.4,1,1,1.310,0
5.32,17,0,0,0,0,0,0,0,33.8,1,1,0.768,0
9.98,16,0,1,1,0,0,0,0,99.5,4,2,3.685,0
46.33,11,0,1,1,0,2,0,1,34.2,1,2,0.505,0
148.41,14,0,6,5,0,3,0,1,46.5,2,4,4.678,0
10.23,8,0,1,3,0,0,0,0,78.6,3,1,0.688,0
32.82,19,0,2,2,0,0,0,0,13.4,1,1,0.633,0
76.06,11,0,2,2,0,0,0,0,48.8,1,1,7.614,0
31.46,17,0,1,1,0,0,0,0,14.5,1,1,0.288,0
65.09,12,0,5,4,0,2,0,0,10.0,2,1,0.210,0
63.05,15,0,1,1,0,0,0,0,89.5,3,1,0.840,0
25.94,17,0,0,1,0,0,0,0,11.7,2,4,0.031,0
26.09,18,0,1,1,0,0,0,0,79.0,2,1,0.350,0
6.14,10,0,3,1,0,0,0,0,91.1,1,3,0.907,0
42.61,5,1,3,4,0,3,1,1,54.6,2,7,0.095,0
33.45,20,0,3,1,0,0,0,0,203.6,2,2,0.709,0
157.47,22,0,6,6,2,2,0,1,76.4,3,4,13.703,1
81.12,18,0,3,3,0,0,0,0,173.4,1,2,3.413,0
183.05,13,0,7,6,1,4,1,1,254.0,7,6,3.211,1
38.34,21,0,0,0,0,0,0,1,106.6,1,1,0.503,0
28.21,15,0,2,2,0,0,1,0,108.1,1,2,0.115,0
18.21,16,0,1,1,0,0,0,0,34.6,2,3,0.423,0
122.69,6,0,4,3,1,3,0,0,123.2,1,1,18.200,0
13.13,8,0,5,2,0,1,0,0,68.5,1,1,0.512,0
66.05,14,0,1,1,0,0,0,0,31.3,1,6,5.781,0
4.90,16,0,2,1,0,0,0,0,20.6,2,2,0.586,0
80.59,20,0,1,2,0,0,0,0,18.6,3,1,9.074,0
39.74,11,0,3,1,0,0,0,0,29.3,2,2,0.556,0
23.16,9,0,1,1,0,0,0,0,127.5,3,1,0.028,0
14.67,13,0,1,1,0,0,0,0,25.0,2,1,0.242,0
35.42,11,0,2,3,0,0,0,0,20.9,1,4,0.613,0
73.32,19,0,5,5,0,0,0,0,5.2,3,1,1.637,0
32.09,18,0,2,2,0,0,0,0,28.8,2,1,3.520,0
24.07,1,1,10,3,0,1,0,1,51.9,2,4,0.475,0
12.17,10,0,1,1,0,0,0,1,110.4,1,1,0.721,0
88.42,9,0,2,2,0,0,1,0,25.8,2,1,0.302,0
17.39,16,0,2,2,0,0,0,0,125.6,2,1,0.374,0
16.37,17,0,3,3,0,1,0,0,17.6,1,3,0.064,0
233.91,20,0,2,2,0,0,0,1,46.6,1,1,11.657,0
44.26,10,0,2,3,0,0,0,0,139.2,1,2,0.083,0
192.72,9,0,2,1,0,1,0,0,14.1,1,2,5.203,0
30.37,12,0,2,1,0,0,0,0,92.8,1,4,1.627,0
8.87,17,0,3,1,0,1,1,0,16.6,1,1,0.074,0
18.42,10,0,0,0,0,0,0,0,10.5,1,2,1.311,0
124.07,10,0,1,1,0,0,0,0,59.5,1,1,1.888,0
15.66,20,0,1,2,0,0,0,0,33.2,1,2,0.936,0
29.61,19,0,2,1,0,0,0,0,110.4,2,1,3.562,0
55.41,16,0,1,1,0,0,0,1,24.3,2,1,0.517,0
74.10,11,0,1,1,0,0,0,0,56.9,2,2,3.781,0
80.27,13,0,2,2,0,0,0,0,33.0,1,1,4.532,0
36.09,9,0,4,2,0,2,0,0,56.7,1,1,0.229,0
8.06,13,0,1,3,0,0,0,0,30.7,2,4,0.835,0
7.39,19,0,1,1,0,0,0,0,2.1,1,5,0.635,0
18.32,15,0,2,2,0,0,0,0,53.9,2,2,0.687,0
40.53,17,0,3,3,0,0,0,0,37.2,1,6,0.946,0
30.16,20,0,2,2,1,0,0,0,28.0,1,1,0.301,0
123.80,16,0,3,1,0,0,0,0,16.6,1,1,8.204,0
42.31,14,0,3,3,0,0,0,0,117.1,1,3,0.993,0
42.15,17,0,1,2,0,0,0,0,27.3,1,3,3.245,0
14.84,12,0,2,2,0,1,0,0,21.2,2,1,0.235,0
11.05,16,0,1,4,0,2,0,0,31.7,1,2,0.588,0
17.99,10,0,3,3,0,0,0,0,53.8,4,1,0.628,0
27.56,18,0,5,2,0,1,0,0,46.8,2,3,0.420,0
94.42,11,0,0,2,0,1,0,0,27.4,1,5,4.705,0
5.31,18,0,1,1,0,3,0,0,20.6,1,1,0.882,0
62.90,20,0,1,1,0,1,0,0,175.9,3,1,0.623,0
4.48,9,0,1,1,0,0,0,0,46.7,1,1,0.952,0
29.18,17,0,2,1,0,1,0,0,62.1,2,1,1.234,0
66.15,22,0,6,5,0,2,1,0,211.8,3,1,4.508,0
56.94,16,0,1,1,0,0,0,0,32.6,1,1,0.660,0
11.92,18,0,2,2,0,0,0,0,7.1,1,1,0.388,0
5.06,17,0,2,1,0,1,0,0,126.9,2,2,0.892,0
20.63,0,1,2,3,0,5,1,0,1016.1,5,1,0.272,0
15.44,16,0,5,2,0,2,0,0,32.2,2,4,0.692,0
84.98,15,0,1,1,0,0,0,0,3.4,1,1,1.041,0
73.01,19,0,4,1,0,0,0,0,21.2,4,1,9.643,0
21.34,19,0,2,2,0,0,0,0,254.4,4,1,0.150,0
117.41,16,0,4,1,0,0,0,0,17.9,1,1,1.647,0
33.64,12,0,0,0,0,0,0,0,10.3,1,1,11.057,0
523.84,9,0,2,6,2,0,1,0,189.4,4,2,8.570,0
78.19,18,0,1,1,0,1,0,0,3.8,1,2,0.339,0
38.18,10,0,1,1,0,0,1,0,58.0,1,3,11.986,0
31.15,19,0,5,4,0,2,1,0,35.3,4,2,0.707,0
10.88,10,0,2,2,0,1,0,0,5.6,1,3,2.337,0
10.07,14,0,3,3,0,0,0,0,0.3,1,1,0.942,0
62.71,0,1,2,7,0,2,0,1,10.0,1,4,0.485,0
51.24,20,0,5,1,0,1,0,0,61.0,1,2,3.555,0
10.05,13,0,3,3,0,0,0,0,31.4,1,3,0.538,0
23.02,16,0,5,2,0,0,0,0,58.8,2,1,0.984,0
40.98,11,0,2,2,0,0,0,0,15.3,1,1,0.025,0
9.88,20,0,3,3,0,0,0,0,52.7,1,1,0.214,0
118.21,19,0,1,1,0,0,0,0,30.5,2,1,5.567,0
10.00,8,0,5,5,0,3,0,0,15.8,2,5,0.924,0
24.72,15,0,3,3,0,1,0,0,15.6,2,1,0.650,0
8.84,15,0,1,1,0,0,0,0,13.1,1,3,0.301,0
1.51,14,0,3,3,0,1,1,0,148.4,4,1,0.941,0
49.32,12,0,0,2,0,0,0,0,1.4,3,1,0.579,0
4.74,16,0,3,2,0,0,0,0,16.2,1,3,0.933,0
28.06,13,0,2,2,0,1,0,0,157.9,1,1,1.544,0
17.82,15,0,2,2,0,1,0,0,66.4,1,1,0.125,0
45.85,21,0,3,2,0,0,0,0,51.3,1,1,7.522,0
29.67,9,0,4,2,0,0,0,0,60.6,1,3,0.650,0
88.57,10,0,2,1,0,0,0,0,8.0,1,2,0.443,0
34.55,15,0,3,1,0,0,0,0,2.1,2,2,0.744,0
12.59,15,0,2,3,0,1,0,0,138.1,3,3,0.696,0
93.81,13,0,3,3,0,0,0,0,37.2,1,1,1.958,0
76.84,15,0,0,1,1,1,0,0,55.8,1,1,7.966,1
19.51,11,0,0,2,0,0,0,0,138.6,1,1,0.187,0
37.41,20,0,4,4,0,0,0,0,49.0,1,1,5.979,0
5.45,17,0,1,1,0,0,0,0,10.2,1,2,0.741,0
8.37,19,0,1,1,0,0,0,0,10.8,1,3,0.366,0
48.77,12,0,4,1,0,1,0,0,28.3,1,2,0.679,0
30.76,19,0,2,1,0,0,0,0,37.4,1,1,0.136,0
72.68,12,0,0,1,0,0,0,0,48.2,1,1,1.381,0
27.90,9,0,3,2,0,0,0,1,30.1,5,1,0.603,0
8.27,21,0,5,2,0,1,0,0,46.0,3,1,0.075,0
13.50,17,0,1,2,0,0,0,0,55.4,4,1,0.590,0
17.18,9,0,3,2,0,0,1,0,2.0,1,1,0.024,0
14.66,9,0,3,1,1,0,0,0,19.6,2,2,0.468,0
35.92,5,1,10,6,2,5,0,1,385.2,2,7,1.373,1
16.44,17,0,3,3,0,0,0,0,15.0,1,1,0.811,0
25.18,16,0,2,2,0,0,0,0,17.4,1,1,0.043,0
28.13,12,0,5,2,0,0,0,0,119.7,1,2,0.855,0
430.61,9,0,9,3,0,2,0,0,327.1,2,3,34.009,0
24.38,10,0,3,3,0,0,0,1,36.8,1,4,0.165,0
20.31,15,0,1,2,0,0,0,0,7.5,1,2,0.434,0
299.61,22,0,6,3,0,2,1,0,84.3,3,4,20.204,0
10.89,15,0,4,2,0,0,0,0,16.2,1,1,0.670,0
58.31,8,0,5,1,0,3,0,0,29.4,1,1,2.412,0
36.60,11,0,3,2,0,0,0,0,2.8,1,2,8.337,0
10.74,10,0,2,2,0,0,1,0,27.8,1,1,0.447,0
10.67,16,0,1,1,0,0,0,0,56.7,4,1,0.881,0
149.20,17,0,2,2,1,0,0,0,33.8,1,2,11.444,0
1589.13,3,1,6,6,0,1,1,1,33.6,1,6,31.888,0
36.12,16,0,4,4,0,2,0,0,25.8,1,1,0.360,0
13.51,12,0,0,0,0,1,0,0,59.9,1,1,0.131,0
43.95,15,0,2,1,0,2,0,0,17.2,1,1,0.230,0
32.24,18,0,0,2,0,0,0,0,0.8,1,2,1.369,0
32.83,12,0,2,2,0,0,0,1,22.3,1,1,0.225,0
19.60,13,0,3,1,0,1,0,0,35.7,1,1,0.824,0
18.77,14,0,1,2,0,1,0,0,88.4,1,3,0.744,0
29.44,19,0,1,1,0,0,0,0,48.1,3,1,0.288,0
25.70,20,0,4,4,0,0,1,0,40.4,2,2,0.231,0
28.63,20,0,3,3,0,0,0,0,27.8,1,1,0.159,0
26.39,20,0,3,3,0,0,0,0,25.4,1,2,1.784,0
11.26,14,0,1,1,0,0,0,0,19.2,1,1,0.875,0
9.11,18,0,2,1,0,2,0,0,119.8,1,2,0.710,0
8.10,14,0,1,1,0,0,0,0,17.0,1,5,0.744,0
13.57,13,0,1,1,0,0,0,0,22.1,1,1,0.885,0
14.63,12,0,2,2,1,0,0,0,47.5,1,1,0.181,0
40.98,13,0,4,2,0,1,0,0,5.2,1,1,1.018,0
17.70,19,0,6,1,0,1,0,0,120.4,1,1,0.142,0
170.39,20,0,4,5,0,3,1,0,383.0,3,2,5.398,0
12.38,20,0,0,3,0,0,0,0,37.3,1,1,0.158,0
35.22,19,0,0,4,1,0,0,0,66.7,1,1,1.337,0
8.19,17,0,1,1,0,0,0,0,32.8,1,2,0.864,0
75.62,4,1,1,10,0,7,1,1,65.5,3,7,0.115,1
51.65,8,0,1,1,0,0,0,0,7.2,2,2,2.167,0
53.59,12,0,4,4,0,0,0,1,119.2,1,1,0.415,0
9.57,17,0,0,1,0,1,1,0,18.7,3,2,0.345,0
21.97,9,0,0,1,0,0,0,0,0.8,2,2,1.918,0
164.09,13,0,5,4,0,2,1,0,410.6,6,4,3.044,0
14.84,13,0,2,1,0,0,0,0,43.1,1,2,0.870,0
23.49,11,0,2,2,0,2,0,0,81.8,1,1,2.051,0
39.04,8,0,1,1,0,0,0,0,20.6,4,2,2.635,0
295.45,0,1,2,1,0,2,1,0,139.5,1,3,62.401,0
44.59,8,0,5,1,0,1,0,0,10.8,2,1,0.204,0
29.28,14,0,0,1,0,0,0,0,111.7,1,2,0.096,0
31.97,12,0,3,3,0,0,0,0,3.8,2,1,0.868,0
22.25,19,0,1,3,0,0,0,0,93.2,2,2,0.682,0
39.29,18,0,0,0,0,0,0,0,13.4,2,1,0.083,0
16.51,13,0,1,1,0,0,0,0,85.8,1,3,1.837,0
18.06,13,0,3,3,0,0,0,0,32.1,1,2,0.832,0
63.80,17,0,1,2,0,0,0,0,20.3,1,2,3.228,0
20.30,11,0,1,1,0,0,0,0,12.5,1,1,0.529,0
33.79,10,0,1,1,0,1,0,0,35.7,1,2,0.683,0
77.37,13,0,3,3,0,0,0,0,141.6,1,3,1.118,0
8.79,20,0,1,2,0,1,0,0,37.3,1,1,0.400,0
3.93,18,0,2,2,0,0,0,0,142.6,1,1,0.359,0
47.52,16,0,0,0,0,0,0,0,71.9,1,1,0.068,0
31.02,8,0,1,1,0,0,0,0,84.3,1,1,0.491,0
32.24,18,0,1,3,0,1,0,0,35.6,1,1,0.772,0
76.11,19,0,2,2,0,0,0,0,96.2,2,1,5.550,0
29.32,13,0,3,3,0,0,0,0,47.2,2,2,0.187,0
498.34,17,0,10,8,2,5,0,1,240.5,1,3,57.836,1
15.02,9,0,1,1,0,0,0,0,66.2,1,1,0.530,0
56.36,11,0,3,2,0,0,0,0,27.5,1,1,0.731,0
143.22,20,0,3,3,0,0,0,0,19.2,1,1,2.671,0
29.66,19,0,3,3,0,1,0,0,53.7,1,1,0.807,0
45.15,19,0,1,1,0,0,0,0,193.6,1,2,14.100,0
31.60,17,0,1,1,0,0,0,0,49.6,4,1,0.232,0
53.66,15,0,1,1,0,0,0,0,100.3,1,2,1.348,0
42.27,11,0,3,3,0,1,0,1,82.1,1,1,1.147,0
29.45,17,0,1,1,0,0,0,0,51.4,1,1,1.554,0
16.45,8,0,0,0,0,0,0,0,113.0,2,1,0.751,0
165.38,5,1,4,5,2,4,0,0,57.5,3,1,11.089,1
74.34,18,0,4,4,0,0,0,0,41.7,2,1,8.155,0
50.15,15,0,1,4,0,0,0,0,23.6,1,1,0.939,0
35.60,9,0,0,1,0,0,0,0,38.0,1,1,1.145,0
20.49,19,0,10,5,0,0,1,0,216.6,1,2,0.565,0
81.14,9,0,3,2,0,0,0,0,3.1,2,1,4.623,0
41.69,12,0,1,1,0,0,0,0,10.0,2,3,6.405,0
47.17,12,0,2,1,0,0,0,0,88.0,1,1,0.345,0
55.91,11,0,3,3,0,0,0,0,26.6,4,6,0.691,0
8.78,11,0,1,3,0,0,0,0,27.2,6,2,0.439,0
10.56,9,0,4,1,0,0,0,0,29.3,3,2,0.872,0
15.60,10,0,0,1,0,0,0,0,94.2,1,2,0.490,0
28.50,7,0,3,1,0,1,0,0,41.1,1,3,0.425,0
15.83,10,0,3,3,0,0,0,0,15.5,2,1,0.420,0
49.22,2,1,7,4,0,3,0,0,36.1,4,2,2.109,0
15.51,19,0,6,1,0,0,1,0,27.4,1,1,0.417,0
13.35,9,0,4,4,0,0,1,0,45.8,1,3,0.491,0
5.09,11,0,3,1,0,0,0,0,151.6,1,1,0.379,0
40.78,17,0,1,1,0,0,0,0,122.4,1,1,0.616,0
31.18,14,0,4,1,0,1,0,0,11.8,2,1,0.423,0
3.61,21,0,0,2,1,1,0,0,35.4,2,1,0.665,0
53.56,10,0,1,1,0,1,0,0,3.4,1,1,0.293,0
121.68,10,0,8,6,1,0,0,1,630.6,4,3,3.740,0
37.21,20,0,3,1,0,0,0,0,110.4,1,4,1.654,0
50.84,12,0,5,5,0,5,1,0,10.0,4,5,0.639,0
16.02,14,0,0,0,0,0,0,0,118.7,3,1,0.722,0
45.14,17,0,1,1,0,0,0,1,9.8,3,1,0.284,0
11.30,15,0,0,2,0,0,0,0,12.4,1,1,0.622,0
15.23,9,0,1,1,0,1,0,0,37.6,1,1,0.668,0
31.82,11,0,2,2,0,1,0,0,12.6,1,3,0.814,0
10.46,9,0,2,1,0,1,0,0,18.2,2,2,0.936,0
7.18,16,0,2,2,0,0,0,0,50.5,1,1,0.663,0
7.82,12,0,1,1,0,0,0,0,154.2,2,1,0.738,0
37.93,11,0,0,0,0,0,0,0,2.7,1,2,0.503,0
47.26,3,1,6,4,0,4,1,1,175.6,2,4,1.264,0
23.15,8,0,2,2,0,1,0,0,18.6,1,3,2.026,0
31.82,10,0,2,2,0,3,0,1,34.6,1,1,0.890,0
28.91,18,0,1,1,0,0,0,0,23.1,1,1,3.892,0
54.25,20,0,3,3,0,0,0,0,32.1,1,1,0.210,0
22.23,8,0,1,3,0,1,0,0,63.1,1,2,0.159,0
13.50,12,0,2,1,0,0,0,0,45.4,1,2,0.851,0
29.60,12,0,3,3,0,0,1,0,141.2,2,1,0.316,0
66.16,11,0,0,0,0,0,0,0,24.1,1,5,1.874,0
7.44,13,0,3,1,0,0,1,0,0.2,2,1,1.096,0
38.44,19,0,2,2,0,2,0,0,19.5,1,2,7.817,0
33.70,13,0,3,2,0,0,0,0,31.1,1,4,0.041,0
26.23,9,0,9,6,0,4,1,1,461.9,8,2,7.743,0
52.53,14,0,2,2,0,0,0,1,26.7,1,3,0.931,0
46.28,21,0,2,2,0,0,0,0,18.6,2,2,1.529,0
49.76,12,0,4,2,0,0,0,0,26.9,3,2,0.281,0
79.60,11,0,4,4,0,0,0,1,47.2,1,1,7.353,0
4.27,10,0,1,1,0,1,0,0,134.6,1,2,0.694,0
24.08,20,0,2,1,1,0,0,0,87.7,1,4,2.610,0
34.64,11,0,4,1,0,0,0,0,63.0,1,2,0.248,0
13.42,2,1,6,4,0,0,0,0,588.7,1,3,0.835,0
15.29,7,0,4,3,1,2,1,0,101.6,5,10,0.862,0
24.07,20,0,2,2,0,0,0,0,10.1,2,2,0.012,0
19.93,18,0,2,1,0,0,0,0,16.9,2,3,0.767,0
10.26,14,0,2,1,0,0,0,0,21.1,2,1,0.911,0
13.44,13,0,2,2,0,0,0,0,6.4,1,1,0.158,0
72.80,19,0,1,1,1,0,0,0,28.3,1,2,9.445,0
56.05,11,0,3,2,0,2,0,0,60.8,2,1,4.452,0
18.19,12,0,1,1,0,2,0,0,217.5,2,1,0.615,0
44.07,17,0,1,1,0,0,0,0,23.3,1,6,0.546,0
244.19,17,0,7,5,0,4,0,1,67.4,3,2,13.091,0
28.00,20,0,2,2,0,0,0,0,32.4,2,2,1.476,0
81.89,13,0,4,2,0,1,0,0,6.8,1,2,0.505,0
22.28,9,0,7,4,1,3,1,0,441.3,1,2,0.302,0
58.32,17,0,1,2,0,0,1,0,41.0,1,1,2.482,0
46.11,22,0,5,3,0,5,0,0,184.5,3,2,0.355,0
5.58,12,0,2,2,0,0,0,0,267.5,1,2,0.375,0
75.22,17,0,4,1,0,0,0,0,36.9,1,1,3.601,0
3.09,13,0,1,1,1,0,0,0,2.9,1,1,0.868,0
17.74,10,0,2,3,0,0,0,0,0.4,1,1,0.789,0
27.86,11,0,1,2,0,1,0,0,3.5,6,1,0.745,0
31.08,13,0,0,0,0,1,0,0,50.8,3,4,2.015,0
25.18,20,0,2,2,0,0,0,0,1.6,1,2,0.583,0
74.13,18,0,5,2,0,0,0,0,111.7,1,1,0.446,0
8.68,19,0,3,2,0,0,0,0,30.0,1,2,0.060,0
6.57,21,0,1,1,0,0,0,0,23.9,1,1,0.728,0
106.30,6,0,8,2,0,1,0,0,16.0,1,4,24.553,0
80.65,11,0,1,1,0,0,0,0,55.1,1,1,0.758,0
16.68,17,0,0,1,0,0,1,0,19.1,1,4,0.328,0
41.16,18,0,5,2,0,0,0,0,192.1,1,1,1.401,0
64.57,11,0,2,2,0,1,0,0,4.8,1,2,0.095,0
17.60,14,0,2,1,0,0,0,0,19.5,1,4,0.099,0
22.47,9,0,2,1,0,0,0,0,8.1,3,1,2.848,0
40.08,10,0,4,2,0,0,0,0,52.3,1,3,0.199,0
33.36,18,0,3,1,0,2,0,0,39.5,1,2,0.145,0
14.91,20,0,1,2,0,0,0,0,11.2,1,1,0.148,0
11.04,18,0,4,2,0,1,0,0,24.8,1,5,0.450,0
5.02,20,0,0,0,0,0,0,0,106.5,1,1,0.177,0
8.60,14,0,1,1,0,0,0,0,11.1,1,2,0.207,0
16.85,17,0,2,1,1,0,1,0,66.7,3,2,0.796,0
14.14,16,0,1,1,0,0,0,0,53.0,1,1,0.901,0
109.11,23,1,6,3,2,2,1,0,29.2,3,4,2.753,0
151.21,2,1,3,6,0,3,1,1,88.9,4,1,6.754,0
33.85,15,0,3,3,0,0,0,0,28.7,1,3,0.192,0
8.32,10,0,2,2,0,2,0,0,75.7,1,1,0.864,0
22.88,20,0,0,1,0,0,0,0,25.0,3,1,1.189,0
24.87,10,0,1,2,0,2,0,0,6.0,1,1,1.230,0
227.43,22,0,10,3,2,3,1,1,348.4,4,6,5.381,1
22.34,11,0,3,2,0,1,0,0,5.6,1,1,7.462,0
22.86,17,0,0,4,0,0,0,1,0.4,1,3,5.991,0
75.31,15,0,5,5,0,0,0,0,12.8,1,1,2.933,0
37.88,21,0,0,1,0,1,0,1,44.2,1,2,0.784,0
31.00,12,0,2,2,0,0,0,0,101.5,2,1,0.826,0
55.07,10,0,2,1,1,1,0,0,39.8,2,3,1.355,0
10.00,21,0,4,3,0,1,0,0,153.5,2,3,0.895,0
4.22,19,0,4,4,0,0,0,1,68.9,1,1,0.692,0
43.93,20,0,2,2,1,0,0,0,11.0,1,2,0.673,0
26.67,16,0,2,1,0,0,0,0,71.1,1,1,0.758,0
132.09,9,0,0,0,0,1,0,0,0.1,1,1,5.507,0
111.50,10,0,7,4,0,3,0,0,39.8,3,1,2.989,0
54.35,14,0,1,1,0,0,0,0,31.4,1,3,3.567,0
40.32,16,0,2,3,0,1,0,0,0.4,1,1,0.149,0
9.85,11,0,2,2,0,0,0,0,68.5,2,2,0.331,0
23.04,11,0,4,4,0,0,0,0,75.6,1,2,0.333,0
18.67,14,0,2,2,0,1,0,0,5.0,1,1,0.685,0
20.34,18,0,2,3,0,0,0,0,10.1,3,2,0.026,0
88.54,16,0,5,4,0,0,0,0,152.5,1,5,21.997,0
6.97,14,0,0,2,0,0,0,0,55.8,2,1,0.949,0
16.19,18,0,0,1,1,0,0,0,4.6,3,3,0.484,0
15.32,20,0,2,1,0,0,0,0,5.9,1,1,0.793,0
4.99,14,0,4,2,0,0,0,0,76.2,2,1,0.861,0
11.83,16,0,3,1,0,0,0,0,22.3,1,1,0.797,0
19.28,9,0,2,2,0,0,0,0,4.6,2,1,0.791,0
88.37,17,0,1,1,0,0,0,0,22.9,4,2,0.345,0
16.55,15,0,4,4,0,0,0,0,13.4,1,3,0.230,0
11.04,18,0,1,1,0,0,0,0,21.1,2,1,0.879,0
25.71,10,0,4,4,0,1,0,0,0.8,1,2,0.429,0
12.84,9,0,2,2,0,0,0,0,6.4,1,1,0.352,0
45.39,17,0,2,1,0,0,0,0,42.1,1,1,0.074,0
8.10,19,0,5,5,0,0,0,0,106.3,1,2,0.855,0
22.85,12,0,1,1,0,0,0,0,8.7,1,1,1.821,0
107.30,5,1,4,1,0,5,1,0,45.6,3,5,3.367,0
17.27,19,0,3,3,0,1,0,0,32.4,1,4,0.124,0
48.22,14,0,2,1,0,1,0,0,39.5,2,1,2.469,0
4.48,21,0,4,4,0,0,0,0,15.1,1,2,0.630,0
125.00,21,0,3,2,1,3,1,0,163.5,1,5,1.047,0
59.96,17,0,1,1,0,0,0,0,18.8,1,2,0.585,0
37.01,9,0,2,4,0,0,0,0,201.3,1,1,0.667,0
26.96,14,0,7,3,0,1,0,0,783.5,2,4,0.135,0
25.31,20,0,2,2,0,0,0,0,48.2,1,1,0.135,0
100.86,10,0,3,5,0,4,0,0,389.7,1,1,0.346,0
13.13,10,0,2,2,0,0,0,0,2.7,2,3,0.162,0
56.01,20,0,2,1,0,0,0,0,23.3,1,2,9.855,0
23.31,20,0,2,2,0,2,0,0,35.7,1,3,0.301,0
5.46,10,0,1,2,0,2,0,0,84.9,1,2,0.696,0
3.81,12,0,1,1,0,0,0,1,44.7,1,3,0.863,0
66.35,12,0,2,2,0,0,0,0,155.4,1,1,4.224,0
16.19,15,0,6,3,0,4,1,1,313.0,5,6,0.098,0
9.60,13,0,3,3,0,0,0,0,9.1,1,2,0.250,0
12.90,21,0,3,1,0,1,0,0,30.1,2,1,0.032,0
9.53,17,0,2,2,0,1,0,0,18.5,1,2,0.639,0
17.35,12,0,2,2,0,0,1,0,56.9,1,1,0.681,0
368.02,3,1,9,5,4,2,1,1,357.2,3,1,13.816,1
13.45,13,0,3,3,0,1,0,0,81.8,2,1,0.494,0
5.18,17,0,4,4,0,0,0,0,20.5,3,1,0.973,0
45.79,16,0,1,1,0,0,0,0,41.2,1,1,0.416,0
19.30,15,0,2,1,0,0,0,0,42.4,1,1,0.448,0
29.12,19,0,3,3,0,0,0,0,49.4,1,1,13.933,0
23.09,18,0,2,2,0,0,0,0,15.2,2,1,0.794,0
36.19,11,0,2,3,0,2,0,0,24.1,1,1,0.452,0
17.60,17,0,2,2,0,2,0,0,0.6,2,1,0.410,0
10.23,13,0,2,1,0,0,1,0,13.9,3,3,0.226,0
61.63,12,0,1,1,0,1,0,0,125.0,3,1,2.992,0
38.08,17,0,1,1,0,0,0,0,11.7,1,1,1.145,0
10.39,17,0,2,1,0,0,0,0,4.6,1,1,0.240,0
88.98,9,0,7,5,1,2,0,1,10.0,3,1,4.596,0
82.48,19,0,2,2,0,0,0,0,6.6,2,3,1.052,0
45.97,9,0,2,2,0,0,1,0,62.9,1,4,7.037,0
14.48,15,0,2,2,0,0,0,0,3.5,1,1,0.573,0
1157.80,13,0,2,2,0,2,0,1,20.2,1,8,50.481,0
19.60,11,0,2,2,0,2,0,0,25.4,2,1,0.760,0
15.04,8,0,4,1,0,0,0,0,8.6,3,1,0.846,0
123.99,18,0,5,1,0,1,0,0,38.1,1,1,6.887,0
62.01,12,0,2,1,1,1,0,0,207.0,1,1,0.691,0
5.47,12,0,2,3,0,0,0,0,6.2,1,1,0.704,0
39.47,13,0,0,1,0,0,0,0,5.3,1,1,2.046,0
36.62,20,0,5,4,0,5,0,1,10.0,2,2,5.493,0
9.17,11,0,6,4,0,0,0,0,101.1,2,2,0.771,0
49.59,16,0,1,1,0,1,0,0,28.3,2,1,4.610,0
11.58,15,0,4,1,0,0,0,0,21.9,1,1,0.619,0
19.00,13,0,7,7,1,4,0,0,191.4,1,3,0.228,0
8.32,9,0,2,2,0,0,0,0,16.3,1,1,0.508,0
75.47,12,0,0,0,0,0,0,0,40.7,1,3,1.939,0
58.25,15,0,1,1,0,0,0,0,76.9,1,3,4.860,0
115.27,17,0,1,3,0,0,0,0,74.4,1,2,1.366,0
8.83,10,0,0,1,0,0,0,0,11.3,1,3,0.779,0
10.00,11,0,4,2,0,0,0,0,7.9,1,1,0.548,0
49.31,18,0,0,5,0,0,1,0,58.0,1,2,2.451,0
29.61,11,0,1,1,0,0,0,0,16.5,1,2,0.508,0
33.89,14,0,1,1,0,0,0,0,3.4,1,1,0.248,0
21.82,13,0,1,1,0,1,0,0,33.7,3,1,0.164,0
11.99,20,0,2,2,0,0,0,0,43.9,1,1,0.696,0
33.78,9,0,1,1,0,0,0,0,64.2,1,1,0.841,0
63.16,17,0,2,2,0,0,0,0,41.1,1,1,0.076,0
37.66,4,1,4,3,4,1,1,0,853.5,4,4,0.219,1
31.15,19,0,2,1,0,1,0,0,157.9,1,2,3.929,0
8.44,20,0,4,4,0,0,0,0,127.0,1,2,0.721,0
12.65,13,0,2,1,0,0,0,0,10.0,1,1,0.399,0
33.65,19,0,3,1,0,1,0,0,54.5,1,1,0.022,0
16.87,21,0,3,3,0,1,0,0,38.6,2,1,1.452,0
18.58,16,0,2,5,0,0,0,0,0.1,1,1,13.864,0
79.78,7,0,4,6,0,2,0,0,174.0,6,4,2.440,0
71.87,12,0,0,3,0,1,0,0,8.5,1,2,0.184,0
1.79,9,0,2,1,0,0,0,0,4.7,1,1,0.981,0
56.65,19,0,7,1,0,0,0,0,33.6,2,2,4.637,0
11.36,8,0,3,1,1,3,0,0,1.2,1,2,0.908,1
60.49,18,0,2,2,0,1,1,0,45.7,1,1,20.150,0
14.12,21,0,2,2,0,0,0,0,89.9,1,1,0.560,0
18.80,19,0,2,2,0,0,0,0,39.1,6,3,0.240,0
9.09,21,0,3,3,0,1,0,0,30.8,1,1,0.395,0
18.48,11,0,2,2,0,0,0,0,56.9,2,3,0.419,0
37.13,16,0,1,1,0,0,0,0,8.8,2,1,0.662,0
13.31,22,0,4,2,0,2,0,0,365.1,3,1,0.498,0
39.49,10,0,1,2,0,0,0,0,164.0,1,3,1.022,0
17.08,14,0,0,0,0,0,0,0,15.9,1,2,1.321,0
43.75,12,0,3,2,0,0,0,0,11.4,1,3,0.353,0
46.02,16,0,0,0,0,2,0,0,4.8,1,1,0.835,0
11.33,8,0,1,1,0,0,0,0,102.0,1,1,0.513,0
27.22,18,0,0,1,0,1,0,0,5.9,2,1,0.354,0
108.30,17,0,1,1,0,0,0,0,74.7,2,1,3.191,0
4.67,15,0,2,2,0,0,0,0,39.1,1,3,0.316,0
12.90,11,0,2,2,0,0,0,0,107.3,3,1,0.694,0
19.29,10,0,3,1,0,0,0,1,96.2,1,1,0.635,0
52.93,20,0,2,1,0,0,0,0,27.3,2,2,0.405,0
34.78,19,0,2,2,0,0,0,0,5.5,1,1,1.404,0
11.13,11,0,0,1,0,1,0,0,73.3,1,1,0.838,0
17.62,17,0,1,2,0,0,0,0,11.8,1,3,0.796,0
33.07,10,0,1,1,0,0,1,0,41.3,2,1,0.233,0
33.80,15,0,2,2,0,1,0,0,12.8,1,1,0.628,0
13.25,14,0,1,2,0,0,0,1,44.5,1,1,0.410,0
339.65,13,0,2,3,0,0,0,1,144.5,1,1,23.365,0
11.49,14,0,3,3,0,0,0,0,33.9,1,1,1.097,0
18.10,15,0,4,4,0,0,0,0,154.8,1,1,0.855,0
70.34,9,0,2,2,1,0,0,0,31.2,1,1,1.396,0
8.30,16,0,4,1,0,0,0,0,4.4,2,1,0.363,0
11.72,12,0,0,0,0,0,0,0,17.1,3,3,0.374,0
22.87,9,0,1,1,0,0,0,1,12.3,1,1,2.267,0
27.45,16,0,1,1,0,1,0,0,87.3,1,1,0.271,0
33.82,19,0,0,1,0,0,1,0,97.3,1,2,0.633,0
65.64,12,0,2,2,0,0,0,1,94.9,3,1,0.544,0
22.27,19,0,1,2,0,0,0,0,73.3,1,1,0.341,0
25.03,9,0,1,1,0,0,0,0,104.7,2,2,2.960,0
8.48,11,0,1,1,0,0,0,0,34.4,1,1,0.894,0
2.60,20,0,2,1,0,0,0,0,17.8,1,1,0.940,0
41.41,16,0,2,2,0,0,0,0,19.4,1,1,2.318,0
57.42,18,0,2,1,0,0,0,1,82.6,1,2,5.732,0
27.23,16,0,4,1,0,0,0,0,64.6,2,2,0.384,0
103.65,18,0,1,2,0,0,0,1,41.7,1,2,0.482,0
33.64,8,0,1,1,0,0,0,0,108.1,2,3,0.257,0
19.22,19,0,2,2,0,1,0,0,8.9,2,2,0.744,0
7.30,14,0,2,2,1,0,0,0,147.4,1,2,0.837,0
32.12,13,0,6,1,0,0,0,0,6.1,1,1,4.435,0
2.43,10,0,3,1,0,0,1,1,46.9,1,1,0.503,0
30.36,11,0,1,1,0,0,0,0,16.0,3,4,1.950,0
14.44,19,0,1,2,0,0,0,0,37.1,1,1,0.065,0
9.39,12,0,2,3,1,0,0,0,52.2,3,1,0.675,0
7.54,9,0,1,1,0,0,0,0,31.9,1,1,0.917,0
40.50,14,0,2,1,0,0,0,0,3.3,1,2,0.972,0
8.12,19,0,3,1,1,3,0,0,108.0,2,3,0.847,0
13.21,11,0,0,1,0,0,0,0,40.2,1,1,0.460,0
12.87,15,0,1,1,1,0,0,0,174.3,1,1,0.709,0
14.80,19,0,0,1,0,0,0,0,12.7,1,1,0.680,0
145.87,14,0,5,1,0,0,0,0,87.7,2,2,13.500,0
17.18,16,0,1,1,0,0,0,0,117.9,1,3,0.303,0
21.24,8,0,4,1,0,0,1,0,24.0,2,2,0.437,0
8.18,16,0,7,7,0,0,0,0,83.3,1,2,1.311,0
42.36,11,0,1,1,0,0,0,0,134.1,2,1,0.354,0
55.26,18,0,1,1,0,0,0,0,30.5,1,1,0.957,0
36.11,15,0,0,1,0,0,0,0,45.3,1,1,0.260,0
56.19,18,0,0,2,0,0,0,0,124.1,1,1,1.610,0
23.97,19,0,3,1,0,0,0,0,29.4,2,1,0.576,0
13.73,15,0,3,1,0,1,0,0,14.4,1,4,0.517,0
39.45,15,0,2,3,0,0,0,0,8.3,1,1,1.916,0
46.21,12,0,4,1,0,0,0,0,39.3,1,1,0.281,0
84.19,19,0,1,1,0,0,1,0,242.5,1,4,8.710,0
25.41,15,0,3,1,0,0,0,0,14.3,2,2,0.073,0
8.79,9,0,1,1,1,0,0,0,58.5,2,2,0.161,0
29.99,8,0,1,1,0,0,0,0,17.4,1,1,0.516,0
13.20,11,0,3,1,0,0,0,0,51.5,1,1,0.653,0
109.04,14,0,1,1,1,2,0,0,160.2,1,1,6.202,0
29.07,12,0,1,1,0,1,0,0,44.0,3,2,5.279,0
3.71,13,0,1,1,0,1,0,0,31.5,2,1,0.858,0
9.42,16,0,4,1,0,1,0,0,0.2,2,1,0.104,0
90.86,13,0,2,2,0,0,1,0,19.6,1,1,12.893,0
8.61,14,0,2,2,0,1,0,0,16.9,1,2,0.907,0
89.45,0,1,5,1,0,1,0,1,59.6,5,1,2.421,0
9.26,20,0,1,1,0,0,0,0,1.6,1,1,0.056,0
8.64,16,0,5,1,0,0,0,0,5.8,3,1,4.838,0
21.26,20,0,2,1,0,0,1,0,6.8,1,3,0.483,0
2.95,18,0,4,4,0,1,0,0,0.1,1,1,0.627,0
248.70,17,0,5,2,0,2,0,0,19.8,2,5,1.677,0
9.95,10,0,1,1,0,0,0,0,22.8,1,3,0.713,0
14.30,14,0,5,5,0,0,0,1,65.8,1,1,0.266,0
54.92,17,0,1,1,0,0,0,0,129.4,1,1,5.874,0
282.01,12,0,2,1,0,0,0,0,18.7,1,1,2.145,0
61.67,15,0,3,3,0,0,0,0,180.5,1,1,2.108,0
20.86,12,0,3,3,0,0,0,0,31.7,1,2,3.667,0
26.29,5,1,12,4,2,3,0,1,350.6,5,5,0.488,1
13.04,18,0,0,0,0,0,0,0,2.0,2,2,0.757,0
457.21,4,1,9,6,0,6,1,1,444.0,3,7,64.409,1
77.04,11,0,2,2,0,0,0,0,13.6,2,6,5.705,0
54.89,11,0,2,1,0,0,0,0,11.2,1,1,0.639,0
9.51,12,0,1,1,0,0,0,0,32.6,2,1,0.525,0
49.40,11,0,3,1,0,0,0,0,55.5,3,2,0.166,0
8.29,17,0,2,2,0,0,0,0,34.8,2,3,0.598,0
39.35,20,0,0,1,2,2,0,0,68.2,1,3,0.040,0
13.56,10,0,4,4,0,0,0,0,18.6,1,4,0.012,0
25.07,18,0,2,1,0,0,0,0,16.4,1,1,0.785,0
124.59,14,0,3,3,0,0,0,0,4.4,1,2,5.143,0
9.83,12,0,3,3,0,0,0,0,66.0,1,2,0.910,0
16.92,17,0,4,1,0,0,0,0,45.8,2,1,0.831,0
34.87,16,0,0,0,0,0,0,0,32.8,1,1,0.648,0
79.70,17,0,4,1,0,0,0,0,111.4,1,2,17.578,0
24.20,17,0,3,1,0,0,0,0,41.8,1,1,0.089,0
149.31,21,0,7,9,3,7,1,1,306.3,4,2,2.351,1
29.87,18,0,0,0,0,0,0,1,11.2,1,3,0.379,0
8.52,8,0,3,2,0,0,0,0,50.3,1,1,0.882,0
5.79,16,0,1,1,0,0,0,0,18.1,1,3,0.563,0
382.60,10,0,7,5,0,1,0,1,32.2,2,6,1.017,0
6.88,16,0,3,1,0,0,0,0,66.3,2,3,0.055,0
381.90,3,1,2,5,0,1,0,0,10.4,1,2,14.788,0
9.81,8,0,2,2,0,0,0,1,63.9,1,3,0.639,0
16.44,10,0,4,5,0,0,0,0,118.2,2,4,0.463,0
11.82,11,0,1,1,0,0,0,0,12.4,2,1,0.214,0
33.53,15,0,2,3,0,0,0,1,128.0,2,2,0.759,0
31.13,14,0,0,1,0,0,0,1,0.3,4,1,0.631,0
154.38,10,0,1,1,0,0,0,0,22.2,1,3,30.442,0
135.31,18,0,3,2,0,0,0,0,8.4,1,1,2.760,0
13.88,15,0,2,2,0,0,0,0,31.0,1,1,0.052,0
203.08,3,1,4,2,0,0,1,1,79.6,3,6,8.014,0
36.13,18,0,1,2,0,2,0,0,201.1,1,1,2.949,0
16.86,15,0,0,3,0,0,0,0,51.5,1,2,0.346,0
13.61,14,0,3,2,0,0,0,0,9.6,3,2,0.218,0
62.00,9,0,4,3,0,1,0,1,170.0,4,1,0.572,0
38.89,9,0,5,5,0,0,0,0,1.4,4,1,0.407,0
4.58,16,0,0,1,0,0,0,0,90.8,1,1,0.941,0
19.41,9,0,4,1,0,0,0,0,65.7,2,3,0.666,0
36.97,20,0,2,2,0,0,0,1,13.7,2,1,1.575,0
10.76,13,0,1,1,0,0,0,0,12.0,2,1,0.594,0
28.13,13,0,5,5,0,1,1,0,11.5,2,1,1.483,0
113.69,21,0,4,4,0,0,0,0,47.3,1,1,12.916,0
6.75,20,0,1,1,0,0,0,0,25.2,1,2,0.865,0
43.00,15,0,2,1,0,0,0,0,68.0,2,1,7.866,0
32.42,12,0,2,2,0,1,0,0,52.0,2,1,0.783,0
26.14,20,0,1,1,0,0,0,0,55.6,1,1,0.390,0
19.97,15,0,2,1,0,0,0,0,219.6,1,1,0.681,0
31.73,18,0,1,1,0,1,0,0,122.6,3,1,0.512,0
32.93,21,0,2,3,0,2,0,0,74.7,3,1,1.038,0
18.64,17,0,3,1,0,0,0,0,7.5,2,1,0.214,0
27.12,12,0,4,2,0,0,0,0,16.3,2,1,0.141,0
28.93,12,0,2,2,0,0,0,0,21.0,1,1,0.510,0
18.07,18,0,2,2,0,0,0,0,4.8,1,2,0.515,0
27.17,10,0,5,5,0,0,0,0,38.4,1,1,0.070,0
241.39,9,0,11,6,5,3,1,1,689.5,3,5,1.784,1
79.85,12,0,2,1,0,0,0,0,68.0,3,2,4.968,0
6.45,16,0,0,1,0,0,0,0,31.4,1,1,0.649,0
29.46,19,0,0,0,0,0,0,0,176.9,2,1,0.184,0
82.89,16,0,3,1,0,1,0,0,7.7,1,4,1.344,0
16.61,13,0,1,1,0,0,0,0,142.3,1,2,0.563,0
31.54,18,0,4,1,0,0,0,0,1.8,2,1,3.393,0
39.48,13,0,2,2,0,0,0,0,38.1,1,1,0.805,0
71.04,8,0,1,1,0,1,0,0,126.8,1,1,8.119,0
27.03,14,0,2,2,0,1,0,0,52.9,1,1,0.057,0
34.06,1,1,6,3,0,2,0,0,511.4,5,3,0.259,0
18.14,10,0,1,2,1,0,0,1,50.8,1,1,0.262,0
88.49,13,0,5,2,0,4,0,1,208.2,4,2,14.525,0
77.90,10,0,0,0,1,0,0,0,115.5,1,1,2.465,0
7.25,15,0,3,2,0,0,0,0,19.3,1,1,0.953,0
20.41,18,0,2,2,0,0,0,0,28.3,2,1,0.777,0
16.09,19,0,2,2,0,1,0,0,54.5,1,4,0.344,0
16.10,19,0,3,1,0,1,0,0,26.0,3,1,0.089,0
38.66,16,0,1,1,0,0,0,0,55.9,1,2,4.040,0
25.14,20,0,1,1,0,1,1,0,48.0,2,3,0.606,0
13.16,8,0,2,1,0,0,0,0,17.9,1,1,0.915,0
41.62,9,0,5,5,0,1,0,1,54.7,4,1,0.770,0
11.55,2,1,0,6,0,2,0,0,76.1,1,3,0.540,0
90.94,13,0,1,1,0,1,0,0,40.7,1,1,9.983,0
11.05,17,0,1,2,0,0,0,0,52.4,1,1,0.630,0
26.67,13,0,1,1,0,0,0,0,1.6,1,1,0.699,0
22.11,16,0,1,3,0,0,0,1,49.6,1,1,0.076,0
8.26,14,0,2,2,0,1,0,0,321.0,1,1,0.388,0
25.82,14,0,3,1,0,2,0,0,10.4,1,2,4.269,0
34.71,14,0,1,1,0,0,0,0,44.8,2,1,0.400,0
117.36,12,0,3,3,0,1,0,0,108.0,1,2,5.726,0
49.19,12,0,0,1,0,0,1,0,2.9,1,2,1.567,0
14.70,10,0,3,3,0,0,1,0,42.2,2,1,0.763,0
5.91,10,0,3,3,0,1,0,0,53.1,2,1,0.631,0
39.22,13,0,0,0,0,0,0,0,290.9,1,1,0.151,0
31.56,2,1,8,6,1,5,0,1,241.3,2,5,0.809,1
82.25,10,0,1,2,0,0,0,0,2.5,1,1,2.532,0
32.07,9,0,3,1,0,0,0,0,0.4,1,1,4.082,0
5.58,10,0,1,2,0,0,0,0,11.9,1,1,0.400,0
9.81,16,0,4,1,0,1,0,0,107.5,3,1,0.429,0
11.55,13,0,2,2,0,1,0,0,1.8,1,1,0.745,0
126.90,11,0,3,3,0,1,0,0,110.3,1,2,14.863,0
20.27,20,0,1,1,0,1,0,0,3.3,1,1,0.251,0
90.40,17,0,3,3,0,0,0,0,8.6,1,1,3.879,0
21.19,11,0,1,3,0,1,0,0,272.0,2,1,1.419,0
15.62,10,0,2,1,0,1,0,0,73.8,2,1,0.380,0
132.52,7,0,5,2,0,4,0,0,86.8,3,4,8.405,0
10.05,18,0,0,0,0,0,0,0,96.6,2,2,0.212,0
105.29,14,0,2,3,0,1,0,0,64.8,1,4,5.190,0
35.64,18,0,3,2,0,0,0,0,22.8,1,2,0.468,0
29.27,9,0,2,1,0,1,0,0,36.6,1,1,0.463,0
20.67,11,0,0,0,0,0,0,0,13.2,1,1,0.122,0
7.54,16,0,0,1,0,0,0,0,1.2,1,2,0.227,0
50.46,16,0,0,1,0,0,0,0,18.8,1,1,5.810,0
133.38,22,0,4,5,1,1,0,0,137.8,1,2,4.941,0
78.03,15,0,2,2,0,0,0,0,37.0,1,3,0.896,0
28.08,20,0,3,3,0,0,0,0,36.9,1,5,1.842,0
38.03,18,0,3,3,1,0,0,0,60.0,1,1,1.071,0
15.72,15,0,3,2,0,0,0,0,86.4,2,1,0.716,0
38.81,9,0,1,1,0,0,0,0,61.2,1,3,0.009,0
82.23,16,0,2,2,0,0,0,0,52.3,2,1,5.740,0
9.96,16,0,3,3,0,1,0,0,14.0,1,1,0.887,0
11.16,11,0,2,2,1,0,0,0,121.7,1,3,1.369,0
28.91,11,0,3,1,0,0,0,0,115.1,1,1,3.475,0
17.32,14,0,3,1,0,0,0,0,155.6,1,4,0.392,0
67.43,14,0,0,0,0,1,0,0,65.3,1,1,0.679,0
306.53,1,1,7,6,2,8,1,1,612.0,5,6,250.254,1
29.75,14,0,4,2,0,1,0,0,7.7,2,2,0.624,0
70.36,20,0,3,3,0,0,0,0,61.0,3,1,0.769,0
46.33,18,0,2,1,0,0,0,0,12.2,1,3,0.130,0
14.80,15,0,1,2,0,1,0,0,29.1,1,2,0.574,0
143.02,15,0,0,3,0,0,0,0,50.1,4,1,5.510,0
25.39,12,0,1,1,0,0,0,0,25.5,1,1,2.784,0
48.84,9,0,1,1,0,0,0,1,125.0,1,3,2.064,0
8.39,17,0,2,2,0,0,1,0,180.8,1,1,0.315,0
162.44,18,0,1,1,0,0,0,0,6.9,1,1,3.239,0
23.59,16,0,2,1,0,1,0,0,18.9,1,1,2.419,0
36.47,16,0,1,3,0,0,0,0,64.6,1,1,0.062,0
42.13,11,0,2,2,0,0,0,0,21.1,2,2,0.288,0
7.14,10,0,0,1,0,1,0,0,102.9,2,2,0.638,0
14.70,12,0,0,0,1,0,0,0,36.2,1,1,0.338,0
25.24,18,0,0,2,0,1,0,0,6.0,1,1,0.142,0
80.28,18,0,2,1,0,1,0,0,29.8,1,6,16.880,0
7.47,20,0,2,1,0,1,0,0,13.9,1,3,0.650,0
27.76,12,0,1,1,0,0,0,0,106.8,1,1,3.442,0
23.82,21,0,1,2,0,1,0,0,24.8,3,1,0.619,0
6.35,9,0,4,2,0,0,0,0,24.0,1,1,0.152,0
9.00,11,0,2,2,0,0,0,0,81.0,1,2,0.553,0
7.11,15,0,0,0,0,0,0,0,101.0,3,2,0.724,0
5.24,19,0,1,1,0,0,0,0,7.1,2,1,0.906,0
38.84,10,0,4,1,0,0,0,0,9.7,1,2,0.751,0
5.67,14,0,3,2,1,0,0,0,4.4,2,4,0.188,0
16.78,12,0,3,2,0,0,0,0,107.8,1,1,0.296,0
60.57,17,0,3,3,0,0,0,0,145.9,1,1,0.667,0
6.27,12,0,0,2,0,0,0,0,52.4,1,2,0.682,0
25.22,10,0,2,1,0,0,0,0,18.2,2,1,0.402,0
17.90,13,0,4,2,0,0,0,0,29.1,1,1,0.236,0
92.05,11,0,3,1,0,0,0,0,11.8,1,2,6.508,0
21.40,21,0,1,1,0,2,0,0,8.6,1,1,0.326,0
30.12,10,0,2,2,0,0,0,0,30.3,1,1,0.663,0
12.25,9,0,1,1,0,1,1,0,0.4,1,2,1.021,0
11.34,12,0,4,4,0,2,0,0,14.2,1,2,0.277,0
14.02,14,0,1,1,0,1,0,0,66.1,1,4,0.156,0
21.32,15,0,1,1,0,0,0,0,140.4,1,4,0.820,0
22.48,10,0,3,1,0,1,0,0,171.7,1,3,0.687,0
36.88,15,0,4,2,0,0,0,0,3.4,1,1,1.105,0
16.69,16,0,2,3,0,0,0,0,33.7,4,1,0.285,0
8.18,20,0,2,2,0,0,0,0,110.1,1,3,0.143,0
48.29,20,0,1,2,0,0,0,0,49.0,2,2,2.372,0
139.53,21,0,5,1,1,2,0,0,180.2,2,3,10.987,0
8.85,11,0,2,2,0,1,0,0,3.5,2,4,1.565,0
10.00,6,0,6,3,0,3,0,1,97.1,3,4,0.809,0
27.58,9,0,3,3,0,0,0,1,169.6,3,1,0.294,0
55.93,8,0,4,4,0,0,0,0,85.5,1,2,5.627,0
192.39,9,0,1,2,0,0,0,0,15.8,1,4,3.208,0
11.17,10,0,2,1,0,0,0,0,62.2,1,1,0.180,0
64.65,19,0,2,2,0,0,0,0,90.0,1,4,12.008,0
26.97,15,0,2,1,0,0,0,0,27.1,1,1,0.080,0
16.10,13,0,1,1,0,1,0,0,7.2,1,2,0.459,0
10.51,15,0,2,1,0,0,0,0,10.9,1,1,0.582,0
855.22,4,1,4,8,3,3,1,1,341.3,8,3,52.152,1
21.01,21,0,1,1,0,0,0,0,4.5,1,1,0.486,0
48.93,19,0,2,2,0,0,1,0,8.5,1,1,2.796,0
14.76,13,0,3,3,0,0,0,0,10.2,1,3,0.513,0
6.79,13,0,2,2,0,1,0,0,5.1,1,2,0.788,0
54.53,18,0,3,1,0,0,0,0,6.6,2,1,1.142,0
58.07,20,0,2,1,0,0,0,0,9.5,1,1,5.346,0
99.21,10,0,1,1,0,0,0,0,26.7,1,1,3.497,0
6.27,10,0,1,1,3,1,0,0,54.3,1,4,0.769,0
317.04,19,0,0,1,0,0,0,0,175.2,1,2,25.072,0
485.18,15,0,3,3,0,1,0,0,3.1,1,2,13.587,0
5.43,10,0,4,1,0,0,0,0,20.7,3,1,0.805,0
10.60,18,0,6,2,0,0,0,0,43.3,1,2,0.781,0
38.09,17,0,3,1,0,0,0,0,18.4,1,3,0.238,0
2.98,19,0,1,1,0,0,0,1,166.4,1,2,0.949,0
45.41,11,0,1,1,0,0,0,0,2.3,1,2,0.468,0
9.19,16,0,2,2,1,0,0,0,34.5,1,1,0.672,0
37.77,12,0,4,4,0,0,0,1,30.0,3,2,7.211,0
14.49,0,1,7,5,0,0,0,0,25.4,1,5,0.727,0
73.82,14,0,2,2,0,1,0,0,13.2,1,2,5.958,0
24.67,15,0,2,1,0,1,0,1,64.6,1,5,0.882,1
10.47,15,0,3,2,0,0,0,0,42.9,1,1,0.721,0
19.92,19,0,0,2,0,0,0,0,37.0,1,1,0.189,0
3.00,13,0,4,4,0,0,0,0,31.8,1,1,0.655,0
8.33,14,0,1,1,0,1,0,0,54.7,1,1,0.770,0
11.05,16,0,3,2,0,0,0,0,52.6,1,1,0.588,0
22.26,20,0,4,1,0,0,0,0,18.6,1,1,2.383,0
24.06,16,0,2,1,0,0,0,0,18.1,2,1,0.262,0
133.71,11,0,5,4,0,4,0,0,92.9,1,6,4.185,0
61.88,20,0,2,1,0,0,0,0,10.8,2,1,0.539,0
25.00,11,0,1,2,0,1,0,0,84.5,1,4,0.108,0
3.67,9,0,3,3,0,0,0,0,51.0,1,1,0.723,0
27.37,13,0,1,1,0,0,0,0,17.3,1,1,0.025,0
56.46,18,0,2,1,0,0,0,0,50.6,3,3,7.568,0
29.17,16,0,3,2,0,0,0,0,42.4,2,1,0.165,0
93.41,6,0,6,5,2,6,1,1,2137.9,7,5,0.253,1
33.05,17,0,1,1,0,0,0,1,16.8,3,4,0.544,0
28.34,16,0,1,1,0,1,0,0,12.6,4,2,1.798,0
26.07,12,0,0,2,0,3,0,0,12.9,1,1,1.326,0
34.59,17,0,1,1,0,0,0,0,80.0,4,1,0.845,0
150.53,21,0,8,4,0,3,0,1,639.2,4,1,7.711,1
5.83,14,0,1,1,0,0,0,0,205.9,1,2,0.713,0
15.89,4,1,3,5,1,2,0,0,60.2,5,2,0.261,0
15.81,16,0,2,2,0,0,0,0,8.8,1,2,0.830,0
44.02,15,0,2,2,0,0,0,0,46.6,4,3,0.012,0
5.41,9,0,1,1,0,0,0,0,52.1,2,2,0.726,0
264.45,14,0,7,3,0,2,0,0,423.2,5,4,4.865,0
9.93,14,0,3,1,0,0,0,0,16.0,2,1,0.179,0
12.91,21,0,1,1,0,1,0,0,34.0,3,1,0.663,0
14.45,13,0,1,1,0,0,0,0,130.1,1,4,0.517,0
34.27,14,0,4,1,0,0,0,0,13.9,1,1,1.205,0
16.68,20,0,3,2,0,1,0,0,51.8,1,1,0.414,0
22.27,8,0,3,2,0,0,0,0,2.1,1,2,0.304,0
6.42,19,0,1,1,0,0,0,0,31.8,1,1,0.656,0
19.29,15,0,2,2,0,1,0,0,81.0,1,1,0.656,0
36.20,19,0,2,7,1,1,1,1,970.0,5,2,0.204,0
22.80,8,0,1,1,0,1,0,0,27.6,3,1,0.345,0
17.26,14,0,4,1,0,0,0,0,143.8,1,1,0.682,0
16.91,20,0,0,1,0,0,0,0,22.5,1,1,0.604,0
13.07,18,0,4,2,0,1,0,0,52.8,3,1,0.835,0
9.13,17,0,3,2,0,1,0,0,21.6,1,1,0.653,0
29.39,15,0,1,1,0,0,0,0,75.3,1,2,0.104,0
176.91,18,0,0,0,0,1,1,0,154.3,1,2,17.721,0
88.55,21,0,3,2,1,0,1,0,54.5,1,1,1.473,0
18.49,17,0,3,2,0,0,0,0,6.9,1,2,0.621,0
23.31,9,0,2,2,0,0,0,0,50.8,1,1,0.031,0
8.68,13,0,4,4,0,0,0,0,32.3,2,1,0.712,0
79.98,19,0,4,4,0,0,0,0,26.2,3,1,3.498,0
50.90,18,0,2,1,0,1,0,0,86.4,1,1,5.411,0
238.36,2,1,11,3,0,5,1,1,76.4,9,5,0.536,1
17.67,20,0,2,1,0,1,0,0,30.1,1,1,1.694,0
77.36,14,0,1,1,0,0,0,0,22.4,1,2,3.324,0
20.54,0,1,6,1,0,1,1,0,42.3,4,3,2.973,0
101.96,13,0,7,7,1,4,1,1,315.6,5,3,1.518,1
33.05,20,0,2,2,0,0,0,0,18.4,1,1,2.083,0
74.66,9,0,0,1,0,1,0,0,203.3,2,4,0.265,0
64.95,18,0,3,2,0,1,0,0,57.5,2,1,1.197,0
21.62,19,0,0,1,0,0,0,0,16.5,1,1,5.435,0
35.72,13,0,1,1,0,0,0,0,27.0,1,2,0.260,0
18.36,8,0,3,3,0,1,0,0,16.8,1,1,0.090,0
16.55,19,0,3,3,0,0,0,0,65.6,1,1,0.014,0
65.18,18,0,3,3,0,0,0,0,29.7,1,2,0.903,0
22.91,17,0,2,2,0,1,0,0,32.2,2,1,0.325,0
67.41,15,0,4,2,0,0,1,0,313.8,1,1,2.751,0
42.07,21,0,2,1,0,0,0,0,29.8,1,1,1.301,0
45.70,17,0,6,5,1,2,0,0,192.3,5,3,0.441,0
15.72,21,0,3,1,0,0,0,0,128.8,1,5,0.242,0
73.18,15,0,1,1,0,1,0,0,69.3,2,2,3.620,0
6.41,20,0,0,0,0,1,0,0,55.8,1,2,0.003,0
103.05,16,0,0,0,0,0,0,0,19.6,1,1,2.254,0
36.74,12,0,1,1,0,0,0,0,67.7,1,2,15.700,0
13.66,9,0,0,1,0,1,1,1,7.9,5,2,0.587,0
32.21,17,0,2,3,0,0,0,0,31.6,4,1,1.838,0
34.85,16,0,2,1,1,0,0,0,155.2,2,1,0.463,0
22.24,18,0,4,3,0,0,0,0,3.3,1,1,0.408,0
45.52,17,0,2,1,0,0,1,0,9.0,1,3,1.080,0
35.44,17,0,1,1,0,0,0,0,187.8,1,1,8.844,0
36.48,21,0,3,1,0,0,0,0,12.9,1,1,0.504,0
30.70,12,0,0,0,0,0,0,0,30.0,1,2,3.495,0
85.02,14,0,0,1,0,0,0,0,52.0,2,2,14.430,0
49.57,17,0,2,2,0,0,0,1,187.2,1,1,0.457,0
31.02,15,0,1,1,0,0,0,0,8.9,2,1,3.044,0
5.64,15,0,2,1,0,2,0,0,19.8,1,1,0.784,0
17.04,13,0,3,2,0,1,0,0,25.4,1,1,0.684,0
41.19,19,0,1,2,0,0,0,0,103.3,1,1,0.585,0
41.56,19,0,1,1,0,0,1,0,273.7,1,3,0.760,0
31.98,12,0,4,4,0,0,0,0,48.1,1,1,2.953,0
17.92,12,0,1,1,0,0,0,1,103.6,2,1,0.626,0
133.89,8,0,10,3,0,1,0,1,199.3,1,4,1.190,0
17.18,11,0,4,4,0,1,0,0,215.5,2,1,0.810,0
44.57,12,0,4,7,0,3,0,1,475.7,2,1,1.613,0
30.21,18,0,4,4,0,1,0,0,85.3,1,1,3.017,0
60.16,10,0,1,3,0,0,0,0,119.7,1,1,1.286,0
45.27,18,0,1,2,0,0,0,0,29.0,1,1,3.711,0
48.65,13,0,2,1,0,0,0,0,105.7,2,1,0.053,0
9.04,20,0,2,1,0,1,0,0,26.8,2,2,0.631,0
8.34,16,0,3,3,0,1,0,0,51.5,1,1,0.431,0
97.35,0,1,5,2,0,3,1,1,227.8,2,5,2.274,0
33.42,16,0,4,1,0,0,0,0,57.8,1,3,0.561,0
8.47,16,0,2,1,0,1,0,1,49.7,3,1,0.956,0
40.20,18,0,7,2,0,4,0,1,290.1,1,7,1.752,0
42.43,16,0,1,1,0,0,0,1,27.2,2,3,0.225,0
78.13,12,0,0,4,0,0,0,0,81.2,1,3,2.940,0
46.37,20,0,2,1,0,0,0,0,105.6,1,3,0.421,0
45.84,15,0,2,2,0,0,0,0,72.0,2,3,1.547,0
9.74,20,0,1,1,0,0,0,0,24.5,3,4,0.150,0
28.87,8,0,5,5,0,0,0,0,65.4,1,2,0.873,0
25.32,20,0,2,2,0,0,0,0,13.0,2,2,1.804,0
44.20,10,0,1,2,0,1,0,1,24.1,1,1,1.260,0
19.61,18,0,5,5,0,0,0,0,2.8,1,1,0.688,0
13.35,19,0,3,1,0,0,0,0,16.2,1,3,0.787,0
95.25,19,0,1,2,0,0,0,0,10.6,4,2,4.458,0
692.56,11,0,3,4,0,2,0,0,57.4,3,4,9.323,0
3.04,20,0,4,4,0,0,0,0,86.8,2,2,0.877,0
238.39,20,0,2,2,0,0,0,0,131.6,1,1,9.991,0
273.14,2,1,9,5,3,4,1,1,209.1,8,6,48.392,1
52.26,16,0,4,2,0,0,0,0,7.3,1,1,2.722,0
12.50,17,0,1,1,0,0,1,0,5.4,1,3,0.372,0
12.16,20,0,0,3,0,0,0,0,29.1,1,2,0.831,0
64.88,9,0,3,2,0,0,0,0,177.2,1,2,0.306,0
34.85,10,0,5,2,0,1,0,0,143.7,2,3,0.929,0
104.91,15,0,0,1,0,0,0,0,12.0,1,1,4.625,0
84.01,13,0,1,2,0,1,0,0,14.3,1,1,2.602,0
32.31,13,0,1,1,0,1,0,0,123.2,2,1,0.142,0
47.09,20,0,3,3,0,1,0,0,39.7,1,1,9.149,0
20.77,14,0,2,2,0,0,0,0,6.1,1,1,3.616,0
9.98,10,0,3,1,0,0,0,0,96.6,2,1,0.739,0
14.85,19,0,4,4,0,0,0,0,45.5,1,1,0.107,0
90.97,20,0,2,4,0,1,0,0,4.9,2,1,1.651,0
10.38,17,0,0,1,0,0,0,0,295.5,1,1,0.002,0
38.94,19,0,3,1,0,0,0,0,8.1,1,1,0.701,0
307.69,10,0,13,14,0,1,0,1,394.9,3,2,19.137,1
35.95,17,0,1,1,1,1,0,0,113.4,1,2,0.569,0
48.82,14,0,4,4,0,0,0,0,96.4,1,2,0.217,0
12.16,18,0,2,2,0,1,0,0,18.2,2,1,0.328,0
11.11,17,0,1,1,0,1,0,0,50.6,1,1,0.354,0
62.69,10,0,4,4,0,0,0,0,71.3,1,3,0.932,0
12.56,10,0,3,1,0,0,0,0,47.3,1,1,0.356,0
11.42,15,0,1,1,0,0,0,0,38.0,3,1,0.072,0
4.17,11,0,5,1,0,0,0,0,34.3,3,3,0.644,0
13.46,11,0,2,2,0,0,0,0,21.1,2,2,0.698,0
28.24,10,0,2,2,1,1,0,0,15.3,1,1,0.781,0
16.87,14,0,1,1,0,1,0,0,129.7,1,2,5.802,0
15.23,14,0,2,1,0,1,0,0,38.1,3,1,0.279,0
3.19,10,0,0,0,0,0,0,0,114.4,1,1,0.883,0
35.15,11,0,0,3,0,0,0,0,116.8,1,2,0.266,0
1574.56,0,1,8,3,0,0,0,1,21.0,3,4,18.746,0
59.77,11,0,0,1,0,1,1,0,20.5,2,1,3.859,0
9.83,14,0,3,3,0,0,0,1,37.8,3,1,0.413,0
4.73,19,0,3,3,0,1,0,0,1.3,1,2,0.946,0
11.22,9,0,0,2,0,0,0,0,68.8,1,1,0.388,0
62.18,17,0,1,1,0,0,0,0,7.6,1,1,0.274,0
34.32,14,0,1,2,0,1,0,0,16.5,2,4,1.818,0
46.43,16,0,0,2,0,0,0,0,14.8,3,1,2.409,0
203.32,20,0,4,3,0,0,0,0,35.8,3,2,8.267,0
75.69,20,0,4,4,0,0,0,0,119.0,2,1,2.168,0
17.19,10,0,3,1,0,0,0,0,2.3,2,1,0.765,0
110.97,21,0,9,1,0,2,1,1,513.3,5,3,3.096,0
7.91,18,0,3,3,0,1,0,0,79.9,2,1,0.809,0
111.89,16,0,3,3,0,1,0,0,159.7,1,3,2.253,0
13.16,16,0,4,1,0,1,0,0,31.6,1,1,0.349,0
139.56,11,0,1,1,0,1,0,0,10.3,2,3,12.750,0
38.08,16,0,0,2,0,0,0,0,17.9,1,1,2.942,0
17.84,14,0,2,1,0,0,0,0,14.5,1,1,0.646,0
7.48,9,0,2,2,0,0,0,0,11.5,2,1,0.891,0
4.17,17,0,2,2,0,0,0,0,8.0,2,2,0.734,0
28.06,16,0,1,1,0,0,0,0,73.5,1,1,2.649,0
6.98,18,0,1,1,0,1,0,0,98.6,1,3,0.321,0
25.00,9,0,0,0,0,0,0,0,60.5,1,3,1.122,0
17.44,20,0,4,2,0,0,0,0,100.1,1,1,0.753,0
24.89,19,0,2,2,0,0,1,0,0.1,1,1,0.691,0
49.30,12,0,2,4,0,0,0,0,89.1,1,1,0.602,0
9.24,14,0,0,0,0,0,0,0,28.2,1,1,0.919,0
5.15,10,0,4,4,0,1,0,0,9.1,1,1,0.791,0
11.49,20,0,2,2,0,1,0,0,14.5,1,2,0.439,0
46.76,16,0,2,1,0,0,0,0,5.1,2,3,1.221,0
29.74,13,0,2,2,0,0,0,0,5.4,1,2,0.798,0
26.12,14,0,2,1,0,0,0,0,58.3,4,1,0.287,0
5.05,11,0,2,1,0,0,0,0,62.5,1,1,0.926,0
122.87,19,0,4,4,0,1,0,0,63.7,1,1,1.432,0
46.57,12,0,3,3,0,0,0,0,3.0,2,1,0.333,0
35.19,18,0,2,2,0,0,0,0,24.9,1,1,1.425,0
9.12,13,0,3,3,0,0,0,0,60.8,1,2,0.833,0
27.70,13,0,0,0,0,0,0,0,16.1,1,2,0.842,0
17.81,16,0,2,2,0,0,0,0,46.8,1,1,8.180,0
28.36,11,0,1,1,0,0,0,0,100.3,2,1,0.844,0
1.91,17,0,1,1,0,0,0,0,152.0,4,2,0.926,0
42.22,16,0,3,2,0,1,1,0,132.8,2,3,0.124,0
18.89,14,0,1,1,0,0,0,0,51.0,1,3,0.696,0
20.23,13,0,4,1,0,0,0,0,3.3,2,3,0.326,0
122.51,12,0,1,1,0,0,0,0,6.2,1,1,2.359,0
13.15,13,0,1,1,0,1,0,0,55.2,1,2,0.680,0
38.00,8,0,3,2,0,0,0,0,45.2,2,2,0.205,0
28.70,20,0,1,1,0,1,0,0,161.7,1,1,6.416,0
61.14,20,0,4,5,1,2,1,0,13.0,2,2,0.911,0
49.03,14,0,4,1,0,1,0,0,14.3,2,1,0.632,0
16.92,18,0,2,3,0,0,0,0,2.5,1,2,0.805,0
49.85,16,0,1,1,0,0,0,0,43.0,1,1,2.030,0
58.44,21,0,2,1,0,2,0,0,20.7,1,2,0.581,0
22.40,18,0,0,0,0,0,0,0,12.6,1,2,0.459,0
30.25,19,0,5,1,0,0,0,0,1.2,1,1,0.906,0
83.28,21,0,0,6,0,0,0,0,97.1,1,2,0.699,0
29.61,19,0,3,2,0,0,0,0,61.4,1,2,1.010,0
12.28,18,0,3,2,0,0,0,0,186.8,1,1,0.345,0
43.51,9,0,2,2,0,0,0,0,46.8,1,4,0.909,0
57.24,11,0,4,3,0,0,0,0,17.9,1,1,0.229,0
12.06,21,0,1,1,0,0,0,0,0.1,1,1,0.506,0
19.86,21,0,4,1,0,1,0,0,38.7,1,1,0.227,0
61.50,11,0,1,1,0,0,0,0,25.5,1,1,3.663,0
24.01,15,0,3,1,0,0,0,0,15.7,6,1,0.842,0
89.05,19,0,0,2,0,0,0,0,33.6,2,1,4.897,0
31.19,5,1,6,6,1,6,1,1,30.4,6,3,0.086,0
21.19,11,0,1,1,0,0,0,0,16.5,1,3,0.552,0
27.44,14,0,4,4,0,0,0,0,36.7,1,1,0.664,0
89.00,14,0,2,2,0,0,0,0,30.5,2,1,0.380,0
9.21,13,0,1,3,0,1,0,0,19.5,4,1,0.779,0
46.50,10,0,2,1,0,1,0,0,46.1,1,1,0.199,0
154.87,11,0,1,1,0,1,0,0,412.5,1,1,19.035,0
32.48,9,0,6,6,0,0,0,0,112.4,1,1,0.265,0
16.24,17,0,0,1,0,1,0,0,11.6,2,1,0.336,0
11.33,15,0,1,2,0,1,0,0,1.6,2,1,0.172,0
6.29,8,0,2,5,0,1,0,0,3.5,1,2,0.737,1
82.21,11,0,4,2,0,3,1,0,529.0,3,2,0.069,0
21.58,15,0,2,2,0,1,0,0,19.1,1,2,0.622,0
71.33,20,0,1,2,0,0,0,0,58.9,1,2,0.019,0
70.75,20,0,2,2,0,0,0,0,43.0,1,1,0.502,0
96.35,14,0,1,1,0,1,0,0,25.5,2,4,29.881,0
5.70,12,0,1,2,0,0,0,0,134.7,1,1,0.844,0
17.85,11,0,4,4,0,0,0,1,23.9,1,1,0.450,0
104.96,20,0,4,3,0,1,1,1,10.0,3,1,2.289,0
29.66,5,1,4,9,0,3,0,0,295.1,5,4,0.836,0
39.45,13,0,1,1,0,0,0,0,190.9,2,2,0.162,0
42.41,20,0,1,1,0,0,0,0,69.9,1,2,0.691,0
15.98,13,0,1,1,1,0,0,0,98.9,3,1,3.273,0
11.46,21,0,2,2,0,0,0,0,3.6,2,1,0.666,0
12.47,7,0,8,3,0,0,1,0,288.8,4,4,0.491,0
28.24,14,0,4,4,0,0,0,0,68.7,1,1,0.698,0
121.53,13,0,2,2,0,0,0,0,47.2,2,2,3.043,0
3.10,20,0,2,2,0,0,0,0,29.8,3,1,0.800,0
14.63,20,0,1,1,0,0,0,0,126.7,1,2,0.300,0
12.72,11,0,1,1,0,0,0,0,38.6,2,1,0.976,0
117.60,19,0,1,1,1,0,0,0,248.8,2,3,5.285,0
10.13,9,0,4,5,0,2,0,1,48.6,1,1,0.536,0
46.17,3,1,5,3,1,5,0,1,100.6,1,5,5.290,0
36.12,17,0,4,3,0,1,0,1,106.4,2,2,6.835,0
52.20,12,0,3,1,0,0,0,0,168.7,1,1,2.175,0
19.85,15,0,3,1,0,0,0,0,14.4,1,3,0.694,0
12.27,10,0,0,0,1,1,0,0,8.5,1,1,0.028,0
12.81,12,0,1,1,0,0,0,0,8.3,1,3,0.465,0
35.25,20,0,0,1,0,0,0,0,62.2,1,2,0.304,0
11.26,9,0,5,5,1,0,0,0,22.4,1,1,0.820,0
41.03,17,0,0,3,0,0,0,0,58.3,1,2,0.477,0
21.94,17,0,4,1,0,0,0,0,135.2,1,1,0.712,0
36.50,15,0,0,0,0,0,0,0,110.7,1,1,2.342,0
12.44,17,0,2,2,0,0,0,0,18.4,2,1,0.814,0
105.35,15,0,2,1,0,0,0,0,8.8,3,1,23.788,0
321.97,13,0,6,6,0,5,0,0,43.4,2,5,26.472,0
89.01,11,0,1,2,0,0,0,0,74.5,1,1,3.420,0
18.86,13,0,2,1,0,0,0,0,26.7,1,1,0.702,0
7.39,15,0,1,3,0,0,0,0,15.9,1,1,0.655,0
42.21,21,0,2,2,0,0,1,0,34.3,2,1,1.775,0
11.19,13,0,0,2,0,0,0,0,52.9,1,2,0.679,0
37.86,9,0,1,1,0,0,0,0,57.6,1,3,1.259,0
6.55,10,0,1,1,0,0,0,1,33.3,1,2,0.290,0
55.32,8,0,1,2,0,0,0,0,26.7,1,1,3.298,0
26.77,19,0,1,2,0,0,0,0,46.2,1,1,0.308,0
97.88,12,0,1,1,0,0,0,0,46.2,1,1,3.826,0
34.50,11,0,3,1,0,1,0,0,1.2,1,3,0.251,0
18.10,18,0,2,1,0,0,0,0,1.2,2,2,0.370,0
18.23,14,0,2,1,0,0,0,0,50.2,2,3,0.758,0
19.49,15,0,2,2,0,0,1,0,32.1,1,1,0.753,0
30.86,20,0,5,1,0,0,0,0,67.9,2,2,0.229,0
36.45,18,0,2,1,0,1,0,0,1.6,1,2,3.142,0
35.08,14,0,3,2,0,0,0,0,21.1,1,1,0.664,0
119.74,9,0,0,0,0,0,0,1,11.6,1,3,7.207,0
36.61,10,0,3,1,0,1,0,0,10.9,1,1,0.103,0
8.56,19,0,3,3,0,1,0,0,18.7,3,1,0.934,0
46.83,12,0,1,1,0,0,0,0,175.2,1,2,0.583,0
10.57,20,0,6,2,0,0,0,0,13.8,2,2,0.406,0
39.30,15,0,3,1,0,0,0,0,96.7,1,1,0.635,0
19.81,18,0,4,2,0,0,0,0,80.6,1,1,0.503,0
39.07,20,0,3,3,0,1,0,0,122.6,2,3,0.373,0
74.38,8,0,6,3,1,3,1,0,473.9,1,3,0.347,0
91.41,19,0,2,3,2,0,0,0,164.1,2,2,1.783,0
8.15,8,0,3,3,0,0,0,0,37.6,1,1,0.660,0
14.57,20,0,2,3,0,0,0,0,21.6,1,3,0.168,0
27.14,15,0,1,2,0,0,0,1,12.1,2,1,0.461,0
11.75,16,0,3,1,0,0,0,0,43.4,1,2,0.023,0
47.33,17,0,2,2,0,0,0,0,341.3,6,3,13.791,0
6.73,12,0,3,3,0,0,0,0,65.1,2,1,0.609,0
12.23,20,0,1,1,0,1,0,0,10.2,2,1,1.343,0
52.53,15,0,2,2,0,0,0,0,63.1,1,1,0.789,0
45.76,16,0,1,1,0,0,0,0,116.3,3,6,0.464,0
127.44,1,1,7,6,2,3,1,1,875.5,2,6,7.308,1
52.24,16,0,1,1,0,1,0,0,68.3,1,3,2.684,0
46.53,19,0,2,1,0,0,0,0,85.9,1,1,2.805,0
31.95,16,0,0,1,0,1,0,0,4.3,1,1,0.519,0
38.67,17,0,4,4,0,0,0,0,35.5,1,4,6.310,0
32.00,15,0,0,0,0,0,0,0,6.4,2,2,1.370,0
19.33,9,0,2,2,0,1,0,0,23.8,1,1,0.329,0
6.26,18,0,2,4,0,0,0,0,53.1,1,1,0.895,0
13.53,13,0,3,1,0,0,0,0,91.1,2,5,0.299,0
58.70,14,0,3,1,0,1,0,0,1.3,2,2,8.362,0
70.21,20,0,3,3,0,0,0,0,143.3,1,1,4.671,0
199.48,11,0,8,4,0,4,0,0,739.2,3,6,2.608,1
50.75,18,0,4,3,0,0,0,0,134.5,1,1,9.050,0
7.30,12,0,1,2,0,1,0,0,51.2,1,1,0.817,0
10.41,18,0,4,4,0,0,0,0,29.9,1,4,0.552,0
30.73,18,0,2,1,0,1,0,0,1.5,1,2,0.417,0
52.08,17,0,1,1,0,1,0,0,9.4,2,1,2.078,0
22.12,9,0,3,3,0,0,0,0,12.2,2,3,0.111,0
46.89,18,0,2,2,0,1,0,0,62.1,3,1,0.962,0
6.72,13,0,1,1,0,0,0,0,24.5,1,1,0.872,0
59.15,21,0,2,3,0,0,0,0,50.2,2,1,7.895,0
47.59,10,0,6,1,0,0,0,0,37.7,1,1,1.441,0
100.63,11,0,0,3,0,0,0,0,132.8,1,4,7.660,0
44.98,19,0,0,0,0,0,0,0,4.9,2,2,0.139,0
6.28,9,0,2,1,0,0,1,0,3.1,1,2,0.581,0
97.44,10,0,0,1,0,1,0,0,161.6,3,2,0.115,0
118.99,23,1,4,6,0,3,0,0,158.6,2,1,9.877,0
16.97,14,0,1,1,0,0,0,0,12.6,1,2,0.483,0
77.03,14,0,1,1,0,0,0,0,3.5,4,1,5.288,0
29.06,17,0,3,3,0,1,0,0,108.3,1,1,0.680,0
8.83,16,0,1,1,0,1,0,0,67.7,1,5,0.733,0
70.28,16,0,3,3,0,0,0,0,10.3,1,1,7.060,0
8.29,19,0,3,1,0,0,0,0,52.4,1,2,0.749,0
9.61,18,0,3,3,0,0,0,0,133.9,1,1,0.892,0
37.26,16,0,1,1,0,0,0,0,53.5,3,1,3.430,0
43.56,13,0,1,1,0,0,0,0,32.3,4,4,0.205,0
40.77,17,0,0,3,0,0,0,0,73.4,2,1,0.168,0
2.54,14,0,1,4,2,0,0,0,48.5,2,3,0.737,0
531.03,3,1,11,5,0,0,1,1,545.4,1,5,22.643,1
16.03,18,0,1,1,0,0,0,0,2.9,2,4,0.790,0
71.00,1,1,5,6,1,3,0,0,60.3,1,2,0.159,0
6.05,16,0,1,1,0,0,0,0,37.0,1,2,0.888,0
140.50,15,0,3,1,0,1,0,0,10.7,3,3,6.636,0
73.67,9,0,1,3,1,0,0,0,4.1,2,2,1.781,0
32.16,10,0,3,3,0,0,0,1,68.9,3,1,0.115,0
52.19,11,0,1,1,0,1,0,0,17.0,1,1,0.480,0
20.96,12,0,3,3,0,0,0,0,83.6,2,1,0.694,0
18.62,15,0,0,1,0,0,0,0,202.1,2,1,3.667,0
33.21,14,0,2,2,0,0,0,0,57.4,1,1,4.314,0
34.43,14,0,1,1,0,0,0,0,31.5,1,1,0.940,0
63.25,10,0,2,1,0,0,0,0,11.2,1,1,2.904,0
81.81,11,0,5,1,0,0,0,0,34.4,2,1,2.453,0
8.72,12,0,3,1,0,0,0,0,132.0,1,3,0.837,0
10.56,20,0,2,1,0,0,0,0,48.5,2,1,0.934,0
14.61,14,0,2,2,0,0,0,0,18.2,1,1,0.704,0
62.96,20,0,1,1,0,0,0,0,12.0,3,1,8.205,0
24.00,10,0,4,1,0,0,0,0,64.9,1,3,0.696,0
16.32,20,0,3,1,0,0,0,0,17.3,1,1,2.181,0
64.51,14,0,0,1,0,0,0,0,41.4,1,1,13.209,0
262.21,11,0,1,1,0,0,0,0,1.6,1,1,33.366,0
14.51,13,0,2,1,0,0,0,0,1.5,3,3,0.498,0
68.89,12,0,2,2,0,0,0,0,34.3,2,1,0.420,0
2.65,14,0,1,1,0,1,0,0,128.9,1,1,0.900,0
44.17,19,0,2,1,0,0,0,0,33.5,1,2,0.637,0
23.46,2,1,7,4,2,4,1,1,869.0,2,3,1.763,1
18.00,9,0,1,1,0,1,0,0,59.4,1,5,0.304,0
51.71,20,0,3,3,0,0,0,0,8.8,2,1,0.653,0
189.23,12,0,1,1,1,3,1,1,195.2,2,2,2.148,0
60.77,13,0,0,0,0,0,0,0,0.2,2,4,0.223,0
25.58,21,0,3,1,0,0,0,0,4.3,1,5,0.319,0
67.59,12,0,1,2,0,0,0,0,9.5,1,1,5.581,0
12.53,9,0,3,3,0,0,0,0,49.8,1,4,0.666,0
8.43,17,0,0,1,0,0,0,0,72.7,2,1,0.830,0
71.14,4,1,6,8,0,6,1,1,62.1,1,3,70.140,1
22.57,12,0,1,2,1,0,0,0,18.2,2,1,1.414,0
6.46,16,0,0,0,0,1,0,0,64.1,1,2,0.601,0
266.02,0,1,6,4,0,3,0,1,271.5,1,7,6.296,0
135.63,18,0,0,3,0,0,0,1,33.8,3,1,1.428,0
8.57,20,0,0,5,0,0,0,0,94.9,2,2,0.600,0
98.73,12,0,3,3,0,1,0,0,124.4,1,3,2.624,0
9.54,21,0,2,1,0,0,0,0,13.6,1,3,0.890,0
1.44,10,0,3,3,0,0,0,0,81.0,1,1,0.995,0
234.68,22,0,11,5,0,5,1,1,1236.6,3,6,18.821,1
42.50,21,0,3,3,0,0,0,0,138.7,1,1,0.965,0
7.17,19,0,1,1,0,0,0,0,152.3,1,6,0.643,0
8.81,14,0,1,1,0,0,0,0,1.6,2,1,0.749,0
52.77,15,0,2,2,0,0,0,0,25.6,2,1,0.307,0
37.31,13,0,5,5,0,0,0,0,169.0,2,1,2.141,0
18.00,9,0,0,1,1,0,0,0,20.9,1,2,0.510,0
537.84,22,0,7,4,1,3,0,0,684.0,4,4,43.634,1
10.67,16,0,0,2,0,2,0,0,1.8,1,2,0.874,0
46.26,12,0,3,2,0,0,0,0,7.1,3,1,0.969,0
63.21,15,0,0,1,0,0,0,0,10.1,1,2,3.753,0
22.81,14,0,3,3,0,0,0,0,46.2,1,2,0.442,0
51.04,16,0,2,1,0,0,0,0,84.2,4,1,1.762,0
12.32,17,0,3,3,0,0,0,0,124.5,1,4,0.458,0
4.45,11,0,0,3,0,0,0,0,5.8,1,1,0.792,0
27.40,11,0,5,5,0,0,0,0,29.5,4,1,0.057,0
37.57,19,0,1,1,0,1,0,0,4.7,1,1,5.650,0
12.69,8,0,2,1,0,0,0,0,109.5,2,1,0.311,0
28.63,19,0,1,2,0,0,0,0,69.8,2,1,2.530,0
5.70,14,0,2,2,0,0,0,0,3.8,2,3,0.699,0
135.81,4,1,7,4,3,1,0,0,50.0,2,3,2.645,1
12.27,12,0,1,4,0,1,0,0,153.6,4,1,0.437,0
21.48,17,0,5,2,0,0,0,0,15.4,1,1,0.201,0
16.24,12,0,4,3,0,0,0,0,104.0,2,3,0.307,0
10.51,15,0,0,2,0,0,0,0,15.8,1,2,0.140,0
34.51,15,0,4,1,1,0,0,0,34.8,1,1,0.477,0
23.21,9,0,4,3,0,0,0,0,65.0,1,2,0.529,0
361.30,10,0,4,7,0,0,0,1,273.0,3,2,6.121,0
5.12,21,0,0,1,0,0,0,0,103.0,3,2,0.880,0
146.14,16,0,2,2,0,0,0,0,9.2,1,3,4.827,0
18.02,15,0,1,1,0,1,0,0,1.4,1,1,0.620,0
68.86,19,0,4,8,0,3,0,1,169.5,4,2,0.237,0
6.99,11,0,4,3,0,0,0,0,46.8,1,3,0.751,0
20.14,12,0,2,2,0,0,0,0,33.4,1,1,0.368,0
16.03,20,0,3,3,0,0,0,0,0.0,1,1,0.969,0
25.41,17,0,1,1,0,0,0,0,28.5,1,2,0.521,0
61.47,12,0,1,2,0,0,0,0,93.5,1,2,0.218,0
7.17,13,0,7,7,0,1,0,1,62.9,1,1,0.704,0
10.53,11,0,1,1,0,0,0,0,3.2,1,1,0.895,0
37.09,11,0,0,1,0,0,0,0,318.8,2,5,0.065,0
36.62,15,0,2,3,0,0,1,0,18.1,4,3,6.892,0
25.31,18,0,4,1,0,2,0,0,0.4,1,3,0.100,0
29.82,14,0,2,2,1,0,0,0,77.2,1,1,0.091,0
32.57,14,0,3,3,0,1,0,0,40.8,1,1,1.274,0
25.31,12,0,2,2,0,0,0,0,198.5,1,1,0.233,0
17.33,5,1,4,9,1,7,1,1,160.9,4,3,0.128,1
64.41,17,0,2,2,0,0,0,0,98.9,3,4,0.554,0
7.76,16,0,0,2,0,0,0,0,10.1,2,4,0.340,0
310.69,12,0,4,6,0,1,0,1,56.5,4,1,16.137,0
12.30,17,0,2,2,0,0,0,0,8.7,3,1,0.484,0
14.77,15,0,4,1,0,0,0,0,19.1,1,1,0.888,0
16.57,10,0,0,1,0,0,0,0,161.0,3,3,0.190,0
4.15,12,0,3,3,0,0,0,0,14.1,3,3,0.876,0
58.68,13,0,1,3,0,1,0,0,20.6,1,1,2.357,0
86.69,11,0,3,3,0,1,0,0,134.1,2,1,11.176,0
39.59,18,0,2,1,0,0,0,0,50.2,1,2,6.238,0
35.92,20,0,3,1,0,0,0,0,87.1,1,2,3.796,0
18.54,11,0,1,1,0,1,1,0,74.0,1,2,0.286,0
58.12,11,0,1,1,0,0,0,0,25.5,1,4,4.194,0
68.94,12,0,1,1,0,0,0,0,36.4,1,2,0.287,0
139.17,20,0,6,6,0,3,1,0,657.0,6,5,2.982,1
19.00,20,0,2,2,0,0,0,0,79.7,1,2,0.779,0
21.25,20,0,2,2,0,0,0,0,4.1,1,1,0.690,0
13.80,14,0,3,2,0,1,0,0,60.1,1,1,0.277,0
13.61,18,0,4,4,0,0,0,0,67.1,2,1,7.350,0
18.49,9,0,1,1,0,1,0,0,9.0,1,2,0.814,0
23.84,19,0,2,2,0,0,0,0,30.4,1,1,1.169,0
37.33,8,0,3,2,0,1,0,0,71.8,2,1,2.215,0
7.27,13,0,2,2,1,0,0,0,24.8,1,1,0.941,0
75.54,10,0,6,3,0,0,0,0,22.5,1,3,2.445,0
39.74,23,1,9,9,0,1,0,1,434.5,1,5,1.357,0
85.92,8,0,1,1,0,0,1,0,156.3,1,1,2.689,0
4.94,18,0,0,1,0,1,0,0,52.2,1,1,0.818,0
11.03,15,0,0,2,0,0,0,0,56.5,1,1,0.336,0
49.64,18,0,4,1,0,0,0,0,13.6,1,2,0.365,0
160.04,18,0,2,2,0,0,0,0,1.3,2,2,7.297,0
24.01,16,0,0,2,0,0,0,0,19.5,1,2,0.672,0
19.00,17,0,0,0,0,1,0,0,108.7,3,2,0.797,0
34.24,19,0,3,1,0,1,0,0,9.6,1,1,0.318,0
9.53,19,0,2,2,0,1,0,0,94.5,1,1,0.643,0
52.60,11,0,1,2,0,0,0,0,113.9,1,1,4.864,0
185.67,22,0,4,4,0,3,1,0,56.3,3,1,0.329,0
22.09,20,0,3,3,0,1,0,0,2.3,1,2,11.005,0
305.31,10,0,6,2,0,0,0,0,97.0,1,1,35.089,0
30.54,18,0,0,3,0,0,0,0,96.3,2,2,0.692,0
34.61,11,0,3,1,0,0,0,0,37.3,1,1,1.068,0
52.81,20,0,2,2,0,1,0,0,54.5,1,2,1.427,0
16.37,20,0,2,1,0,0,0,0,79.9,1,3,0.494,0
61.28,10,0,2,1,0,1,0,0,0.1,4,1,1.805,0
39.39,11,0,4,1,0,2,0,0,89.8,2,3,2.208,0
14.54,19,0,2,1,0,0,0,0,73.9,1,2,1.538,0
24.70,18,0,1,1,0,0,0,0,62.3,1,3,0.476,0
24.69,18,0,1,1,0,0,0,0,75.7,2,2,0.602,0
46.47,17,0,2,1,0,0,0,0,20.8,2,1,2.892,0
16.98,19,0,2,1,0,0,0,0,8.8,1,1,0.150,0
116.28,14,0,0,0,1,2,0,0,65.6,1,3,6.077,0
11.19,14,0,3,3,0,0,0,0,14.4,2,1,0.105,0
33.04,17,0,3,1,0,0,0,0,110.9,1,1,1.802,0
13.90,10,0,1,1,0,0,0,1,142.4,2,1,0.504,0
22.76,13,0,0,1,0,0,0,1,24.4,4,1,0.562,0
5.21,9,0,4,2,0,0,0,0,130.1,1,1,0.922,0
162.20,5,1,14,6,2,5,1,1,93.6,7,5,3.734,1
19.57,17,0,0,1,0,0,0,0,18.9,1,4,1.153,0
17.62,19,0,1,2,1,0,0,0,53.5,1,3,0.637,0
24.55,15,0,3,3,0,1,0,0,67.7,1,4,0.538,0
17.40,20,0,3,1,0,0,1,0,151.6,1,2,0.882,0
20.61,12,0,0,2,0,0,0,0,51.7,3,1,0.833,0
75.26,11,0,0,0,0,0,0,0,131.3,2,3,2.337,0
21.02,17,0,2,1,0,0,0,0,99.0,1,3,0.166,0
124.26,11,0,3,3,0,0,0,0,15.7,1,3,5.805,0
56.32,11,0,3,1,0,0,0,0,61.1,1,1,0.966,0
27.85,11,0,1,1,0,0,0,0,9.6,1,2,0.043,0
23.16,22,0,7,8,0,3,1,1,145.7,1,4,0.134,1
25.45,20,0,2,2,0,1,0,0,23.6,2,1,0.463,0
25.00,11,0,0,2,0,0,0,0,32.8,1,3,0.447,0
33.13,11,0,3,3,0,0,0,0,11.5,1,4,0.410,0
44.11,19,0,0,2,0,0,0,0,237.8,1,1,3.529,0
40.12,20,0,1,1,0,0,0,0,80.3,1,3,0.143,0
37.86,16,0,1,1,0,1,0,0,0.9,1,2,5.000,0
9.54,12,0,1,1,0,3,0,0,86.0,6,2,0.804,0
110.24,14,0,2,2,0,1,0,0,19.3,2,3,6.404,0
38.06,19,0,4,1,0,0,0,0,17.2,2,3,0.446,0
14.65,11,0,0,1,0,0,0,0,19.5,2,3,0.264,0
35.59,19,0,3,3,0,1,1,0,21.0,1,2,0.301,1
11.69,9,0,4,4,0,0,0,0,37.1,1,2,0.860,0
77.18,16,0,2,2,0,0,0,0,40.9,2,2,1.567,0
27.88,10,0,4,4,0,0,0,0,18.7,2,1,0.158,0
14.81,15,0,3,2,0,0,0,1,11.5,1,1,0.450,0
12.46,13,0,0,1,0,0,0,0,78.1,1,3,0.124,0
78.45,12,0,4,3,0,0,0,0,22.0,2,3,0.012,0
36.43,16,0,2,1,0,0,0,0,17.2,1,1,4.429,0
30.35,15,0,5,1,0,0,0,0,73.5,1,2,0.094,0
25.23,21,0,3,3,0,0,0,0,20.0,1,2,0.567,0
13.83,9,0,3,3,0,0,0,0,111.5,1,2,0.806,0
56.09,10,0,1,1,0,0,0,1,7.8,1,2,0.602,0
25.50,0,1,6,4,0,7,1,1,282.7,2,5,7.703,0
30.56,12,0,1,1,0,0,0,0,105.8,1,2,0.814,0
17.06,20,0,2,2,0,1,0,0,9.6,1,2,0.269,0
49.40,12,0,3,1,0,1,0,0,31.1,1,3,0.714,0
29.37,10,0,4,4,0,1,0,0,38.4,1,3,1.838,0
21.88,23,1,9,6,1,3,0,0,50.0,8,5,0.233,1
65.23,13,0,3,3,0,2,0,0,3.4,2,1,4.925,0
8.43,14,0,3,3,0,0,0,0,68.4,1,1,0.650,0
55.61,10,0,1,3,0,0,0,0,19.6,1,1,3.705,0
27.38,20,0,2,1,0,0,0,0,43.7,1,2,1.263,0
8.95,19,0,1,1,0,0,0,0,49.6,1,1,0.168,0
51.64,13,0,3,1,1,0,0,0,15.9,1,2,0.498,0
167.03,0,1,6,7,0,3,1,1,509.8,2,3,34.090,0
48.99,14,0,2,1,0,0,0,0,15.1,2,1,1.825,0
46.17,12,0,1,2,0,0,0,0,8.2,1,1,2.034,0
126.65,21,0,2,2,0,0,0,0,67.1,1,3,5.596,0
27.05,9,0,4,1,0,1,0,0,31.6,1,2,0.055,0
9.60,14,0,2,2,0,0,0,0,97.8,1,1,0.913,0
28.71,15,0,3,2,0,0,0,0,46.3,1,1,0.304,0
15.11,12,0,1,1,0,0,0,0,18.8,1,2,0.621,0
33.83,18,0,2,2,0,0,0,0,49.9,2,2,0.328,0
6.21,10,0,3,2,0,0,0,0,25.7,5,1,0.929,0
60.10,13,0,2,1,0,1,0,0,51.3,1,2,0.669,0
9.08,14,0,2,2,0,0,0,0,203.2,1,4,0.883,0
14.92,20,0,1,1,0,0,0,0,26.7,1,1,1.383,0
53.98,12,0,2,3,0,1,0,0,245.6,1,3,0.906,0
134.49,9,0,0,0,0,1,0,0,5.6,1,1,1.482,0
149.27,11,0,1,1,0,0,0,0,23.1,1,1,5.564,0
141.57,10,0,3,1,0,1,0,0,40.5,2,2,8.501,0
15.60,13,0,0,1,0,3,0,1,17.9,2,2,0.824,0
32.29,16,0,2,1,1,0,0,0,183.7,2,3,1.134,0
46.19,12,0,4,2,0,6,0,0,64.2,2,1,0.293,0
13.00,19,0,3,4,1,0,0,0,17.4,2,1,0.771,0
60.43,21,0,0,2,0,0,0,1,5.6,3,2,0.457,0
75.82,18,0,3,3,0,0,0,0,35.6,2,1,3.450,0
21.31,16,0,2,1,0,0,0,0,24.3,2,2,3.854,0
24.12,20,0,1,1,0,1,0,0,126.5,3,1,0.101,0
16.10,15,0,0,4,0,1,0,0,5.4,1,2,0.813,0
47.33,15,0,5,2,0,0,0,0,66.9,2,2,0.190,0
251.12,19,0,2,2,0,1,0,0,100.7,1,1,9.364,0
14.51,8,0,1,3,0,0,1,0,13.1,5,1,0.534,0
77.68,20,0,1,1,0,0,0,0,74.7,1,2,0.365,0
11.33,10,0,3,1,1,2,0,0,135.6,1,1,0.735,0
44.70,19,0,1,3,0,0,0,0,188.4,1,3,0.520,0
40.47,13,0,4,1,0,2,0,1,544.5,3,2,0.456,0
15.12,17,0,3,3,0,0,1,0,82.5,1,3,0.287,0
38.81,13,0,2,2,0,0,0,0,53.1,2,1,3.963,0
10.62,3,1,8,4,0,2,0,0,297.3,3,3,0.383,0
42.66,17,0,7,7,0,0,0,0,38.1,2,1,2.028,0
50.08,10,0,0,3,0,0,0,0,10.2,1,1,1.837,0
17.35,13,0,5,3,0,1,0,0,15.6,1,1,0.476,0
64.76,14,0,3,1,0,1,1,0,98.9,1,1,4.656,1
68.74,18,0,6,3,0,1,0,0,25.8,2,1,0.885,0
19.15,18,0,1,1,0,0,0,0,5.9,1,2,0.796,0
80.30,14,0,0,1,0,0,0,0,44.0,1,4,7.444,0
4.94,20,0,2,2,0,0,0,0,191.5,1,4,0.815,0
12.40,18,0,3,1,1,0,0,0,13.7,1,1,0.147,0
1197.32,0,1,2,3,0,4,0,0,206.3,1,3,200.230,0
6.51,20,0,2,1,0,1,0,0,1.6,1,1,0.572,0
37.61,15,0,1,1,0,0,0,0,7.8,1,1,0.547,0
82.53,17,0,4,4,0,2,0,0,10.0,4,6,0.386,0
25.91,20,0,1,1,0,1,0,0,60.6,3,2,2.423,0
17.37,19,0,1,2,0,1,0,0,8.8,1,1,0.673,0
29.11,19,0,3,3,0,0,0,0,32.0,1,5,0.141,0
22.36,19,0,4,1,0,0,0,0,16.7,1,4,0.437,0
8.66,18,0,5,2,0,1,0,0,28.8,1,1,0.822,0
8.49,8,0,2,2,0,1,0,0,105.4,1,1,0.825,0
23.81,17,0,1,1,0,0,0,0,23.6,2,1,0.172,0
31.88,11,0,4,1,1,0,0,0,79.4,2,1,4.497,0
12.64,18,0,1,1,0,1,0,0,54.3,3,1,0.180,0
5.36,20,0,3,7,0,0,0,0,19.5,1,1,0.764,0
64.67,21,0,3,1,0,0,0,0,18.5,1,2,0.461,0
286.49,5,1,7,5,3,4,0,0,125.8,2,4,48.566,1
15.09,18,0,0,1,0,0,0,0,65.0,1,1,0.684,0
12.70,18,0,1,1,0,0,0,0,23.0,1,2,0.839,0
30.32,18,0,0,0,0,0,0,0,228.7,1,1,0.190,0
3.25,14,0,3,2,0,0,0,0,136.4,1,2,0.979,0
27.42,9,0,1,2,0,2,0,0,143.8,1,1,2.141,0
2.86,19,0,1,1,1,0,0,0,59.2,2,3,0.819,0
27.80,13,0,0,3,0,1,0,0,42.3,1,1,0.241,0
32.96,13,0,1,1,0,1,0,0,196.3,1,1,0.664,0
50.31,9,0,3,1,0,0,0,0,42.2,1,1,2.233,0
19.94,15,0,2,2,0,0,0,0,21.5,2,1,0.327,0
20.48,10,0,2,2,0,1,0,0,5.4,2,1,0.456,0
123.07,15,0,3,1,0,0,1,0,1.3,1,1,1.753,0
71.05,20,0,4,4,0,0,0,0,44.0,2,3,2.897,0
13.07,14,0,2,2,0,0,0,0,16.2,1,1,0.219,0
5.52,13,0,0,0,0,0,0,0,23.4,1,1,0.916,0
23.67,11,0,2,1,0,0,0,0,7.8,1,1,0.939,0
9.01,8,0,1,1,0,0,0,0,12.7,1,1,0.455,0
20.92,8,0,2,1,0,0,0,0,55.8,2,1,4.204,0
31.79,12,0,0,0,0,0,0,0,31.1,1,2,0.034,0
2.54,19,0,1,1,0,1,0,0,44.5,2,2,0.762,0
18.93,17,0,2,1,0,2,0,0,8.1,1,1,0.662,0
9.43,17,0,0,3,0,0,0,0,130.1,1,1,0.706,0
3.30,12,0,0,1,0,0,1,0,42.0,1,1,0.883,0
12.04,13,0,1,2,0,0,0,0,10.9,5,2,0.112,0
25.56,20,0,5,5,0,1,0,0,7.7,1,2,0.253,0
16.18,13,0,1,3,1,1,0,0,59.0,2,2,0.414,0
111.18,11,0,1,1,0,2,0,0,32.4,3,2,2.405,0
3.63,21,0,2,2,0,0,0,0,111.6,3,1,0.740,0
114.65,17,0,3,3,0,0,0,0,69.5,3,3,4.886,0
24.31,14,0,2,1,0,1,0,0,55.8,1,1,0.475,0
20.37,16,0,3,3,0,0,0,0,3.9,1,1,2.361,0
97.57,12,0,2,1,0,0,1,0,53.9,3,2,1.636,0
32.59,8,0,1,1,0,0,0,0,5.9,4,1,0.375,0
9.11,18,0,2,1,0,0,0,0,61.5,1,3,0.858,0
131.93,13,0,2,1,0,0,0,0,73.4,1,1,1.315,0
38.22,20,0,2,2,0,0,0,1,58.8,2,1,0.173,0
32.45,10,0,5,1,0,0,0,0,55.6,2,3,0.411,0
27.52,8,0,0,2,0,0,1,0,21.2,1,2,0.661,0
91.26,2,1,7,5,2,5,0,1,80.4,4,4,5.400,1
59.28,6,0,5,2,0,3,0,0,302.3,7,1,0.083,0
16.78,21,0,1,1,0,0,0,0,5.3,1,1,0.668,0
9.22,11,0,1,3,0,0,0,0,36.1,2,1,0.862,0
52.96,12,0,2,1,0,0,0,0,4.7,2,2,1.945,0
29.30,17,0,4,1,0,0,0,0,4.4,1,1,0.159,0
21.93,19,0,1,3,0,0,0,0,12.8,2,1,0.021,0
43.61,10,0,1,1,0,0,0,0,116.5,2,1,0.780,0
84.33,10,0,4,1,0,0,0,0,109.9,3,1,6.189,0
16.88,14,0,1,1,0,0,0,0,29.7,1,2,0.890,0
51.09,9,0,2,2,0,0,0,0,13.9,1,1,8.444,0
7.25,14,0,2,1,0,1,0,0,63.9,2,1,0.585,0
38.67,9,0,1,1,0,0,0,0,33.9,2,1,1.237,0
858.42,2,1,7,7,2,2,0,1,356.0,3,5,70.834,1
28.23,21,0,2,2,0,1,0,0,5.7,4,2,8.668,0
162.70,1,1,7,9,3,9,1,0,161.7,2,2,8.837,1
68.17,20,0,1,1,0,0,0,1,37.8,1,1,0.495,0
39.68,18,0,2,1,0,0,0,1,1.1,1,1,0.028,0
35.53,12,0,3,2,0,0,0,0,5.9,1,1,1.407,0
24.90,10,0,1,1,0,0,0,0,59.0,1,4,0.320,0
27.24,20,0,2,2,0,0,0,0,19.5,1,1,0.393,0
112.08,16,0,1,1,0,0,0,0,12.9,1,2,8.105,0
115.27,8,0,2,1,0,0,0,0,44.5,1,5,3.132,0
186.78,20,0,7,7,1,2,0,0,522.7,2,5,13.033,0
15.73,19,0,1,1,0,0,0,1,22.8,1,1,0.649,0
9.20,9,0,4,4,0,1,0,0,33.3,2,2,0.712,0
26.40,15,0,3,1,0,1,0,0,196.9,1,1,4.558,0
16.48,18,0,6,5,0,1,0,0,158.8,4,4,0.754,0
49.19,16,0,2,3,0,0,0,0,96.4,1,1,9.647,0
15.65,15,0,2,3,0,0,0,0,85.3,2,4,0.230,0
208.16,14,0,2,2,0,0,0,0,10.6,2,2,7.545,0
7.19,10,0,1,2,0,0,0,0,33.7,2,3,0.840,0
39.44,20,0,3,1,0,2,0,0,3.4,1,1,0.091,0
10.08,19,0,5,1,0,1,0,0,100.1,1,2,1.296,0
10.31,9,0,1,2,0,0,0,0,97.0,1,1,0.793,0
37.22,20,0,1,1,0,0,1,0,29.2,1,3,0.438,0
12.40,19,0,3,3,0,0,0,0,3.4,1,3,0.867,0
28.63,17,0,5,5,0,0,0,0,101.1,4,4,0.104,0
26.41,20,0,3,3,0,0,0,0,11.1,3,1,3.127,0
69.02,11,0,1,1,0,0,0,0,9.7,1,1,2.799,0
22.43,9,0,4,1,0,0,0,0,26.2,3,1,0.221,0
80.90,19,0,4,2,0,0,0,0,156.6,1,3,16.664,0
22.54,20,0,1,1,0,0,1,0,52.0,1,1,0.318,0
34.80,13,0,3,1,0,1,0,0,73.0,1,4,2.580,0
56.42,11,0,4,1,0,0,0,1,66.8,1,1,3.902,0
24.52,18,0,2,1,0,0,0,0,230.0,1,2,1.227,0
764.81,8,0,3,6,0,1,1,1,238.3,3,2,34.789,0
69.52,16,0,1,1,0,0,0,0,3.4,1,1,36.783,0
11.91,16,0,1,1,1,0,0,0,18.5,1,1,0.163,0
11.17,18,0,2,2,0,0,0,0,12.9,1,2,0.914,0
26.09,20,0,3,3,0,0,0,0,90.7,2,2,0.917,0
19.28,10,0,1,2,0,0,0,0,56.6,3,3,0.124,0
30.06,9,0,3,2,0,0,0,0,6.3,2,2,0.392,0
14.86,18,0,2,2,0,0,1,0,135.6,1,1,0.684,0
14.12,15,0,2,1,0,0,0,0,47.2,1,1,0.075,0
24.35,18,0,2,2,0,0,1,0,7.6,2,1,1.694,1
78.14,20,0,2,3,0,0,0,0,29.7,1,1,0.752,0
169.57,21,0,2,1,0,1,0,0,95.5,3,2,13.262,0
11.09,9,0,1,1,0,0,0,0,49.8,3,1,0.127,0
2.65,15,0,2,1,0,1,0,0,23.2,1,2,0.790,0
43.34,15,0,2,2,0,0,0,0,164.6,2,1,18.262,0
15.90,13,0,2,2,0,0,0,0,12.7,3,1,0.416,0
12.84,19,0,3,3,0,1,0,0,10.1,1,2,0.769,0
11.46,9,0,1,1,0,0,0,0,5.5,3,3,0.791,0
51.84,19,0,1,3,0,0,0,0,109.6,3,2,0.973,0
36.16,11,0,1,1,1,1,0,0,92.1,1,3,3.589,0
56.53,20,0,2,2,0,1,0,0,0.3,1,4,0.498,0
20.97,9,0,0,0,0,0,0,0,27.6,2,1,0.689,0
25.36,16,0,3,3,0,0,0,0,24.0,1,1,0.152,0
17.21,15,0,1,2,0,2,0,0,81.0,1,1,0.617,0
16.26,14,0,3,1,0,0,0,0,39.4,1,1,1.868,0
29.74,9,0,1,1,1,0,0,0,4.6,3,1,0.360,0
192.46,20,0,2,2,0,0,0,0,142.7,1,1,42.941,0
10.08,21,0,0,2,0,0,0,0,0.4,1,2,0.760,0
40.44,12,0,5,5,0,0,0,0,51.1,1,1,0.566,0
30.65,14,0,0,0,0,1,0,0,108.9,1,1,1.363,0
14.19,19,0,5,5,0,0,0,0,97.1,1,1,2.436,0
46.25,9,0,0,1,0,0,0,0,73.8,2,4,0.168,0
81.16,19,0,2,1,0,0,0,1,16.2,1,1,13.730,0
7.30,16,0,2,2,0,0,0,0,2.9,1,2,0.755,0
57.34,15,0,1,3,1,1,0,0,22.9,3,1,0.565,0
14.90,14,0,2,1,0,0,0,0,9.2,1,1,0.621,0
17.22,12,0,2,2,0,0,0,0,3.0,2,1,0.705,0
25.83,14,0,0,1,0,0,0,0,71.9,1,2,0.794,0
4.75,11,0,0,2,0,0,0,0,3.5,1,1,0.891,0
9.82,21,0,1,1,0,0,0,0,84.6,1,1,0.442,0
9.77,21,0,4,3,0,1,0,0,67.7,2,1,0.871,0
178.47,13,0,3,2,0,1,0,1,25.2,1,1,4.917,0
7.52,17,0,0,1,0,0,0,0,12.3,2,3,0.938,0
17.40,15,0,3,3,0,0,0,0,2.9,1,1,0.056,0
31.41,15,0,4,2,0,0,0,0,84.3,1,1,3.900,0
611.26,11,0,3,7,0,0,1,1,191.9,1,3,0.929,0
79.89,13,0,4,1,0,0,0,0,12.3,1,1,0.466,0
77.89,13,0,0,2,0,1,0,0,44.7,1,1,1.084,0
3.76,8,0,0,0,0,0,0,0,48.3,1,1,0.520,0
13.34,12,0,3,1,0,0,0,0,38.9,1,2,0.754,0
110.36,11,0,3,3,0,0,0,1,15.9,1,1,2.480,0
52.64,8,0,1,1,0,0,0,0,36.4,2,1,1.002,0
47.20,12,0,2,2,0,0,0,0,173.9,1,1,5.344,0
40.30,14,0,1,2,0,2,0,0,0.7,2,3,2.759,0
53.76,18,0,5,5,0,1,0,0,47.3,2,1,1.927,0
30.49,19,0,2,2,0,2,0,0,122.7,1,1,0.544,0
9.41,11,0,0,1,0,0,0,0,150.8,1,1,0.588,0
15.93,14,0,1,1,0,0,0,0,109.1,2,2,0.404,0
37.92,15,0,3,1,0,0,0,0,51.8,2,1,0.413,0
5.75,21,0,4,2,0,0,0,0,51.1,1,2,0.869,1
42.01,20,0,1,1,0,0,0,0,18.9,1,1,0.461,0
34.26,8,0,2,2,0,0,0,0,74.3,2,1,4.490,0
11.21,15,0,0,0,0,0,0,0,5.8,1,2,0.791,0
22.19,9,0,2,2,0,0,0,0,153.4,1,2,0.410,0
7.55,16,0,2,1,2,0,0,0,11.6,1,1,0.406,0
18.19,10,0,0,1,0,0,0,0,8.7,1,3,0.385,0
78.97,16,0,1,1,0,0,1,0,25.0,2,2,0.281,0
44.20,17,0,4,2,0,0,0,0,7.0,1,1,0.120,0
26.40,11,0,3,1,0,0,0,0,65.8,1,3,6.233,0
59.16,17,0,1,2,1,1,0,0,95.3,2,2,0.648,0
152.31,17,0,1,1,0,1,0,0,38.9,3,1,0.506,0
6.65,12,0,3,3,0,0,0,0,3.6,1,1,0.735,0
17.96,8,0,3,3,0,0,0,0,89.5,3,2,0.637,0
75.79,11,0,0,1,0,0,0,0,59.1,2,2,12.656,0
113.77,18,0,6,4,1,3,0,1,1341.7,5,7,6.312,1
47.40,10,0,1,1,0,0,0,1,35.5,1,2,3.984,0
78.81,11,0,2,1,0,1,0,0,119.2,1,1,0.152,0
129.49,14,0,0,2,0,1,0,0,141.8,2,3,1.720,0
22.62,19,0,3,1,0,0,0,0,4.9,1,4,0.106,0
7.33,11,0,1,1,0,1,0,0,155.5,1,1,0.434,0
30.31,10,0,2,3,0,0,0,0,63.4,2,2,0.212,0
17.37,19,0,2,1,0,0,0,0,19.3,2,1,2.895,0
16.47,20,0,2,2,0,0,0,0,10.0,1,1,1.553,0
37.86,15,0,2,3,0,0,0,0,16.9,2,4,16.131,0
20.52,14,0,2,1,0,1,0,0,31.9,2,1,0.408,0
23.40,20,0,1,1,0,0,0,0,23.8,1,1,0.599,0
11.44,9,0,2,1,0,0,0,0,50.2,1,2,0.068,0
26.38,14,0,0,2,0,0,0,0,105.1,3,1,0.506,0
92.57,3,1,9,3,0,0,1,1,98.4,2,2,0.656,0
36.01,21,0,1,1,0,0,1,0,87.2,1,1,0.320,0
7.45,20,0,1,2,0,1,0,0,2.0,1,1,0.747,0
30.65,16,0,3,3,0,2,0,1,142.8,2,3,1.647,0
15.69,9,0,2,2,0,0,0,0,29.8,1,1,0.259,0
42.15,11,0,3,3,0,0,0,0,56.1,3,1,2.777,0
61.70,10,0,0,3,0,0,0,0,25.4,1,1,6.961,0
17.15,15,0,3,3,0,0,0,0,124.8,1,1,0.303,0
68.02,17,0,4,2,2,1,0,1,10.2,2,5,0.483,0
13.91,17,0,0,0,0,1,0,0,37.2,1,2,0.382,0
45.03,14,0,3,1,1,1,0,0,65.9,1,1,1.137,0
266.72,10,0,2,2,0,0,0,0,66.4,1,3,9.431,0
8.54,10,0,1,1,0,0,0,0,5.1,1,1,0.794,0
26.77,15,0,1,2,0,0,0,0,68.2,3,1,0.272,0
216.89,16,0,2,2,0,1,0,0,56.5,2,1,5.943,0
15.12,20,0,1,1,0,0,0,0,74.8,1,2,0.219,0
59.47,18,0,3,3,0,2,0,0,28.6,1,3,4.296,0
69.02,16,0,5,5,0,2,0,0,35.5,1,1,3.651,0
17.49,9,0,1,1,0,0,0,0,8.7,1,2,0.363,0
33.07,20,0,1,1,0,0,0,0,86.3,2,2,1.485,0
39.14,9,0,1,2,0,0,0,0,26.0,1,4,0.094,0
12.98,2,1,2,4,0,2,1,0,149.1,3,3,0.705,0
561.22,7,0,5,5,0,1,1,0,159.6,3,2,16.381,0
67.54,13,0,1,1,0,0,0,0,36.5,2,2,1.572,0
15.33,11,0,1,2,0,3,0,0,14.3,2,3,0.816,0
67.49,14,0,5,5,0,2,0,0,30.2,1,3,0.198,0
14.72,20,0,2,2,0,0,0,0,95.8,1,1,0.692,0
22.84,10,0,1,1,0,2,0,0,8.0,1,1,0.823,0
23.27,11,0,2,2,0,0,0,0,20.1,1,2,0.175,0
39.92,14,0,5,3,0,1,1,0,124.4,4,5,0.140,0
32.28,20,0,1,2,0,0,1,0,33.4,2,1,3.316,0
50.00,17,0,1,2,0,0,0,0,13.1,1,1,1.792,0
29.93,11,0,4,3,0,0,0,0,36.2,4,3,2.275,0
319.87,14,0,4,4,0,2,0,1,272.8,4,7,38.009,0
47.68,17,0,3,1,0,0,0,0,101.9,1,1,8.691,0
29.33,9,0,2,2,0,1,0,0,15.2,1,1,0.839,0
21.37,21,0,6,1,0,0,0,0,17.1,4,1,0.260,0
27.45,19,0,1,1,0,1,0,0,38.0,1,2,0.698,0
79.76,19,0,1,2,0,0,1,0,120.7,5,4,2.133,0
22.47,18,0,2,1,0,1,0,0,57.4,2,1,0.003,0
26.86,9,0,1,1,0,0,0,0,66.3,1,1,1.003,0
10.51,8,0,1,2,0,0,0,0,24.4,1,1,0.825,0
59.78,14,0,1,2,0,0,0,0,28.1,1,2,9.397,0
29.97,16,0,1,2,0,0,0,0,77.8,1,3,0.912,0
8.04,18,0,0,1,0,0,0,0,94.3,2,1,0.695,0
33.41,11,0,7,2,1,2,1,0,75.7,5,4,0.033,0
29.65,17,0,5,1,0,1,0,0,19.1,2,1,0.513,0
14.54,15,0,2,3,0,0,0,0,11.5,2,1,1.961,0
9.65,18,0,4,3,0,2,0,0,26.0,1,1,0.917,0
6.92,20,0,3,1,0,0,0,1,26.3,2,2,0.960,0
19.97,8,0,2,1,0,0,0,0,20.2,1,1,0.178,0
26.36,16,0,2,1,0,0,0,0,20.3,1,1,0.366,0
33.86,20,0,3,1,0,1,0,0,24.1,1,1,3.837,0
17.46,15,0,2,1,0,0,0,0,33.9,1,1,2.000,0
14.10,10,0,0,0,0,2,0,0,66.1,2,2,0.757,0
32.82,21,0,1,1,0,0,1,0,46.1,2,3,0.772,0
84.43,11,0,6,1,0,0,0,0,86.6,1,1,0.994,0
35.56,9,0,0,2,0,0,0,0,53.4,1,1,0.929,0
28.89,15,0,0,0,0,0,0,0,37.5,1,1,0.784,0
96.50,12,0,2,1,0,1,0,0,39.5,3,2,5.170,0
95.40,18,0,1,1,1,0,0,1,150.0,1,2,0.700,0
129.84,10,0,3,1,0,0,0,0,7.3,1,2,17.058,0
15.10,15,0,2,2,0,0,0,0,47.6,2,1,0.759,0
68.34,15,0,1,1,0,1,0,0,118.9,2,1,5.938,0
8.87,18,0,0,1,0,0,0,0,14.2,1,2,0.605,0
86.60,11,0,3,3,0,0,0,0,19.8,1,1,0.097,0
6.59,9,0,2,1,0,0,0,0,89.4,4,1,0.880,0
22.51,16,0,2,1,0,1,0,0,15.8,1,1,0.553,0
11.57,17,0,5,2,0,0,0,0,7.9,2,3,0.872,0
13.97,18,0,1,1,0,1,0,0,77.8,1,2,1.268,0
32.53,21,0,1,1,0,1,1,0,15.0,1,1,1.361,0
30.19,11,0,2,2,0,0,0,0,0.4,1,4,0.234,0
180.29,11,0,3,2,0,0,0,0,22.2,1,1,8.395,0
102.84,15,0,0,0,0,1,0,0,221.4,4,2,0.745,0
31.20,19,0,4,4,0,0,0,0,37.3,1,3,0.328,0
21.64,20,0,2,2,0,2,0,0,59.9,2,1,0.110,0
13.76,12,0,2,1,0,0,0,0,10.7,1,1,0.854,0
27.35,11,0,2,2,0,0,0,0,14.2,2,1,0.351,0
945.96,15,0,11,3,0,2,0,0,308.6,6,2,16.227,0
37.22,18,0,4,1,0,0,0,0,41.4,2,1,4.402,0
54.67,11,0,1,1,0,1,0,0,38.6,1,2,3.044,0
39.68,17,0,1,1,0,0,0,0,2.2,2,1,0.757,0
51.37,16,0,4,1,0,0,0,0,6.4,5,2,0.452,0
38.70,13,0,4,4,1,1,0,0,91.3,1,1,2.851,0
58.14,18,0,2,1,0,0,0,0,77.7,1,1,0.355,0
39.90,9,0,4,2,0,1,0,0,56.1,4,3,5.683,0
5.88,13,0,2,1,0,2,0,0,11.4,2,1,0.814,0
37.47,16,0,5,1,0,0,0,0,76.2,4,4,1.156,0
30.90,21,0,2,2,0,1,0,0,29.9,1,1,0.353,0
21.29,12,0,1,3,0,0,0,0,5.5,1,1,3.390,0
40.07,1,1,6,6,3,6,1,0,80.8,3,4,2.173,1
8.50,15,0,3,1,0,1,0,0,210.3,1,1,0.930,0
22.33,17,0,1,1,0,0,0,0,38.1,1,1,0.768,0
51.87,4,1,8,5,0,0,0,1,270.3,4,7,4.298,0
23.81,20,0,3,3,0,0,0,0,37.7,1,1,0.221,0
301.25,10,0,4,1,0,0,0,0,4.6,1,1,33.867,0
443.54,22,0,3,3,1,4,1,0,211.3,3,3,8.648,1
364.20,6,0,3,4,0,3,0,0,104.6,1,4,14.406,0
5.65,14,0,1,1,0,0,0,0,35.5,1,1,0.807,0
14.70,9,0,4,1,0,0,0,0,67.1,1,2,0.224,0
14.15,19,0,4,1,0,0,0,1,2.4,1,1,0.319,0
67.59,19,0,0,3,0,3,0,0,9.9,1,1,9.849,0
8.42,8,0,0,1,0,1,0,0,11.5,1,2,0.404,0
11.62,15,0,4,4,0,1,1,0,16.4,2,1,0.316,0
11.05,8,0,1,1,0,0,0,0,14.3,1,1,0.696,0
8.84,19,0,0,0,0,0,0,0,21.7,1,1,0.788,0
39.57,11,0,1,1,0,0,0,0,9.6,1,1,6.130,0
3.23,10,0,5,5,0,1,0,0,67.4,2,2,0.910,0
12.74,11,0,2,2,0,1,0,0,81.1,2,1,0.782,0
20.37,19,0,1,1,0,0,0,0,140.4,2,1,0.593,0
20.70,10,0,7,1,0,1,0,0,137.7,2,1,0.414,0
612.80,4,1,5,5,2,5,1,1,302.5,5,6,67.623,1
32.76,13,0,1,2,0,0,0,0,7.9,1,2,0.461,0
24.21,11,0,1,2,0,1,0,0,159.9,1,2,0.746,0
3.26,9,0,0,3,0,0,0,1,5.6,3,2,0.788,0
12.40,11,0,4,1,0,0,0,1,131.5,1,1,1.267,0
50.61,10,0,2,1,0,0,0,0,41.9,2,1,5.233,0
17.86,12,0,1,1,0,0,0,0,5.3,1,1,0.339,0
87.77,13,0,2,1,0,1,0,0,7.8,1,2,2.410,0
166.57,9,0,9,6,0,0,0,1,366.9,2,5,0.876,0
1031.15,19,0,4,6,0,1,0,1,16.1,1,4,32.665,0
7.80,12,0,1,1,0,0,0,0,72.2,1,1,0.778,0
14.54,19,0,3,1,0,0,0,1,24.4,1,1,0.299,0
58.04,16,0,1,1,0,0,0,1,63.6,1,1,0.667,0
47.85,18,0,3,3,0,1,0,0,18.4,3,2,9.777,0
50.50,14,0,1,1,0,0,0,0,4.5,3,3,5.106,0
45.98,18,0,3,2,0,0,0,0,57.9,3,3,3.881,0
42.25,11,0,3,1,0,0,0,0,186.4,3,3,0.506,0
6.83,19,0,4,4,0,0,0,0,12.4,1,4,0.905,0
218.26,23,1,12,7,1,6,1,1,50.0,9,8,22.244,1
105.87,15,0,2,2,0,0,0,0,12.6,1,1,5.965,0
92.04,7,0,6,3,2,7,0,1,213.1,2,11,7.360,1
20.53,20,0,3,1,0,2,0,0,40.8,3,5,0.166,0
3.68,10,0,2,3,0,0,0,0,77.3,2,1,0.986,0
91.29,15,0,1,1,0,0,0,0,9.4,2,2,0.657,0
33.54,12,0,1,1,0,1,0,0,0.3,1,1,3.110,0
84.12,9,0,0,2,0,0,0,0,62.9,1,1,7.073,0
35.82,9,0,3,1,0,0,0,0,7.6,1,2,0.820,0
317.74,0,1,3,5,0,4,0,0,209.0,3,1,9.008,0
7.24,17,0,3,2,0,0,0,0,10.7,1,3,0.835,0
9.72,9,0,4,3,0,0,0,0,32.1,2,3,0.544,0
36.07,20,0,1,1,0,0,0,0,32.9,2,2,0.009,0
31.41,14,0,1,1,0,0,0,0,126.3,2,4,0.222,0
17.56,18,0,0,1,0,0,1,0,17.7,1,2,1.770,0
16.43,15,0,2,2,0,0,0,0,29.8,3,2,0.475,0
43.90,10,0,1,1,1,0,0,0,8.4,1,1,0.988,0
158.91,5,1,8,4,0,5,0,0,73.7,1,2,0.025,0
177.72,9,0,2,2,0,0,0,0,36.5,1,1,9.804,0
7.72,20,0,0,2,0,1,0,0,120.8,1,2,0.608,0
48.62,18,0,2,2,0,0,0,0,36.5,1,3,3.272,0
44.70,16,0,1,3,0,0,1,1,50.9,1,3,1.533,0
61.36,17,0,1,2,0,0,0,0,19.0,1,1,1.500,0
5.30,10,0,1,1,0,0,0,0,77.5,2,1,0.837,0
29.11,15,0,3,3,0,0,0,0,33.1,1,1,0.606,0
18.28,19,0,4,1,0,0,0,0,12.8,2,1,0.009,0
33.84,20,0,2,3,0,0,0,0,86.7,2,1,0.595,0
2.70,12,0,2,1,0,1,0,0,57.6,2,1,0.971,0
33.00,21,0,2,5,0,1,0,0,31.8,2,4,0.651,0
72.99,18,0,1,1,0,0,0,0,102.2,1,1,0.591,0
13.69,14,0,3,3,0,0,0,0,34.5,3,1,0.347,0
38.91,17,0,0,3,0,0,0,0,41.7,1,1,0.607,0
76.75,16,0,1,1,0,0,0,0,94.4,3,4,7.139,0
12.76,8,0,0,0,0,0,0,0,31.2,1,3,0.732,0
23.16,16,0,1,2,0,1,0,0,23.5,2,1,0.312,0
112.47,19,0,1,1,0,0,0,0,39.5,3,1,4.147,0
10.74,8,0,1,2,0,0,0,0,58.3,1,2,0.665,0
13.85,17,0,2,2,0,0,0,0,38.0,1,2,0.791,0
57.40,12,0,3,2,0,0,0,0,13.6,1,1,2.258,0
55.22,19,0,5,1,0,0,0,0,68.0,1,1,7.193,0
9.96,8,0,2,1,0,0,0,0,33.2,3,2,0.961,0
76.21,13,0,4,4,0,0,0,0,12.5,2,1,0.029,0
5.36,15,0,3,1,0,0,0,0,66.2,1,1,0.912,0
26.37,10,0,1,1,0,0,0,0,129.7,1,1,2.059,0
24.33,13,0,1,2,0,0,0,0,35.0,2,1,0.316,0
49.24,12,0,5,1,0,0,0,0,85.4,3,2,0.063,0
206.56,17,0,1,1,0,0,0,0,39.6,1,1,10.933,0
49.67,14,0,3,2,0,0,0,0,1.8,2,2,2.442,0
102.35,18,0,1,1,0,1,0,0,23.3,2,4,0.077,0
3.33,21,0,1,1,1,0,0,0,10.0,1,2,0.900,0
99.65,20,0,1,1,0,0,0,0,177.9,1,2,4.126,0
33.85,10,0,1,1,0,0,0,0,2.9,1,1,2.574,0
20.65,14,0,2,1,0,0,0,0,61.6,1,1,0.424,0
48.73,13,0,2,2,0,1,0,0,36.9,1,1,1.319,0
14.79,15,0,5,4,0,1,0,0,4.8,2,1,0.673,0
39.82,19,0,2,1,0,1,0,0,79.5,1,4,0.543,0
86.23,12,0,0,3,0,0,0,1,7.8,2,2,1.803,0
34.77,17,0,0,2,0,1,0,0,27.0,2,4,0.272,0
21.92,20,0,1,1,0,1,0,1,22.0,1,5,0.088,0
16.31,10,0,1,1,0,0,0,0,16.1,1,1,0.452,0
23.61,10,0,2,2,0,0,0,0,16.2,3,2,0.351,0
9.44,17,0,2,2,0,0,0,0,62.4,1,1,0.337,0
25.59,19,0,0,0,0,0,0,0,159.9,1,1,0.209,0
4.11,8,0,0,2,0,0,0,0,27.1,2,1,0.387,0
21.94,11,0,0,1,0,0,0,0,45.8,1,1,0.342,0
14.00,19,0,3,3,0,0,0,0,30.7,1,1,0.078,0
32.11,19,0,1,2,0,0,0,0,39.6,1,1,1.503,0
12.89,12,0,3,3,0,1,0,0,79.6,2,1,0.499,0
60.10,9,0,2,1,0,1,0,0,26.4,1,1,0.433,0
26.02,10,0,6,2,0,1,0,0,107.8,3,3,0.982,0
14.44,8,0,3,1,0,0,0,1,13.3,2,3,0.643,0
85.55,8,0,2,2,0,1,0,0,61.8,1,2,14.611,0
63.10,10,0,3,1,0,0,0,0,37.8,4,4,0.555,0
23.49,14,0,3,3,0,0,0,0,101.0,1,3,0.258,0
7.42,19,0,3,3,0,0,0,0,13.7,1,1,0.905,0
27.51,12,0,4,1,0,0,0,0,224.5,1,1,0.712,0
39.82,14,0,0,3,0,0,0,0,0.1,1,2,0.719,0
34.44,10,0,4,1,0,0,0,0,34.2,3,1,0.464,0
31.76,15,0,3,3,0,0,0,0,59.4,1,1,0.297,0
12.98,20,0,1,3,0,0,0,0,17.7,2,2,0.160,0
57.92,18,0,1,1,0,2,0,0,68.7,1,1,1.336,0
18.37,20,0,2,2,0,0,0,0,53.1,1,1,0.171,0
15.35,10,0,2,2,0,1,0,0,86.8,3,1,0.419,0
54.17,19,0,0,1,0,0,0,0,8.4,2,1,0.247,0
110.10,13,0,1,1,0,1,0,0,9.8,1,1,0.568,0
26.88,12,0,2,1,0,0,0,0,65.3,1,2,0.372,0
23.03,17,0,3,1,0,0,0,0,64.6,1,2,0.640,0
11.71,16,0,3,1,0,0,0,0,40.2,1,3,0.124,0
69.61,10,0,4,1,1,0,0,0,212.3,3,1,0.682,1
9.82,18,0,3,3,0,0,0,0,32.5,1,3,0.749,0
15.49,12,0,2,2,0,1,0,0,35.6,1,1,0.492,0
30.01,19,0,1,1,0,0,0,0,14.8,1,2,0.345,0
34.08,2,1,3,4,0,3,0,0,42.2,3,1,0.511,0
118.54,13,0,6,4,0,2,0,0,36.5,7,1,1.340,0
3.79,14,0,1,2,0,0,0,0,21.3,2,1,0.938,0
34.70,20,0,2,2,0,1,0,0,40.8,1,3,0.309,0
40.16,12,0,1,1,0,0,0,0,16.8,1,2,0.078,0
12.83,12,0,3,3,0,0,0,0,48.0,1,1,0.195,0
196.14,0,1,5,3,0,4,0,0,142.8,6,5,0.342,0
40.76,19,0,3,2,0,0,0,0,116.7,3,2,2.816,0
5.61,21,0,2,2,0,0,0,0,88.6,1,1,0.899,0
16.12,12,0,2,2,1,1,0,0,79.0,1,1,0.463,0
13.61,21,0,2,2,1,1,0,1,51.7,2,1,0.075,0
16.67,18,0,1,2,0,0,0,0,1.3,1,1,1.277,0
41.47,13,0,1,1,0,0,1,0,18.0,5,3,0.654,0
636.44,9,0,4,5,0,3,1,1,180.2,3,1,23.507,0
1.91,19,0,2,2,0,0,0,0,316.0,1,3,0.787,0
10.56,11,0,3,1,0,1,0,0,47.6,1,1,0.829,0
10.61,10,0,2,3,0,0,0,0,87.0,1,3,0.604,0
12.42,13,0,2,2,0,0,0,0,2.2,1,1,0.208,0
242.38,18,0,3,2,0,0,0,0,97.7,2,1,8.781,0
31.61,8,0,3,1,0,0,0,0,66.7,2,1,11.252,0
20.55,16,0,3,2,0,1,0,0,23.9,1,3,0.282,0
19.17,16,0,2,2,0,1,0,0,118.2,1,1,0.892,0
9.73,10,0,1,1,0,0,0,0,11.8,3,2,0.391,0
73.93,18,0,1,1,0,0,0,0,50.6,1,1,0.190,0
113.83,8,0,1,1,0,1,0,0,72.0,1,2,0.861,0
41.76,14,0,1,6,0,1,0,0,32.7,1,3,0.239,0
98.38,16,0,2,1,0,2,0,0,17.7,2,2,2.076,0
13.25,9,0,3,3,0,0,0,0,79.9,1,1,0.306,0
34.79,12,0,2,2,0,0,0,0,8.3,1,3,1.583,0
20.00,20,0,2,2,0,0,1,0,187.1,2,1,0.250,0
24.22,3,1,9,3,0,3,1,0,30.8,2,1,0.568,0
6.64,14,0,1,1,0,1,0,0,38.4,2,1,0.759,0
55.76,19,0,5,3,1,3,1,1,324.8,2,3,1.739,0
3.97,17,0,1,3,0,0,0,0,111.0,3,1,0.795,0
22.64,14,0,2,1,0,1,0,0,1.7,2,1,0.911,0
32.94,13,0,0,2,0,0,0,0,27.5,1,1,0.240,0
10.08,19,0,1,1,0,0,0,0,46.4,1,1,0.822,0
17.36,15,0,5,5,0,1,0,1,178.5,1,1,0.517,0
7.15,16,0,3,1,0,0,0,0,50.9,1,2,0.755,0
11.95,13,0,2,2,0,0,1,0,95.0,2,1,0.705,0
45.86,16,0,0,1,0,0,0,0,15.4,1,2,1.048,0
5.70,20,0,1,1,0,0,0,0,31.3,1,1,0.164,0
20.55,13,0,1,2,0,0,0,0,44.0,1,2,0.464,0
136.24,17,0,1,1,0,0,0,0,82.5,1,4,0.302,0
24.74,11,0,1,1,0,0,0,0,6.8,1,1,0.540,0
17.39,10,0,1,1,0,1,0,0,82.1,1,2,0.169,0
22.62,10,0,1,1,0,0,0,0,90.6,1,4,0.996,0
3.02,10,0,3,3,0,0,0,0,10.0,1,1,0.660,0
24.08,20,0,1,1,0,0,0,0,39.6,1,1,0.046,0
51.43,14,0,2,2,0,0,0,0,24.0,2,1,0.574,0
115.01,11,0,5,1,0,0,0,0,17.4,2,1,3.741,0
13.46,20,0,4,4,0,0,0,0,31.7,2,1,0.485,0
32.35,15,0,3,3,0,0,0,0,43.2,1,2,0.739,0
278.70,10,0,3,2,0,0,0,0,18.9,1,2,2.380,0
57.50,14,0,2,1,0,0,0,0,5.5,1,2,0.610,0
21.56,13,0,2,1,0,0,0,0,47.0,1,1,0.857,0
27.22,14,0,0,0,0,0,0,0,147.5,2,1,0.364,0
8.54,14,0,1,1,0,0,0,0,2.4,2,3,0.711,0
25.93,14,0,4,4,0,0,0,0,4.5,1,1,0.652,0
12.50,13,0,2,1,0,2,0,0,10.4,2,2,0.654,0
122.10,18,0,0,1,0,0,0,0,0.7,1,3,1.817,0
25.26,16,0,2,2,0,0,0,0,196.6,1,1,0.087,0
19.30,8,0,4,1,0,0,0,0,19.7,3,2,0.600,0
33.99,9,0,4,2,0,0,0,0,4.2,1,4,0.278,0
42.02,19,0,3,3,0,0,0,0,22.7,1,1,0.053,0
55.75,20,0,6,6,0,0,0,0,6.6,1,3,6.908,0
6.78,9,0,1,3,0,1,1,0,25.9,3,1,0.296,0
14.05,16,0,2,2,0,2,0,0,16.5,1,3,0.066,0
106.84,16,0,1,2,0,0,0,0,44.0,2,1,26.117,0
25.23,11,0,2,2,0,0,0,0,34.8,1,1,0.178,0
20.81,18,0,2,1,0,0,0,0,14.8,1,2,0.829,0
10.48,12,0,4,1,0,0,1,0,1.2,2,1,0.727,0
69.99,11,0,1,1,0,3,0,0,64.8,2,1,0.638,0
72.76,17,0,2,2,0,1,0,0,111.0,3,2,2.825,0
30.44,16,0,3,1,0,0,0,0,5.9,1,2,0.886,0
59.54,11,0,1,2,1,1,0,0,210.9,2,2,2.909,0
37.19,10,0,0,2,0,0,0,0,193.8,1,4,0.840,0
60.69,20,0,3,1,0,0,0,0,1.2,1,5,3.679,0
29.45,12,0,3,1,0,0,0,0,100.0,2,1,0.499,0
4.29,21,0,3,3,0,0,0,0,68.3,1,2,0.980,0
50.10,17,0,2,2,0,0,0,0,21.4,3,1,0.485,0
26.94,19,0,3,1,0,0,0,0,19.1,1,1,0.449,0
33.63,12,0,4,4,0,2,0,0,7.3,2,1,0.192,0
253.19,15,0,2,2,0,0,0,0,15.7,1,1,51.858,0
36.76,17,0,2,2,0,0,0,0,84.7,1,1,1.312,0
57.76,12,0,3,2,0,0,1,0,35.8,1,3,0.623,0
66.19,18,0,3,1,1,0,0,0,42.8,3,4,0.304,0
18.76,12,0,2,1,0,1,0,0,10.1,2,2,1.075,0
4.44,10,0,4,4,0,1,1,0,34.1,2,1,0.967,0
50.25,18,0,3,3,0,0,0,0,30.1,1,2,2.236,0
8.42,9,0,3,3,0,1,1,0,24.7,1,1,0.454,0
13.49,20,0,3,3,0,1,0,0,13.3,2,3,0.207,0
6.18,12,0,0,1,0,0,0,0,14.6,1,1,0.661,0
43.44,8,0,3,3,0,0,0,0,65.7,2,1,4.356,0
10.91,14,0,1,4,0,0,0,1,31.4,1,1,0.460,0
9.46,17,0,3,1,0,0,0,0,105.9,1,1,0.901,0
23.26,19,0,5,5,0,0,0,0,121.7,1,3,2.126,0
197.38,0,1,4,5,0,1,0,0,97.2,5,5,4.988,0
48.98,19,0,4,4,0,1,0,0,83.1,2,1,7.096,0
11.00,8,0,2,1,0,1,0,0,54.7,1,3,0.172,0
48.18,15,0,3,1,0,0,0,0,11.4,1,1,2.692,0
22.40,11,0,3,1,0,1,0,0,21.7,1,2,0.813,0
144.31,20,0,2,2,0,0,0,0,25.3,2,2,8.401,0
61.17,17,0,2,1,0,0,0,0,57.8,1,1,5.087,0
42.84,19,0,1,1,0,1,0,0,52.7,1,1,0.277,0
10.93,18,0,1,1,0,0,0,0,111.5,2,3,0.068,0
39.12,17,0,0,1,0,0,0,0,44.3,1,1,1.739,0
8.66,9,0,1,2,0,1,0,0,4.9,2,1,0.626,0
31.40,14,0,6,2,0,0,0,0,20.4,1,2,0.420,0
19.64,11,0,1,1,0,0,1,0,0.5,1,1,0.403,0
56.46,19,0,1,1,0,0,0,0,5.2,2,1,2.712,0
316.33,0,1,6,3,0,3,1,0,44.2,1,4,6.978,0
72.16,11,0,3,3,0,1,0,0,109.2,1,3,0.769,0
1.00,11,0,2,1,0,1,0,0,21.0,2,1,0.992,0
37.64,20,0,2,1,0,1,0,0,22.9,1,1,0.711,0
34.74,21,0,0,0,0,0,0,0,8.4,1,1,0.429,0
15.09,13,0,4,4,0,0,0,0,33.6,2,3,0.885,0
30.58,16,0,2,1,0,1,1,0,67.0,1,1,0.597,0
70.23,21,0,8,8,0,4,0,0,211.8,2,6,3.761,1
52.28,9,0,4,4,0,3,0,0,25.9,3,5,0.079,0
58.63,18,0,1,1,1,0,0,0,3.8,2,5,1.315,0
34.98,9,0,0,0,0,0,0,0,18.3,1,1,0.463,0
5.12,14,0,0,1,1,0,1,0,69.4,1,1,0.897,0
22.28,10,0,1,2,0,0,0,0,1.8,3,1,0.396,0
15.54,20,0,3,3,1,1,1,0,76.0,1,1,0.792,0
50.49,13,0,1,1,0,0,0,0,99.2,1,1,5.359,0
4.60,10,0,3,1,0,1,0,0,9.5,1,3,0.521,0
56.13,18,0,0,0,0,1,0,0,57.9,2,1,2.162,0
26.84,9,0,1,1,0,0,0,0,41.4,2,1,0.583,0
26.31,13,0,3,3,0,1,0,0,7.7,1,4,0.407,0
35.01,14,0,2,2,0,0,0,0,2.8,2,3,0.827,0
8.12,16,0,0,0,0,0,0,0,24.2,1,3,0.667,0
27.26,10,0,1,1,0,0,0,0,61.9,1,1,0.685,0
15.47,19,0,0,0,0,0,0,0,49.5,2,1,1.583,0
49.19,17,0,6,3,0,0,0,1,73.2,5,4,0.345,0
20.02,10,0,4,4,0,0,0,0,152.6,2,1,1.610,0
16.85,12,0,2,3,0,2,0,0,132.4,1,2,0.699,0
16.07,19,0,1,1,0,0,0,0,11.8,2,2,0.740,0
13.94,8,0,2,2,0,0,0,0,66.0,1,1,0.640,0
21.89,11,0,1,1,1,1,0,0,79.1,3,1,0.695,0
66.60,20,0,1,2,0,0,1,0,138.0,3,1,0.844,0
23.78,20,0,2,3,0,0,0,0,57.7,3,1,1.552,0
130.41,8,0,1,1,0,0,0,0,17.5,1,1,6.355,0
56.88,18,0,1,1,0,0,0,0,69.1,1,1,1.045,0
36.03,11,0,2,1,0,0,0,0,328.1,1,1,2.106,0
110.95,10,0,4,4,0,0,0,0,61.4,1,4,6.271,0
13.55,19,0,3,1,0,0,0,0,2.5,1,3,0.279,0
49.04,10,0,2,2,0,0,0,0,6.7,4,3,6.419,0
51.91,19,0,2,1,0,1,0,0,50.7,1,1,0.071,0
30.16,16,0,2,2,0,1,0,0,34.2,1,1,0.877,0
98.21,10,0,2,1,0,0,0,0,171.1,1,3,1.471,0
42.60,14,0,1,1,0,0,0,0,24.6,1,3,0.316,0
9.06,12,0,3,2,0,1,0,0,149.5,2,1,0.567,0
8.05,21,0,2,1,0,0,0,0,94.8,1,1,0.575,0
38.85,15,0,4,4,0,0,0,0,1.9,1,1,1.166,0
7.56,15,0,2,2,0,0,0,0,11.8,1,1,0.714,0
24.89,15,0,3,1,0,0,0,0,39.9,2,2,2.143,0
30.96,17,0,0,1,0,2,0,0,108.5,1,1,1.584,0
6.21,16,0,2,1,0,1,0,0,138.8,1,1,0.481,0
98.39,12,0,0,2,0,0,0,0,8.8,2,1,2.523,0
16.19,9,0,3,3,0,0,0,0,72.0,1,1,0.953,0
46.55,10,0,2,1,0,0,0,0,3.6,2,1,0.786,0
16.10,18,0,3,1,0,0,0,0,138.1,1,1,0.828,0
183.41,4,1,1,5,0,0,0,1,311.1,3,1,6.505,0
8.57,11,0,0,2,0,0,0,0,0.4,1,1,0.233,0
9.76,11,0,3,3,0,0,0,0,36.2,1,2,0.742,0
172.32,2,1,5,6,0,2,0,0,253.8,1,6,2.725,0
53.86,13,0,1,2,0,1,0,0,132.8,2,2,9.259,0
49.20,12,0,4,5,0,3,0,0,550.2,1,4,3.252,0
9.74,18,0,0,0,0,0,0,0,28.3,3,1,0.853,0
28.67,20,0,1,1,0,0,1,0,16.8,3,2,1.175,0
9.12,19,0,1,2,0,0,0,0,120.1,1,2,0.321,0
8.86,12,0,3,1,0,0,0,0,11.1,2,2,0.477,0
69.21,11,0,0,0,0,1,0,0,3.4,1,2,1.396,0
47.24,18,0,2,1,0,0,0,0,74.9,1,1,1.494,0
34.10,13,0,2,2,0,0,0,0,44.5,1,1,0.669,0
32.51,9,0,0,1,0,0,0,0,43.3,2,2,0.482,0
48.81,12,0,8,5,0,0,0,1,150.3,3,7,0.249,0
22.76,10,0,1,2,0,0,0,0,21.9,1,3,2.210,0
10.13,19,0,2,2,0,0,0,0,86.1,1,2,0.056,0
80.17,17,0,4,4,0,0,0,0,19.1,2,1,0.044,0
3.95,9,0,3,1,1,0,0,0,17.2,1,1,0.949,0
30.40,20,0,1,2,0,0,0,0,2.3,2,3,0.586,0
6.92,18,0,2,1,0,1,1,0,45.5,1,2,0.458,0
22.90,19,0,1,1,0,0,0,0,49.3,2,1,0.566,0
371.31,5,1,3,3,1,1,0,1,199.0,1,1,6.119,0
40.19,10,0,2,3,1,0,0,0,121.6,1,1,0.436,0
100.06,9,0,0,2,0,0,0,0,11.4,1,1,4.483,0
9.72,17,0,1,1,0,0,0,0,83.9,2,2,0.304,0
57.37,20,0,1,1,0,1,0,0,64.8,2,1,0.430,0
10.80,11,0,1,1,0,0,0,0,39.9,1,3,0.393,0
106.22,12,0,2,2,0,1,0,0,239.1,1,1,5.234,0
36.43,19,0,1,1,0,0,0,0,86.9,1,3,0.553,0
17.95,11,0,3,3,0,0,0,0,1.1,3,2,0.806,0
24.59,20,0,1,1,0,1,0,0,5.3,1,1,0.487,0
113.60,5,1,0,7,0,0,0,0,70.6,2,3,5.750,0
127.68,15,0,1,3,0,0,0,0,52.7,1,1,1.194,0
5.97,10,0,1,1,0,0,0,0,7.2,1,1,1.630,0
19.03,20,0,2,2,0,0,0,0,94.2,2,1,0.344,0
363.38,15,0,3,7,1,3,1,1,14.4,4,1,8.518,0
70.83,20,0,1,1,0,1,0,0,10.9,1,2,5.398,0
5.41,13,0,2,2,0,0,0,0,86.2,1,2,0.571,0
383.13,17,0,3,3,2,3,1,1,1074.6,1,9,6.214,1
33.59,11,0,2,2,0,0,0,1,140.5,2,1,0.007,0
53.14,17,0,2,2,0,0,0,0,2.1,1,1,0.059,0
17.87,16,0,2,2,0,0,0,0,145.2,2,5,0.191,0
28.99,10,0,6,1,0,0,1,0,114.1,2,1,0.111,0
13.62,18,0,1,1,0,0,0,0,26.1,1,3,0.570,0
21.13,13,0,1,1,0,0,0,0,24.8,1,1,0.477,0
26.20,16,0,3,3,0,0,0,0,22.7,1,1,3.389,0
19.51,20,0,1,1,0,0,0,0,12.6,2,1,0.501,0
19.25,10,0,1,1,0,1,0,0,3.5,1,1,1.374,0
38.02,19,0,2,1,0,0,0,0,19.7,3,2,0.485,0
16.17,17,0,0,0,0,2,0,0,27.4,2,2,0.347,0
15.37,12,0,0,1,0,0,0,0,265.4,1,1,0.705,0
6.29,16,0,2,2,0,0,0,0,24.6,1,1,0.943,0
14.15,16,0,1,1,0,0,0,0,14.1,3,3,1.075,0
9.78,16,0,1,1,0,0,0,0,27.7,1,1,0.898,0
119.85,14,0,2,1,0,0,0,0,22.1,1,1,1.060,0
66.87,21,0,0,1,0,0,0,0,48.6,1,3,0.155,0
7.30,9,0,0,2,0,0,0,0,49.9,1,3,0.432,0
48.33,10,0,4,4,0,1,0,1,106.3,1,2,0.054,0
69.15,19,0,2,2,0,1,0,0,137.5,1,1,0.363,0
51.27,14,0,4,4,0,1,0,0,49.6,1,2,1.448,0
28.00,14,0,4,3,0,0,0,0,47.1,1,1,0.155,0
49.71,15,0,3,1,0,0,0,0,32.0,1,1,0.467,0
24.40,19,0,1,1,0,1,0,0,89.6,3,1,0.588,0
23.44,20,0,2,1,1,0,0,1,9.6,2,2,0.076,0
16.91,20,0,5,1,0,0,0,0,90.0,1,3,0.788,0
26.21,10,0,1,1,0,0,0,0,47.6,3,2,0.518,0
18.19,16,0,0,0,0,0,0,0,107.4,2,2,0.635,0
4.97,14,0,0,0,0,0,0,0,28.5,1,3,0.480,0
21.14,14,0,4,4,0,0,0,0,90.9,2,1,0.489,0
54.47,14,0,2,1,0,0,0,0,99.2,1,2,14.258,0
7.48,8,0,1,1,0,0,0,0,48.4,1,4,0.736,0
31.28,11,0,1,1,0,0,0,0,9.1,1,3,0.810,0
188.37,20,0,1,1,0,2,0,0,130.7,1,1,0.816,0
54.86,14,0,3,5,0,5,1,1,84.5,3,4,1.772,0
23.09,16,0,2,2,0,1,0,0,22.5,1,1,0.601,0
44.56,18,0,0,3,0,0,0,1,20.7,2,3,0.907,0
62.86,19,0,9,3,1,6,0,1,303.2,3,4,1.990,1
59.07,17,0,3,3,0,0,0,0,3.6,4,1,5.697,0
210.55,22,0,4,3,3,1,0,1,245.1,3,4,1.448,0
13.65,12,0,2,2,0,1,0,0,134.7,3,3,0.260,0
51.85,18,0,1,1,0,0,0,0,64.9,1,1,0.680,0
80.01,18,0,2,2,0,0,0,0,15.5,1,5,0.177,0
20.76,19,0,1,1,0,1,0,0,0.0,1,4,0.211,0
14.33,19,0,2,2,0,0,0,0,24.7,1,2,0.575,0
24.66,13,0,1,1,0,0,0,0,120.0,1,1,1.411,0
59.81,14,0,1,1,1,0,0,0,55.6,1,3,6.045,0
41.18,17,0,2,2,0,1,0,0,8.6,1,1,5.065,0
89.12,8,0,2,2,0,0,0,0,53.3,1,1,5.402,0
17.59,12,0,2,3,0,1,0,1,43.5,1,2,0.091,0
23.24,20,0,2,1,0,1,0,0,5.2,3,1,0.464,0
35.85,12,0,2,2,0,1,0,0,29.5,1,2,10.274,0
61.84,12,0,1,1,0,0,0,1,25.7,2,1,0.868,0
18.40,12,0,0,1,0,0,1,0,57.7,1,2,0.676,0
66.87,10,0,0,1,0,0,0,0,55.9,1,1,2.557,0
65.28,11,0,0,1,0,1,0,0,65.4,1,1,2.015,0
213.37,9,0,0,1,0,1,0,0,29.9,5,3,14.677,0
10.82,17,0,0,1,0,1,0,0,54.4,3,6,0.420,0
61.25,20,0,2,4,0,0,0,0,79.5,4,1,1.882,0
12.31,11,0,2,1,0,0,0,0,6.4,2,1,0.807,0
15.27,4,1,9,5,0,2,0,1,326.2,6,3,0.415,0
28.77,21,0,3,3,0,0,0,0,2.3,3,1,0.366,0
17.63,13,0,4,1,0,0,0,0,41.2,1,1,0.606,0
122.84,6,0,8,8,0,2,1,1,50.0,7,6,5.388,1
9.01,15,0,1,2,0,0,0,1,14.2,1,3,0.835,0
16.46,17,0,5,1,0,4,0,0,1.5,4,1,0.282,0
11.68,19,0,1,1,0,0,0,0,56.2,1,1,0.829,0
58.10,11,0,3,3,0,0,0,0,174.6,1,1,1.379,0
21.95,15,0,3,3,1,0,0,0,30.7,2,1,1.990,0
19.67,16,0,0,0,0,0,0,0,197.3,2,2,1.538,0
7.06,13,0,4,1,0,0,0,0,103.0,1,3,0.530,0
22.66,13,0,2,2,0,0,0,0,7.9,1,1,0.197,0
29.44,15,0,5,1,0,2,0,0,28.2,1,2,0.673,0
24.02,20,0,1,1,0,0,0,0,119.8,1,2,7.671,0
18.39,10,0,2,1,0,1,0,0,29.4,1,3,0.133,0
76.50,8,0,2,2,0,0,0,0,6.1,1,4,0.058,0
50.58,10,0,5,5,0,0,0,0,23.8,1,1,4.741,0
6.54,14,0,1,1,0,0,0,1,176.3,1,1,0.723,0
16.47,12,0,1,1,0,0,0,1,36.2,3,3,0.397,0
119.69,11,0,0,0,0,2,0,0,0.6,2,1,0.820,0
12.03,21,0,4,1,0,2,1,1,23.1,2,4,0.768,0
12.76,10,0,2,1,0,2,0,0,15.2,2,3,0.703,0
27.35,9,0,0,2,0,0,0,0,56.4,1,1,0.889,0
7.17,13,0,2,2,0,0,0,1,89.6,2,1,0.156,0
52.83,14,0,1,1,0,0,0,0,59.8,3,1,0.280,0
24.17,8,0,1,1,0,1,0,0,52.1,2,1,1.937,0
15.29,8,0,2,2,0,1,0,0,27.5,1,4,0.847,0
89.78,18,0,0,1,0,1,0,0,48.7,1,2,6.234,0
3.56,12,0,1,1,0,0,1,0,0.5,1,1,0.868,0
24.43,16,0,3,3,1,0,0,0,42.8,1,5,0.697,0
28.26,8,0,3,3,0,0,0,0,29.2,1,1,0.027,0
388.71,23,1,5,5,0,1,0,0,24.6,1,4,7.151,0
20.62,9,0,4,1,0,0,0,0,1.3,1,2,0.181,0
49.10,13,0,0,2,0,0,0,1,3.2,3,1,2.777,0
214.60,3,1,3,2,0,1,0,0,219.2,1,5,4.400,0
109.94,12,0,2,1,0,0,0,0,25.4,1,1,7.186,0
20.76,9,0,3,1,0,1,0,0,40.4,3,1,0.718,0
8.16,15,0,3,3,0,0,0,0,39.2,1,2,0.320,0
169.24,23,1,3,2,2,3,0,0,93.5,5,2,16.721,0
278.47,16,0,4,4,0,0,0,0,0.6,1,1,1.311,0
51.69,10,0,0,1,0,1,0,0,5.8,1,1,2.703,0
18.18,14,0,2,2,0,0,0,0,86.9,1,1,0.747,0
24.80,19,0,3,3,0,1,0,0,22.0,1,2,2.887,0
29.74,17,0,1,1,0,1,0,0,14.8,1,3,0.075,0
98.16,16,0,2,1,0,0,0,0,15.1,1,1,15.387,0
396.55,4,1,11,4,2,5,0,1,95.9,3,8,24.918,1
13.27,13,0,2,1,0,0,0,0,25.1,1,2,0.627,0
55.39,13,0,1,1,0,1,0,1,26.7,4,3,6.405,0
18.51,18,0,1,1,0,1,0,0,75.7,2,1,0.778,0
8.97,20,0,1,1,0,1,0,0,92.6,1,6,0.598,0
28.72,18,0,1,1,0,0,0,0,223.9,2,1,0.146,0
65.42,8,0,2,1,0,0,0,1,0.6,1,1,0.868,0
26.57,18,0,1,2,0,0,0,0,64.5,1,2,0.950,0
44.12,20,0,2,2,1,0,0,1,58.6,1,2,0.159,0
12.91,20,0,2,2,0,0,0,0,84.6,2,2,0.468,0
150.57,21,0,0,0,0,2,0,0,2.9,1,1,1.416,0
13.27,9,0,1,1,0,0,0,0,9.2,2,1,0.418,0
35.54,9,0,1,1,0,2,0,0,79.3,3,3,4.151,0
60.91,21,0,7,2,0,2,1,0,235.0,5,3,0.969,0
278.25,23,1,5,5,0,3,1,0,10.0,1,1,5.580,0
66.20,23,1,3,3,1,5,0,0,859.7,4,5,1.706,0
16.75,17,0,5,5,0,1,0,0,76.9,1,4,0.721,0
28.61,10,0,5,1,0,0,1,0,16.0,2,3,0.282,0
11.89,14,0,2,3,0,0,0,0,14.5,2,1,0.060,0
29.31,14,0,2,1,0,0,0,0,193.2,1,1,0.274,0
8.56,10,0,2,2,0,1,0,1,8.1,2,3,0.548,0
18.29,13,0,0,1,0,0,0,0,20.4,5,2,0.210,0
27.82,11,0,3,4,0,0,0,0,13.7,1,2,1.590,0
16.72,21,0,2,2,0,0,0,0,51.5,1,1,0.844,0
7.50,18,0,2,2,0,1,0,0,24.8,1,1,0.242,0
24.05,12,0,0,0,0,0,0,0,9.1,5,1,0.251,0
94.00,19,0,8,7,0,0,0,1,655.1,3,3,0.094,0
73.80,21,0,2,1,1,0,0,0,20.1,1,3,3.528,0
38.70,11,0,3,3,0,0,0,0,60.2,1,1,7.581,0
17.11,18,0,6,3,1,3,0,1,10.0,3,1,0.658,0
48.77,18,0,1,1,0,0,0,0,7.7,1,1,10.612,0
16.29,14,0,2,1,0,0,0,0,21.6,5,1,0.875,0
10.23,13,0,3,1,0,0,0,0,3.9,1,1,0.330,0
14.25,14,0,1,2,0,0,0,0,62.2,2,3,0.223,0
9.24,20,0,7,7,0,1,0,0,39.3,1,2,0.913,0
33.12,10,0,1,1,0,0,0,0,21.4,4,1,0.566,0
18.18,14,0,1,1,0,0,0,0,160.4,1,3,0.719,0
24.43,12,0,2,2,0,0,0,0,1.6,1,2,0.836,0
7.34,20,0,2,1,0,1,0,0,22.1,1,1,0.828,0
40.96,20,0,5,1,0,0,0,0,36.9,2,2,0.021,0
13.43,20,0,2,2,0,0,0,0,62.7,1,2,0.119,0
34.99,17,0,0,0,0,1,0,0,81.1,1,1,0.913,0
66.27,9,0,1,1,0,1,0,0,11.1,1,1,3.114,0
50.32,5,1,5,6,1,1,0,0,224.7,6,1,0.209,0
179.42,21,0,4,1,0,0,0,0,8.9,1,2,28.317,0
171.57,16,0,3,3,0,1,0,0,25.1,1,1,11.281,0
16.07,16,0,1,1,0,1,0,0,53.7,1,2,0.094,0
10.25,12,0,0,2,0,1,0,0,2.5,1,1,0.855,0
11.54,13,0,1,1,0,0,0,0,128.5,1,1,0.604,0
10.71,16,0,0,0,0,1,0,0,126.1,1,3,0.320,0
48.57,14,0,2,1,0,1,0,0,52.3,1,1,0.267,0
13.36,19,0,1,2,1,1,1,0,7.8,2,1,0.852,0
21.03,14,0,3,3,0,0,0,0,36.7,3,1,1.344,0
20.22,19,0,1,1,0,1,0,0,30.2,1,1,0.214,0
51.28,15,0,2,1,0,0,0,0,63.5,1,1,0.490,0
8.07,18,0,3,1,0,0,0,0,58.8,1,3,1.402,0
30.14,18,0,4,4,0,1,0,0,84.1,1,1,0.418,0
14.26,13,0,5,1,0,0,0,0,4.9,1,2,0.219,0
23.03,17,0,1,2,0,1,0,0,73.9,1,2,0.170,0
38.32,15,0,2,2,0,0,0,0,111.7,1,1,8.415,0
20.98,15,0,2,2,0,0,0,0,15.7,1,2,0.030,0
12.69,11,0,5,1,0,1,0,0,29.7,3,1,0.382,0
9.92,17,0,1,1,0,0,0,0,45.8,3,1,0.715,0
6.92,17,0,3,3,0,0,0,0,89.3,1,1,0.676,0
4.28,13,0,3,3,0,0,0,0,126.1,1,2,0.869,0
19.01,20,0,4,1,0,0,0,0,4.1,1,1,0.406,0
9.42,11,0,3,1,0,0,0,0,37.2,1,3,0.726,0
17.02,11,0,3,2,0,2,0,0,90.2,3,2,0.304,0
16.07,17,0,1,1,0,1,0,0,8.9,2,2,0.074,0
78.52,13,0,4,2,0,0,0,0,4.5,1,1,0.260,0
20.55,11,0,1,1,0,2,0,0,20.5,1,2,0.662,0
17.15,9,0,3,1,0,0,0,0,129.9,1,3,1.727,0
27.02,9,0,4,1,0,0,0,0,29.9,1,2,0.336,0
195.99,17,0,2,1,0,0,1,0,39.7,1,1,7.143,0
53.59,13,0,1,2,0,0,0,0,18.7,1,1,1.713,0
69.93,12,0,2,1,0,1,0,0,30.3,1,1,6.471,0
13.68,19,0,5,1,0,0,0,0,190.4,1,1,0.628,0
9.43,20,0,2,1,0,0,0,0,46.2,2,1,0.601,0
88.52,9,0,10,9,2,2,1,0,297.7,4,5,6.340,1
49.53,14,0,2,2,0,0,0,0,35.4,1,2,1.657,0
59.54,17,0,2,1,0,0,0,0,107.9,1,3,1.740,0
26.78,21,0,1,3,0,0,0,0,152.3,3,1,0.529,0
9.56,17,0,1,1,0,0,0,0,102.7,1,3,0.254,0
125.69,18,0,0,0,0,0,0,0,29.6,1,1,3.716,0
33.67,20,0,0,0,0,0,0,0,29.3,1,1,1.598,0
9.70,16,0,0,0,0,1,0,0,4.1,1,1,0.682,0
15.80,18,0,0,0,0,0,0,0,10.0,3,1,0.650,0
19.30,13,0,4,3,0,0,0,0,128.3,1,1,0.371,0
106.42,9,0,3,1,0,0,0,0,25.1,1,2,2.856,0
20.44,10,0,1,1,0,0,0,0,17.4,2,1,0.717,0
7.24,21,0,2,2,0,1,0,0,96.5,3,1,0.138,0
17.30,20,0,2,1,0,2,0,0,58.1,2,2,0.553,0
136.46,1,1,6,4,0,0,0,1,25.3,2,1,2.536,0
99.08,17,0,1,2,0,0,0,0,76.9,1,1,0.421,0
26.19,8,0,3,4,0,3,0,0,26.6,2,2,0.218,0
4.75,11,0,2,2,0,0,0,0,26.4,1,3,0.886,0
21.38,20,0,2,2,0,0,0,0,45.7,5,2,2.516,0
263.15,8,0,8,3,0,4,0,1,97.1,5,1,5.833,0
36.18,19,0,5,5,1,1,0,1,3.8,1,1,0.550,0
46.84,17,0,4,2,1,1,0,0,25.4,3,2,0.099,0
16.33,13,0,3,3,0,0,0,0,4.9,4,1,0.542,0
437.76,0,1,9,9,2,5,1,1,137.7,5,5,23.873,1
42.64,18,0,2,2,0,3,0,1,74.2,3,5,3.042,0
30.73,12,0,1,1,0,0,0,0,14.5,1,1,2.870,0
37.20,16,0,1,5,0,0,0,0,139.3,1,3,3.261,0
3.96,15,0,1,1,0,1,0,0,39.5,2,1,0.841,0
53.47,9,0,1,1,0,0,0,0,25.2,3,1,0.071,0
45.58,10,0,2,3,0,0,0,0,25.2,1,1,1.987,0
114.79,11,0,3,3,0,0,0,0,50.8,1,3,2.993,0
5.97,16,0,4,3,0,0,0,0,3.6,3,1,0.104,0
48.17,12,0,5,2,0,0,1,0,161.2,1,1,0.188,0
17.50,9,0,4,1,0,0,0,0,140.8,1,2,0.167,0
31.25,8,0,1,1,1,0,0,0,35.3,1,2,0.193,0
21.58,13,0,2,2,0,2,0,0,4.5,3,1,0.703,0
22.57,15,0,0,1,0,0,0,0,118.9,1,2,0.945,0
146.99,23,1,6,5,2,6,1,0,220.8,9,5,7.487,1
63.01,13,0,3,2,0,1,0,0,13.9,2,2,0.571,0
7.46,18,0,5,2,0,0,1,0,15.3,2,2,0.658,0
81.74,17,0,2,1,0,1,0,0,9.0,3,4,4.504,0
30.54,18,0,3,1,0,0,0,0,83.4,3,1,1.337,0
9.22,11,0,2,2,0,0,0,0,7.8,1,1,0.615,0
12.05,10,0,0,0,1,0,0,0,1.4,2,2,0.712,0
26.95,16,0,1,1,0,1,0,0,7.9,1,2,0.211,0
6.10,9,0,4,4,0,0,0,0,4.3,1,1,0.787,0
46.42,23,1,3,5,0,3,1,0,136.1,1,3,3.097,0
134.05,13,0,0,1,0,0,0,0,22.0,1,5,0.508,0
36.89,15,0,1,2,0,0,0,0,19.6,1,2,1.307,0
43.69,15,0,2,2,0,0,0,0,27.4,2,3,2.189,0
39.19,17,0,2,2,0,0,0,0,130.2,3,1,0.391,0
74.23,19,0,3,3,0,0,0,0,2.3,1,1,3.936,0
10.11,11,0,2,3,1,0,0,1,184.1,1,4,0.314,1
2.65,12,0,0,1,0,0,0,0,97.5,1,1,0.907,0
15.33,10,0,1,1,0,0,0,0,46.2,1,4,0.193,0
7.98,13,0,1,2,0,0,0,0,0.3,1,3,0.897,0
3.24,15,0,3,3,0,0,0,0,43.1,2,1,0.178,0
55.95,21,0,7,3,0,1,0,0,14.0,3,4,1.642,0
51.10,20,0,1,1,0,0,1,0,28.6,1,2,8.808,0
52.39,19,0,3,3,0,0,0,0,50.5,1,1,0.158,0
8.47,8,0,3,3,0,1,0,0,70.8,1,2,0.628,0
11.69,19,0,2,2,0,0,0,0,16.6,1,2,0.546,0
20.39,20,0,0,1,0,0,0,0,22.2,1,2,0.066,0
11.20,12,0,0,1,0,1,0,0,134.8,2,1,0.838,0
68.42,21,0,0,2,0,0,0,0,37.5,1,1,2.056,0
33.35,14,0,2,1,0,1,0,0,46.7,3,2,0.762,0
52.25,14,0,1,1,0,1,0,0,2.2,2,2,0.479,0
50.98,9,0,2,1,0,0,0,0,77.7,1,1,0.001,0
2.07,13,0,0,1,0,1,0,1,10.9,1,2,0.748,0
12.12,17,0,3,3,0,0,1,0,89.4,1,2,0.104,0
160.39,11,0,3,2,0,0,0,0,3.2,1,3,3.274,0
74.39,15,0,5,12,1,6,1,1,541.1,1,4,4.749,1
162.06,15,0,4,4,0,2,1,0,139.1,3,4,2.639,0
68.89,11,0,0,0,0,1,0,0,169.1,1,1,2.941,0
73.14,20,0,1,2,0,0,0,0,62.1,1,2,0.114,0
514.06,8,0,3,3,0,3,1,1,36.5,3,5,67.633,0
12.54,8,0,1,2,0,0,0,0,154.0,1,2,0.435,0
17.25,19,0,2,1,0,0,0,0,54.6,2,1,0.626,0
112.17,13,0,4,2,0,3,1,0,45.8,1,6,3.856,0
10.30,16,0,4,2,0,2,0,0,41.4,1,4,0.514,0
78.78,10,0,1,1,0,0,0,0,180.5,1,1,6.254,0
68.01,10,0,1,3,0,1,0,0,38.2,4,4,1.643,0
102.75,20,0,1,1,0,0,0,0,72.3,2,2,0.066,0
35.03,20,0,2,2,0,0,0,0,14.8,1,3,1.362,0
57.14,14,0,2,2,0,0,0,0,82.5,3,1,0.256,0
6.37,16,0,2,1,0,0,0,0,8.5,1,1,0.957,0
41.50,14,0,2,1,0,1,0,0,47.0,2,1,0.071,0
121.16,4,1,11,3,2,4,1,1,487.7,3,6,2.564,1
23.25,20,0,3,1,0,0,0,0,101.0,1,2,2.384,0
63.96,10,0,2,1,0,0,0,0,9.3,1,2,2.756,0
35.79,17,0,1,3,0,0,0,0,82.4,1,1,0.324,0
5.14,21,0,3,1,0,0,0,0,49.7,1,1,0.819,0
27.99,16,0,2,1,0,1,0,0,6.5,3,1,0.059,0
25.71,13,0,0,1,0,1,0,0,39.8,1,2,0.612,0
13.14,16,0,0,1,0,0,0,0,8.4,1,1,0.298,0
3.77,9,0,0,2,0,0,0,0,28.7,1,3,0.790,0
78.01,4,1,4,7,1,2,1,0,425.3,1,6,1.602,1
8.91,10,0,0,2,0,0,0,0,238.6,1,1,0.708,0
38.21,18,0,2,2,0,0,0,0,14.9,4,1,1.566,0
3.46,21,0,2,2,0,0,0,0,159.1,1,1,0.923,0
25.32,10,0,1,1,0,0,0,0,70.5,1,1,0.289,0
35.84,20,0,3,4,0,0,0,0,40.8,1,2,3.589,0
12.77,15,0,2,3,0,0,0,0,13.3,2,1,0.368,0
36.76,20,0,2,1,0,0,0,0,44.2,1,1,0.593,0
148.81,22,0,3,1,0,0,1,0,175.1,4,2,0.861,0
44.51,21,0,5,5,0,0,0,0,1.5,1,1,0.442,0
17.45,9,0,4,7,0,2,0,1,134.8,2,1,0.074,0
22.83,19,0,1,1,0,0,0,1,24.2,1,3,0.675,0
51.42,13,0,1,2,0,2,0,0,32.2,1,2,0.328,0
11.20,14,0,1,1,0,0,0,0,25.3,2,1,0.713,0
50.28,11,0,2,2,0,1,0,0,11.5,2,1,0.827,0
331.55,9,0,4,3,0,1,0,0,87.9,2,4,15.025,0
258.63,19,0,3,6,0,2,1,0,59.4,2,4,18.243,0
82.85,14,0,4,3,0,1,0,0,30.2,1,1,0.977,0
31.66,21,0,3,2,0,0,0,0,9.4,2,1,0.607,0
152.14,14,0,2,6,0,2,0,0,68.1,2,2,3.978,0
385.32,18,0,3,5,2,3,1,0,360.5,2,3,15.383,0
8.72,21,0,4,2,0,1,0,0,31.4,2,3,0.197,0
28.35,17,0,1,1,0,0,0,0,53.4,2,1,0.086,0
110.29,18,0,2,2,0,1,0,0,11.0,1,1,3.970,0
110.06,15,0,0,0,0,0,0,0,8.0,2,6,13.482,0
59.25,20,0,5,1,0,0,0,0,6.7,2,1,0.478,0
20.04,18,0,3,3,0,0,0,0,62.7,1,1,0.564,0
49.00,18,0,2,2,0,0,0,0,55.7,1,2,3.063,0
9.14,21,0,0,0,0,1,0,0,18.9,1,3,0.856,0
27.83,19,0,3,1,0,1,0,0,44.6,1,1,1.621,0
32.86,10,0,2,2,0,2,0,0,41.1,1,1,0.087,0
62.29,14,0,3,3,0,0,0,0,14.1,2,4,10.084,0
11.58,11,0,2,2,0,0,0,0,6.6,1,3,0.031,0
78.34,3,1,5,10,1,6,0,1,50.0,3,3,0.295,1
116.30,10,0,2,1,0,0,0,0,37.7,2,1,9.809,0
55.20,11,0,1,1,0,0,0,0,20.8,2,1,4.227,0
18.24,16,0,2,2,0,0,1,0,27.8,2,2,0.039,0
25.38,18,0,1,1,0,0,0,0,61.6,2,3,0.523,0
70.12,7,0,6,3,0,3,0,1,55.2,1,2,2.248,0
42.34,16,0,4,1,0,1,0,0,68.1,1,1,3.725,0
9.73,16,0,4,2,0,1,0,0,24.8,1,1,0.863,0
88.17,4,1,14,5,1,5,1,1,274.6,2,6,0.156,1
18.06,16,0,1,2,0,0,0,0,1.9,1,2,0.194,0
14.44,12,0,1,1,0,0,0,0,85.2,1,1,0.842,0
11.45,12,0,2,1,0,0,0,0,89.0,1,1,0.514,0
9.23,19,0,1,1,0,0,0,0,64.8,1,2,0.406,0
23.48,16,0,4,4,0,0,0,1,91.4,4,1,1.479,0
55.83,16,0,3,3,0,0,0,0,126.4,1,3,0.902,0
5.16,9,0,1,1,0,0,0,0,61.4,1,1,0.835,0
27.23,13,0,0,1,1,0,0,0,2.0,2,1,0.209,0
57.50,8,0,4,1,0,0,0,1,85.1,1,1,0.039,0
14.87,13,0,0,2,0,0,0,0,27.0,3,5,0.596,0
40.79,11,0,3,3,0,0,1,0,23.7,1,1,13.066,0
36.98,14,0,1,3,0,0,0,0,144.8,1,1,0.513,0
18.49,19,0,1,1,0,0,0,0,179.0,3,1,1.332,0
13.68,13,0,2,2,0,0,0,0,5.3,2,1,0.717,0
56.66,19,0,2,2,0,0,0,0,34.5,1,2,1.129,0
24.07,16,0,2,1,0,0,0,0,4.1,4,4,0.456,0
2.28,14,0,6,2,0,0,0,0,44.8,2,1,0.975,0
27.90,8,0,5,2,0,1,0,0,13.7,1,3,0.912,0
5.93,11,0,2,1,0,0,0,0,333.4,4,2,0.847,0
9.97,20,0,2,2,0,1,0,0,54.4,1,2,0.206,0
26.85,14,0,2,1,0,0,0,0,18.8,3,1,0.079,0
67.30,13,0,3,3,0,2,0,0,14.1,1,4,3.259,0
163.74,11,0,6,1,0,0,0,0,9.1,2,1,115.957,0
31.94,13,0,3,3,0,0,0,0,34.1,1,1,0.508,0
8.38,16,0,3,1,0,0,0,0,11.1,1,1,0.738,0
7.27,18,0,6,6,0,1,0,0,46.7,1,1,0.423,0
5.64,9,0,4,1,0,0,0,0,91.3,1,1,0.530,0
33.92,16,0,3,3,0,0,1,0,81.4,1,1,10.944,0
17.61,11,0,3,1,0,1,0,0,15.6,2,1,0.679,0
524.41,5,1,4,7,0,3,1,0,675.3,5,7,21.830,1
61.80,9,0,3,2,0,1,0,0,72.3,1,1,1.971,0
45.49,10,0,6,6,0,0,0,0,49.6,2,2,3.212,0
31.85,14,0,3,3,0,0,0,0,24.7,1,5,0.538,0
10.37,18,0,1,1,0,0,0,0,27.2,4,4,0.650,0
12.61,11,0,1,1,0,0,0,0,3.3,2,3,0.013,0
23.56,20,0,1,1,0,0,0,0,42.6,1,1,0.432,0
144.60,13,0,0,1,0,0,0,0,45.1,1,1,3.493,0
34.23,16,0,5,5,0,0,0,0,47.0,2,1,0.285,0
58.64,3,1,7,3,0,2,1,0,58.4,4,4,0.452,0
10.00,12,0,5,5,0,0,0,0,26.3,1,1,0.619,0
38.07,8,0,1,1,0,0,0,0,11.1,1,3,2.088,0
59.99,19,0,0,0,0,0,0,0,38.9,1,3,0.082,0
133.62,11,0,4,2,0,0,0,0,27.3,1,2,7.722,0
37.64,10,0,3,2,0,0,0,0,11.8,1,2,1.046,0
61.21,20,0,2,2,0,0,0,0,98.7,1,2,0.263,0
12.68,16,0,1,1,0,1,0,0,231.8,2,1,0.191,0
7.34,20,0,4,2,0,0,0,0,51.0,2,2,0.548,0
128.02,11,0,1,1,0,0,0,0,33.5,1,2,5.417,0
138.53,15,0,3,2,0,0,0,0,41.1,1,2,32.788,0
31.81,19,0,2,2,0,1,0,0,116.1,1,1,0.774,0
10.45,8,0,2,1,0,0,1,0,40.0,2,1,0.032,0
90.18,12,0,2,2,0,0,0,0,26.9,1,2,4.533,0
136.06,20,0,2,1,0,0,0,0,50.3,1,1,1.936,0
23.59,20,0,1,1,0,0,0,0,0.0,3,1,0.132,0
15.04,21,0,6,1,0,0,0,0,12.7,2,1,0.483,0
22.43,14,0,3,3,0,1,0,0,68.4,1,1,0.610,0
14.55,18,0,1,1,0,0,0,0,29.7,1,2,0.264,0
78.13,5,1,11,6,3,8,1,1,2022.8,5,5,2.507,1
4.39,20,0,5,2,1,1,0,0,6.1,1,1,0.891,0
46.54,15,0,2,1,0,0,1,0,11.9,1,1,0.877,0
6.62,17,0,1,2,0,0,0,0,0.6,1,2,0.743,0
17.58,8,0,1,2,0,0,0,0,8.9,4,3,0.701,0
67.21,20,0,3,3,0,1,0,0,12.1,1,1,0.003,0
34.84,17,0,3,2,0,0,0,0,12.5,2,2,0.326,0
17.12,12,0,2,2,0,0,0,0,0.3,1,1,0.642,0
66.26,18,0,2,2,0,1,0,0,0.1,1,1,1.466,0
7.16,11,0,3,3,0,0,0,0,64.6,1,1,0.942,0
2.48,11,0,2,2,0,0,0,0,19.5,1,4,0.195,0
11.14,21,0,0,0,0,0,0,0,22.9,2,1,0.557,0
5.84,20,0,0,1,0,0,0,0,52.1,2,1,0.830,0
38.92,12,0,2,2,0,0,1,0,27.2,2,1,1.087,0
57.46,15,0,1,2,0,0,0,0,69.8,1,1,6.947,0
23.74,12,0,1,4,0,0,0,0,115.5,1,1,0.577,0
7.20,19,0,4,1,0,0,0,0,168.6,1,3,0.032,0
34.22,18,0,1,3,0,0,0,0,66.0,4,3,0.426,0
12.33,19,0,2,2,0,0,1,0,108.1,4,1,0.787,0
28.27,10,0,3,3,0,1,0,0,80.6,1,1,0.561,0
38.92,16,0,3,3,0,0,0,0,54.1,2,2,0.223,0
32.23,9,0,1,1,0,0,1,0,125.8,1,1,1.661,0
92.04,14,0,4,4,0,0,0,0,14.1,1,3,2.253,0
72.86,13,0,5,1,0,5,1,0,177.8,3,2,0.204,0
117.99,11,0,1,1,0,0,1,0,33.8,1,2,18.931,0
24.96,15,0,3,3,0,1,0,0,11.3,2,2,0.826,0
23.65,12,0,2,2,0,1,0,0,152.1,1,1,0.769,0
8.78,12,0,0,0,0,0,0,0,22.8,2,1,0.059,0
31.23,13,0,2,1,0,0,0,0,32.6,1,2,0.504,0
33.57,15,0,4,4,0,0,0,0,29.8,1,1,1.791,0
105.09,14,0,3,3,0,0,0,0,17.1,1,4,11.393,0
261.67,22,0,6,3,1,8,1,1,104.5,3,4,3.511,1
52.58,12,0,0,1,0,0,0,0,0.2,1,1,0.063,0
20.04,9,0,2,2,0,1,1,0,10.1,3,1,0.263,0
88.89,11,0,1,1,0,0,0,0,15.9,2,1,4.229,0
72.54,11,0,3,3,0,0,0,0,225.6,1,2,4.193,0
17.87,19,0,2,2,0,0,0,0,45.6,1,1,0.436,0
7.56,10,0,2,2,0,0,0,0,205.2,1,2,0.877,0
22.14,13,0,6,2,0,0,0,0,16.4,1,1,0.834,0
18.15,19,0,4,4,0,0,0,0,127.0,1,1,3.301,0
30.16,15,0,2,1,0,0,0,0,24.3,1,1,0.071,0
64.56,17,0,2,3,0,1,0,0,42.8,1,1,1.533,0
68.91,19,0,1,1,0,0,0,0,33.1,3,5,6.300,0
16.29,15,0,2,1,0,1,0,0,108.0,2,2,0.691,0
73.79,16,0,1,1,0,2,0,0,47.8,1,2,3.221,0
3.68,18,0,0,1,0,0,0,0,71.8,1,4,0.725,0
19.26,13,0,2,1,0,1,0,0,57.6,1,1,0.115,0
26.79,14,0,3,1,0,0,0,0,76.2,4,1,0.944,0
26.32,12,0,0,2,0,0,0,0,17.1,2,1,0.127,0
6.86,12,0,1,1,0,1,0,0,13.9,1,3,0.830,0
15.56,10,0,1,1,0,0,0,0,13.8,1,1,0.124,0
18.98,8,0,4,3,0,0,0,0,21.9,2,2,0.679,0
28.20,13,0,4,1,0,0,0,0,9.6,1,2,1.372,0
9.03,12,0,3,3,0,1,0,0,101.6,1,1,0.595,0
25.77,10,0,3,1,0,2,0,0,437.0,1,2,0.276,1
59.21,10,0,5,5,0,0,0,0,5.4,1,1,0.310,0
14.02,18,0,1,1,0,0,0,0,1.3,1,1,0.603,0
23.94,17,0,0,0,0,0,0,0,28.3,3,4,0.477,0
30.59,19,0,3,3,0,0,0,0,63.6,1,1,0.238,0
7.80,12,0,0,1,0,0,0,1,9.6,1,1,0.933,0
14.91,11,0,3,3,0,0,0,0,362.3,1,6,0.314,0
32.16,21,0,5,2,0,0,0,0,8.9,1,1,0.619,0
7.64,17,0,4,3,1,2,0,0,126.0,1,1,0.884,0
38.13,9,0,1,1,0,0,0,0,65.6,1,1,9.061,0
35.30,10,0,2,2,0,0,0,0,30.1,1,3,0.180,0
45.59,21,0,6,1,0,0,0,0,118.0,1,2,0.298,0
17.18,10,0,3,3,0,0,0,0,76.2,1,3,1.191,0
14.26,11,0,1,3,0,0,0,0,47.9,1,2,0.761,0
57.60,17,0,2,2,0,1,0,0,20.1,1,1,0.811,0
21.08,15,0,1,1,0,1,0,0,81.5,2,2,0.618,0
14.55,15,0,0,0,0,0,0,0,8.4,1,1,0.190,0
9.94,16,0,2,2,0,0,0,0,35.4,1,1,0.863,0
30.92,10,0,1,1,0,0,0,0,14.6,1,4,1.524,0
12.20,13,0,3,1,0,0,0,0,36.4,1,3,0.216,0
71.77,20,0,0,0,0,1,0,0,3.6,1,2,10.232,0
27.45,13,0,0,1,0,0,0,0,57.9,2,5,0.296,0
16.17,21,0,1,1,0,0,0,0,11.2,1,5,0.385,0
34.01,15,0,0,0,0,1,0,0,29.5,1,1,0.689,0
50.81,20,0,1,1,0,0,1,0,2.2,3,3,2.076,0
20.30,14,0,2,1,0,2,0,0,8.9,1,2,0.115,0
26.12,10,0,3,1,0,0,0,0,74.2,1,1,0.437,0
13.67,9,0,2,1,0,0,0,0,31.2,3,3,0.020,0
20.98,9,0,2,2,0,0,0,0,17.2,3,1,2.203,0
34.59,20,0,2,2,0,0,0,0,85.8,1,1,0.416,0
28.40,20,0,2,1,0,0,0,0,160.0,1,3,6.474,0
967.25,19,0,7,2,2,3,1,0,697.8,6,3,62.887,1
57.76,9,0,3,1,0,0,0,0,49.9,4,1,0.566,0
13.17,13,0,2,3,0,0,0,0,34.2,1,3,0.245,0
22.87,13,0,1,1,0,0,1,0,2.5,1,3,0.607,0
18.75,16,0,4,1,0,0,0,0,170.5,1,3,3.112,0
24.24,15,0,1,1,0,0,0,0,9.7,1,1,5.464,0
27.67,15,0,4,4,0,0,0,0,25.8,1,1,1.323,0
6.13,14,0,4,2,0,1,0,0,23.0,2,1,0.746,0
29.17,20,0,2,2,1,0,0,0,0.0,1,3,2.963,0
78.53,9,0,3,1,0,0,0,0,69.7,1,2,0.780,0
30.63,17,0,2,1,0,0,0,0,19.1,1,1,2.069,0
5.04,15,0,1,1,0,2,1,0,16.5,1,2,0.770,0
63.79,20,0,1,1,0,0,0,0,31.0,3,1,2.147,0
79.62,10,0,1,3,0,0,1,0,5.3,1,1,0.453,0
22.54,16,0,3,1,0,0,0,0,3.7,1,1,0.636,0
50.44,10,0,3,3,0,0,0,0,4.8,2,2,2.240,0
40.46,16,0,3,2,0,0,0,0,10.6,1,1,1.446,0
41.47,11,0,5,5,0,0,0,0,156.3,1,1,4.236,0
57.56,9,0,0,2,0,0,0,0,12.3,2,3,5.616,0
26.73,14,0,1,1,0,0,0,0,179.8,3,4,2.037,0
53.56,10,0,0,0,0,0,0,0,2.7,2,1,0.037,0
18.58,19,0,1,1,0,0,0,0,36.3,1,2,0.494,0
29.05,12,0,1,1,0,0,0,0,6.8,1,1,0.013,0
207.44,15,0,4,5,0,2,0,1,131.9,3,2,30.194,0
9.54,21,0,2,2,0,1,0,0,28.8,1,1,0.782,0
25.59,17,0,1,2,0,0,0,0,14.5,1,2,0.262,0
17.11,21,0,3,3,0,0,0,0,20.1,2,1,0.772,0
22.70,10,0,4,4,0,0,0,0,9.7,1,3,0.110,0
17.29,20,0,4,2,0,0,0,0,9.4,1,1,0.723,0
20.98,11,0,1,1,0,0,0,0,77.7,2,1,0.746,0
16.31,11,0,1,2,1,0,0,0,22.9,2,2,0.065,0
184.45,18,0,3,1,0,2,0,1,383.7,1,3,4.623,0
35.27,10,0,1,2,0,0,0,0,45.8,1,1,0.613,0
8.06,16,0,3,1,0,0,0,0,65.5,1,3,0.841,0
51.38,21,0,2,2,0,0,0,0,77.0,3,1,0.007,0
50.77,9,0,1,1,1,0,0,0,1.4,2,1,0.562,0
21.47,18,0,3,3,0,0,0,0,29.5,3,3,0.124,0
21.59,10,0,2,2,0,0,0,0,2.1,1,3,0.320,0
67.32,11,0,6,2,0,0,0,0,46.8,3,1,5.286,0
21.47,16,0,1,1,0,0,0,0,111.1,1,1,2.157,0
9.39,17,0,2,3,0,0,0,0,14.6,1,2,0.803,0
8.16,18,0,1,1,0,0,0,0,20.5,1,1,0.561,0
31.82,18,0,2,2,0,0,0,0,1.6,1,1,0.503,0
22.09,15,0,1,4,0,0,0,0,21.5,1,1,2.468,0
158.49,11,0,0,1,0,0,0,0,44.0,1,1,1.098,0
4.45,11,0,1,1,0,1,0,0,74.5,1,1,0.514,0
44.24,20,0,1,2,0,1,0,1,3.3,1,1,0.630,0
25.22,15,0,2,1,0,0,0,0,58.7,1,2,0.826,0
12.36,8,0,2,2,0,0,0,0,2.3,3,1,0.110,0
24.18,19,0,4,4,0,2,0,0,7.6,2,2,0.492,0
13.78,13,0,1,2,0,0,0,0,64.3,2,2,0.763,0
380.93,22,0,9,6,1,7,1,1,50.0,5,4,9.623,1
28.45,10,0,2,1,0,1,0,0,68.0,2,2,1.078,0
5.43,18,0,3,1,0,0,0,0,48.6,1,3,0.188,0
13.39,21,0,2,1,0,0,0,0,46.8,1,1,0.867,0
56.01,18,0,0,1,0,0,0,0,29.4,2,1,1.211,0
125.99,19,0,1,1,0,0,0,0,3.9,2,1,2.282,0
36.34,19,0,2,2,0,1,0,0,28.7,1,5,0.682,0
56.18,14,0,4,2,0,1,0,0,51.2,1,1,0.015,1
7.03,11,0,2,2,0,0,0,0,5.4,2,2,0.878,0
100.69,22,0,9,8,2,6,0,0,267.7,1,3,0.003,1
52.49,21,0,1,1,0,0,1,0,26.6,1,4,0.751,0
101.78,15,0,2,2,0,0,1,0,27.3,1,1,6.068,0
27.36,13,0,1,1,0,1,0,0,9.3,1,2,0.678,0
31.49,22,0,5,4,0,2,1,0,657.4,2,3,0.040,0
39.21,12,0,2,2,0,0,0,0,1.1,1,2,0.304,0
25.84,18,0,2,2,0,0,0,0,1.5,1,2,0.670,0
29.85,14,0,5,3,0,0,0,0,15.9,2,2,0.028,0
52.23,17,0,3,3,0,1,0,0,21.9,2,1,0.201,0
19.96,11,0,4,1,0,0,0,0,32.3,1,2,0.262,0
58.28,9,0,1,1,0,0,1,0,0.6,1,1,0.347,0
15.52,19,0,0,1,0,1,0,0,11.6,2,1,0.527,0
16.41,11,0,3,2,0,0,0,0,38.4,1,3,0.900,0
60.64,8,0,2,2,1,0,0,0,11.8,3,1,18.752,0
20.41,20,0,2,2,0,0,0,0,18.0,1,4,0.792,0
22.67,19,0,3,2,0,1,0,0,117.9,2,1,0.577,0
43.09,19,0,7,6,2,1,0,1,340.2,2,4,1.602,1
5.65,12,0,1,1,0,0,0,0,6.1,1,2,0.214,0
8.66,12,0,2,2,0,0,0,0,63.3,1,3,0.193,0
8.78,11,0,1,1,0,0,0,0,9.3,1,1,0.864,0
4.69,14,0,3,3,0,1,0,0,7.7,1,4,0.973,0
17.19,11,0,1,1,0,1,0,0,18.9,1,1,0.155,0
23.60,19,0,5,3,0,1,0,0,127.2,2,1,0.333,0
14.14,18,0,2,5,0,0,1,0,15.3,3,1,0.610,0
233.57,14,0,2,1,0,0,0,0,49.0,1,1,12.470,0
43.35,10,0,2,2,1,0,0,0,104.0,1,2,9.012,0
71.84,15,0,2,1,0,0,0,0,5.6,1,3,0.438,0
17.71,12,0,4,2,0,1,0,0,69.3,1,1,0.616,0
14.78,13,0,1,2,0,1,0,0,132.7,1,1,0.997,0
27.64,19,0,2,2,0,0,0,0,15.6,1,1,2.451,0
47.65,16,0,2,5,0,3,0,0,151.9,7,2,2.215,0
602.32,15,0,3,3,0,2,0,0,70.7,4,1,58.636,0
26.97,11,0,1,1,0,0,0,0,5.0,2,2,0.234,0
13.99,14,0,2,2,0,1,0,0,92.9,2,1,0.526,0
62.18,21,0,2,2,0,0,0,0,78.4,2,1,2.233,0
55.36,11,0,5,1,0,0,0,0,27.3,1,1,1.468,0
12.03,17,0,3,3,0,0,0,0,89.8,1,1,3.236,0
18.53,10,0,1,1,0,1,0,0,40.2,1,2,0.288,0
64.01,11,0,2,3,1,0,0,0,24.6,1,2,0.465,0
43.02,17,0,2,1,0,0,0,0,12.5,1,3,0.950,0
105.35,13,0,1,1,1,0,0,0,29.4,1,2,6.133,0
74.57,10,0,4,7,3,4,0,0,2238.0,4,6,0.240,1
10.49,10,0,0,0,0,0,0,0,9.0,1,4,0.073,0
63.09,12,0,3,2,0,1,0,0,296.6,1,1,5.405,0
20.04,12,0,0,0,0,0,0,0,136.3,1,1,0.531,0
128.62,14,0,5,2,0,0,1,0,35.0,4,3,5.526,0
89.86,7,0,7,6,0,5,0,0,202.5,1,4,4.374,0
26.82,14,0,1,2,0,1,0,0,5.7,3,1,0.227,0
34.83,12,0,0,1,0,0,0,0,22.1,1,4,0.044,0
83.53,21,0,2,1,0,1,0,0,21.0,1,1,0.007,0
40.65,16,0,3,3,0,0,0,0,44.8,2,1,0.210,0
10.17,17,0,0,2,0,0,0,0,20.7,3,3,0.401,0
41.88,13,0,2,2,0,0,0,0,10.3,1,1,4.753,0
6.64,11,0,1,1,0,4,0,0,3.8,1,1,0.772,0
15.10,19,0,3,1,0,1,0,0,49.5,1,1,1.352,0
23.83,12,0,5,5,0,0,0,0,144.1,3,4,2.310,0
20.54,17,0,4,1,0,0,0,0,55.4,2,1,0.419,0
56.16,16,0,2,2,0,0,0,0,79.0,2,1,1.505,0
56.65,9,0,4,2,0,0,0,0,18.2,1,2,0.404,0
10.42,12,0,3,3,0,1,0,0,86.9,1,2,0.610,0
182.77,14,0,0,1,0,0,0,0,30.9,1,1,10.495,0
33.28,14,0,0,1,0,0,0,0,52.3,1,1,0.412,0
104.74,12,0,12,7,1,10,1,0,287.7,5,6,8.014,1
9.28,16,0,1,1,0,0,0,0,1.9,1,2,0.231,0
9.25,12,0,2,2,0,1,0,0,19.0,2,1,0.401,0
31.81,14,0,0,0,0,1,0,0,175.6,2,2,5.586,0
14.27,9,0,4,2,0,0,0,0,178.4,1,1,0.873,0
21.42,18,0,2,2,0,0,0,0,61.7,1,2,0.856,0
20.63,11,0,2,1,0,1,0,0,42.7,3,1,0.130,0
263.24,11,0,9,5,2,5,0,1,50.0,1,3,5.305,1
16.30,19,0,0,2,0,0,0,0,42.5,2,1,0.046,0
10.70,9,0,3,3,0,0,0,0,122.5,4,1,0.635,0
65.14,9,0,1,1,0,0,0,0,14.4,1,1,0.898,0
24.76,15,0,3,2,0,0,0,0,23.4,1,2,0.754,0
15.62,17,0,1,1,0,0,0,0,75.4,1,1,0.928,0
54.99,20,0,1,2,0,0,0,0,3.0,1,3,0.243,0
10.56,19,0,1,1,0,1,0,0,50.7,3,1,0.776,0
64.61,13,0,3,2,0,1,0,0,67.6,1,1,3.862,0
272.89,17,0,2,1,0,1,0,0,117.1,1,1,4.773,0
10.33,10,0,2,4,0,0,0,0,183.9,1,2,0.443,0
99.91,16,0,0,0,0,0,0,0,63.4,1,2,2.743,0
59.43,10,0,2,2,0,1,0,0,10.3,1,1,0.013,0
37.84,20,0,2,4,0,0,0,0,64.4,4,2,0.185,0
88.61,11,0,4,3,0,1,0,0,32.5,1,2,10.553,0
80.18,16,0,0,1,0,0,0,0,37.6,1,1,17.955,0
24.44,16,0,3,3,0,0,0,0,15.7,1,1,0.469,0
100.08,15,0,5,1,0,0,0,0,57.3,1,3,1.855,0
63.03,23,1,4,2,1,4,0,1,320.5,3,2,10.781,0
45.75,7,0,12,5,0,4,1,1,221.4,2,4,1.472,1
25.91,11,0,4,2,0,0,0,0,19.9,1,1,0.716,0
11.35,15,0,0,1,0,0,0,0,83.7,1,2,0.563,0
48.91,16,0,2,2,0,2,0,0,43.3,1,2,0.557,0
32.45,10,0,0,2,0,1,0,0,23.9,2,1,0.634,0
31.58,21,0,1,1,0,0,0,0,3.7,2,1,0.466,0
5.52,12,0,1,2,0,0,0,0,131.8,1,2,0.702,0
41.91,14,0,3,3,0,0,0,0,25.0,1,1,1.119,0
6.05,17,0,0,2,0,0,0,0,16.2,2,1,0.830,0
80.49,14,0,1,1,0,0,0,0,4.0,2,4,2.002,0
39.84,11,0,3,3,0,0,0,0,142.6,1,3,0.232,0
60.13,11,0,2,2,0,1,0,0,15.6,1,1,4.161,0
24.06,10,0,3,3,0,0,0,0,14.5,1,2,1.069,0
25.21,13,0,3,3,0,0,0,0,20.5,2,1,0.161,0
8.32,12,0,4,4,0,1,0,0,30.1,1,1,0.745,0
11.24,15,0,3,2,0,0,0,0,122.8,1,1,0.827,0
8.39,11,0,3,2,0,0,0,1,49.7,1,1,0.844,1
22.11,13,0,1,2,0,0,0,0,39.7,3,1,0.625,0
10.98,13,0,1,1,0,1,0,0,5.8,1,2,0.245,0
98.93,15,0,4,1,0,1,1,1,26.6,2,2,2.877,0
19.09,12,0,2,1,0,1,0,0,48.2,1,1,0.001,0
13.53,18,0,1,3,0,0,0,0,117.8,2,1,0.448,0
26.62,20,0,0,2,0,0,0,0,17.5,1,1,0.018,0
102.50,21,0,0,1,0,0,0,0,179.5,1,1,9.118,0
46.63,14,0,4,2,0,0,0,0,4.3,1,2,0.001,0
58.98,7,0,9,5,1,1,0,1,73.6,2,4,0.018,0
60.23,22,0,1,1,1,1,1,0,216.6,1,2,1.079,0
109.41,16,0,2,2,0,1,0,0,29.4,4,1,3.124,0
9.86,17,0,1,1,0,0,0,0,48.0,1,1,0.606,0
27.16,14,0,1,2,0,0,0,1,9.7,1,1,0.396,0
145.95,17,0,2,1,0,0,0,0,58.7,1,2,10.676,0
40.05,13,0,3,1,0,0,0,0,18.6,1,1,1.327,0
51.68,16,0,4,1,1,1,0,0,114.9,2,4,4.087,0
10.87,13,0,2,1,0,1,0,0,3.6,1,1,0.876,0
7.15,16,0,5,1,0,0,0,0,146.1,1,1,0.798,0
3.60,16,0,2,2,0,0,0,0,13.3,1,3,0.328,0
10.73,10,0,3,3,1,0,0,1,47.9,1,2,0.433,0
47.14,19,0,5,3,0,0,0,1,182.1,1,2,0.467,0
27.89,13,0,3,3,1,0,0,0,3.0,1,2,0.669,0
69.59,12,0,2,2,0,0,0,1,38.7,1,2,0.415,0
71.55,10,0,1,2,0,0,0,0,13.9,1,1,2.381,0
12.44,11,0,5,1,0,0,0,0,2.1,1,2,0.527,0
299.19,4,1,5,6,0,3,1,1,518.8,7,6,85.722,0
13.42,16,0,0,1,0,0,0,0,201.6,1,1,0.839,0
28.20,13,0,5,1,0,0,1,0,4.4,3,2,1.133,0
78.74,11,0,2,2,0,0,0,0,6.9,1,2,0.662,0
105.66,16,0,0,5,0,1,0,0,109.3,1,1,0.252,0
16.89,12,0,1,1,0,0,0,0,3.9,3,3,1.276,0
39.43,16,0,5,5,0,0,0,0,8.1,3,1,0.018,0
3.77,12,0,3,3,0,1,0,0,6.9,1,1,0.873,0
12.81,19,0,4,4,0,0,0,0,96.8,1,1,0.626,0
14.33,16,0,3,3,0,0,0,0,147.8,1,1,0.000,0
163.30,21,0,2,4,0,0,1,0,29.5,2,5,2.361,0
207.96,7,0,5,6,1,4,1,0,247.6,4,1,9.403,1
12.45,15,0,2,2,0,0,1,0,3.8,1,4,0.736,0
10.53,17,0,0,0,0,1,0,0,2.9,1,1,0.752,0
184.89,16,0,3,3,0,0,0,0,4.9,1,1,0.920,0
34.64,11,0,1,1,0,0,0,0,62.8,1,1,0.637,0
72.86,10,0,0,0,0,1,0,0,15.3,1,2,3.517,0
16.57,12,0,1,1,0,1,0,0,56.9,2,1,0.014,0
106.09,8,0,2,1,0,0,0,0,0.3,1,1,1.581,0
61.48,16,0,2,1,0,0,0,0,24.8,1,1,4.640,0
50.74,21,0,4,1,0,0,0,0,32.0,1,1,0.835,0
61.34,3,1,8,10,3,0,1,1,219.7,4,3,1.922,1
22.03,16,0,2,2,0,0,0,0,3.1,1,1,0.171,0
128.82,18,0,1,1,0,0,0,0,12.5,2,3,13.756,0
11.45,17,0,1,4,0,0,0,0,44.2,1,1,2.491,0
85.04,5,1,5,4,1,3,1,0,32.0,3,5,6.606,0
114.62,14,0,1,3,0,0,0,0,572.7,1,1,11.103,0
56.55,18,0,1,2,0,0,0,0,101.3,1,1,1.328,0
6.35,20,0,1,1,0,0,0,0,13.1,3,1,0.480,0
128.97,9,0,1,1,0,1,0,0,130.9,1,3,3.181,0
6.18,14,0,1,2,0,0,0,1,61.3,1,1,0.870,0
3.98,10,0,1,1,0,0,0,0,77.4,1,2,0.693,0
43.16,10,0,1,1,0,1,0,0,6.3,1,3,3.269,0
29.32,20,0,2,2,0,0,0,0,54.4,3,1,0.887,0
61.69,9,0,0,4,0,0,0,0,119.2,1,1,2.778,0
4.96,10,0,1,2,0,0,0,1,74.9,1,3,0.809,0
51.82,18,0,2,2,0,1,0,0,29.2,1,1,0.329,0
54.68,19,0,3,3,0,1,0,0,4.1,3,2,0.105,0
9.72,9,0,1,2,0,0,0,0,34.4,2,1,0.761,0
19.42,10,0,3,1,0,1,0,0,25.0,2,1,0.605,0
19.86,11,0,3,1,0,0,0,0,36.5,1,2,0.741,0
29.50,16,0,3,2,0,0,0,0,93.3,1,1,0.302,0
17.75,19,0,3,1,0,0,0,0,32.7,2,2,0.754,0
11.20,9,0,2,1,0,0,0,0,6.3,1,1,0.601,0
43.63,20,0,1,1,0,0,1,0,51.4,3,1,4.263,0
18.30,17,0,2,1,0,0,0,0,1.5,3,2,0.661,0
172.03,20,0,7,3,0,2,1,1,1091.7,3,10,2.131,1
7.93,19,0,2,2,0,0,0,0,21.3,2,1,0.212,0
65.85,20,0,1,1,0,0,0,0,97.5,5,1,0.470,0
67.78,11,0,1,1,0,0,0,0,28.3,1,1,1.577,0
24.56,14,0,1,1,0,0,0,0,63.2,1,3,0.925,0
93.29,17,0,1,1,0,0,0,0,28.6,2,1,9.848,0
33.47,18,0,4,1,0,0,0,0,5.8,1,2,1.375,0
4.74,9,0,3,3,0,0,0,0,40.1,1,3,0.838,0
14.21,15,0,1,2,0,0,0,0,145.1,1,2,0.862,0
9.97,9,0,3,3,0,0,0,0,32.2,3,1,0.341,0
767.13,3,1,6,1,0,5,1,1,643.3,2,6,25.720,1
7.41,15,0,2,2,0,0,0,0,8.7,1,2,0.774,0
30.32,19,0,2,1,0,1,0,0,28.9,1,1,0.478,0
61.75,23,1,9,8,0,2,0,0,173.7,1,5,0.304,0
13.85,10,0,1,1,0,0,0,0,25.5,2,1,0.755,0
25.50,14,0,0,1,0,0,0,0,118.0,1,4,0.736,0
9.80,16,0,3,3,0,0,0,0,203.1,3,1,0.205,0
28.52,14,0,3,3,0,0,0,0,5.8,1,1,0.561,0
34.24,10,0,1,1,0,0,0,0,28.3,2,1,2.424,0
139.81,19,0,5,1,0,0,0,0,115.2,2,1,16.454,0
87.24,14,0,1,2,0,0,0,0,83.3,1,4,15.276,0
29.39,11,0,3,3,0,0,0,0,59.1,1,1,0.614,0
51.56,19,0,1,1,0,0,0,0,15.2,1,2,1.168,0
44.84,5,1,6,7,1,4,0,0,292.2,4,10,0.005,0
42.66,11,0,2,2,0,2,0,0,12.4,1,1,5.903,0
100.00,19,0,1,3,0,1,0,0,44.2,3,1,1.314,0
49.98,14,0,3,3,0,1,0,0,54.3,1,1,6.020,0
20.24,8,0,1,1,0,0,1,0,48.6,2,1,0.536,0
32.31,18,0,2,1,0,1,0,0,174.3,1,1,0.738,0
37.50,20,0,0,1,0,0,0,0,182.6,2,1,0.502,0
21.89,21,0,2,1,0,1,0,0,13.0,2,3,0.559,0
7.90,18,0,3,2,0,1,0,0,9.2,1,1,0.668,0
18.15,11,0,1,2,1,0,0,0,10.8,1,1,0.661,0
104.79,9,0,2,2,0,0,0,0,67.4,1,1,7.055,0
6.08,12,0,4,1,0,0,0,0,276.5,1,1,0.838,0
149.77,8,0,8,6,3,4,1,1,374.9,3,8,1.177,1
8.30,17,0,0,2,0,0,0,0,26.0,1,1,0.801,0
572.13,7,0,6,1,0,4,0,1,340.6,3,5,43.283,0
13.48,8,0,3,1,0,0,0,0,106.9,1,3,0.770,0
39.79,17,0,5,2,0,1,0,0,226.5,1,2,0.456,0
122.70,13,0,6,3,1,1,0,1,287.1,3,5,3.799,0
17.82,12,0,0,0,0,0,0,0,62.5,1,2,0.367,0
6.70,14,0,3,1,0,0,0,0,3.2,1,1,0.895,0
17.92,18,0,0,1,0,0,0,0,109.7,1,3,0.415,0
28.64,18,0,5,5,0,0,0,0,1.9,1,1,0.488,0
42.10,16,0,4,1,0,0,0,0,11.6,1,1,4.598,0
57.43,16,0,1,1,0,0,1,0,21.2,2,1,1.026,0
18.63,16,0,1,1,0,1,0,0,155.7,1,3,0.822,0
14.58,11,0,1,1,0,0,0,0,61.4,2,1,0.128,0
44.92,1,1,9,3,1,1,1,0,93.1,4,4,1.422,0
18.31,8,0,4,4,0,1,0,0,44.3,2,2,0.757,0
127.33,0,1,2,4,0,2,1,0,140.0,2,1,7.188,0
27.57,9,0,2,1,1,1,0,0,7.3,1,1,0.099,0
115.76,11,0,8,1,1,2,0,1,24.3,1,1,28.835,0
16.53,20,0,1,3,0,1,0,0,4.4,2,1,0.315,0
24.02,2,1,6,4,0,3,0,0,682.5,2,3,0.085,0
65.05,18,0,3,3,0,0,0,0,46.3,1,1,2.216,0
57.95,11,0,0,0,0,1,0,0,7.9,1,2,1.059,0
101.28,9,0,2,4,0,1,0,0,3.9,1,1,18.002,0
19.53,20,0,4,3,0,0,0,0,35.4,3,1,0.107,0
9.62,17,0,1,1,0,0,0,0,8.0,1,1,0.597,0
59.00,17,0,3,2,0,0,0,0,7.0,2,1,2.620,0
11.77,9,0,3,1,0,1,0,0,85.3,2,2,0.636,0
36.28,17,0,1,1,0,0,0,0,102.8,1,1,0.506,0
55.15,14,0,6,9,0,0,0,1,126.7,2,3,0.820,0
25.59,14,0,1,4,0,0,0,0,77.1,1,1,0.766,0
20.14,15,0,2,2,0,0,0,0,5.9,1,2,0.450,0
59.63,15,0,3,2,0,1,0,0,25.1,3,2,0.327,0
33.96,12,0,0,1,0,0,0,0,0.8,1,2,0.828,0
30.07,15,0,5,4,0,4,0,1,145.0,2,3,0.303,0
57.70,3,1,11,3,1,2,1,0,865.5,1,4,1.102,1
29.99,18,0,2,1,0,0,0,0,63.6,1,2,2.566,0
46.80,15,0,4,2,0,0,0,0,12.6,1,2,1.833,0
29.69,15,0,4,6,0,1,1,0,65.0,1,5,4.292,0
11.46,10,0,3,1,0,0,0,0,232.1,3,2,0.647,0
89.25,2,1,4,2,0,3,0,0,284.2,1,2,2.696,0
10.34,17,0,1,1,0,0,0,0,49.9,2,1,4.330,0
11.01,9,0,0,2,0,0,0,0,30.6,1,6,0.826,0
381.71,7,0,4,5,0,4,0,0,216.4,3,1,1.369,0
14.11,19,0,2,1,0,0,0,0,76.5,1,3,0.087,0
25.05,15,0,0,0,0,1,0,0,115.1,2,3,0.198,0
27.96,15,0,3,1,0,2,0,0,14.2,1,1,2.594,0
8.60,11,0,4,2,0,0,0,0,68.4,1,3,0.888,0
42.31,19,0,4,2,0,0,0,0,159.4,1,3,0.142,0
198.34,12,0,2,1,0,1,0,0,14.7,1,1,2.928,0
16.15,17,0,2,2,0,0,0,0,39.4,2,1,0.051,0
24.87,13,0,3,3,0,1,0,0,75.9,1,3,4.717,0
39.19,9,0,2,3,0,1,0,0,17.2,1,4,2.138,0
20.00,16,0,1,1,0,1,0,0,20.8,1,3,0.255,0
18.34,12,0,1,1,0,0,1,0,94.9,1,3,1.558,0
9.77,13,0,1,2,0,0,0,0,58.7,1,2,0.516,0
244.93,13,0,1,2,0,0,0,0,11.8,1,2,15.845,0
21.99,13,0,3,3,0,0,0,0,11.0,1,1,0.021,0
20.24,20,0,5,5,0,0,0,0,52.3,1,3,0.757,0
12.30,17,0,4,4,0,0,0,0,81.0,1,1,0.076,0
31.72,2,1,5,3,0,2,0,1,26.7,5,2,0.550,0
210.52,6,0,7,2,0,3,1,1,477.6,5,3,11.805,0
125.76,8,0,2,3,0,0,0,0,44.6,2,3,16.346,0
13.95,16,0,1,1,0,0,0,0,18.8,1,2,0.426,0
7.41,19,0,1,1,0,0,0,0,31.0,1,1,0.595,0
9.84,11,0,2,2,1,0,0,0,32.5,1,2,0.489,0
90.75,16,0,3,1,0,0,0,0,28.2,1,2,4.116,0
4.04,20,0,1,1,0,0,0,0,112.0,2,1,0.599,0
25.76,13,0,1,2,0,0,0,0,58.8,1,3,1.122,0
50.66,8,0,1,1,0,0,1,0,8.8,1,1,0.868,0
15.92,14,0,6,1,0,0,1,0,50.7,1,1,0.494,0
25.97,11,0,10,4,1,2,0,1,1382.7,3,2,0.504,1
108.09,14,0,2,2,0,0,0,0,90.3,1,1,1.789,0
12.99,21,0,4,2,0,0,0,0,34.7,1,1,0.313,0
59.87,10,0,2,1,0,0,0,0,116.4,3,1,0.747,0
6.96,17,0,1,1,0,0,0,0,38.2,1,1,0.545,0
7.15,13,0,3,3,0,0,0,0,4.1,1,1,0.206,0
94.20,10,0,6,3,1,2,0,0,704.6,3,8,15.673,1
15.66,10,0,2,1,0,0,0,0,10.7,1,1,0.738,0
3.08,18,0,1,1,0,1,0,0,35.4,1,1,0.899,0
13.02,9,0,0,1,0,0,0,0,35.8,1,1,0.011,0
160.76,15,0,7,17,1,3,1,1,67.9,5,1,4.861,1
91.49,19,0,2,2,0,0,0,0,40.1,1,1,2.767,0
688.37,10,0,3,5,0,1,0,0,10.0,1,3,39.756,0
27.01,19,0,4,4,0,0,0,0,9.3,1,2,2.335,0
41.08,9,0,7,6,2,3,1,1,164.1,7,3,0.665,1
10.13,9,0,3,2,0,0,0,0,80.1,5,1,0.777,0
50.31,11,0,0,0,0,0,0,0,21.6,3,3,2.573,0
18.18,20,0,2,2,0,0,0,0,22.0,1,1,0.336,0
56.18,13,0,1,1,0,0,0,0,15.7,1,3,9.123,0
125.95,9,0,2,2,0,1,1,0,41.6,1,2,1.633,0
53.35,15,0,0,1,0,0,0,0,3.4,2,2,0.380,0
17.80,9,0,2,1,0,0,0,1,8.6,1,1,1.677,0
37.12,16,0,2,1,0,2,0,0,17.1,1,1,0.755,0
27.23,14,0,3,2,0,0,0,0,271.7,2,1,0.643,0
15.14,18,0,4,1,0,0,0,0,97.2,1,1,0.759,0
71.52,17,0,1,1,1,0,0,0,89.9,1,1,1.545,0
12.76,20,0,2,3,0,0,0,0,106.6,2,1,0.872,0
24.72,11,0,6,4,1,1,0,0,214.4,4,4,4.024,0
7.46,21,0,3,1,0,0,0,0,0.6,1,2,0.615,0
427.80,20,0,6,5,0,2,0,0,14.8,5,2,13.571,0
30.94,15,0,3,2,0,0,0,0,54.8,3,1,0.098,0
28.59,19,0,2,3,0,1,0,0,41.3,1,1,0.660,0
22.72,17,0,1,2,0,0,0,0,0.0,1,1,0.600,0
25.28,16,0,3,3,0,0,0,0,96.0,1,1,0.080,0
66.77,12,0,8,8,0,0,0,0,292.5,3,4,1.349,0
42.36,14,0,1,1,0,0,0,0,171.5,1,2,4.459,0
36.47,17,0,3,3,0,1,0,0,55.6,1,1,0.001,0
16.38,12,0,1,2,0,0,0,0,17.3,3,1,0.267,0
5.28,20,0,2,2,0,0,0,0,23.7,1,1,0.623,0
29.58,18,0,4,1,0,0,1,0,8.8,1,1,0.322,0
10.39,19,0,3,2,0,0,0,0,45.1,1,2,0.369,0
32.62,15,0,1,1,0,0,0,0,48.8,3,3,0.818,0
34.47,9,0,0,1,0,2,0,0,34.4,1,1,0.413,0
7.58,14,0,5,5,0,0,0,0,49.9,1,3,0.817,0
105.29,14,0,5,1,0,0,0,0,47.5,2,5,2.384,0
77.09,8,0,5,5,0,2,1,0,150.4,5,5,1.084,0
30.69,10,0,1,1,0,1,0,0,42.2,1,2,1.314,0
106.31,3,1,6,6,3,2,1,0,213.4,1,4,6.217,1
90.56,21,0,8,7,0,4,1,1,123.3,3,11,7.064,1
29.78,13,0,1,2,0,3,0,0,107.2,1,6,0.579,1
72.70,18,0,4,1,1,1,0,0,2.0,3,1,0.965,0
53.03,10,0,6,2,1,0,0,0,63.9,1,1,0.463,0
162.45,9,0,1,1,0,0,0,0,13.0,1,1,6.584,0
14.92,12,0,2,1,0,0,0,0,14.4,1,2,1.683,0
38.85,12,0,5,5,0,0,0,0,11.5,1,2,2.057,0
29.68,10,0,3,2,0,1,0,0,31.6,1,3,1.629,0
11.15,15,0,2,2,0,0,0,0,6.5,1,1,0.696,0
23.22,9,0,2,2,0,0,0,0,29.6,1,1,0.165,0
31.88,16,0,2,2,0,0,0,0,82.0,1,2,0.038,0
19.61,19,0,1,1,0,2,0,0,31.2,1,1,0.884,0
173.60,16,0,1,1,0,0,0,0,32.3,1,1,8.389,0
74.07,10,0,1,3,0,0,0,0,14.9,1,1,19.238,0
85.93,5,1,8,5,1,5,1,1,1142.7,3,9,0.584,1
72.37,18,0,3,1,0,1,0,0,64.3,1,1,2.440,0
32.36,18,0,4,4,0,0,0,0,76.2,2,4,2.694,0
41.86,21,0,1,3,0,1,0,0,1.2,1,1,0.065,0
16.18,12,0,4,2,0,0,0,0,158.4,1,1,0.849,0
37.84,18,0,1,3,0,0,0,0,152.4,2,1,2.838,0
145.07,16,0,5,2,0,0,1,0,17.2,2,1,4.020,0
48.46,14,0,0,0,0,1,0,0,60.2,3,1,1.438,0
14.30,12,0,5,2,0,0,0,0,41.5,1,5,0.541,0
90.91,16,0,3,4,0,1,0,0,24.2,1,1,3.674,0
27.73,19,0,2,2,0,0,0,0,228.1,2,2,0.040,0
4.90,16,0,4,1,0,0,0,0,73.7,1,1,0.911,0
13.07,20,0,0,1,0,0,0,0,46.1,3,2,0.495,0
12.54,10,0,3,1,0,0,0,0,39.5,3,1,0.497,0
3.94,13,0,3,1,0,0,0,0,44.2,2,1,0.919,0
104.74,11,0,4,1,0,1,0,1,70.3,1,3,10.287,0
33.78,9,0,0,2,0,0,0,0,3.5,4,2,0.187,0
16.49,19,0,1,1,0,0,1,0,57.6,1,3,0.792,0
34.90,9,0,6,6,0,0,0,0,40.8,1,3,0.545,0
123.94,16,0,3,3,0,0,0,0,81.1,2,2,2.618,0
29.39,8,0,2,1,0,1,0,0,35.2,1,2,1.534,0
70.85,15,0,2,2,0,0,0,0,25.4,1,5,3.232,0
30.37,19,0,1,2,0,0,0,0,42.0,1,1,0.441,0
75.15,12,0,4,2,0,1,0,0,34.9,1,2,3.095,0
45.82,13,0,1,1,1,0,0,1,41.7,1,2,0.360,0
31.10,12,0,2,2,0,0,0,0,162.9,1,1,0.502,0
48.54,3,1,11,5,1,5,1,0,55.6,8,7,0.586,1
24.14,20,0,0,1,0,1,0,0,17.0,1,1,0.622,0
36.78,20,0,2,2,0,0,0,0,4.4,1,1,0.341,0
22.63,19,0,1,1,0,1,0,0,27.1,2,1,0.467,0
5.55,14,0,4,1,0,0,0,0,33.7,1,3,0.650,0
7.51,18,0,1,1,0,0,0,0,199.1,1,2,0.858,0
13.23,15,0,1,1,0,1,0,1,52.5,1,1,0.518,0
37.65,19,0,1,1,0,1,0,0,30.4,2,3,0.317,0
13.82,11,0,3,1,0,0,0,0,122.2,1,1,0.681,0
89.46,18,0,6,1,0,0,0,0,30.3,1,1,2.211,0
29.11,15,0,0,4,0,0,0,0,55.4,1,1,0.040,0
10.06,17,0,4,2,0,0,0,0,52.1,1,1,0.423,0
17.86,9,0,2,1,0,0,0,0,5.4,1,3,0.754,0
54.03,16,0,3,3,0,0,0,0,80.7,2,1,1.853,0
15.96,8,0,6,2,0,1,0,0,36.1,1,4,0.179,0
10.46,16,0,5,1,0,1,0,0,7.7,2,1,0.333,0
15.41,18,0,1,1,0,0,0,0,43.4,2,5,0.834,0
76.50,13,0,2,2,0,0,0,0,75.3,1,1,0.789,0
36.26,13,0,4,4,0,0,0,0,9.0,3,1,1.008,0
16.51,13,0,1,1,0,0,0,0,7.7,4,2,0.245,0
36.88,16,0,2,1,0,1,0,0,58.0,1,3,1.111,0
39.65,14,0,0,3,0,0,0,0,29.4,3,2,0.639,0
41.29,18,0,1,1,0,2,0,0,47.9,1,1,0.808,0
15.07,9,0,2,2,0,1,0,0,105.2,2,2,0.725,0
10.70,13,0,2,2,0,0,0,0,198.1,3,2,0.261,0
40.17,17,0,0,1,0,0,0,0,92.4,1,1,0.923,0
5.86,16,0,2,2,0,1,0,0,73.0,1,1,0.370,0
7.56,9,0,1,1,0,0,0,0,11.0,3,1,0.764,0
32.58,11,0,0,0,0,0,0,0,109.8,4,3,0.283,0
61.00,10,0,3,2,0,0,1,0,2.4,2,1,0.232,1
13.49,8,0,3,1,0,1,1,0,40.3,1,2,0.966,0
9.40,10,0,1,1,0,0,0,0,168.5,1,1,0.199,0
14.12,15,0,1,1,0,0,0,0,52.2,3,1,0.566,0
30.76,19,0,1,2,0,0,0,0,14.7,1,1,0.964,0
13.13,12,0,1,1,0,1,0,0,60.6,1,2,0.512,0
6.91,12,0,2,1,0,0,0,0,25.4,1,3,0.643,0
62.66,21,0,4,4,0,3,0,0,24.3,4,2,2.899,0
18.39,21,0,3,5,1,2,0,1,356.8,1,2,0.263,0
6.15,11,0,2,2,0,0,0,0,63.2,1,1,0.913,0
35.91,13,0,6,6,0,0,0,0,13.6,4,1,3.230,0
126.89,9,0,1,1,0,0,0,0,86.2,1,1,26.705,0
6.95,13,0,2,2,0,0,0,0,16.0,1,3,0.805,0
44.08,2,1,9,5,0,0,0,0,563.4,3,2,1.454,0
109.76,6,0,8,3,1,1,1,1,803.1,1,3,1.561,1
34.82,17,0,2,2,0,0,0,0,9.8,2,3,0.779,0
17.90,19,0,4,1,0,0,0,0,31.1,1,1,0.194,0
15.34,19,0,1,1,0,0,0,0,182.5,1,2,0.323,0
19.29,12,0,3,3,0,1,0,0,20.8,6,1,8.364,0
86.12,12,0,0,1,0,0,0,0,75.4,1,1,1.365,0
42.65,20,0,1,1,0,0,0,0,20.4,1,1,0.370,0
196.69,18,0,2,2,0,0,0,0,9.0,1,1,4.852,0
11.36,18,0,2,2,0,1,0,0,62.7,3,1,0.727,0
51.99,13,0,2,2,0,0,0,0,26.6,2,1,5.548,0
36.97,13,0,0,0,0,0,0,0,10.0,2,1,6.883,0
28.39,14,0,2,2,0,0,0,0,13.3,1,1,0.390,0
23.38,13,0,0,1,0,0,0,0,80.5,3,1,0.689,0
19.23,15,0,3,1,0,0,0,0,14.2,1,1,0.338,0
88.85,8,0,2,1,0,0,1,0,105.8,1,1,12.586,0
51.36,11,0,1,1,0,2,0,0,41.4,1,1,6.264,0
95.66,16,0,0,0,0,1,0,0,8.5,3,1,1.881,0
213.27,16,0,2,3,0,0,0,0,20.7,1,3,17.497,0
29.16,21,0,2,2,0,0,0,0,22.4,2,1,0.208,0
13.10,14,0,6,6,0,0,0,0,36.4,2,1,0.342,0
8.58,9,0,3,3,0,0,0,0,0.0,2,1,0.589,0
80.56,15,0,6,6,0,0,0,0,7.2,1,1,9.886,0
16.95,17,0,1,1,0,0,0,0,115.3,1,1,0.819,0
33.42,17,0,4,4,0,1,0,0,147.2,1,2,0.265,0
35.93,12,0,2,2,0,1,0,0,113.0,1,2,0.591,0
28.74,16,0,1,3,0,0,0,0,8.4,3,1,1.151,0
60.07,18,0,1,1,0,0,1,0,17.1,2,1,3.446,0
7.77,14,0,1,3,0,0,0,0,34.9,2,2,0.768,0
38.72,21,0,1,1,0,0,0,0,17.6,1,1,0.308,0
79.87,19,0,2,1,0,0,0,0,14.5,1,1,1.062,0
71.19,11,0,2,1,0,0,0,0,0.5,2,1,0.707,0
19.24,9,0,1,1,0,0,0,0,18.5,1,1,0.103,0
10.78,11,0,3,3,0,0,0,0,113.9,3,2,0.834,0
60.20,17,0,2,2,1,1,0,0,7.9,1,1,0.429,0
21.70,15,0,1,1,0,0,0,1,13.6,1,3,0.656,0
23.13,18,0,1,4,0,0,0,0,14.1,3,2,0.397,0
15.43,16,0,2,2,0,0,0,0,33.9,1,4,0.062,0
931.65,2,1,6,4,3,4,1,1,324.6,2,4,37.371,1
20.26,19,0,0,0,0,0,0,0,137.9,1,3,0.360,0
11.67,14,0,4,2,0,0,0,0,68.9,1,1,0.699,0
29.62,15,0,1,2,1,0,0,0,24.6,1,1,5.425,0
53.38,11,0,0,0,0,0,0,0,5.2,1,4,0.569,0
27.76,18,0,2,2,0,1,0,0,70.9,1,1,2.501,0
22.70,13,0,2,2,0,0,0,0,27.6,1,3,0.439,0
2.58,16,0,0,0,0,1,0,0,66.4,1,1,0.966,0
51.22,17,0,4,4,0,0,0,1,60.1,1,1,1.537,0
33.29,15,0,4,4,0,0,0,0,77.8,1,1,0.667,0
34.11,14,0,4,4,0,0,0,0,87.0,3,4,0.428,0
120.81,9,0,1,2,0,0,0,0,18.2,2,1,2.338,0
12.31,10,0,5,5,1,0,0,0,27.3,1,1,0.595,0
8.39,17,0,1,3,0,1,0,1,2.3,2,2,0.883,0
23.73,11,0,4,4,0,0,0,0,65.8,1,1,0.405,0
23.43,15,0,1,2,0,0,0,1,7.3,1,1,0.406,0
20.38,17,0,2,1,0,1,0,0,20.3,2,1,0.630,0
59.08,18,0,3,3,0,0,0,0,10.1,1,4,0.444,0
19.78,14,0,0,3,0,0,1,0,90.3,1,1,0.920,0
91.08,11,0,1,1,0,0,0,0,1.7,2,2,0.305,0
23.37,4,1,8,2,1,3,0,0,595.1,3,3,0.233,0
17.09,12,0,3,3,0,0,0,0,95.5,1,1,0.189,0
20.19,10,0,3,3,0,1,0,0,11.8,1,1,0.072,0
37.68,13,0,0,1,0,2,0,0,33.4,1,1,0.571,0
25.91,14,0,4,2,0,0,0,0,1.0,1,1,0.370,0
28.81,18,0,1,1,0,0,0,0,18.8,1,3,0.146,0
23.95,18,0,2,2,0,0,0,0,49.4,1,2,2.402,0
22.56,2,1,6,4,1,2,0,0,254.3,2,1,0.583,0
54.21,17,0,2,1,0,0,0,0,25.7,2,1,5.523,0
6.80,10,0,2,1,1,0,0,0,1.3,1,1,0.896,0
96.74,17,0,3,3,0,0,0,0,222.1,1,7,0.872,0
16.70,11,0,2,2,0,0,0,1,19.1,2,2,0.576,0
57.92,18,0,5,2,0,0,0,0,29.6,1,1,0.072,0
10.96,13,0,1,1,0,0,0,0,29.3,1,2,0.375,0
40.06,20,0,0,2,0,1,0,0,19.2,1,1,0.131,0
16.62,20,0,3,1,0,0,0,0,107.5,1,2,0.387,0
59.92,19,0,2,2,0,1,0,0,10.9,1,1,3.468,0
41.20,14,0,1,1,0,0,0,0,38.0,1,1,0.540,0
10.39,12,0,4,2,0,0,0,0,85.7,2,1,0.933,0
30.16,20,0,1,1,0,0,0,1,7.3,1,1,0.514,0
95.90,13,0,3,1,0,4,0,0,111.9,1,1,0.568,0
47.06,21,0,6,8,0,0,1,0,161.4,3,4,1.509,0
6.52,13,0,2,1,0,0,0,0,18.8,3,3,0.649,0
10.38,20,0,0,0,0,0,0,0,62.3,1,1,0.446,0
79.33,13,0,1,1,0,0,0,0,40.0,1,2,0.171,0
70.33,16,0,1,2,0,0,0,0,35.2,1,1,2.627,0
22.98,17,0,4,4,0,1,0,0,45.5,1,1,1.678,0
84.92,17,0,0,0,0,0,0,0,27.2,2,2,1.254,0
7.16,16,0,0,0,0,0,0,1,53.6,3,1,0.365,0
66.14,9,0,2,2,0,0,0,0,23.4,2,1,1.606,0
161.01,19,0,2,1,0,2,0,0,6.7,1,3,13.062,0
32.58,18,0,1,1,0,0,0,0,9.7,1,1,0.201,0
100.12,20,0,3,6,0,3,0,0,10.0,2,1,5.962,0
15.26,12,0,2,1,0,0,0,0,18.1,1,3,0.007,0
432.41,4,1,5,3,1,1,1,0,174.6,3,5,1.768,0
91.16,21,0,5,3,0,0,1,0,75.2,2,4,4.518,0
20.44,14,0,3,3,0,1,0,0,34.5,1,1,0.680,0
21.01,11,0,1,1,0,0,0,0,62.0,1,2,4.969,0
65.41,19,0,3,3,0,1,0,1,29.0,2,2,0.961,0
8.25,19,0,2,2,0,1,0,0,19.4,2,5,0.902,0
65.00,8,0,3,5,0,2,1,0,551.2,4,1,0.639,0
19.90,16,0,3,3,0,1,0,0,3.4,1,1,0.630,0
197.62,8,0,3,1,0,0,0,0,33.5,1,2,3.984,0
27.46,12,0,1,2,0,2,1,0,76.2,2,2,0.342,0
14.15,17,0,2,2,1,0,0,0,7.5,1,1,0.755,0
18.12,19,0,3,1,0,0,0,1,43.1,2,1,0.884,0
12.80,17,0,2,2,0,0,0,0,18.6,2,2,0.331,0
195.16,2,1,6,5,0,0,0,0,187.8,3,3,2.250,0
35.14,12,0,4,2,0,0,0,0,18.0,1,4,0.031,0
5.00,10,0,2,1,0,0,0,0,52.3,1,2,0.709,0
2.52,15,0,3,3,0,1,0,0,22.8,1,1,0.916,0
14.55,8,0,3,3,0,1,1,0,106.6,1,1,0.286,0
40.94,19,0,0,1,0,0,0,0,140.0,1,3,4.925,0
7.16,18,0,2,2,0,0,0,0,6.2,3,1,0.681,0
42.25,14,0,1,1,0,0,0,0,26.3,1,1,8.602,0
13.62,10,0,1,2,0,1,0,0,67.6,1,1,0.134,0
233.77,10,0,5,3,0,8,0,0,47.7,3,2,21.370,0
41.53,14,0,2,1,0,1,0,0,25.1,3,1,2.556,0
35.34,14,0,2,1,0,1,0,0,96.4,3,1,0.469,0
19.50,13,0,0,2,0,1,0,0,55.6,1,3,0.744,0
112.58,2,1,3,4,1,0,0,0,289.7,1,1,0.664,0
111.48,0,1,1,4,0,2,0,0,66.5,1,4,0.808,0
22.00,16,0,3,3,0,1,0,0,4.9,2,1,0.395,0
34.32,10,0,4,2,0,2,0,0,8.8,1,2,0.071,1
49.90,16,0,2,2,0,1,0,0,62.9,1,3,0.208,0
28.00,15,0,1,1,0,0,0,0,9.8,2,1,2.060,0
76.09,9,0,11,5,0,0,0,0,55.8,3,6,19.345,0
120.00,10,0,3,3,0,0,0,0,85.6,2,1,12.825,0
9.09,12,0,4,4,0,0,0,0,12.3,2,1,0.709,0
28.60,12,0,2,2,0,0,0,0,111.8,1,3,0.666,0
20.87,17,0,4,4,0,0,0,0,175.7,1,1,0.535,0
24.82,17,0,4,4,0,0,0,0,209.5,1,2,0.833,0
9.74,12,0,1,1,1,0,0,0,91.2,2,4,0.467,0
23.20,15,0,0,2,0,0,0,0,23.7,1,1,0.415,0
27.71,11,0,3,1,1,0,0,0,31.6,1,1,0.277,0
49.39,11,0,1,2,0,1,0,1,42.3,1,1,3.959,0
57.01,20,0,4,3,0,0,0,1,25.8,1,2,3.650,0
49.12,15,0,4,1,0,0,0,0,22.5,1,1,0.154,0
20.24,9,0,0,0,0,0,0,0,74.4,2,2,2.280,0
34.27,21,0,6,4,0,0,1,0,30.0,2,1,1.939,0
41.46,11,0,3,1,0,1,0,0,157.1,2,1,1.132,0
4.96,8,0,1,1,0,1,0,0,0.0,1,1,0.820,0
27.58,20,0,0,0,0,0,0,0,109.6,1,1,0.277,0
11.48,1,1,5,3,0,1,0,1,1300.0,1,4,0.875,0
32.69,13,0,1,2,0,1,0,0,35.4,1,1,0.175,0
28.18,16,0,1,1,0,0,0,0,55.1,1,1,0.167,0
84.51,12,0,2,1,0,0,0,0,120.1,1,1,6.096,0
11.16,20,0,4,1,0,0,0,0,45.5,1,2,0.724,0
21.22,16,0,4,1,0,1,0,0,24.2,1,2,0.240,0
28.19,13,0,3,1,0,0,0,0,25.7,1,2,0.477,0
62.79,20,0,2,2,0,0,0,0,3.7,1,2,0.239,0
13.50,14,0,3,3,0,1,0,0,92.3,2,1,0.860,0
7.56,12,0,3,1,0,0,0,0,10.3,3,2,0.702,0
23.63,15,0,0,2,0,0,0,0,48.7,1,1,0.735,0
22.45,18,0,4,1,0,2,1,0,12.1,3,1,0.204,0
13.48,17,0,1,2,0,1,0,1,9.7,1,2,1.446,0
33.47,15,0,2,1,0,0,0,0,49.6,1,2,0.614,0
16.69,12,0,4,1,0,0,0,0,11.5,1,2,0.700,0
9.80,20,0,3,3,0,0,0,0,67.5,2,4,0.581,0
26.50,9,0,4,4,0,0,0,0,16.5,2,3,0.478,0
11.20,17,0,2,2,0,0,0,0,16.3,1,3,0.642,0
49.06,15,0,2,2,0,0,0,0,38.4,2,4,0.209,0
38.74,17,0,4,4,0,0,0,0,17.8,2,2,0.767,0
36.92,12,0,5,4,0,0,0,0,70.0,1,2,1.290,0
27.80,10,0,0,1,0,0,0,0,171.8,1,2,0.275,0
41.32,9,0,3,3,0,0,0,0,53.7,2,1,0.694,0
18.23,13,0,4,4,0,0,0,1,31.2,4,1,0.354,0
328.76,3,1,8,7,3,8,0,1,411.9,1,5,17.916,1
57.81,10,0,1,1,0,0,0,0,31.4,1,2,0.425,0
60.16,18,0,0,0,0,0,1,0,135.3,1,1,0.222,0
27.10,18,0,3,1,0,0,1,0,11.6,1,1,4.232,0
266.72,18,0,8,3,1,1,0,1,76.6,3,1,2.989,0
5.88,14,0,2,1,0,0,0,0,0.9,1,2,0.747,0
45.01,10,0,4,5,0,6,0,0,299.8,4,2,0.466,0
28.57,8,0,2,4,0,1,0,0,21.0,1,1,2.455,0
10.93,17,0,1,2,0,0,0,0,47.8,4,1,0.758,0
39.22,18,0,6,1,1,0,0,0,51.2,1,1,2.066,0
24.12,15,0,2,2,0,0,0,0,28.3,4,1,0.246,0
31.61,15,0,3,3,0,0,0,0,17.9,1,1,0.780,0
20.92,10,0,2,2,0,0,0,0,14.8,2,3,0.557,0
2.94,20,0,1,3,0,0,0,0,58.2,1,2,0.631,0
159.12,8,0,3,4,0,0,0,0,175.9,3,1,6.912,0
72.70,18,0,0,1,0,1,1,0,250.0,2,2,0.522,0
296.54,12,0,10,1,0,2,1,0,226.1,3,4,16.181,0
16.27,15,0,2,1,0,0,1,0,21.4,2,1,0.822,0
89.50,16,0,1,1,0,1,0,0,37.4,1,3,7.136,0
31.73,16,0,3,3,0,0,0,0,63.0,2,3,0.128,0
13.53,18,0,4,1,0,1,0,0,12.0,1,1,0.746,0
26.88,8,0,2,2,0,0,0,0,0.2,1,1,0.074,0
2.29,12,0,5,3,0,0,0,0,15.1,2,2,0.952,0
113.24,12,0,2,2,0,0,0,0,28.9,1,1,3.687,0
101.13,11,0,8,10,0,3,1,1,566.9,8,3,0.284,1
6.65,15,0,2,2,0,0,0,0,14.5,1,1,0.716,0
7.14,10,0,1,1,0,0,0,0,85.5,2,1,0.885,0
21.89,10,0,3,1,0,0,0,0,88.9,1,4,0.839,0
13.78,10,0,2,2,0,1,0,0,113.0,1,1,0.486,0
9.61,10,0,4,3,0,0,0,0,10.3,1,2,0.627,0
19.38,16,0,2,2,0,1,0,0,12.1,2,2,0.869,0
16.33,18,0,3,3,0,0,0,0,105.0,1,1,0.621,0
143.68,4,1,11,8,3,3,1,1,644.9,4,4,17.563,1
278.59,8,0,5,3,0,2,0,0,157.1,5,3,19.028,0
32.48,18,0,1,1,0,0,0,0,12.1,2,2,0.592,0
45.00,21,0,2,1,1,0,0,0,104.6,2,1,1.251,0
25.01,18,0,0,0,0,0,0,0,49.8,2,1,0.556,0
6.72,11,0,5,3,0,0,0,0,36.4,1,1,0.855,0
16.70,15,0,4,2,0,1,0,0,57.6,2,1,0.732,0
39.65,15,0,5,2,0,2,0,1,90.1,4,4,7.010,0
3.46,16,0,1,4,0,0,0,0,32.1,1,2,0.946,0
31.17,10,0,1,2,0,0,0,0,20.3,1,2,0.537,0
19.39,12,0,5,1,0,0,0,0,3.0,1,1,0.104,0
19.92,14,0,2,1,0,0,0,0,59.7,2,4,0.722,0
227.33,15,0,4,2,0,0,0,0,4.3,2,6,5.876,0
9.97,19,0,3,1,0,0,0,0,6.7,1,2,0.864,0
29.14,20,0,3,4,0,1,0,0,50.6,1,3,0.738,0
11.39,17,0,2,3,1,0,0,0,2.5,2,1,0.394,0
12.12,11,0,4,4,0,0,0,0,2.7,1,3,0.066,0
16.27,17,0,1,1,0,0,0,0,130.2,3,3,0.070,0
23.90,17,0,1,1,0,1,0,0,105.2,1,1,0.118,0
5.94,9,0,0,0,0,0,0,0,27.1,1,1,0.659,0
8.16,21,0,1,1,0,0,0,0,20.5,2,1,0.544,0
10.93,19,0,2,2,0,1,0,0,11.4,1,2,2.003,0
68.27,14,0,1,1,0,0,1,0,13.9,1,1,5.392,0
45.23,19,0,4,2,0,0,1,0,5.0,1,3,7.391,0
59.08,11,0,3,1,0,0,0,0,200.0,3,1,5.387,0
20.58,17,0,1,1,0,1,0,0,12.8,1,1,0.776,0
126.12,8,0,2,1,0,0,1,0,206.7,2,3,69.458,0
33.06,8,0,0,1,1,0,0,0,10.8,1,2,0.138,0
12.23,11,0,5,2,0,0,0,0,33.1,1,3,0.731,0
250.88,4,1,6,5,1,3,1,1,312.3,2,5,7.234,1
22.51,19,0,4,1,0,0,0,0,4.4,1,1,2.672,0
10.12,20,0,2,1,0,1,0,0,148.3,1,1,0.033,0
181.23,16,0,6,3,0,3,0,0,559.0,3,3,30.851,0
18.43,8,0,0,2,0,1,0,0,16.3,1,3,0.048,0
34.91,17,0,2,2,0,0,0,0,110.0,2,2,0.447,0
3.58,16,0,0,1,1,2,0,0,34.9,1,1,0.864,0
6.70,20,0,1,2,0,0,1,0,51.0,1,3,0.804,0
15.79,11,0,1,3,0,1,0,0,81.5,1,1,0.406,0
15.16,9,0,1,2,0,1,0,0,5.0,2,1,0.456,0
33.35,16,0,2,2,0,0,0,0,5.0,1,2,0.621,0
16.90,14,0,2,2,0,0,0,0,71.2,1,3,0.453,0
37.88,14,0,3,3,0,2,0,0,8.9,1,1,1.927,0
62.86,15,0,3,3,0,0,0,0,11.8,2,1,5.534,0
19.35,15,0,0,2,0,2,0,0,75.4,1,1,0.195,0
42.51,11,0,1,1,0,1,0,0,2.3,1,1,0.351,0
18.09,19,0,1,1,0,0,0,0,78.7,3,1,0.641,0
34.95,16,0,2,2,0,0,0,0,25.1,1,1,4.720,0
62.36,20,0,3,3,0,1,0,0,3.9,1,3,0.867,0
43.72,21,0,2,2,0,0,0,0,67.2,1,1,1.377,0
26.61,14,0,2,1,0,1,0,0,28.7,2,1,0.586,0
186.02,10,0,2,4,0,1,0,0,162.1,2,1,26.038,0
34.97,11,0,5,1,0,2,0,0,23.5,1,3,0.593,0
127.84,8,0,2,2,0,0,0,0,21.7,3,1,2.596,0
90.36,14,0,2,2,0,0,0,0,129.7,2,1,11.781,0
30.75,16,0,2,1,0,0,0,0,6.0,1,3,0.360,0
92.49,12,0,3,6,0,5,1,0,1645.0,2,2,3.133,0
20.53,17,0,1,1,0,0,0,0,17.3,1,1,0.939,0
21.54,8,0,2,2,0,0,0,0,26.2,1,2,1.391,0
17.71,17,0,3,1,0,1,0,0,13.5,1,1,0.237,0
11.86,17,0,1,1,0,1,0,0,18.9,1,1,0.554,0
57.15,8,0,5,1,0,0,0,0,176.8,3,1,0.291,0
12.02,8,0,7,8,0,1,0,0,532.5,2,1,0.606,0
66.11,18,0,0,1,0,1,0,0,38.3,2,1,0.260,0
60.51,14,0,3,3,0,0,0,0,25.9,1,2,0.201,0
10.05,19,0,1,2,0,1,0,0,4.9,1,2,0.675,0
92.49,13,0,2,5,0,0,0,1,114.6,2,7,17.761,0
27.58,15,0,0,0,0,1,0,0,22.8,2,1,0.152,0
31.74,10,0,0,1,0,0,0,0,13.4,1,2,10.458,0
14.05,10,0,3,1,0,0,0,0,37.2,1,3,0.953,0
24.35,14,0,4,4,0,0,0,0,5.3,2,1,0.902,0
67.08,15,0,1,1,0,0,0,0,21.0,2,3,1.536,0
21.44,16,0,0,2,0,0,0,1,4.0,1,1,0.017,0
20.19,16,0,2,1,0,0,0,0,74.6,1,1,0.705,0
42.27,18,0,5,1,0,2,0,0,91.4,1,1,0.736,0
41.43,19,0,3,3,0,1,0,0,26.6,2,1,0.434,0
15.71,16,0,1,1,0,0,0,0,8.7,1,1,0.481,0
29.74,11,0,1,1,0,0,0,0,38.9,1,1,0.441,0
10.77,12,0,2,2,0,0,0,0,31.3,4,1,0.418,0
38.44,15,0,2,2,0,0,0,0,91.6,2,2,0.561,0
31.39,13,0,3,2,0,0,0,0,15.4,1,1,0.737,0
53.77,11,0,1,1,0,0,0,0,61.0,2,3,0.331,0
13.41,9,0,2,1,0,0,1,0,10.5,2,2,0.405,0
6.87,19,0,6,1,0,1,0,0,73.2,2,1,0.823,0
57.58,19,0,6,2,0,2,1,0,156.9,2,2,4.505,0
47.74,20,0,2,2,0,1,0,0,16.9,1,1,2.952,0
8.35,20,0,2,2,0,0,0,0,83.8,1,4,0.706,0
17.03,9,0,2,2,0,0,0,0,67.8,3,1,0.580,0
6.99,15,0,3,2,0,1,0,0,196.5,1,1,0.202,0
41.40,19,0,0,1,0,1,0,0,19.5,1,1,5.710,0
102.58,11,0,1,1,0,0,0,0,4.6,1,1,3.852,0
82.42,15,0,3,3,0,0,0,0,206.5,3,1,2.407,0
20.46,16,0,2,2,0,0,0,0,0.4,1,1,0.514,0
79.22,18,0,0,2,1,0,1,0,5.9,2,3,10.350,0
9.97,12,0,3,3,0,1,0,0,3.4,1,1,0.188,0
25.01,12,0,2,2,0,0,0,0,136.0,1,1,0.190,0
12.90,15,0,6,4,0,0,0,0,18.3,4,1,0.176,0
12.01,10,0,2,2,1,1,0,0,31.8,1,3,0.093,0
25.09,20,0,0,0,1,0,0,0,5.2,1,1,0.168,0
23.85,8,0,4,4,0,0,0,0,3.7,1,1,0.754,0
3.18,19,0,2,2,0,1,0,0,3.6,2,1,0.976,0
21.03,14,0,2,2,0,0,0,0,6.4,1,2,0.702,0
11.89,8,0,3,2,0,0,0,0,68.9,2,2,0.475,0
17.37,14,0,2,3,0,1,1,0,38.8,3,1,0.284,0
14.68,17,0,1,1,0,0,0,0,22.3,1,1,2.625,0
27.46,16,0,1,2,0,1,0,0,26.3,1,1,0.808,0
72.70,20,0,2,1,1,0,0,0,5.7,3,2,0.262,0
13.16,18,0,1,1,0,0,0,0,8.6,1,2,0.431,0
21.56,20,0,5,1,0,0,0,1,71.4,1,3,1.311,0
45.82,12,0,2,2,0,0,0,0,30.3,1,1,1.490,0
6.28,9,0,1,1,0,0,0,0,12.2,1,3,0.637,0
110.22,17,0,1,1,0,0,0,0,51.4,1,1,5.196,0
40.22,13,0,2,1,0,0,0,0,90.5,1,4,0.389,0
13.39,20,0,1,1,0,0,0,0,12.5,3,2,0.744,0
38.13,8,0,6,3,0,2,0,1,197.2,1,3,0.788,0
6.17,13,0,4,2,0,0,0,0,13.0,1,3,0.946,0
55.20,9,0,5,1,1,2,0,0,25.5,2,3,6.709,0
17.90,14,0,0,1,0,0,0,0,61.3,2,1,1.084,0
35.97,10,0,3,3,0,0,0,0,38.2,2,4,0.257,0
498.85,8,0,1,1,0,2,0,0,32.4,3,1,16.327,0
55.11,12,0,1,1,0,0,0,0,5.6,1,2,1.117,0
37.33,20,0,1,1,0,1,0,0,4.8,1,2,0.375,0
14.74,8,0,4,1,0,0,0,0,21.9,1,1,0.132,0
38.78,16,0,3,1,0,0,0,0,42.8,2,1,0.277,0
133.13,19,0,1,4,0,0,0,0,5.4,2,2,10.587,0
21.25,8,0,0,0,0,0,0,0,91.6,3,1,0.907,0
35.81,19,0,1,1,0,0,0,0,31.9,2,2,1.426,0
30.07,16,0,0,2,0,0,0,0,47.2,1,3,0.115,0
8.99,11,0,1,1,0,1,0,0,102.2,3,1,0.652,0
26.74,16,0,3,3,0,0,0,1,52.7,2,2,1.059,0
46.33,8,0,3,3,0,2,0,0,148.5,1,1,0.037,0
5.83,11,0,4,4,0,0,0,0,48.3,1,2,0.567,0
39.18,13,0,5,5,0,0,0,0,89.4,3,1,2.891,0
39.54,8,0,2,1,0,0,0,0,211.4,1,3,0.126,0
58.00,20,0,1,1,0,0,1,0,78.2,3,1,1.210,0
50.83,20,0,3,1,0,1,0,0,86.7,2,1,5.229,0
36.02,20,0,0,2,0,2,0,0,13.3,1,2,2.963,0
50.07,9,0,4,1,1,0,0,0,17.1,1,1,2.347,0
27.41,17,0,3,3,0,0,0,0,9.4,1,1,0.424,0
20.83,14,0,2,2,0,0,0,0,1.2,2,2,2.137,0
48.68,20,0,7,4,1,2,0,1,255.9,3,5,0.579,1
11.61,12,0,5,5,0,0,0,0,18.4,1,1,0.543,0
67.37,10,0,3,1,0,0,0,0,2.5,2,4,0.560,0
60.62,20,0,3,3,0,0,0,0,99.4,1,1,0.270,0
16.36,19,0,3,4,0,4,1,1,80.1,2,1,0.173,0
38.12,20,0,3,3,1,1,0,0,126.4,2,1,0.379,1
23.17,10,0,1,1,0,0,0,0,84.0,2,2,0.627,0
83.79,16,0,3,2,0,0,0,0,27.8,4,1,4.608,0
26.98,10,0,4,3,0,1,0,0,38.4,1,1,3.394,0
30.17,9,0,3,1,0,0,0,0,68.7,1,1,0.391,0
39.19,13,0,2,4,1,0,0,0,16.1,1,1,0.036,0
20.15,16,0,2,1,0,0,0,0,19.0,1,1,1.141,0
180.91,17,0,2,2,0,1,0,0,14.0,2,1,3.582,0
48.42,9,0,3,2,0,0,0,0,22.3,1,1,3.665,0
15.04,17,0,3,4,0,0,0,0,142.1,1,1,0.251,0
213.88,11,0,5,1,0,0,0,0,41.9,1,1,8.766,0
72.35,12,0,3,1,0,0,0,0,53.1,1,1,3.261,0
156.10,16,0,4,1,0,1,0,0,1.3,1,2,6.057,0
22.50,13,0,1,1,0,0,0,1,2.1,1,1,0.734,0
45.90,17,0,1,1,0,0,0,0,58.9,2,1,0.564,0
24.63,14,0,3,3,0,0,1,1,56.4,1,2,0.394,0
29.24,8,0,1,1,0,0,0,0,12.0,1,2,0.338,0
30.06,11,0,1,1,0,1,0,0,13.1,2,1,0.558,0
9.36,16,0,1,3,0,0,0,0,132.0,1,3,0.915,0
32.87,20,0,4,4,0,0,0,0,46.5,1,4,0.792,0
16.40,12,0,1,1,1,0,0,0,60.9,1,2,0.642,0
13.90,12,0,2,1,0,0,0,0,136.3,1,4,0.517,0
59.71,12,0,1,5,0,0,0,0,11.2,2,2,0.762,0
235.01,12,0,0,1,0,0,0,0,42.1,1,2,7.340,0
8.04,17,0,3,1,0,0,0,0,87.8,1,4,0.431,0
33.18,17,0,2,1,0,2,1,0,42.3,1,1,1.295,0
714.04,1,1,7,6,2,4,0,1,334.8,2,7,15.711,1
22.87,13,0,1,1,0,0,0,0,127.6,1,1,0.633,0
12.06,20,0,1,1,0,0,0,0,66.8,1,2,0.348,0
14.08,8,0,1,1,0,0,0,1,72.7,1,1,0.541,0
27.53,20,0,3,3,0,1,1,0,5.8,1,1,0.931,0
33.93,17,0,2,2,0,1,0,0,27.9,1,1,0.001,0
12.89,19,0,0,0,0,0,0,0,27.6,3,1,0.530,0
376.82,23,1,3,4,0,0,0,1,160.8,1,1,21.443,0
214.13,14,0,1,1,0,0,0,0,72.7,1,2,4.410,0
27.32,16,0,0,2,0,1,0,0,47.7,1,3,0.932,0
6.84,8,0,0,0,0,0,0,0,46.3,1,2,0.833,0
43.38,19,0,3,3,0,0,0,0,12.1,1,1,0.818,0
20.85,9,0,3,2,0,1,0,0,4.5,1,1,0.636,0
36.79,13,0,1,1,0,0,0,0,26.6,1,2,0.169,0
21.89,20,0,1,3,0,0,0,0,69.4,2,1,0.516,0
22.49,15,0,1,1,0,0,0,0,44.2,1,3,0.466,0
34.07,9,0,1,1,1,0,0,0,71.6,2,1,0.471,0
7.95,21,0,2,1,0,0,0,0,35.7,1,4,0.260,0
87.37,19,0,2,2,0,0,0,0,2.5,1,1,0.342,0
87.23,15,0,9,4,1,6,1,0,447.2,2,5,2.338,1
94.77,17,0,5,2,0,2,0,1,76.9,3,1,3.254,0
23.31,8,0,1,1,0,0,0,0,76.0,1,1,0.108,0
5.93,15,0,0,1,0,0,0,0,39.6,1,1,0.894,0
10.84,13,0,1,1,0,0,0,0,4.8,3,3,0.432,0
105.52,18,0,2,2,0,2,0,1,136.2,1,1,3.158,0
11.59,13,0,5,5,0,0,0,0,11.6,2,3,0.080,0
71.07,23,1,7,5,0,2,1,1,219.6,3,6,0.030,1
29.90,12,0,0,5,0,0,0,0,11.2,2,1,2.858,0
42.85,15,0,1,1,0,1,0,0,29.9,1,2,0.015,0
317.26,7,0,7,3,0,3,1,1,458.1,2,5,3.541,0
64.22,20,0,2,2,0,2,0,0,89.0,1,1,0.756,0
29.01,9,0,1,1,0,0,0,0,44.4,1,3,5.307,0
6.37,14,0,0,2,0,0,0,1,33.6,2,5,0.222,0
16.43,11,0,2,1,0,0,0,0,44.0,2,1,6.571,0
13.74,9,0,1,1,0,1,0,0,21.5,1,2,0.524,0
63.38,20,0,1,2,0,0,0,0,55.5,1,1,0.636,0
65.21,20,0,2,2,0,1,0,0,34.6,1,1,0.863,0
23.80,11,0,4,4,0,0,0,0,47.6,3,2,0.309,0
130.01,7,0,6,3,0,2,0,1,172.4,4,3,5.095,0
2.02,13,0,0,1,0,0,0,0,43.4,1,5,0.928,0
9.22,21,0,3,1,0,0,0,0,20.5,1,1,0.445,0
35.22,11,0,0,1,0,1,0,0,53.7,1,1,0.133,0
22.08,19,0,2,2,0,0,0,0,27.2,3,1,0.285,0
30.68,11,0,3,1,0,0,0,0,40.6,2,3,0.256,0
23.19,14,0,3,2,0,1,1,0,66.6,1,1,0.203,0
97.70,17,0,3,4,0,0,0,0,122.5,4,2,12.858,0
29.24,21,0,3,1,0,0,0,0,39.9,1,3,0.613,0
46.93,19,0,2,2,0,1,0,0,67.7,1,1,1.504,0
25.82,21,0,0,0,0,1,0,0,4.2,1,1,1.035,0
74.82,10,0,1,1,0,0,0,0,5.6,1,1,0.516,0
128.58,18,0,4,5,0,1,0,1,276.1,2,2,2.336,0
19.77,16,0,1,1,0,0,0,0,65.6,1,4,0.540,0
130.15,9,0,3,1,0,0,0,0,62.7,1,2,45.482,0
46.56,12,0,3,2,0,0,0,0,28.1,1,3,1.333,0
40.59,18,0,0,0,0,0,0,0,48.4,2,1,0.633,0
121.05,12,0,1,4,1,0,0,0,101.7,3,1,8.304,0
4.93,16,0,2,2,0,0,1,0,68.5,1,1,0.842,0
37.77,19,0,4,4,0,0,0,0,8.3,1,2,0.168,0
30.43,11,0,2,2,0,1,0,0,60.0,1,2,0.229,0
93.24,13,0,0,1,0,0,0,0,0.2,1,1,1.121,0
39.90,15,0,1,1,0,2,0,0,8.2,1,1,4.363,0
15.63,12,0,4,1,0,1,0,0,16.3,2,2,0.710,0
31.25,19,0,3,3,1,1,0,0,3.6,1,1,0.258,0
30.30,12,0,1,1,0,1,0,0,68.8,1,1,0.469,0
31.80,20,0,4,4,0,0,0,0,15.1,1,4,0.530,0
14.08,10,0,3,2,0,1,0,0,2.8,1,1,0.061,0
12.59,21,0,2,2,0,0,0,0,26.8,3,3,0.492,0
13.43,21,0,1,1,0,0,0,0,12.3,1,4,0.791,0
17.84,11,0,2,2,0,0,0,0,37.2,1,1,0.405,0
5.59,12,0,6,6,0,0,0,0,50.9,2,3,0.944,0
22.94,9,0,2,2,0,0,0,1,6.9,2,2,0.046,0
34.26,14,0,1,1,0,1,0,0,79.2,4,2,0.800,0
18.37,17,0,1,1,0,0,0,0,7.8,1,2,0.101,0
138.26,16,0,2,1,0,1,0,0,23.8,1,1,7.636,0
7.87,18,0,1,2,0,1,1,0,0.8,1,4,0.642,0
15.09,13,0,2,1,0,1,0,0,3.8,2,1,0.546,0
26.02,19,0,1,2,0,0,0,0,20.4,1,2,1.124,0
74.01,10,0,1,1,0,0,0,0,8.0,1,1,5.504,0
5.56,15,0,2,2,0,0,0,0,27.6,3,1,0.897,0
26.18,6,0,2,4,0,3,0,0,19.1,1,1,2.293,0
115.39,8,0,4,1,0,1,0,0,16.2,1,2,0.344,0
34.43,16,0,0,0,0,1,1,0,57.4,3,2,3.507,0
42.39,18,0,0,2,0,0,0,0,6.7,1,3,0.085,0
28.90,19,0,2,2,0,1,1,0,9.3,1,1,0.126,0
78.00,10,0,2,1,0,1,0,0,45.8,1,2,15.183,0
9.76,19,0,2,3,0,0,0,0,6.4,3,2,0.766,0
17.24,15,0,1,1,0,1,0,0,184.2,1,1,2.199,0
56.07,11,0,2,3,0,0,1,0,33.1,1,2,2.549,0
35.85,19,0,0,1,0,0,0,0,28.8,1,2,1.900,0
8.62,14,0,3,3,0,0,0,0,34.6,1,2,0.315,0
59.64,13,0,2,1,0,1,0,0,14.7,1,1,1.435,0
80.75,16,0,3,3,0,0,0,0,102.3,1,1,16.747,0
53.50,14,0,1,1,0,0,1,0,58.6,1,1,1.013,0
1923.42,1,1,9,8,1,5,1,1,252.4,2,4,60.510,1
35.29,9,0,2,2,0,0,0,0,21.7,1,1,0.066,0
46.46,16,0,1,1,0,1,0,0,33.6,1,1,0.419,0
56.16,13,0,4,3,0,5,0,1,87.5,5,5,0.107,0
10.48,11,0,2,2,0,0,0,0,122.6,1,1,0.295,0
18.03,16,0,3,3,0,0,0,0,0.1,3,1,0.811,0
27.80,15,0,2,1,0,0,0,0,61.2,2,1,0.327,0
345.65,14,0,7,5,0,2,0,0,10.3,4,3,32.788,0
14.60,10,0,3,2,0,1,0,0,31.6,1,2,0.492,0
38.84,19,0,3,2,0,1,0,0,4.7,1,2,3.691,0
19.98,20,0,3,3,0,0,0,0,134.7,2,2,1.165,0
19.57,9,0,2,2,1,0,0,0,3.8,3,2,0.780,0
66.97,17,0,3,6,0,1,1,0,3.7,2,2,4.228,0
32.28,19,0,2,1,0,0,0,0,32.8,3,1,1.548,0
37.42,21,0,0,1,0,1,0,0,132.9,3,2,0.939,0
16.60,21,0,3,3,0,0,0,0,17.1,1,3,0.193,0
18.97,10,0,1,1,0,0,0,0,51.5,1,3,0.725,0
29.66,17,0,0,3,0,0,0,0,0.6,1,3,0.784,0
40.43,15,0,0,2,0,1,0,0,40.7,1,2,0.120,0
133.27,20,0,3,3,0,0,0,0,131.9,1,1,1.549,0
47.95,14,0,1,1,0,0,0,1,18.7,1,2,0.332,0
7.61,9,0,0,2,0,0,0,0,77.8,1,1,0.692,0
24.10,16,0,0,2,0,1,0,0,130.9,1,2,1.152,0
27.37,17,0,1,2,0,1,0,0,69.7,2,1,2.086,0
25.86,15,0,2,2,0,0,0,0,160.4,1,1,3.428,0
18.42,19,0,1,1,0,0,0,0,96.5,1,2,0.693,0
99.98,16,0,4,1,0,0,0,0,87.8,1,1,2.969,0
169.74,15,0,1,3,0,0,0,0,69.1,2,1,8.515,0
180.81,3,1,2,2,2,1,1,0,13.6,4,1,4.689,0
6.13,17,0,3,1,0,0,0,0,227.1,1,2,0.655,0
47.58,17,0,3,3,0,2,0,0,46.5,2,2,7.064,1
41.67,12,0,0,0,0,0,0,0,0.9,1,1,0.568,0
40.38,16,0,6,3,1,2,0,0,98.9,3,3,0.271,1
25.43,9,0,1,1,0,0,0,0,129.4,1,1,0.312,0
22.07,12,0,3,2,0,0,0,0,43.4,1,1,0.108,0
23.76,12,0,0,1,0,0,0,0,17.8,1,1,0.757,0
31.22,16,0,0,1,0,0,0,0,15.6,1,1,1.025,0
20.50,16,0,3,1,0,1,0,0,45.0,3,4,3.545,0
15.85,19,0,4,4,0,0,0,0,136.0,1,4,0.817,0
30.47,17,0,0,2,0,0,0,0,75.6,3,1,0.398,0
5.87,10,0,3,1,0,0,0,0,23.8,2,3,0.287,0
49.14,9,0,4,1,0,0,0,0,12.1,3,3,0.789,0
35.03,19,0,6,4,0,0,0,0,46.9,1,1,0.012,0
69.05,20,0,3,2,0,0,0,0,56.7,1,1,2.051,0
664.33,5,1,3,5,0,2,0,1,92.0,4,1,12.093,0
32.93,16,0,5,5,0,0,0,0,17.1,1,1,0.356,0
20.23,21,0,1,2,0,0,0,0,158.1,1,2,0.282,0
54.86,10,0,0,3,0,0,1,0,191.3,4,2,1.847,0
20.95,18,0,3,2,1,0,0,0,98.8,1,1,0.449,0
172.04,21,0,9,8,1,3,1,1,231.8,2,1,15.590,0
26.38,10,0,3,3,0,0,0,0,8.5,1,2,0.270,0
18.47,15,0,1,1,0,0,0,0,5.2,1,1,0.550,0
25.15,16,0,3,1,0,0,0,0,154.6,1,1,0.453,0
25.42,18,0,1,1,0,0,0,0,12.9,1,1,0.576,0
18.91,13,0,3,2,0,0,0,0,31.1,1,6,0.106,0
5.24,14,0,5,1,0,0,0,0,3.0,1,1,0.712,0
27.62,19,0,2,1,0,0,0,0,69.2,1,1,0.776,0
7.79,20,0,2,2,0,0,1,0,34.2,1,3,0.776,0
45.73,20,0,3,2,0,4,0,0,82.9,1,4,0.062,0
16.48,11,0,3,3,0,0,0,0,106.7,1,2,0.802,0
57.87,19,0,1,1,0,1,0,0,48.4,1,3,0.035,0
18.55,14,0,0,1,0,0,1,0,9.8,3,2,0.239,0
41.94,20,0,1,1,0,1,0,0,23.0,1,3,0.449,0
11.61,13,0,4,1,0,1,0,0,41.6,1,2,0.841,0
4.87,20,0,0,2,0,0,0,0,161.9,1,1,0.809,0
9.15,10,0,1,1,0,0,0,0,10.8,3,1,0.919,0
46.20,19,0,5,5,0,0,0,0,29.5,1,1,4.923,0
12.94,13,0,2,2,0,0,0,0,78.1,1,1,0.722,0
10.93,21,0,0,3,0,0,0,0,28.8,1,2,0.303,0
35.26,16,0,2,3,0,2,0,0,81.0,1,2,0.414,0
193.11,19,0,5,1,0,0,0,0,81.9,2,5,16.059,0
26.02,14,0,4,1,0,0,0,0,31.5,3,2,11.216,0
17.15,10,0,1,2,0,0,0,0,3.2,1,1,0.215,0
9.84,20,0,0,1,0,0,0,0,18.6,1,2,0.680,0
32.74,12,0,2,1,0,0,0,0,54.4,2,1,0.249,0
13.19,14,0,1,1,0,0,0,0,23.2,2,1,2.480,0
23.78,14,0,2,2,0,0,0,0,59.9,1,1,0.567,0
72.54,9,0,5,3,0,0,0,1,47.0,1,3,0.964,0
103.47,15,0,3,1,0,1,0,0,36.8,1,1,0.769,0
6.77,11,0,3,1,0,0,0,0,34.4,1,1,0.759,0
6.85,15,0,4,4,0,0,0,0,63.4,2,1,0.610,0
10.81,10,0,2,2,0,0,0,0,39.1,1,1,0.853,0
98.50,14,0,3,3,0,0,0,0,70.6,3,4,11.516,0
18.53,2,1,13,5,0,1,0,0,192.2,3,1,1.382,0
15.82,14,0,4,2,0,1,0,0,101.6,1,5,0.496,0
16.64,17,0,4,2,0,1,0,0,8.8,5,1,0.717,0
30.14,21,0,1,1,0,0,0,0,136.9,1,2,0.769,0
13.64,21,0,3,3,0,0,0,0,43.9,1,1,0.238,0
22.55,12,0,4,1,0,0,0,0,15.5,3,3,0.454,0
30.66,12,0,3,3,0,0,0,0,73.5,1,1,0.386,0
49.68,20,0,3,3,0,1,0,0,2.8,1,1,0.254,0
15.87,10,0,2,2,0,0,0,0,16.1,1,1,0.750,0
21.11,19,0,3,3,0,0,0,0,2.8,1,3,0.254,0
26.53,22,0,5,3,0,2,0,0,10.0,1,5,4.755,0
15.64,20,0,2,2,0,0,0,0,5.0,1,5,2.910,0
75.33,11,0,2,2,0,0,0,1,82.3,1,5,4.121,0
121.74,19,0,1,2,0,0,0,0,124.8,1,2,2.127,0
5.17,18,0,2,2,0,0,0,0,81.2,2,3,0.698,0
37.80,20,0,5,4,0,0,0,1,51.6,1,1,0.949,0
38.09,13,0,3,3,0,0,0,0,36.5,1,2,5.863,0
12.43,14,0,2,1,0,0,0,0,30.6,1,1,0.424,0
23.38,15,0,1,3,0,0,0,0,45.3,1,1,2.559,0
12.06,9,0,1,1,0,0,0,0,57.8,2,2,0.533,0
125.75,9,0,5,5,0,2,0,1,377.3,3,1,2.854,0
89.21,11,0,1,1,0,0,1,0,41.4,1,1,4.285,0
26.02,19,0,7,2,0,0,0,0,8.0,1,1,0.505,0
10.59,16,0,1,1,0,1,1,0,19.2,1,1,0.781,0
28.43,17,0,0,1,0,0,0,0,5.3,1,1,4.743,0
18.25,20,0,2,1,0,0,0,0,9.2,1,1,0.007,0
22.69,18,0,4,2,0,0,0,0,47.6,2,1,1.660,0
15.05,20,0,2,1,0,1,0,0,11.0,1,2,0.609,0
5.15,17,0,1,1,0,0,0,0,226.5,1,1,0.282,0
69.90,9,0,6,7,0,3,0,0,10.0,4,2,11.372,0
22.03,21,0,1,2,0,1,0,0,113.2,2,1,1.190,0
14.85,11,0,3,3,0,0,0,0,43.6,1,2,0.870,0
46.96,18,0,2,2,0,0,0,0,76.7,5,4,0.187,0
312.28,17,0,9,8,4,5,1,0,843.9,4,4,14.071,1
77.27,14,0,3,3,0,0,0,0,98.1,1,1,1.425,0
29.30,18,0,1,1,0,0,0,0,48.1,1,1,0.688,0
66.34,6,0,3,1,0,2,0,0,437.0,1,6,3.033,0
120.02,14,0,2,2,0,0,0,1,9.7,1,1,12.291,0
46.54,9,0,2,2,1,0,0,0,30.6,1,1,0.599,0
214.74,9,0,4,1,0,4,0,0,76.9,1,1,4.479,0
31.36,20,0,1,3,0,0,0,0,25.2,1,1,0.102,0
67.43,17,0,0,0,0,0,0,0,2.1,1,1,4.758,0
6.22,14,0,1,1,0,0,0,0,20.5,1,2,0.058,0
14.02,18,0,0,0,0,0,0,0,73.5,1,2,0.201,0
8.48,9,0,3,2,0,0,0,0,21.6,1,2,0.579,0
20.06,20,0,0,1,0,0,0,0,14.5,1,1,0.576,0
19.57,12,0,2,1,0,0,0,0,7.0,1,5,3.155,0
34.91,18,0,3,3,0,0,0,0,40.5,2,2,0.345,0
5.66,14,0,0,1,1,0,0,0,11.6,2,1,0.860,0
20.45,15,0,0,2,0,1,1,0,17.1,1,1,0.206,0
6.67,12,0,1,1,0,0,0,0,96.7,1,2,0.710,0
49.76,15,0,0,3,0,0,0,0,45.5,2,1,0.525,0
50.34,18,0,1,1,0,0,0,0,44.7,1,2,1.815,0
8.09,18,0,2,2,0,0,0,0,42.5,2,1,0.655,0
56.99,10,0,1,1,0,1,0,0,2.2,1,1,0.634,0
33.64,12,0,2,2,0,1,0,0,77.4,3,3,0.740,0
23.23,14,0,1,1,0,0,1,0,120.5,1,1,0.413,0
75.11,16,0,2,2,0,0,0,0,73.6,1,2,0.086,0
20.02,10,0,4,4,0,0,0,0,58.1,1,1,0.598,0
6.60,11,0,3,1,0,1,1,0,72.3,2,1,0.770,0
11.35,16,0,1,1,0,0,0,0,23.8,1,2,0.654,0
149.16,6,0,7,5,1,3,1,1,68.2,4,1,19.349,0
7.97,19,0,4,1,0,0,0,0,85.6,2,1,0.824,0
23.74,20,0,1,1,0,0,0,0,54.3,1,2,1.874,0
12.21,15,0,1,1,1,0,0,0,17.9,2,2,0.839,0
37.13,11,0,1,2,0,1,0,0,107.2,1,1,3.167,0
47.35,12,0,2,2,0,0,0,0,1.0,1,2,2.764,0
74.04,14,0,4,1,0,0,0,0,88.3,2,3,2.412,0
12.73,18,0,2,2,0,0,0,0,76.2,1,1,0.016,0
4.96,12,0,0,1,0,0,0,0,256.9,4,1,0.743,0
2.43,21,0,2,1,0,0,0,0,4.1,1,1,0.945,0
5.46,16,0,2,1,0,0,0,0,92.8,1,3,0.961,0
54.32,10,0,4,1,0,1,0,0,23.3,1,1,1.083,0
35.09,13,0,6,6,0,0,0,0,4.0,4,4,0.165,0
72.87,13,0,1,1,0,0,0,0,1.0,1,1,5.804,0
24.37,15,0,1,1,0,0,0,0,5.8,1,1,0.530,0
84.55,9,0,0,0,0,0,0,0,5.8,2,1,1.694,0
18.28,11,0,1,1,0,1,0,0,42.2,1,1,1.054,0
15.26,20,0,1,1,0,0,0,0,18.9,1,1,0.571,0
33.40,19,0,0,1,0,0,0,0,49.4,1,1,0.024,0
22.48,18,0,1,1,0,0,0,0,91.0,2,1,0.263,0
97.80,14,0,1,1,0,0,0,0,0.2,1,2,6.046,0
3.11,16,0,2,2,0,1,0,0,14.6,3,1,0.958,0
28.31,9,0,4,2,0,0,0,0,166.1,1,1,0.304,0
4.00,11,0,0,1,0,1,0,0,66.8,1,1,0.836,0
18.23,10,0,2,1,0,1,0,0,2.6,3,3,0.140,0
19.82,17,0,2,2,0,0,0,0,39.3,1,1,1.374,0
30.75,8,0,1,1,0,0,0,0,78.0,2,1,0.407,0
22.49,9,0,2,1,0,0,0,0,79.8,1,3,0.630,0
63.41,18,0,2,1,0,0,0,0,113.8,2,2,0.087,0
17.64,18,0,3,3,0,0,0,0,15.9,2,1,0.504,0
37.00,13,0,4,4,0,1,0,0,70.2,1,5,4.836,0
15.72,11,0,5,5,0,0,0,0,173.9,1,1,1.246,0
5.26,20,0,1,1,0,1,0,0,25.9,2,1,0.638,0
12.04,12,0,0,2,0,1,0,0,13.6,1,1,0.718,0
13.59,20,0,0,1,0,0,0,0,63.8,1,1,0.038,0
63.98,12,0,3,2,0,1,0,0,71.5,3,3,6.346,0
102.03,11,0,2,1,0,1,0,0,1.3,3,1,1.235,0
72.98,18,0,1,1,1,0,0,0,28.0,1,1,0.449,0
17.55,18,0,3,1,0,0,0,0,11.8,1,2,0.606,0
53.37,19,0,0,0,0,0,0,0,10.8,1,1,4.720,0
92.07,12,0,0,2,0,0,0,0,21.0,1,6,0.436,0
13.16,15,0,3,3,0,0,0,0,44.3,1,2,0.603,0
23.38,14,0,2,1,0,0,0,0,167.7,1,1,1.672,0
32.15,13,0,3,3,0,1,0,0,21.7,1,3,1.764,0
31.77,19,0,2,2,0,1,0,0,54.0,3,2,0.381,0
46.52,14,0,0,0,1,0,1,0,6.6,2,1,2.171,0
220.20,1,1,6,2,2,0,0,1,55.4,1,3,6.006,0
11.85,14,0,1,1,0,0,0,0,30.8,1,2,0.808,0
68.68,19,0,1,1,0,1,0,0,26.3,1,1,3.776,0
19.36,12,0,1,1,0,0,0,0,79.7,1,4,0.617,0
5.38,16,0,2,2,0,0,0,0,8.1,1,2,0.093,0
15.30,13,0,4,4,0,1,0,0,54.8,1,1,0.566,0
123.04,16,0,0,1,0,0,0,0,7.6,1,1,32.989,0
33.48,9,0,2,1,0,1,0,0,5.5,2,1,0.421,0
14.37,8,0,3,3,0,1,0,0,9.8,1,1,0.749,0
207.70,17,0,2,1,0,2,1,0,96.2,1,2,40.210,0
11.42,11,0,2,2,0,0,0,0,2.7,1,1,0.556,0
3.11,16,0,0,1,1,0,0,0,5.0,1,1,0.941,0
23.70,15,0,0,1,0,0,0,0,20.8,3,1,0.350,0
43.93,10,0,0,1,0,1,0,0,83.1,1,1,0.171,0
91.01,13,0,4,1,0,3,0,0,47.5,1,1,5.092,0
9.53,16,0,4,2,0,0,0,0,0.4,1,1,0.851,0
19.59,9,0,7,1,0,0,0,0,1.5,1,2,0.121,0
8.01,13,0,1,1,0,2,0,0,30.9,2,3,0.769,0
10.59,17,0,2,4,1,1,0,0,15.5,1,4,0.010,0
42.83,20,0,3,3,0,0,0,0,14.7,2,2,3.759,0
41.34,19,0,3,3,1,0,0,0,38.4,1,2,7.630,0
7.69,13,0,5,5,0,0,0,0,127.4,1,1,0.674,0
15.84,11,0,4,1,0,0,0,0,70.9,1,2,0.175,0
1.62,12,0,1,1,0,0,1,0,3.9,1,3,0.900,0
21.09,18,0,1,1,0,0,0,0,4.5,1,1,0.556,0
19.95,20,0,0,1,0,0,0,0,94.6,1,1,2.292,0
10.28,14,0,0,3,0,0,0,0,72.2,1,1,0.598,0
15.88,16,0,0,2,0,1,0,1,8.7,1,1,0.387,0
10.93,10,0,3,3,0,1,0,0,6.9,2,1,0.603,0
17.11,20,0,3,1,0,0,0,0,48.7,1,1,0.382,0
4.72,17,0,1,1,2,0,1,0,26.9,1,3,0.944,0
7.55,17,0,2,1,0,0,0,0,32.5,1,2,0.135,0
27.44,17,0,1,1,0,1,0,0,3.5,1,1,1.046,0
19.79,10,0,2,2,0,0,0,0,49.8,1,1,0.089,0
77.03,18,0,4,1,0,0,0,0,9.2,1,6,10.229,0
8.11,10,0,1,1,0,0,0,0,25.8,2,1,0.428,0
168.92,15,0,2,1,0,0,0,0,20.3,1,1,2.492,0
7.23,17,0,3,3,0,0,0,0,227.3,1,3,0.921,0
12.51,12,0,1,1,0,0,0,0,30.9,1,1,0.782,0
8.25,14,0,3,1,0,2,0,0,4.1,1,4,0.598,0
14.73,16,0,0,1,0,0,0,0,9.8,2,5,0.416,0
5.17,13,0,1,1,0,1,0,0,50.6,3,3,0.601,0
61.70,8,0,1,4,0,0,0,0,110.2,4,3,0.332,0
29.50,9,0,4,2,0,5,1,0,57.1,1,2,1.252,0
40.16,21,0,2,3,0,2,0,0,5.3,1,2,2.092,0
373.31,0,1,9,9,1,2,1,1,1469.6,6,11,19.399,1
9.25,13,0,2,1,0,0,0,0,102.4,1,2,0.828,0
88.88,20,0,4,4,0,2,0,1,1583.5,2,4,17.791,0
41.53,21,0,4,4,0,0,0,0,72.2,2,1,1.745,0
6.46,10,0,3,1,0,0,0,0,3.7,1,1,0.755,0
65.13,13,0,5,1,0,1,0,1,256.4,1,3,0.616,0
24.52,14,0,4,1,0,0,0,0,15.4,1,1,2.880,0
72.07,22,0,8,2,0,1,0,1,506.0,2,1,5.825,0
22.92,15,0,1,1,0,0,0,0,11.9,2,1,0.262,0
72.91,18,0,2,2,0,2,0,0,218.5,1,1,2.088,0
13.56,16,0,0,2,0,0,0,0,34.2,1,3,0.787,0
8.77,9,0,3,3,0,1,0,0,48.2,1,1,0.684,0
56.74,13,0,6,1,0,1,0,0,3.4,1,4,0.139,0
9.33,16,0,4,4,0,0,0,0,0.4,2,1,0.221,0
19.41,15,0,1,1,0,0,0,0,11.1,2,4,0.668,0
14.83,18,0,4,4,0,0,0,0,14.6,1,1,0.037,0
37.00,9,0,2,2,0,1,0,1,52.6,1,2,0.988,0
30.86,10,0,1,1,0,0,0,0,0.6,2,3,1.609,0
18.47,16,0,2,1,0,0,0,1,3.7,1,1,2.043,0
41.43,21,0,2,1,0,0,0,0,32.7,1,1,0.221,0
14.30,17,0,3,3,0,0,0,0,79.2,1,1,0.647,0
61.43,10,0,0,0,0,0,0,0,24.5,1,3,1.115,0
25.48,11,0,7,1,0,0,0,0,8.1,1,1,0.334,0
13.34,18,0,0,2,0,0,0,0,25.3,1,2,0.906,0
6.51,17,0,2,3,0,1,0,0,13.3,1,1,0.897,0
68.11,17,0,4,3,0,1,0,0,7.8,1,3,2.308,0
19.32,20,0,2,2,0,0,0,0,44.1,3,2,0.023,0
26.85,13,0,1,3,0,0,0,0,10.0,2,4,1.745,0
46.32,11,0,1,2,0,0,0,0,50.1,2,1,1.130,0
67.17,17,0,2,1,0,1,0,1,76.0,2,1,0.257,0
59.07,23,1,9,3,0,0,0,1,104.5,4,1,0.012,0
91.91,9,0,2,2,0,2,0,0,126.4,2,1,6.075,0
14.01,21,0,1,3,0,0,0,1,31.2,1,2,0.508,0
12.56,21,0,2,1,0,0,0,0,73.5,3,1,0.508,0
17.70,18,0,1,1,0,0,0,0,19.8,1,3,0.674,0
10.14,14,0,1,2,0,0,0,0,9.7,1,2,0.704,0
22.90,20,0,0,3,0,1,0,0,38.0,1,1,0.556,0
19.52,10,0,1,1,0,0,0,0,3.3,2,4,0.289,0
32.79,13,0,4,1,0,0,0,0,4.4,1,2,0.234,0
14.32,10,0,0,2,0,1,0,0,40.5,1,4,0.298,0
60.06,11,0,1,2,0,0,0,0,5.8,1,4,2.539,0
25.72,11,0,1,2,0,0,0,0,71.4,1,1,1.676,0
19.87,17,0,0,2,0,1,0,0,53.9,1,1,0.782,0
89.42,19,0,3,2,0,3,1,0,154.0,2,1,2.300,0
28.38,18,0,2,2,0,0,0,0,93.2,3,1,0.050,0
108.20,7,0,2,4,2,2,0,1,184.0,1,3,7.440,0
16.69,15,0,2,1,0,1,0,0,9.4,2,4,1.099,0
31.02,15,0,2,2,0,0,0,0,114.0,1,2,2.424,0
24.54,15,0,2,2,0,1,0,0,59.9,1,1,0.745,0
13.66,13,0,0,2,0,1,0,0,4.4,1,2,0.668,0
21.71,18,0,2,2,0,0,0,0,10.6,2,1,0.654,0
3.50,8,0,2,2,0,0,0,0,19.7,2,1,0.910,0
7.53,17,0,3,2,0,1,0,0,18.5,3,3,0.595,0
34.75,18,0,0,0,0,0,0,0,56.0,2,1,0.527,0
1.00,8,0,6,6,0,0,0,0,2.7,2,2,0.904,0
19.09,14,0,1,2,0,0,0,0,7.1,1,2,0.231,0
71.16,16,0,2,1,0,0,0,0,40.3,1,2,0.749,0
34.13,18,0,2,2,0,0,0,0,26.9,2,5,3.234,0
43.00,12,0,1,1,0,0,0,0,42.6,1,2,0.723,0
31.36,17,0,1,1,0,0,0,0,12.0,2,1,0.699,0
52.30,12,0,3,1,0,1,0,0,78.4,1,2,0.005,0
103.22,18,0,4,1,0,0,0,0,84.8,1,1,13.336,0
31.57,10,0,3,5,0,3,0,0,10.0,4,3,1.377,0
10.20,19,0,1,1,0,0,0,0,11.8,1,3,0.580,0
22.44,0,1,3,5,0,3,0,0,439.3,1,4,0.013,0
16.07,13,0,2,2,0,0,0,0,14.2,1,1,0.344,0
11.00,16,0,3,3,0,0,0,0,45.9,1,3,0.507,0
111.15,18,0,0,3,0,0,0,0,0.3,3,1,0.862,0
12.06,12,0,3,3,0,1,0,0,93.5,2,1,0.169,0
16.97,18,0,1,1,0,0,0,0,56.9,1,1,0.181,0
31.37,17,0,3,3,0,0,0,0,56.1,1,1,1.165,0
156.94,16,0,7,3,0,0,1,0,116.0,4,4,13.626,0
6.99,21,0,6,1,0,1,0,0,46.3,3,1,0.552,0
80.79,11,0,1,1,0,0,0,0,165.4,1,2,0.873,0
17.83,9,0,3,1,0,0,0,0,77.7,1,1,0.371,0
10.96,20,0,1,1,0,0,0,0,21.3,3,1,0.764,0
26.87,10,0,4,3,0,0,0,0,20.0,2,5,2.257,0
54.04,1,1,11,4,1,4,1,0,253.2,5,5,6.018,1
19.94,9,0,3,2,0,0,0,0,6.2,1,1,0.885,0
43.31,20,0,14,6,1,5,1,0,1235.6,8,5,0.041,1
17.52,17,0,0,3,0,0,0,0,129.3,3,1,0.608,0
26.93,20,0,2,1,0,0,0,0,9.3,1,1,0.583,0
10.07,21,0,7,1,0,0,0,0,4.2,1,3,0.973,0
26.00,17,0,3,3,1,0,0,0,30.4,2,1,0.338,0
18.27,11,0,0,0,0,0,0,0,59.3,2,1,0.728,0
20.74,15,0,1,1,0,1,0,0,56.2,1,2,0.232,0
24.88,20,0,3,3,1,0,0,0,115.8,1,1,2.822,0
371.77,22,0,11,9,2,4,0,1,811.8,3,3,8.083,1
44.29,16,0,3,2,0,0,0,0,5.5,1,1,0.193,0
18.03,9,0,2,2,0,0,0,0,85.8,2,1,0.196,0
18.70,14,0,2,1,0,0,0,0,40.5,1,2,1.152,0
148.76,19,0,7,3,0,2,0,0,161.2,2,5,0.997,0
17.38,20,0,0,3,0,0,0,0,1.0,1,1,0.848,0
68.72,19,0,4,1,0,0,0,0,15.7,4,1,2.347,0
48.05,18,0,1,1,0,0,0,0,14.6,1,5,0.181,0
21.85,16,0,2,3,0,0,0,0,37.0,1,1,0.586,0
67.85,20,0,0,1,0,0,0,0,195.1,2,2,4.385,0
24.03,15,0,2,2,0,0,0,0,41.6,1,4,0.670,0
6.20,11,0,1,1,0,0,0,0,5.8,1,1,0.695,0
6.49,16,0,2,2,0,1,0,0,10.5,1,1,0.766,0
14.23,19,0,1,1,0,0,1,0,32.8,1,2,0.730,0
26.03,17,0,3,1,0,0,0,0,113.6,1,4,0.522,0
21.11,15,0,1,3,0,0,0,0,97.2,1,1,0.845,0
20.52,19,0,3,1,0,0,0,0,4.6,2,2,3.897,0
63.92,21,0,2,2,0,0,0,0,45.4,2,1,0.846,0
3.61,18,0,2,1,0,1,0,0,5.6,1,2,0.750,0
1002.88,22,0,5,4,2,8,1,0,651.0,4,5,5.413,1
183.24,19,0,2,7,0,2,0,0,215.7,4,1,8.460,0
64.29,14,0,1,1,0,0,1,0,71.0,1,1,0.608,0
33.88,19,0,1,1,0,0,0,0,26.3,2,1,0.295,0
14.42,3,1,2,5,0,1,0,0,23.7,6,1,0.864,0
34.17,21,0,1,1,0,0,0,0,228.7,1,3,0.438,0
10.28,10,0,1,1,0,0,0,0,30.7,1,1,0.542,0
31.64,10,0,1,4,0,0,0,0,56.4,2,1,0.568,0
62.77,11,0,1,1,0,0,0,0,34.2,1,3,1.914,0
7.42,20,0,2,2,0,0,0,0,14.9,1,3,0.501,0
42.04,14,0,3,1,0,0,0,0,53.6,1,1,1.139,0
14.07,20,0,3,1,0,0,0,0,0.6,1,1,0.765,0
31.52,11,0,1,3,0,0,0,0,7.5,1,1,0.323,0
50.36,10,0,2,2,0,0,0,0,48.4,1,1,1.943,0
77.19,18,0,4,5,1,3,0,0,63.7,2,4,6.114,0
29.93,8,0,2,2,0,0,0,0,103.4,1,1,1.414,0
11.00,11,0,2,1,0,0,0,0,5.5,1,3,0.784,0
13.11,13,0,2,2,0,1,0,0,30.4,2,2,0.410,0
11.95,13,0,2,2,0,0,0,0,20.0,2,1,0.528,0
11.50,13,0,1,1,0,1,0,0,47.7,1,1,0.535,0
110.99,13,0,1,1,0,0,0,0,246.9,1,1,19.516,0
13.85,12,0,1,1,0,2,0,0,36.7,2,1,0.385,0
33.49,9,0,1,1,1,0,0,0,4.9,1,1,0.044,0
70.47,17,0,3,3,0,0,0,0,43.1,2,2,1.304,0
24.17,13,0,0,1,0,0,0,0,31.5,2,2,1.100,0
6.86,19,0,6,1,0,1,0,0,94.6,1,2,0.159,0
40.35,17,0,1,1,0,2,0,0,109.2,1,1,0.176,0
41.85,11,0,1,1,0,1,0,0,93.0,1,4,1.244,0
66.65,0,1,8,6,2,8,1,1,124.4,4,6,6.414,1
11.35,16,0,5,5,0,1,0,0,63.4,1,2,0.500,0
73.72,13,0,0,1,0,0,0,0,3.0,1,2,5.770,0
7.85,18,0,1,1,0,2,0,0,29.3,2,2,0.812,1
130.75,14,0,2,1,0,0,0,0,28.5,1,1,1.113,0
21.44,20,0,1,1,0,0,0,1,2.9,2,3,0.541,0
52.63,15,0,5,6,0,1,0,0,68.9,2,1,0.752,0
44.91,15,0,0,1,1,0,0,0,18.4,2,1,1.036,0
42.41,17,0,3,3,0,0,0,0,86.4,1,1,0.096,0
6.98,10,0,1,1,0,0,0,0,6.3,1,1,0.805,0
19.95,20,0,0,0,0,0,0,0,114.0,2,1,0.370,0
51.53,17,0,2,1,0,0,0,0,267.3,1,1,7.574,0
6.46,8,0,0,0,0,1,0,0,22.6,2,2,0.566,0
1.23,12,0,1,1,0,0,0,0,1.9,1,3,0.949,0
6.25,20,0,2,1,0,1,0,0,1.8,1,4,0.888,0
26.67,20,0,4,2,0,0,0,0,15.8,1,2,0.196,0
56.18,16,0,1,2,0,0,0,0,14.2,1,1,0.162,0
10.06,9,0,2,3,0,0,0,0,5.1,1,1,0.813,0
30.98,9,0,3,3,0,0,0,0,5.4,1,1,0.346,0
12.64,13,0,0,1,0,0,0,0,36.9,1,1,0.117,0
103.86,15,0,2,2,0,0,0,0,5.7,1,1,0.851,0
35.69,16,0,1,1,0,0,0,0,20.4,1,1,0.322,0
3.28,18,0,3,3,0,2,0,1,39.6,1,1,0.892,0
213.12,20,0,2,1,0,0,1,1,5.1,3,2,8.323,0
23.62,14,0,1,1,0,0,0,0,50.2,1,1,0.424,0
26.05,18,0,4,1,0,0,0,0,36.1,2,4,0.645,0
5.30,13,0,3,3,0,3,0,0,189.5,3,2,0.937,0
14.96,9,0,6,2,0,0,0,1,44.0,4,3,0.938,0
9.68,14,0,4,4,0,1,0,0,10.5,1,1,0.833,0
3.09,9,0,2,2,0,0,0,0,12.7,1,1,0.778,0
17.04,19,0,1,2,0,1,0,0,71.0,1,1,0.833,0
54.88,18,0,1,1,0,1,0,0,108.0,3,2,0.469,0
25.58,17,0,0,1,0,0,1,0,51.9,1,2,0.735,0
68.44,12,0,2,2,0,0,0,0,18.8,1,1,0.131,0
60.93,14,0,0,0,0,1,0,0,45.9,2,2,0.089,0
6.11,17,0,4,4,0,0,0,0,11.0,2,1,0.578,0
26.89,15,0,1,1,0,1,0,0,124.0,1,1,2.704,0
14.15,10,0,0,0,0,0,0,0,27.0,1,1,0.375,0
44.40,14,0,1,2,0,0,0,1,80.9,1,2,1.479,0
11.60,11,0,1,2,0,0,0,0,238.3,3,2,0.658,0
21.36,19,0,1,1,0,0,0,0,41.3,1,1,0.056,0
14.16,16,0,4,2,0,0,0,0,107.6,1,1,0.511,0
42.48,14,0,0,3,0,0,0,1,5.0,1,1,0.356,0
57.92,13,0,3,3,0,0,0,0,73.7,1,1,0.154,0
75.92,16,0,3,3,0,0,0,0,85.3,1,1,0.279,0
28.99,10,0,4,4,0,0,0,0,17.8,2,1,2.235,0
11.47,11,0,0,0,0,0,0,0,159.6,2,1,0.845,0
35.26,18,0,1,1,0,0,0,0,63.7,1,1,0.086,0
18.23,19,0,2,2,0,1,0,0,45.9,1,4,0.466,0
19.19,12,0,5,5,0,1,0,0,25.2,1,1,0.477,0
5.63,9,0,3,2,0,1,0,0,14.2,1,1,0.777,0
14.94,20,0,1,2,0,1,1,0,6.9,3,1,1.110,0
12.99,20,0,2,2,0,1,0,0,55.4,3,3,0.894,0
21.41,16,0,3,2,0,0,0,0,73.8,1,1,0.416,0
50.07,16,0,0,2,0,0,0,0,119.3,1,3,1.980,0
31.94,10,0,1,1,0,1,0,0,42.7,1,1,0.500,0
68.20,18,0,1,1,0,0,0,0,34.2,2,2,0.850,0
116.74,18,0,3,2,0,2,0,0,14.6,1,1,9.681,0
16.95,12,0,1,1,0,0,0,0,32.0,1,2,0.861,0
49.25,12,0,1,1,0,0,0,0,33.5,1,1,5.523,0
18.19,13,0,2,2,1,1,0,0,53.2,1,2,0.545,0
25.06,18,0,0,0,0,0,0,0,43.3,1,1,0.741,0
37.68,10,0,3,1,0,0,0,0,40.7,1,1,0.367,0
23.24,14,0,3,1,0,0,0,0,1.8,1,2,0.209,0
28.75,13,0,1,1,1,0,0,0,88.0,1,3,2.739,0
7.74,21,0,1,1,0,0,0,0,0.8,1,2,0.790,0
2.28,19,0,2,1,0,1,0,0,15.8,1,1,0.914,0
10.99,15,0,2,2,0,1,0,0,72.1,2,4,0.515,0
43.57,20,0,0,1,0,0,0,0,5.5,1,2,8.555,0
58.34,21,0,5,5,2,0,0,0,45.1,1,1,10.906,0
183.98,6,0,4,6,0,1,0,1,167.2,3,3,14.218,0
8.14,21,0,1,1,0,0,0,1,69.1,1,1,0.562,0
8.23,16,0,0,1,0,1,0,0,53.3,1,1,0.905,0
70.14,9,0,1,2,0,0,0,0,88.5,2,5,0.899,1
33.58,10,0,5,1,0,0,0,0,24.6,2,1,0.329,0
57.41,9,0,3,3,0,0,0,0,8.4,1,3,3.072,0
26.71,21,0,3,3,0,1,1,0,35.7,1,1,0.581,0
30.61,10,0,0,1,0,1,0,0,71.5,1,1,0.527,0
60.26,20,0,1,1,0,0,0,0,46.5,1,1,0.226,0
64.20,21,0,3,3,0,0,0,0,27.2,1,1,6.246,0
32.37,9,0,2,1,1,1,0,0,50.4,1,3,0.222,0
19.00,18,0,1,2,0,1,0,0,23.2,1,1,0.825,0
5.93,18,0,3,2,0,0,0,0,100.7,2,1,0.860,0
38.07,14,0,3,2,0,0,0,0,14.5,1,2,2.518,0
41.20,15,0,1,1,0,0,0,0,29.7,2,1,6.601,0
69.21,20,0,1,1,0,1,0,0,12.2,1,2,0.735,0
25.58,20,0,2,2,0,0,0,0,28.5,1,1,0.892,0
58.38,21,0,0,1,0,0,0,0,177.8,1,1,5.244,0
26.04,12,0,1,1,0,0,0,0,16.6,1,5,2.785,0
8.78,13,0,2,3,0,1,0,0,11.3,1,1,0.776,0
5.97,9,0,4,4,0,0,0,0,198.1,1,1,0.907,0
25.22,18,0,2,1,0,1,0,0,0.5,4,1,0.789,0
9.98,18,0,0,0,0,0,0,0,38.8,1,3,0.500,0
18.63,15,0,3,3,0,0,0,0,15.5,3,3,1.065,0
22.55,11,0,3,2,1,2,0,1,296.7,1,2,0.209,1
26.85,8,0,0,0,0,0,0,0,3.5,4,1,0.183,0
24.11,14,0,2,2,0,0,0,0,14.9,2,3,0.383,0
18.09,19,0,1,1,0,3,0,0,74.3,1,1,0.645,0
174.79,21,0,12,5,1,4,0,1,319.6,5,9,9.816,1
38.62,15,0,4,1,0,1,0,0,72.2,1,1,0.643,0
9.68,11,0,0,2,0,0,0,0,63.9,4,1,0.919,0
59.59,11,0,0,0,0,0,0,0,10.8,3,1,5.401,0
14.38,13,0,3,3,0,0,0,0,22.7,1,1,0.475,0
3.05,21,0,1,1,0,0,0,0,98.1,1,2,0.872,0
33.70,9,0,0,1,0,1,0,0,36.6,1,3,3.787,0
5.61,11,0,0,3,0,0,0,0,247.0,3,1,0.939,0
40.22,20,0,1,1,0,0,0,0,30.5,1,1,0.679,0
17.66,10,0,1,1,0,0,0,0,12.2,3,3,0.405,0
15.89,14,0,1,1,0,1,0,0,20.0,1,1,6.945,0
5.53,19,0,1,2,0,1,0,0,3.4,1,1,0.874,0
23.25,10,0,0,0,0,0,0,0,102.9,2,2,0.569,0
9.58,8,0,2,2,0,1,0,0,30.1,1,1,0.740,0
116.46,10,0,9,3,1,2,1,0,35.1,1,2,1.219,0
11.32,11,0,1,2,0,0,0,0,54.6,1,1,0.637,0
7.36,16,0,3,3,0,1,0,0,20.6,1,1,0.879,0
35.57,18,0,4,4,0,0,1,0,58.2,2,1,0.747,0
102.99,12,0,1,1,0,0,0,0,66.3,2,1,2.634,0
42.18,20,0,0,0,0,0,0,0,414.1,1,1,4.747,0
286.45,11,0,3,3,1,1,0,0,98.0,2,5,25.160,0
50.74,12,0,0,1,0,0,0,0,92.2,3,1,1.258,0
22.38,10,0,2,2,0,0,0,0,14.1,1,1,0.884,0
59.67,19,0,1,1,0,0,0,0,34.7,1,1,5.183,0
5.75,14,0,4,1,0,0,0,1,112.8,1,1,0.675,0
52.99,15,0,3,3,0,1,0,0,123.2,1,3,0.179,0
22.80,17,0,1,1,0,0,0,0,109.9,1,1,0.597,0
82.89,10,0,5,5,0,0,0,0,45.9,1,1,7.424,0
36.60,11,0,2,2,0,0,0,0,94.0,1,5,0.312,0
34.67,9,0,2,2,0,1,0,0,0.8,1,2,0.636,0
126.51,17,0,1,1,0,1,0,0,3.7,1,2,10.428,0
4.05,13,0,2,2,0,1,0,0,16.4,1,1,0.747,0
22.60,19,0,2,1,0,0,0,0,0.8,1,1,0.270,0
10.30,10,0,3,3,0,0,0,0,41.4,1,2,0.353,0
56.35,12,0,3,3,0,0,0,0,168.4,3,1,0.560,0
12.37,11,0,4,4,0,1,0,0,41.3,1,1,0.793,0
11.13,18,0,3,3,1,0,0,0,66.8,1,2,0.385,0
43.01,18,0,1,1,0,0,0,0,39.8,2,2,0.277,0
50.07,8,0,3,2,0,0,0,0,81.2,2,1,4.047,0
15.25,11,0,1,1,0,0,0,0,23.7,1,1,0.667,0
38.41,9,0,0,0,0,0,0,0,66.6,1,2,0.676,0
106.25,20,0,2,2,0,0,0,0,34.5,2,1,0.616,0
29.49,19,0,2,2,1,0,0,0,5.5,1,2,0.627,0
32.78,15,0,2,1,0,0,0,0,57.0,1,2,1.555,0
6.39,9,0,0,1,0,0,0,0,3.3,1,1,0.664,0
122.96,10,0,5,3,0,0,0,0,21.4,2,1,0.092,0
8.10,13,0,3,3,0,1,0,0,31.6,3,1,0.861,0
28.88,8,0,1,1,0,0,0,1,41.2,1,1,0.074,0
21.18,10,0,2,2,0,1,0,0,4.1,1,1,0.418,0
28.78,13,0,2,1,0,0,0,1,20.8,1,5,0.319,0
10.06,19,0,3,2,0,1,0,1,119.1,5,1,0.597,0
26.58,17,0,2,1,0,0,0,0,84.5,2,2,0.617,0
11.66,12,0,4,1,0,0,0,0,39.0,1,1,0.872,0
93.80,0,1,10,6,0,5,1,1,538.3,1,3,1.991,1
6.64,9,0,2,2,0,1,0,0,1.8,2,2,0.668,0
54.70,10,0,3,2,1,0,0,0,45.8,2,1,5.450,0
21.30,18,0,2,1,0,0,0,0,45.9,1,3,1.154,0
12.87,19,0,4,4,0,1,0,0,15.8,1,1,0.729,0
9.84,17,0,1,1,0,0,0,0,70.9,1,1,0.926,0
15.55,20,0,2,2,2,0,0,0,16.1,3,1,0.682,0
27.26,19,0,2,2,0,1,0,0,30.8,3,2,0.090,0
98.88,12,0,5,1,0,0,0,0,36.4,1,2,3.675,0
14.81,8,0,3,1,1,0,1,0,13.8,1,3,0.606,0
96.68,19,0,0,1,0,0,0,0,0.6,1,2,5.340,0
35.11,18,0,2,1,0,0,0,0,21.4,2,1,0.197,0
23.48,8,0,1,1,0,0,0,0,20.8,1,1,0.832,0
11.65,10,0,5,1,0,1,1,0,210.1,1,1,1.202,0
28.39,18,0,2,2,0,0,0,0,11.7,2,1,0.823,0
16.37,17,0,1,2,0,0,0,0,28.9,1,1,0.516,0
109.32,17,0,3,3,0,0,0,0,64.1,1,4,2.002,0
22.88,0,1,5,6,0,3,0,0,63.8,4,2,0.389,0
17.73,15,0,5,5,0,0,0,0,57.7,1,1,0.710,0
6.56,16,0,1,1,0,1,0,0,34.9,1,1,0.820,0
10.40,12,0,3,1,0,0,0,0,3.7,5,1,0.764,0
11.93,9,0,2,2,0,0,0,0,150.8,1,1,0.679,0
3.08,18,0,0,1,0,0,0,0,10.2,2,1,0.964,0
4.97,8,0,4,4,1,0,1,0,50.2,1,1,0.903,0
58.96,9,0,2,2,0,0,0,0,5.5,1,1,34.095,0
241.07,18,0,5,3,1,6,1,1,105.0,4,3,11.885,1
15.57,15,0,0,0,0,0,0,0,62.8,2,3,0.105,0
17.55,11,0,0,0,0,1,0,0,13.6,2,1,0.539,0
29.30,10,0,2,2,0,0,0,0,9.5,1,1,0.107,0
30.14,18,0,0,0,0,0,0,0,16.9,1,2,3.739,0
15.87,14,0,0,1,0,2,0,0,111.7,1,1,0.567,0
143.43,22,0,1,5,0,2,1,0,20.6,1,3,12.845,0
65.41,4,1,6,4,0,3,0,0,93.8,3,1,18.942,0
127.39,9,0,2,2,0,1,0,1,29.8,1,1,1.750,0
39.05,19,0,0,2,0,1,0,0,54.1,2,2,0.443,0
30.80,16,0,1,1,0,2,0,0,44.3,4,1,0.567,0
36.68,9,0,3,3,0,0,1,0,64.1,1,4,0.454,0
58.91,9,0,4,4,0,0,0,0,25.9,1,1,0.729,0
168.08,12,0,3,3,1,1,0,0,15.2,3,2,3.002,0
35.16,10,0,2,1,0,0,0,0,55.6,4,1,1.003,0
46.37,20,0,1,1,0,0,0,0,0.0,1,1,1.337,0
45.10,14,0,1,1,1,1,0,0,26.0,2,1,0.493,0
9.98,18,0,2,2,0,0,0,0,11.5,3,1,0.404,0
64.25,17,0,4,3,0,1,0,0,59.6,2,2,0.035,0
17.21,17,0,1,1,0,0,0,0,20.1,2,2,0.047,0
20.76,13,0,4,1,0,1,0,0,69.6,1,2,0.615,0
47.85,13,0,4,2,0,1,0,0,10.6,2,1,3.799,0
5.89,12,0,4,4,0,0,0,0,25.5,1,2,0.442,0
75.86,16,0,4,4,0,0,0,0,3.1,1,1,0.661,0
316.90,23,1,4,5,0,4,1,0,155.9,1,2,52.440,0
71.75,12,0,2,1,0,0,0,0,147.2,2,2,2.105,0
5.00,16,0,1,2,0,0,0,0,52.8,2,1,0.921,0
137.23,4,1,6,3,0,1,0,0,106.3,3,3,0.207,0
4.45,16,0,3,1,0,0,0,0,4.5,1,1,0.700,0
383.46,22,0,6,6,1,3,0,1,69.1,2,6,6.201,1
26.82,9,0,1,2,0,0,0,0,43.6,1,2,0.645,0
31.27,15,0,1,1,0,0,0,1,3.6,1,3,0.589,0
14.47,18,0,3,2,1,1,0,0,44.2,1,1,0.953,0
11.29,14,0,2,2,0,0,0,0,29.7,1,1,0.675,0
149.50,2,1,2,3,0,1,0,1,128.4,4,5,4.456,0
174.21,18,0,1,1,0,0,0,0,13.8,2,2,4.740,0
77.32,14,0,3,1,0,0,0,0,201.9,1,1,1.173,0
30.07,15,0,1,2,0,0,0,0,12.0,3,1,0.275,0
31.47,12,0,1,1,0,0,0,0,81.9,1,3,1.419,0
33.12,11,0,3,1,0,0,0,1,7.4,3,1,1.244,0
327.72,3,1,3,4,0,2,0,0,10.0,5,6,26.129,0
70.05,14,0,0,1,0,0,0,0,108.7,1,1,1.344,0
44.95,12,0,0,0,0,0,0,0,6.8,1,1,0.756,0
38.05,14,0,0,2,0,0,0,0,17.6,2,1,1.594,0
43.62,10,0,2,2,0,1,0,0,43.6,1,1,0.800,0
30.02,8,0,1,1,0,1,0,0,34.2,1,2,2.587,0
17.04,15,0,1,1,0,1,0,0,57.5,1,1,0.654,0
12.24,16,0,1,1,0,0,0,0,23.2,1,2,0.702,0
3.26,14,0,1,1,0,0,0,0,16.6,1,1,0.949,0
9.38,17,0,0,1,0,0,0,0,214.3,1,1,0.757,0
8.00,12,0,2,2,0,0,0,0,43.4,1,2,0.963,0
16.05,11,0,2,1,0,0,0,0,13.6,1,1,0.563,0
570.74,10,0,12,2,0,3,0,0,15.8,3,3,190.523,0
5.92,10,0,2,1,0,1,0,0,7.2,1,1,0.444,0
42.07,21,0,3,1,0,1,0,0,144.7,3,1,0.589,0
10.59,17,0,0,2,0,1,0,0,62.6,5,1,0.408,0
34.62,11,0,2,1,0,0,0,0,27.3,3,2,0.818,0
48.35,19,0,1,1,0,1,0,0,6.8,1,1,4.068,0
61.06,16,0,3,4,0,0,0,0,22.1,1,2,15.111,0
33.27,16,0,2,1,0,0,0,0,36.1,1,1,0.557,0
45.12,9,0,3,3,0,1,0,0,70.9,1,1,1.205,0
9.86,16,0,2,1,0,1,1,0,154.2,1,1,0.642,0
78.43,12,0,3,3,0,0,0,0,28.7,1,3,15.759,0
7.09,16,0,3,1,0,0,0,0,208.4,3,1,0.712,0
44.00,10,0,1,1,0,0,0,0,90.9,2,2,1.651,0
214.76,3,1,8,2,0,5,1,0,50.0,5,5,8.984,1
5.45,21,0,3,3,0,0,0,0,77.0,1,1,0.708,0
319.12,9,0,2,1,0,0,0,0,3.0,1,2,104.320,0
60.16,16,0,3,2,0,0,0,0,169.8,2,1,0.965,0
95.82,19,0,4,2,0,1,0,0,156.2,1,1,1.989,0
109.10,17,0,1,1,0,0,0,0,27.4,1,3,10.631,0
16.79,9,0,1,2,0,0,1,0,51.9,1,1,0.816,0
4.82,20,0,0,3,0,0,0,0,8.4,1,2,0.943,0
140.57,10,0,1,2,0,0,0,0,0.4,2,2,11.908,0
11.34,16,0,1,1,0,2,0,0,29.1,1,1,0.274,0
53.03,13,0,3,1,0,0,0,0,10.5,1,1,2.569,0
6.16,8,0,2,2,0,1,0,1,117.8,1,2,0.744,0
25.03,6,0,4,4,0,1,0,0,60.0,1,1,0.772,0
5.66,12,0,4,1,1,0,0,0,25.0,1,2,0.344,0
20.54,11,0,1,1,0,0,0,0,9.1,1,1,0.763,0
16.53,20,0,0,1,0,0,0,0,187.1,2,1,0.270,0
30.76,21,0,2,2,0,1,0,0,12.2,1,1,0.216,0
122.50,9,0,3,5,1,0,1,1,216.0,3,1,28.028,0
112.94,7,0,4,2,0,0,0,0,46.2,2,1,6.135,0
103.78,18,0,4,1,0,0,0,0,11.1,3,1,6.597,0
38.27,9,0,1,2,0,0,0,0,56.2,3,3,1.456,0
12.20,16,0,2,2,0,0,0,0,15.1,6,1,0.862,0
20.51,17,0,3,2,0,0,0,0,10.4,1,2,0.142,0
43.08,13,0,2,2,0,0,0,0,21.2,1,3,0.856,0
40.09,10,0,1,1,0,1,0,0,5.7,2,1,0.516,0
45.55,15,0,2,1,0,0,0,0,48.8,1,2,3.160,0
16.33,10,0,0,2,0,1,0,0,114.1,3,1,0.545,0
31.53,13,0,2,1,1,0,0,0,68.6,1,1,0.118,0
25.57,13,0,4,2,0,0,0,0,23.4,1,1,0.566,0
15.62,8,0,0,3,0,0,0,0,3.1,1,4,0.562,0
60.11,17,0,4,1,0,1,1,0,1.9,2,1,0.494,0
23.93,19,0,1,2,0,0,0,0,164.9,1,1,0.699,0
28.53,14,0,1,1,0,2,0,0,64.3,1,2,0.080,0
9.48,18,0,2,1,0,0,0,0,12.0,2,2,0.939,0
101.72,20,0,2,3,0,0,0,0,101.3,1,3,0.888,0
320.18,10,0,3,1,0,5,1,0,50.0,3,7,16.004,1
30.57,11,0,0,0,0,0,0,0,317.9,2,3,0.404,0
25.66,11,0,2,2,0,0,0,0,16.9,1,1,0.161,0
25.05,11,0,1,1,0,0,0,0,56.2,1,3,0.328,0
11.01,10,0,1,1,0,0,0,0,12.2,1,1,0.851,0
176.64,8,0,1,1,0,0,0,0,69.7,1,3,10.237,0
72.25,17,0,6,1,0,0,0,0,36.5,1,1,3.516,0
16.96,17,0,1,2,0,0,0,1,66.0,1,2,0.206,0
10.27,12,0,1,1,0,0,0,0,18.8,1,2,0.608,0
44.04,21,0,6,3,0,2,1,1,80.9,4,4,0.664,0
16.18,14,0,1,1,0,0,0,0,19.2,1,2,0.806,0
46.22,18,0,3,1,0,0,0,0,21.0,1,3,0.861,0
7.93,16,0,3,1,1,1,0,0,3.3,1,4,0.904,0
8.40,14,0,3,3,0,0,0,0,25.8,1,1,0.073,0
270.27,9,0,2,5,0,1,1,0,425.1,1,4,1.806,0
32.12,19,0,2,3,0,1,0,0,8.2,1,1,0.635,0
45.60,18,0,3,1,0,0,0,0,6.0,1,3,5.930,0
22.35,18,0,2,2,1,0,0,0,87.4,1,4,0.561,0
22.03,13,0,1,1,0,1,0,0,97.1,1,1,0.063,0
24.99,19,0,4,1,0,0,0,0,100.3,2,2,0.551,0
8.42,16,0,1,1,0,0,0,0,72.1,3,1,0.166,0
8.44,14,0,2,1,0,0,0,1,111.6,1,1,0.589,0
316.49,23,1,9,3,1,5,1,1,566.6,5,9,10.696,1
9.72,18,0,1,1,0,1,0,0,36.1,2,1,0.588,0
50.34,10,0,4,3,0,0,0,0,13.7,5,2,0.147,0
82.12,18,0,4,4,0,0,0,1,8.7,1,3,2.010,0
43.19,15,0,1,1,0,0,0,0,107.7,1,1,1.589,0
112.61,17,0,0,1,0,0,0,0,7.6,1,2,7.662,0
7.34,15,0,2,2,0,1,0,0,21.1,1,1,0.407,0
20.22,12,0,0,0,0,1,0,0,21.8,1,1,0.635,0
6.91,15,0,5,1,0,1,0,0,41.2,1,1,0.860,0
32.24,11,0,2,1,0,0,0,0,94.9,1,1,0.858,0
46.43,19,0,1,1,0,0,0,0,1.4,1,1,0.974,0
63.01,21,0,4,5,0,0,0,1,34.2,2,1,7.800,0
12.35,11,0,3,1,0,0,0,0,53.2,1,1,0.832,0
41.85,17,0,1,1,0,0,1,0,9.8,2,2,5.975,0
47.09,13,0,3,2,0,0,0,0,24.0,1,1,1.619,0
32.35,21,0,1,1,0,0,0,0,8.7,1,1,0.029,0
76.40,19,0,1,1,0,0,0,0,8.4,1,2,5.984,0
170.61,2,1,11,5,0,1,1,0,50.0,5,4,9.643,1
16.14,13,0,2,1,0,0,0,0,5.4,1,1,0.376,0
4.76,10,0,2,2,0,0,0,0,121.3,1,1,0.935,0
5.88,9,0,5,2,0,0,0,0,18.4,1,2,0.852,0
22.07,16,0,2,1,0,0,0,0,83.3,3,1,0.745,0
7.92,18,0,5,1,0,0,0,0,82.7,1,1,0.765,0
19.02,13,0,2,1,0,0,1,0,24.7,1,1,0.353,0
86.80,14,0,1,2,0,0,0,0,40.8,1,3,0.911,0
51.10,19,0,0,1,0,0,0,1,31.5,1,2,4.131,0
10.91,9,0,0,3,0,0,0,1,131.4,1,1,0.743,0
43.04,8,0,2,2,0,1,1,0,32.3,1,2,0.362,0
8.35,18,0,1,1,0,0,0,0,19.6,2,4,0.577,0
33.93,11,0,9,2,2,2,1,0,375.8,2,5,0.152,0
68.22,12,0,2,1,0,1,0,0,33.2,1,2,1.578,0
21.69,18,0,5,1,1,0,0,0,13.1,1,1,0.530,0
10.74,18,0,2,2,0,0,0,0,62.9,1,1,0.818,0
22.15,15,0,3,1,0,0,0,0,61.6,1,2,0.812,0
89.85,8,0,3,3,1,0,0,0,9.9,1,1,5.022,0
28.74,8,0,2,1,0,0,0,0,27.4,1,2,0.786,0
5.96,18,0,2,1,0,2,0,0,1.6,3,1,0.761,0
44.28,19,0,4,4,0,0,0,0,0.5,1,2,0.128,0
51.94,8,0,3,4,0,0,1,0,751.5,4,3,0.953,0
23.67,19,0,3,3,0,0,0,0,94.9,2,2,3.840,0
22.02,15,0,5,5,0,1,0,0,9.9,1,1,0.157,0
34.65,20,0,3,2,0,0,0,0,37.2,1,1,0.196,0
26.36,17,0,2,2,0,0,0,0,47.5,1,1,0.802,0
32.14,12,0,1,3,0,1,0,0,29.1,2,1,0.189,0
75.69,12,0,2,2,0,0,0,0,116.5,1,3,11.368,0
28.42,13,0,2,2,0,0,0,0,13.5,1,4,3.204,0
22.43,13,0,1,1,0,0,0,0,30.5,1,2,0.247,0
26.87,18,0,2,3,0,0,0,0,11.2,1,3,0.234,0
5.50,17,0,0,0,0,1,1,0,44.4,3,3,0.644,0
37.19,18,0,3,2,0,1,0,0,13.9,1,2,0.486,0
56.81,12,0,2,2,0,1,0,0,13.9,1,1,0.095,0
15.21,19,0,2,2,0,0,0,0,43.9,1,3,0.514,0
155.12,9,0,4,1,0,0,0,0,11.1,2,4,0.656,0
16.36,10,0,0,0,0,0,0,0,29.2,1,1,0.794,0
22.72,1,1,10,1,0,4,1,0,112.5,2,3,0.747,0
79.49,19,0,2,1,0,0,0,0,5.2,2,1,1.979,0
57.88,18,0,3,1,0,1,0,0,92.5,1,1,0.575,0
126.15,14,0,6,10,1,8,1,0,284.3,4,5,1.323,1
23.73,17,0,0,2,1,2,0,0,11.5,2,3,0.379,0
12.74,20,0,2,2,1,0,0,0,5.2,1,1,0.514,0
36.28,13,0,4,1,0,1,0,0,16.2,1,3,0.682,0
61.42,18,0,5,1,0,0,0,0,145.3,3,2,0.610,0
58.15,8,0,3,3,0,1,0,0,636.9,5,4,1.781,0
4.15,21,0,6,3,0,1,0,0,2.6,3,1,0.963,0
196.61,5,1,7,9,4,4,1,0,136.1,6,4,7.331,1
26.37,19,0,2,2,0,0,0,0,4.9,2,2,0.550,0
18.83,20,0,0,0,0,1,0,0,58.6,1,1,0.477,0
31.99,9,0,2,2,0,0,0,0,56.7,1,1,0.903,0
87.82,13,0,2,3,0,1,0,0,125.4,2,1,14.710,0
102.57,8,0,3,2,0,0,0,0,43.3,2,1,3.321,0
229.06,6,0,7,5,0,3,0,1,85.1,4,3,23.925,0
31.85,12,0,0,0,0,0,0,0,91.0,1,2,0.101,0
21.92,14,0,5,1,0,0,0,1,0.2,3,2,0.510,0
131.11,10,0,8,8,2,3,0,0,564.0,3,8,4.605,1
22.30,12,0,1,1,0,0,0,0,138.9,3,2,4.057,0
36.19,11,0,1,2,0,0,0,0,61.9,1,1,0.484,0
52.31,8,0,3,5,0,1,0,0,29.3,3,2,0.146,0
124.92,19,0,6,3,0,0,0,0,168.3,5,4,8.281,0
37.03,16,0,0,1,0,0,0,0,37.4,2,4,2.733,0
58.52,11,0,4,4,0,2,0,0,21.6,1,1,0.497,0
9.26,13,0,4,4,0,0,0,0,23.5,3,2,0.082,0
16.18,14,0,3,3,0,0,0,0,48.9,1,1,0.794,0
38.71,16,0,1,2,0,0,0,0,57.9,1,1,1.612,0
2.05,21,0,3,3,0,0,0,0,0.5,1,1,0.944,0
24.87,21,0,3,1,0,1,0,0,27.7,1,1,0.451,0
14.26,15,0,1,4,0,1,0,0,85.9,1,1,0.755,0
11.95,14,0,1,1,0,0,0,0,39.2,4,2,0.511,0
5.42,15,0,2,1,0,0,0,0,50.8,2,3,0.508,0
11.59,20,0,2,2,0,0,0,0,6.4,2,2,0.860,0
60.56,19,0,6,8,0,2,0,1,152.1,1,4,0.042,0
5.26,11,0,3,4,0,1,0,0,21.3,1,1,0.935,0
17.11,10,0,0,0,0,0,0,0,52.7,1,3,0.897,0
23.30,20,0,2,2,0,0,0,0,12.5,1,1,0.074,0
33.95,15,0,0,0,0,0,0,0,163.8,1,1,0.849,0
48.44,10,0,2,1,0,0,0,0,103.7,1,1,0.601,0
175.16,11,0,2,1,0,0,0,0,100.1,1,1,11.088,0
22.89,19,0,1,1,0,0,0,1,177.3,3,1,0.853,0
83.55,19,0,5,6,1,3,0,0,94.1,3,4,0.133,0
39.20,20,0,7,1,0,1,0,0,1.9,1,3,7.770,0
11.14,14,0,3,1,0,1,0,0,20.7,1,1,0.797,0
9.85,15,0,4,4,0,0,1,0,19.1,3,4,0.643,0
6.73,21,0,7,2,0,0,0,1,23.5,1,2,0.875,0
4.97,8,0,1,2,0,0,0,0,100.3,1,1,0.962,0
30.92,14,0,3,1,0,0,1,0,35.8,1,1,1.502,0
54.80,14,0,2,2,0,0,0,0,0.7,2,1,5.524,0
17.38,20,0,2,2,0,0,0,0,33.3,1,1,0.072,0
3.72,17,0,2,2,0,0,1,0,2.4,2,1,0.828,0
56.75,20,0,3,3,0,1,0,1,119.0,1,1,1.855,0
109.42,18,0,4,6,1,3,0,1,637.4,1,2,5.429,0
29.81,13,0,2,1,0,1,0,0,16.4,3,1,2.151,0
38.38,15,0,3,2,0,0,0,0,56.1,1,1,0.003,0
28.76,18,0,0,0,0,0,0,0,22.6,3,1,0.469,0
41.25,17,0,2,1,0,1,1,0,17.3,3,3,0.454,0
22.08,18,0,0,2,0,0,0,0,102.3,1,2,0.697,0
47.01,11,0,2,1,0,0,0,0,4.1,1,1,0.316,0
47.05,19,0,3,2,0,0,0,0,18.5,2,1,7.493,0
28.84,15,0,4,4,0,0,1,0,22.2,2,3,0.322,0
11.21,9,0,3,2,0,0,0,1,82.7,2,2,0.382,0
202.69,2,1,9,5,3,4,1,1,86.9,6,5,1.805,1
20.82,15,0,4,4,0,0,0,0,9.5,1,1,6.571,0
172.71,9,0,3,3,0,0,0,0,121.2,1,4,13.575,0
48.40,13,0,2,1,0,0,0,0,134.9,2,1,0.694,0
27.52,19,0,1,1,0,1,0,0,49.5,1,2,0.069,0
25.38,15,0,3,1,1,1,0,0,5.2,3,2,0.072,0
8.23,18,0,2,1,0,0,0,0,12.5,1,1,0.884,0
5.87,13,0,1,1,0,0,0,0,38.7,4,3,0.623,0
44.91,14,0,3,4,0,1,0,0,14.8,1,2,1.599,0
16.25,16,0,4,4,0,0,0,0,66.7,3,3,0.327,0
27.73,8,0,0,1,0,1,1,0,34.1,1,2,0.187,0
33.82,8,0,0,0,0,0,0,1,29.3,3,1,0.872,0
26.95,19,0,3,3,0,0,0,0,9.1,2,1,0.629,0
14.96,11,0,2,2,2,0,0,0,15.3,2,4,3.099,0
24.56,9,0,0,0,0,0,0,0,168.3,4,1,4.226,0
140.99,22,0,8,3,0,3,0,0,219.6,3,5,2.824,0
6.89,9,0,2,1,0,1,0,0,92.3,1,2,0.638,0
8.97,11,0,4,4,0,0,0,0,39.0,3,2,1.527,0
48.81,20,0,3,2,1,0,0,0,16.1,1,2,5.760,0
16.46,21,0,0,3,0,1,0,0,246.9,1,1,0.527,0
11.28,21,0,3,3,0,0,0,0,2.9,2,1,1.738,0
21.22,13,0,1,1,0,0,0,0,35.5,1,2,0.622,0
75.49,9,0,4,2,0,0,0,0,72.0,1,1,8.703,0
24.42,12,0,0,1,0,0,0,0,3.4,2,2,0.355,0
14.55,21,0,3,3,0,1,0,0,37.7,3,2,0.177,0
23.79,9,0,2,2,0,0,0,0,70.5,1,2,0.121,0
54.64,19,0,4,4,0,0,0,0,1.8,3,1,1.167,0
188.70,11,0,2,1,0,3,1,1,208.0,2,5,3.515,0
44.43,13,0,2,1,1,0,0,0,26.7,1,2,0.129,0
271.21,23,1,6,8,2,6,1,0,244.7,3,5,18.235,1
15.84,17,0,1,1,0,1,0,0,46.7,1,1,0.563,0
8.57,20,0,0,0,0,1,0,0,34.3,2,2,0.890,0
55.00,10,0,0,1,0,0,0,0,21.2,1,1,1.028,0
72.19,18,0,2,1,0,0,0,0,64.5,3,1,0.200,0
40.06,17,0,3,2,0,1,0,0,11.4,5,1,0.196,0
9.32,13,0,2,1,0,1,0,0,10.8,2,1,0.410,0
23.71,14,0,3,1,0,1,0,1,17.9,2,2,0.332,0
31.83,16,0,1,1,0,1,0,0,147.4,1,1,0.619,0
40.21,11,0,0,0,0,0,0,0,26.8,1,4,1.093,0
35.50,10,0,3,2,0,0,0,0,4.4,1,4,0.748,0
19.26,13,0,0,0,0,0,0,0,7.1,1,1,0.570,0
15.61,12,0,3,3,0,1,0,0,180.1,1,2,0.044,0
192.55,10,0,1,1,0,0,0,0,36.5,2,1,0.811,0
37.51,12,0,0,0,0,0,0,0,47.5,1,1,0.595,0
5.86,18,0,3,1,0,0,0,0,19.6,1,2,0.515,0
14.52,15,0,0,0,0,0,1,0,63.8,1,2,0.190,0
26.35,4,1,4,3,0,3,1,1,54.9,1,3,0.797,0
25.10,13,0,2,1,0,0,0,0,14.5,1,2,0.287,0
12.46,11,0,1,1,0,0,0,0,48.4,1,1,0.883,0
28.37,20,0,2,2,0,0,0,0,19.3,1,1,0.114,0
23.54,16,0,3,2,0,1,0,0,148.5,3,1,0.426,0
16.20,6,0,11,5,2,4,1,0,50.0,5,2,0.905,1
121.12,16,0,2,2,0,0,0,0,27.1,2,2,7.156,0
55.74,13,0,2,1,0,0,0,0,48.1,2,2,1.538,0
56.63,23,1,5,5,0,6,0,0,430.8,5,1,0.320,0
23.59,9,0,3,2,0,0,1,1,43.8,1,3,0.797,0
46.00,10,0,0,0,0,0,1,0,51.1,3,1,1.617,0
3.82,20,0,2,2,0,0,0,0,20.7,3,1,0.473,0
104.38,6,0,3,3,0,2,0,0,43.1,2,4,1.987,0
18.39,13,0,3,3,0,0,0,0,15.7,1,2,0.621,0
20.50,19,0,2,1,0,0,0,0,0.8,1,1,0.195,0
14.11,17,0,0,0,0,0,0,0,83.0,2,2,0.949,0
14.42,9,0,2,1,0,1,0,0,48.5,2,2,0.123,0
9.34,14,0,2,2,0,1,0,0,47.6,3,3,0.089,0
11.78,19,0,3,3,0,0,0,0,102.4,1,1,0.931,0
9.03,15,0,5,1,0,0,0,0,83.1,1,2,0.657,0
87.08,17,0,3,1,0,0,0,0,11.1,1,1,3.067,0
11.95,18,0,4,4,0,0,0,0,11.6,1,1,0.940,0
58.16,21,0,1,1,0,0,0,0,35.9,1,1,0.906,0
7.87,14,0,4,4,0,0,0,0,147.6,1,1,0.307,0
11.32,17,0,1,1,0,1,0,0,60.1,1,3,0.405,0
35.40,17,0,1,1,0,0,0,0,29.2,1,5,0.501,0
59.62,14,0,1,4,0,0,0,0,6.0,1,1,7.979,0
22.38,19,0,5,5,0,1,0,1,15.3,1,3,0.739,0
36.92,9,0,4,5,0,0,0,0,2.6,1,2,0.198,0
16.84,14,0,2,2,0,1,0,0,6.1,1,2,0.651,0
12.91,17,0,2,2,0,0,0,0,131.8,4,3,0.499,0
76.53,15,0,1,1,0,1,0,0,3.6,3,1,0.453,0
120.96,17,0,5,4,0,0,1,0,320.7,4,2,0.391,0
77.60,12,0,3,3,0,1,0,0,106.4,1,2,0.564,0
9.71,13,0,4,4,0,0,0,0,52.9,1,2,0.085,0
84.70,18,0,0,1,0,0,0,0,32.8,1,1,16.832,0
23.53,17,0,4,2,0,0,0,0,1.6,2,1,0.090,0
23.12,14,0,3,1,0,0,0,0,48.9,1,1,0.278,0
15.84,18,0,1,2,1,0,0,0,45.9,1,3,0.503,0
35.43,10,0,1,2,0,0,0,0,22.5,2,2,0.746,0
15.47,16,0,0,1,0,1,0,0,21.3,1,1,0.707,0
14.86,18,0,2,2,0,0,0,0,39.0,3,1,0.658,0
26.32,16,0,1,1,0,0,0,0,4.4,1,3,1.231,0
125.54,8,0,9,6,0,3,0,0,157.8,1,3,9.375,0
176.95,16,0,2,1,0,1,0,0,60.1,1,1,4.157,0
223.10,5,1,3,3,1,4,0,1,232.3,4,6,18.849,0
18.11,14,0,1,1,0,1,0,0,68.3,1,1,0.253,0
30.84,20,0,2,2,0,0,0,1,75.9,2,2,0.747,0
33.06,20,0,5,5,0,0,0,0,94.2,2,1,0.793,0
20.36,17,0,2,2,0,0,0,0,2.0,1,1,0.710,0
17.09,16,0,0,0,0,0,0,0,9.2,2,1,0.753,0
12.47,9,0,2,1,0,0,1,0,61.3,1,2,0.229,0
20.67,19,0,2,2,0,0,0,0,233.9,1,1,0.803,0
7.68,21,0,1,2,0,0,0,0,96.1,3,1,0.791,0
24.29,12,0,1,1,0,0,0,0,53.6,3,1,1.171,0
60.87,15,0,3,1,0,0,0,0,0.3,1,1,11.422,0
25.72,14,0,4,2,0,0,0,0,54.0,3,2,0.514,0
4.61,16,0,0,0,0,1,0,0,90.1,2,2,0.346,0
9.94,10,0,2,1,0,0,0,0,59.2,1,1,0.645,0
48.47,8,0,3,1,0,0,0,0,33.7,2,1,0.755,0
40.96,14,0,2,1,0,0,0,0,113.7,1,2,0.830,0
6.08,11,0,1,1,0,0,0,1,40.8,1,1,0.778,0
20.91,18,0,3,3,0,0,0,0,0.4,1,2,0.649,0
29.00,9,0,0,2,0,0,0,0,5.0,2,1,8.571,0
6.64,18,0,1,2,0,0,0,0,26.9,2,2,0.912,0
7.19,17,0,4,2,0,0,0,1,47.8,1,1,0.651,0
8.29,17,0,1,1,0,0,0,0,11.1,2,4,0.331,0
6.25,19,0,6,1,0,0,0,0,90.8,1,1,0.683,0
29.25,14,0,2,1,0,0,0,0,50.6,1,1,0.738,0
7.59,16,0,0,2,0,0,0,0,106.9,4,1,0.904,0
7.14,21,0,3,3,0,0,0,0,36.1,1,1,0.832,0
88.59,9,0,6,2,0,1,0,0,6.9,1,3,6.764,0
29.61,16,0,1,1,0,0,0,0,6.2,2,1,6.187,0
10.33,14,0,3,1,0,0,0,0,12.9,1,1,0.900,0
23.98,13,0,4,4,0,0,0,0,22.3,2,1,0.766,0
6.57,13,0,1,1,0,1,0,0,32.5,2,2,0.363,0
13.48,18,0,4,2,0,1,0,0,2.6,3,1,1.442,0
21.50,8,0,1,1,0,0,0,0,33.6,3,1,1.654,0
3.51,11,0,2,1,0,1,0,1,108.8,2,4,0.703,0
84.03,22,0,8,3,0,3,0,0,100.0,2,5,2.962,0
32.27,20,0,2,1,0,0,0,0,33.0,4,2,0.144,0
7.40,15,0,1,1,0,0,1,0,1.6,1,1,0.651,0
35.05,8,0,1,1,0,1,0,0,71.9,1,1,2.367,0
44.40,17,0,4,1,0,0,0,0,18.4,1,4,0.638,0
16.01,19,0,0,1,0,0,0,0,21.7,2,2,0.509,0
323.95,11,0,0,0,0,0,0,0,33.3,3,1,9.416,0
165.44,12,0,4,7,0,0,0,0,264.6,1,3,9.517,0
8.04,13,0,2,1,0,0,0,1,49.4,4,2,0.631,0
59.03,18,0,2,2,0,0,0,0,71.9,2,1,2.301,0
6.55,12,0,4,3,0,0,0,0,6.5,1,2,0.877,0
14.85,14,0,3,2,0,0,0,0,23.9,2,1,0.248,0
23.40,13,0,2,2,0,1,1,0,22.7,1,1,2.128,0
10.86,10,0,5,4,0,0,0,0,32.5,1,1,0.421,0
42.48,21,0,1,1,0,0,0,1,147.7,1,2,2.582,0
14.77,9,0,2,1,0,0,0,0,44.7,1,1,0.923,0
77.86,2,1,10,4,4,4,1,1,414.7,3,5,0.349,1
65.86,18,0,3,1,0,0,0,0,114.9,3,1,8.685,0
36.48,14,0,3,1,0,0,0,0,42.7,1,1,2.275,0
18.23,10,0,1,1,0,1,0,0,4.0,2,3,0.278,0
23.64,12,0,3,3,0,0,0,0,23.8,2,2,5.077,0
3.83,20,0,2,2,0,0,0,0,10.2,1,2,0.864,0
33.22,10,0,0,3,0,1,0,0,1.8,1,2,0.136,0
29.41,17,0,1,1,0,0,0,0,194.3,2,1,1.640,0
35.22,12,0,1,1,0,0,0,0,4.9,2,2,0.378,0
26.62,11,0,1,1,0,0,0,0,4.6,1,2,0.182,0
35.75,14,0,1,1,0,1,0,0,62.0,2,3,9.185,0
5.71,10,0,0,1,0,1,0,0,6.6,1,3,0.597,0
5.74,16,0,0,1,0,0,0,0,44.5,4,1,0.563,0
24.26,14,0,3,2,0,0,0,0,2.0,1,3,0.380,0
20.53,19,0,2,3,0,0,0,0,56.2,1,1,0.309,0
36.83,17,0,0,1,0,1,0,0,10.7,1,2,0.913,0
80.64,15,0,1,3,0,0,0,0,31.9,2,1,4.781,0
36.61,12,0,0,0,0,0,0,0,44.2,2,4,0.820,0
34.87,16,0,1,1,0,0,0,0,67.5,2,2,4.197,0
5.56,11,0,3,3,0,0,0,0,22.3,1,1,0.070,0
25.50,15,0,8,6,1,4,0,1,478.6,3,2,0.248,0
22.71,11,0,2,2,0,0,0,0,22.8,1,1,0.117,0
11.89,15,0,4,2,0,0,0,0,23.9,3,3,0.396,0
17.53,15,0,1,1,0,2,0,0,28.8,2,2,0.105,0
55.07,17,0,4,4,0,0,0,0,16.9,5,2,0.431,0
183.70,19,0,7,2,0,2,1,0,169.6,1,4,1.010,0
41.36,14,0,1,1,0,1,0,0,6.1,1,2,0.576,0
638.30,22,0,2,4,0,2,0,0,101.2,1,3,19.731,0
38.39,14,0,2,1,0,0,0,0,28.8,1,1,1.408,0
22.24,16,0,1,1,0,1,0,0,20.5,2,3,0.103,0
12.27,17,0,3,2,0,1,0,0,60.1,1,5,0.923,0
5.28,18,0,2,1,0,1,1,0,21.3,2,2,0.819,0
2.40,9,0,3,1,0,1,0,0,19.9,1,2,0.980,0
42.92,20,0,1,1,0,1,0,0,24.7,2,1,0.247,0
14.32,20,0,0,1,0,0,0,0,22.6,1,1,0.646,0
40.54,21,0,1,1,0,1,0,0,32.4,1,2,0.241,0
17.86,17,0,1,1,0,0,0,1,7.9,3,2,0.643,0
70.86,11,0,0,1,0,0,0,0,41.1,1,1,1.810,0
46.03,10,0,2,2,0,0,0,0,22.4,1,1,2.461,0
7.94,19,0,1,1,0,0,0,0,9.4,1,4,0.606,0
13.41,16,0,1,1,0,0,1,0,2.7,2,1,0.706,0
15.66,14,0,2,1,0,0,0,0,13.7,2,3,0.729,0
29.30,19,0,2,2,0,0,0,0,32.2,1,1,6.112,0
15.27,8,0,6,1,0,1,0,0,55.0,1,5,0.898,0
11.16,11,0,2,2,0,1,1,0,5.4,2,1,0.747,0
6.16,20,0,1,1,0,2,0,0,25.4,1,3,0.978,0
129.10,12,0,3,3,0,1,1,0,452.0,2,1,1.291,0
115.04,17,0,1,1,0,0,0,0,4.0,2,1,0.380,0
46.24,20,0,2,2,0,0,0,0,7.5,1,3,0.661,0
6.54,15,0,2,2,0,2,0,0,24.3,1,1,0.896,0
7.99,14,0,0,2,0,0,0,0,7.2,1,2,0.935,0
48.86,12,0,2,2,0,0,0,0,61.4,1,1,0.042,0
24.76,11,0,3,2,0,0,0,0,75.4,1,1,0.212,0
7.08,11,0,3,1,0,0,0,0,11.9,1,1,0.420,0
31.17,13,0,0,0,0,2,0,0,19.4,1,1,0.327,0
58.59,10,0,1,1,0,0,0,0,2.6,1,1,5.161,0
23.53,8,0,1,1,0,0,0,0,22.1,2,1,1.451,0
53.23,19,0,2,1,0,0,0,0,19.5,2,4,3.690,0
33.56,19,0,1,1,0,1,0,0,46.8,1,1,0.388,0
243.16,13,0,2,2,0,1,0,0,116.2,1,1,4.545,0
6.52,13,0,4,1,0,0,0,0,50.7,1,1,0.574,0
136.87,9,0,1,3,0,0,0,0,57.8,3,2,1.957,0
18.06,11,0,1,2,0,1,0,0,41.6,2,1,0.843,0
15.29,17,0,3,1,0,0,0,0,235.7,1,1,0.809,0
26.32,21,0,4,4,0,1,0,0,23.1,1,1,0.158,0
13.03,13,0,3,2,0,0,0,0,91.6,1,1,0.378,0
27.68,17,0,3,2,0,0,0,0,108.4,2,1,0.379,0
19.42,18,0,1,2,0,0,0,0,18.7,2,2,2.377,0
10.17,15,0,2,1,0,0,0,0,16.9,2,1,0.768,0
3.44,19,0,3,2,0,2,1,0,62.3,1,1,0.847,0
20.19,14,0,4,1,0,0,0,0,59.7,1,1,0.468,0
15.38,12,0,1,1,0,0,0,0,57.9,2,1,0.502,0
4.24,13,0,0,1,0,2,0,0,34.1,1,1,0.862,0
5.01,13,0,4,4,0,0,1,0,71.7,1,1,0.815,0
43.10,20,0,2,2,0,0,0,0,26.0,1,1,0.345,0
29.22,14,0,1,1,0,1,0,0,16.9,1,4,0.480,0
7.79,12,0,3,2,0,1,0,0,98.9,1,1,0.216,0
9.66,12,0,1,1,0,0,0,0,5.6,1,1,0.679,0
21.78,19,0,0,4,0,0,0,0,30.5,1,1,4.657,0
26.40,9,0,4,2,0,0,0,0,72.5,1,3,1.677,0
207.17,10,0,2,1,0,0,0,0,77.1,1,1,66.703,0
5.46,21,0,3,1,0,0,0,0,133.8,2,2,0.764,0
117.55,12,0,2,2,0,0,0,0,100.8,1,1,14.950,0
52.43,11,0,3,1,0,0,0,0,6.7,3,3,4.027,0
41.53,14,0,1,1,0,0,0,0,16.1,4,1,8.375,0
8.79,11,0,2,1,0,1,0,0,70.9,4,1,0.706,0
141.10,11,0,2,2,0,1,0,0,70.5,1,2,4.683,0
40.49,13,0,2,2,0,0,0,0,110.9,1,3,0.561,0
146.36,16,0,3,1,0,1,1,0,165.6,2,2,1.971,0
40.31,12,0,1,1,0,0,0,0,10.2,1,5,0.818,0
5.02,13,0,0,0,1,1,0,0,7.2,1,1,0.494,0
67.88,19,0,4,2,0,0,0,0,64.5,1,1,0.592,0
17.27,19,0,0,3,0,1,0,0,72.3,1,2,0.505,0
18.88,16,0,4,2,0,1,0,0,18.5,2,1,0.383,0
4.21,14,0,1,1,0,0,0,0,61.0,3,1,0.290,0
28.25,12,0,2,3,0,0,0,0,115.6,1,1,0.578,0
43.02,13,0,1,1,0,0,0,0,12.3,2,2,1.899,0
33.11,17,0,2,1,1,0,0,0,160.4,1,3,0.187,0
48.54,9,0,1,1,0,0,0,1,27.2,1,2,0.084,0
58.64,13,0,2,2,0,1,0,0,18.4,1,5,4.212,0
20.42,11,0,0,1,0,1,1,0,10.4,1,1,0.682,0
5.25,14,0,1,1,0,0,0,0,11.4,1,4,0.615,0
22.88,8,0,4,6,0,1,0,0,51.2,1,1,0.618,0
19.71,10,0,2,2,0,0,1,0,76.9,1,1,0.654,0
101.81,15,0,2,2,0,0,0,0,22.7,3,1,4.150,0
25.72,9,0,1,1,0,0,0,0,113.2,1,1,0.552,0
14.11,19,0,1,1,0,0,0,0,67.3,1,1,0.317,0
10.14,20,0,1,1,0,0,0,0,62.2,1,1,0.423,0
7.84,11,0,7,2,0,0,0,0,62.3,1,3,0.824,0
14.52,8,0,1,3,0,1,0,0,11.5,1,1,0.733,0
12.24,14,0,2,2,0,0,0,0,38.1,3,4,0.878,0
40.96,17,0,1,1,0,2,0,0,58.7,1,2,19.480,0
15.51,9,0,2,2,0,0,0,0,0.7,1,2,0.091,0
61.38,0,1,4,4,0,1,0,1,77.0,3,2,0.024,0
5.89,10,0,3,2,0,0,0,0,2.9,1,1,0.736,0
148.89,14,0,3,3,0,1,0,0,13.8,4,4,2.558,1
5.89,17,0,1,1,0,1,0,0,260.5,4,4,0.564,0
10.04,10,0,3,2,0,1,0,0,26.4,2,2,0.220,0
30.66,11,0,3,3,0,0,0,0,8.9,1,3,0.461,0
17.89,9,0,2,3,0,0,0,0,38.7,2,1,0.395,0
45.13,9,0,1,2,0,0,0,0,11.4,1,2,0.026,0
4.24,17,0,2,1,0,0,0,0,0.9,2,1,0.149,0
58.86,13,0,2,2,0,0,0,0,20.5,1,2,1.600,0
28.40,20,0,6,5,0,2,1,1,273.2,1,4,0.355,0
22.35,9,0,2,1,0,1,0,0,214.3,1,2,4.960,0
33.68,15,0,0,2,0,1,0,0,55.5,1,1,0.047,0
28.76,20,0,5,1,0,1,0,0,103.8,2,2,0.698,0
15.20,13,0,5,5,0,1,0,0,85.3,1,1,1.289,0
14.71,14,0,3,3,0,0,0,0,17.9,1,1,0.164,0
29.06,12,0,4,1,0,0,0,0,22.2,1,2,0.516,0
51.02,8,0,0,1,0,1,0,0,25.7,1,2,0.073,0
13.76,9,0,0,1,1,1,0,0,98.9,1,1,0.783,0
5.97,14,0,0,0,0,0,0,0,35.5,1,3,0.850,0
13.48,17,0,1,3,1,0,0,0,146.4,1,3,0.613,0
8.44,11,0,2,1,0,0,0,0,11.5,1,1,0.501,0
43.52,9,0,3,2,0,0,0,0,51.8,1,1,0.377,0
13.45,8,0,1,1,0,1,1,0,18.6,1,4,0.569,0
30.31,13,0,2,2,0,0,0,0,20.6,1,2,0.454,0
9.40,19,0,2,2,0,1,0,0,74.8,2,1,0.640,0
12.22,14,0,5,1,0,0,0,0,58.6,4,1,0.865,0
43.60,14,0,3,2,0,0,0,0,6.9,1,1,0.883,0
17.71,19,0,1,1,0,0,0,0,7.3,1,2,0.740,0
5.58,21,0,0,1,0,0,0,0,42.5,3,2,0.956,0
25.47,18,0,1,1,0,1,0,0,49.2,1,1,0.222,0
27.80,22,0,6,5,1,2,1,0,161.3,1,2,0.793,0
21.67,19,0,5,1,0,2,0,0,33.7,1,1,0.709,0
16.11,17,0,1,1,0,0,0,1,13.1,1,3,0.606,0
23.84,16,0,2,1,0,0,0,0,8.5,2,2,0.616,0
19.50,9,0,3,1,0,0,1,0,32.7,1,1,3.140,0
2248.03,23,1,2,3,1,1,1,0,406.0,1,2,120.844,0
21.08,12,0,2,2,0,0,0,0,12.0,2,2,4.760,0
22.21,8,0,2,1,0,1,0,0,191.4,1,1,0.356,0
27.62,19,0,5,3,0,2,0,0,16.7,1,1,0.677,0
70.37,13,0,2,1,0,0,0,0,79.7,4,2,4.442,0
25.66,20,0,1,1,0,0,0,0,8.4,1,1,3.615,0
16.67,16,0,4,2,0,0,0,0,1.0,2,2,0.497,0
39.08,9,0,5,5,0,0,0,0,26.1,1,3,5.243,0
14.93,12,0,1,1,0,0,0,0,73.1,1,4,0.449,0
67.16,16,0,0,1,0,1,0,1,33.8,2,1,0.587,0
12.48,11,0,3,1,0,0,0,0,22.3,1,1,0.189,0
44.00,3,1,6,5,0,1,1,1,143.3,3,1,1.407,0
17.31,12,0,3,1,0,0,0,0,29.6,3,1,0.793,0
9.70,20,0,2,2,0,0,0,0,52.7,1,3,1.185,0
94.39,15,0,3,1,0,0,0,0,20.8,2,1,5.638,0
46.34,21,0,0,0,0,0,0,0,61.2,1,1,2.368,0
10.38,20,0,2,3,0,0,0,0,131.4,1,1,0.542,0
42.59,13,0,4,2,0,0,0,0,11.3,1,1,2.491,0
88.99,11,0,3,1,0,0,0,0,40.3,2,1,0.084,0
13.83,16,0,0,1,0,0,0,0,60.4,1,1,0.824,0
51.47,9,0,3,4,0,4,1,0,510.5,2,2,2.062,0
12.51,19,0,2,2,0,0,0,0,82.4,1,3,0.733,0
43.19,15,0,4,1,0,1,0,0,129.9,3,1,2.242,0
32.57,16,0,3,1,0,1,0,0,23.8,1,2,0.380,0
16.46,10,0,2,2,0,0,0,0,23.1,1,1,0.041,0
102.38,16,0,3,2,0,0,0,0,80.4,1,1,3.344,0
36.98,6,0,4,2,1,5,0,0,13.3,4,5,0.725,0
20.04,11,0,2,1,0,1,0,0,11.0,2,2,0.266,0
7.34,20,0,0,0,0,0,1,1,14.5,1,1,0.879,0
18.00,19,0,1,2,0,0,0,0,3.3,1,1,1.247,0
217.30,15,0,5,2,0,2,0,0,243.3,3,3,0.325,0
20.12,14,0,0,0,0,1,0,0,7.2,1,6,1.715,0
10.37,11,0,1,1,0,0,0,0,65.5,2,1,0.813,0
219.76,11,0,3,3,0,2,0,0,272.0,4,5,18.960,0
45.32,14,0,2,1,0,0,0,0,5.8,1,1,0.799,0
120.12,9,0,2,1,0,1,0,0,28.9,3,2,20.880,0
82.07,15,0,4,2,0,0,1,0,126.0,3,2,2.946,0
13.15,20,0,4,4,0,0,0,0,13.1,2,2,0.733,0
105.98,14,0,1,1,0,0,0,0,75.3,5,1,7.928,0
19.91,14,0,0,1,0,1,0,0,108.7,2,3,0.104,0
15.08,19,0,1,1,0,0,0,0,139.0,1,2,0.547,0
14.04,19,0,2,4,0,1,0,1,38.8,1,2,0.378,0
13.99,10,0,3,1,0,0,0,0,0.3,1,1,0.851,0
5.78,9,0,2,2,0,0,0,0,5.5,2,3,0.754,0
8.56,16,0,3,2,1,0,0,0,335.8,1,1,0.524,0
89.75,14,0,7,2,0,0,0,0,49.4,1,1,0.647,0
174.98,20,0,2,2,0,0,0,1,79.8,4,1,20.764,0
25.73,15,0,0,0,0,1,0,0,79.3,1,1,5.736,0
35.73,3,1,8,10,0,2,0,0,16.9,2,5,0.256,0
28.38,13,0,0,0,0,0,0,0,91.6,4,2,1.042,0
20.66,12,0,2,2,0,0,0,0,71.1,1,1,0.890,0
48.12,13,0,1,1,0,0,0,0,7.0,1,1,5.816,0
10.28,20,0,1,1,0,0,0,0,88.7,1,1,0.725,0
19.10,18,0,3,3,0,1,0,0,89.6,2,2,0.639,0
50.09,20,0,1,2,0,0,0,0,30.4,2,2,7.198,0
12.49,11,0,4,1,0,0,0,0,27.8,1,1,0.469,0
36.41,17,0,2,1,0,0,0,0,37.6,1,1,0.712,0
166.27,13,0,0,2,0,1,0,0,205.3,1,1,0.202,0
14.02,17,0,0,0,0,0,0,1,6.0,1,1,0.431,0
43.94,16,0,3,2,0,0,0,1,67.9,1,2,0.121,0
13.89,9,0,1,1,0,1,0,0,104.6,1,1,0.085,0
17.61,21,0,2,2,0,0,1,0,33.6,1,1,1.950,0
27.14,9,0,1,1,1,0,0,0,116.9,1,3,1.488,0
12.33,16,0,1,1,0,0,0,0,6.3,1,1,0.325,0
32.67,9,0,1,2,0,0,0,0,30.3,1,1,0.080,0
36.07,17,0,2,2,0,0,0,0,9.3,1,1,2.086,0
20.12,8,0,6,6,0,1,0,0,111.1,1,1,1.118,0
214.05,5,1,11,6,0,0,1,1,435.1,1,2,30.157,0
52.34,14,0,0,0,0,0,0,0,43.7,1,1,0.054,0
22.65,12,0,1,2,0,1,0,0,2.2,1,2,1.174,0
38.06,16,0,0,1,0,1,0,0,41.1,1,3,3.488,0
15.16,14,0,3,1,0,1,0,0,57.7,1,1,0.882,0
22.08,19,0,2,2,0,0,0,0,71.5,2,1,0.628,0
22.30,10,0,3,3,0,0,1,0,70.1,1,1,0.508,0
349.51,17,0,9,7,5,3,1,1,381.1,6,3,5.947,1
105.75,18,0,2,1,0,0,0,0,76.1,1,2,14.348,0
5.70,10,0,3,2,0,1,0,0,64.5,1,1,0.706,0
18.33,14,0,3,1,0,0,1,0,10.1,1,1,0.293,0
19.58,13,0,2,2,0,0,0,0,33.3,2,1,1.147,0
11.69,20,0,0,0,0,0,0,0,16.3,1,1,0.693,0
32.48,20,0,4,4,0,0,0,0,34.7,1,1,0.023,0
45.01,10,0,2,2,0,0,0,0,1.9,1,1,0.208,0
24.25,15,0,2,5,0,0,0,0,11.6,1,1,0.362,0
22.73,9,0,3,7,0,3,0,0,206.9,3,4,0.911,0
114.33,11,0,4,2,0,0,0,0,100.5,1,1,6.945,0
45.44,13,0,2,2,0,0,0,0,44.6,1,2,0.271,0
28.47,20,0,1,1,0,0,0,0,11.8,1,1,0.155,0
131.31,12,0,1,1,0,0,0,0,124.6,1,1,11.025,0
40.18,21,0,3,3,0,0,0,0,148.0,2,1,0.256,0
96.93,8,0,1,1,0,0,0,0,56.2,1,1,6.321,0
69.59,17,0,1,2,0,0,0,0,10.1,2,2,0.055,0
7.59,19,0,2,1,0,0,0,0,76.0,1,1,0.607,0
64.09,13,0,0,1,0,0,0,0,23.5,2,1,0.259,0
7.95,11,0,2,1,0,0,0,0,220.9,1,1,0.354,0
40.24,11,0,2,2,0,2,0,1,47.0,1,1,0.649,0
19.44,15,0,1,2,0,1,0,0,13.8,1,5,0.029,0
20.71,20,0,0,1,0,0,0,0,52.4,1,1,0.889,0
90.32,14,0,2,2,0,0,0,0,44.7,1,1,4.989,0
81.00,19,0,2,1,0,0,0,0,2.8,1,2,6.714,0
69.93,9,0,1,2,0,0,0,0,13.9,1,2,3.942,0
18.03,21,0,0,1,1,0,0,0,123.1,1,1,0.548,0
118.22,7,0,15,4,1,2,1,1,401.6,2,5,1.677,1
36.62,15,0,3,1,0,1,0,0,220.2,1,1,0.472,0
52.22,10,0,1,1,0,0,0,0,95.5,1,2,3.494,0
78.17,18,0,2,2,0,1,0,0,285.5,1,2,12.227,0
8.51,18,0,0,0,0,0,1,0,57.1,1,2,0.682,0
20.63,9,0,2,2,0,0,0,0,111.6,1,2,1.149,0
14.17,9,0,3,1,0,0,0,0,20.9,1,1,0.713,0
11.81,14,0,2,1,0,0,0,0,23.7,1,1,0.072,0
24.85,11,0,1,2,0,0,0,0,34.9,1,1,0.504,0
35.31,20,0,1,1,0,1,1,0,0.1,3,3,1.517,0
80.72,15,0,3,2,1,1,0,0,113.6,2,2,4.828,1
30.28,15,0,0,1,0,0,0,0,237.9,1,1,0.671,0
16.00,8,0,2,1,0,0,1,0,76.2,1,1,0.382,0
12.41,18,0,2,1,0,2,0,0,40.6,1,1,0.749,0
10.85,18,0,0,0,0,0,0,0,18.0,1,1,0.698,0
22.18,12,0,2,1,0,2,0,0,3.3,4,1,0.266,0
29.99,10,0,1,1,0,0,0,0,22.1,1,2,0.956,0
22.33,15,0,3,3,0,0,0,0,53.3,1,1,0.466,0
8.30,14,0,1,7,0,0,0,0,6.2,1,3,0.857,0
53.41,20,0,3,1,0,1,0,0,30.6,2,1,1.319,0
30.99,12,0,4,1,0,0,0,0,40.4,1,1,0.907,0
25.05,15,0,1,4,0,0,1,0,54.3,1,2,0.645,0
24.05,11,0,1,1,0,1,0,0,14.0,1,1,1.024,0
93.66,17,0,1,2,0,1,0,0,44.1,1,3,9.840,0
92.41,10,0,4,4,0,0,0,0,18.6,1,2,0.459,0
86.97,11,0,1,2,0,0,0,0,22.5,1,4,28.683,0
9.13,8,0,1,1,0,0,0,0,28.4,1,1,0.454,0
38.17,16,0,0,2,0,1,0,0,32.1,1,1,0.435,0
32.42,9,0,3,3,0,0,0,0,118.7,1,3,0.732,0
9.46,18,0,0,1,0,0,0,0,8.3,2,1,0.533,0
7.21,12,0,0,0,0,0,0,0,2.5,1,2,0.639,0
1076.88,17,0,1,3,0,1,0,0,0.2,1,1,39.729,0
24.35,20,0,1,1,0,0,0,0,79.2,3,2,0.175,0
10.60,11,0,0,1,1,0,0,0,23.5,1,1,1.356,0
83.40,12,0,2,3,0,0,0,0,40.1,1,1,0.818,0
10.25,9,0,0,1,0,0,0,0,25.7,1,1,0.716,0
16.38,15,0,1,1,0,2,0,0,2.9,2,1,0.494,0
44.71,9,0,2,2,0,0,1,0,2.1,1,3,0.420,0
9.30,20,0,1,1,0,0,0,0,186.7,1,3,0.962,0
10.00,23,1,8,7,0,6,0,0,264.7,2,3,0.640,0
16.38,21,0,1,1,0,0,0,0,40.7,1,2,0.452,0
21.71,9,0,0,2,0,0,0,0,37.4,1,1,0.040,0
9.92,13,0,2,2,0,0,0,1,19.7,2,1,0.739,0
7.14,20,0,2,1,0,0,0,0,0.8,1,1,0.810,0
9.55,13,0,2,2,0,0,0,0,3.6,2,1,0.047,0
31.20,13,0,2,1,0,0,0,0,63.3,1,1,0.937,0
7.75,18,0,2,2,0,0,0,0,37.4,1,2,0.639,0
5.49,14,0,3,3,1,0,0,0,39.2,2,2,0.806,0
25.78,13,0,1,1,0,0,0,0,10.8,1,5,2.936,0
27.77,12,0,2,3,0,0,0,0,14.6,2,1,0.738,0
24.24,18,0,1,1,0,0,0,0,57.4,5,4,0.331,0
38.16,15,0,1,1,0,0,0,0,60.7,2,3,0.607,0
13.21,16,0,3,1,0,0,0,1,66.7,1,1,0.121,0
101.94,16,0,4,1,0,0,0,0,21.2,4,1,2.035,0
13.89,13,0,3,2,1,0,0,0,46.3,1,1,4.164,0
41.80,20,0,2,1,0,0,0,0,42.7,1,2,0.649,0
51.16,9,0,2,2,1,0,0,0,30.0,1,3,1.247,0
11.29,15,0,2,2,0,0,0,0,57.6,2,3,0.930,0
101.55,19,0,2,2,0,0,0,0,43.8,2,3,3.511,0
13.45,16,0,3,2,0,0,0,0,22.0,1,2,0.241,0
44.15,17,0,4,3,0,1,0,0,46.0,1,4,0.218,0
31.25,9,0,1,1,0,0,1,0,60.3,1,2,1.223,0
27.62,16,0,2,2,0,0,0,0,76.4,1,1,0.401,0
171.23,14,0,1,1,0,0,0,0,40.2,1,1,1.414,0
69.33,23,1,9,5,2,3,0,1,55.0,6,6,0.106,1
49.00,17,0,2,7,0,1,0,0,44.7,2,1,0.739,0
12.08,9,0,0,1,0,0,0,0,91.9,2,1,0.830,0
10.54,20,0,1,1,0,0,0,0,16.0,1,1,0.588,0
19.07,21,0,1,3,0,0,0,0,14.5,2,1,0.441,0
17.97,20,0,1,1,0,0,0,0,199.9,1,3,0.086,0
16.66,15,0,0,1,0,0,0,0,106.6,2,2,0.439,0
71.07,10,0,2,2,0,0,0,0,28.5,2,1,2.652,0
31.14,13,0,1,4,1,0,0,0,87.3,2,1,0.724,0
19.99,9,0,2,1,0,1,1,0,12.3,1,1,0.681,0
33.90,13,0,2,2,0,0,0,0,5.1,1,2,0.461,0
5.64,12,0,3,3,0,0,0,0,36.7,1,2,0.520,0
127.22,23,1,6,5,0,6,0,0,652.8,4,4,6.163,0
127.57,3,1,8,4,0,3,1,1,54.2,1,3,10.856,0
885.46,19,0,8,5,0,3,0,0,365.2,3,3,26.645,0
32.69,14,0,3,3,0,0,0,0,65.4,1,2,0.684,0
433.80,4,1,3,5,0,3,1,0,129.1,4,2,21.133,0
30.51,0,1,3,7,0,0,1,1,604.5,2,8,0.689,0
19.56,15,0,3,3,0,0,0,0,26.1,3,3,0.237,0
37.04,12,0,9,5,0,3,0,0,122.0,1,3,0.124,0
13.38,10,0,2,2,0,1,0,1,191.7,2,1,0.032,0
30.47,8,0,1,1,0,0,0,0,40.6,3,1,2.916,0
28.71,10,0,1,1,0,0,0,0,28.1,4,1,1.477,0
16.15,19,0,4,1,0,0,0,0,34.5,1,1,0.687,0
12.93,19,0,2,2,0,0,0,0,45.1,3,2,0.737,0
35.93,19,0,0,1,0,0,0,0,41.1,2,1,0.231,0
48.75,14,0,1,1,0,0,0,0,10.1,1,2,8.789,0
7.16,21,0,3,2,0,1,0,0,69.8,1,2,0.048,1
14.35,8,0,1,1,0,0,0,0,3.7,2,2,0.810,0
143.30,2,1,9,2,0,0,1,1,645.5,1,5,0.208,0
12.53,11,0,0,0,0,0,0,0,155.1,1,5,1.210,0
4.77,19,0,2,2,1,1,0,0,74.4,1,1,0.660,0
16.14,14,0,1,2,0,0,0,0,56.7,1,2,0.090,0
16.78,11,0,1,1,0,1,0,0,70.8,1,2,0.065,0
7.15,18,0,2,1,0,0,0,0,19.1,3,1,0.659,0
38.79,11,0,2,2,0,0,0,0,20.6,1,1,0.225,0
146.94,15,0,4,1,0,1,0,0,17.2,1,2,7.274,0
21.02,22,0,2,5,0,4,0,1,14.7,2,4,0.349,0
59.12,20,0,2,2,0,0,0,1,57.3,1,1,24.051,0
4.21,21,0,4,4,0,0,0,0,115.3,3,1,0.528,0
44.66,10,0,2,2,0,1,0,0,37.6,1,1,0.376,0
14.88,17,0,3,1,0,0,0,0,31.8,1,1,1.416,0
6.32,14,0,2,2,0,0,0,0,34.3,1,1,0.650,0
64.64,9,0,4,4,0,0,0,0,51.8,2,1,0.189,0
76.01,7,0,5,3,0,1,0,0,326.5,3,1,1.325,0
167.92,7,0,1,3,0,2,1,0,21.4,2,3,20.069,0
9.59,12,0,2,2,0,1,0,0,71.8,1,1,0.604,0
17.17,17,0,2,1,0,1,0,0,10.1,1,1,0.659,0
32.38,11,0,2,1,1,1,0,0,141.9,1,2,1.828,0
18.88,11,0,2,2,0,0,0,1,14.0,1,3,0.475,0
175.41,16,0,4,4,0,0,0,0,200.6,1,5,16.402,0
41.85,17,0,0,1,0,0,0,0,35.6,1,1,0.064,0
64.33,17,0,2,1,0,1,0,0,21.5,1,2,3.003,0
10.02,18,0,2,1,0,0,0,0,0.3,1,1,0.782,0
41.53,18,0,1,1,0,0,0,0,101.3,3,3,0.132,0
42.95,17,0,2,1,0,0,0,0,198.2,2,2,0.385,0
50.37,11,0,0,0,0,0,0,0,55.6,2,1,1.207,0
41.62,13,0,1,1,0,0,0,0,51.2,1,1,0.767,0
10.59,18,0,1,1,0,1,1,0,112.8,1,2,0.549,0
233.66,19,0,2,2,0,1,0,0,2.4,3,2,18.971,0
429.50,0,1,3,5,0,0,0,0,87.2,1,3,11.670,0
29.72,9,0,2,1,0,0,0,0,12.3,1,1,0.302,0
100.52,11,0,0,0,0,1,0,0,32.8,1,1,2.488,0
16.54,17,0,4,4,0,0,0,0,10.7,3,3,1.060,0
15.29,15,0,4,4,0,1,0,0,0.7,3,1,0.875,0
49.55,18,0,1,1,0,0,0,0,28.0,1,3,1.016,0
29.92,18,0,1,1,0,0,0,0,15.1,1,1,0.516,0
25.64,9,0,2,2,0,0,0,0,3.0,1,3,1.572,0
15.87,13,0,5,1,0,0,1,0,48.9,3,2,0.824,0
45.66,19,0,1,1,0,0,0,0,4.6,1,2,0.189,0
39.42,19,0,2,2,0,0,0,0,58.3,1,2,1.592,0
28.87,20,0,1,1,0,0,0,0,40.5,1,3,0.248,0
39.95,9,0,1,1,0,1,0,0,168.5,2,3,2.349,0
89.35,19,0,2,1,0,1,0,0,157.8,1,1,13.917,0
4.39,19,0,2,1,0,0,0,0,53.7,1,2,0.772,0
22.79,14,0,3,3,0,2,0,0,6.9,2,1,0.517,0
46.12,21,0,4,1,0,0,0,0,12.8,2,2,1.298,0
26.49,19,0,4,4,0,0,0,0,153.7,1,1,0.329,0
47.76,16,0,1,1,0,0,0,0,9.5,2,1,2.368,0
45.69,15,0,1,1,0,0,0,0,23.5,1,1,10.930,0
132.71,18,0,4,4,0,0,1,0,9.6,1,1,2.310,0
20.58,17,0,6,1,0,0,0,0,13.8,1,1,0.223,0
27.89,20,0,4,1,0,0,0,0,66.1,1,3,0.341,0
24.52,9,0,3,3,0,1,0,0,45.8,4,3,0.475,0
104.35,0,1,3,2,0,5,0,0,41.8,5,4,6.622,0
39.78,11,0,1,1,0,0,0,0,85.9,1,1,3.118,0
54.15,16,0,2,1,0,0,0,0,11.3,2,1,5.752,0
35.18,10,0,0,0,0,0,0,0,14.4,1,2,0.375,0
21.31,17,0,3,3,0,0,0,0,18.7,1,1,0.740,0
19.09,18,0,2,1,0,0,0,1,35.5,1,2,0.715,0
42.56,15,0,3,3,0,0,0,0,7.1,1,2,2.141,0
11.90,10,0,2,2,0,0,0,0,23.7,1,1,3.491,0
152.99,8,0,4,4,0,0,1,0,4.6,1,1,2.168,0
34.92,20,0,3,1,0,0,0,0,57.1,1,2,0.070,0
15.60,12,0,0,0,0,0,0,0,143.8,1,1,0.347,0
35.99,13,0,0,0,0,0,0,0,66.0,2,5,0.734,0
19.54,20,0,2,2,0,0,0,0,6.5,2,3,0.367,0
256.35,15,0,3,5,0,3,0,1,136.5,2,2,3.704,0
80.11,15,0,1,1,0,0,0,0,99.4,4,2,0.606,0
40.46,15,0,0,0,0,0,0,0,31.2,2,2,0.270,0
19.45,18,0,2,2,0,0,0,0,5.5,1,1,1.513,0
4.30,10,0,3,2,0,1,0,0,1.8,1,1,0.537,0
18.45,17,0,2,3,0,0,0,0,27.7,1,1,0.565,0
47.56,18,0,2,1,0,0,1,0,91.1,5,1,1.736,0
4251.86,19,0,10,5,0,3,0,1,244.7,4,6,124.387,1
19.17,16,0,2,2,0,0,0,0,41.2,2,1,0.347,0
71.37,11,0,6,6,0,0,0,0,35.9,1,4,0.278,0
7.62,14,0,1,1,0,2,0,0,57.2,2,2,0.606,0
126.24,18,0,10,6,0,1,0,0,10.0,1,5,1.469,0
24.31,12,0,1,1,0,0,0,0,14.3,1,1,0.264,0
24.20,18,0,4,2,0,0,0,0,52.4,1,1,0.344,0
73.23,16,0,3,2,0,0,1,0,26.8,1,2,0.171,0
7.52,17,0,1,1,0,1,0,0,19.2,3,1,0.339,0
78.63,10,0,4,1,0,0,0,0,3.8,1,1,1.038,0
53.37,9,0,2,1,0,0,0,0,87.4,1,1,5.589,0
68.41,13,0,2,1,0,0,0,0,14.7,1,1,0.760,0
14.98,18,0,1,1,0,0,0,0,52.8,1,1,0.349,0
49.66,12,0,1,1,0,0,0,0,125.9,1,2,1.959,0
51.17,19,0,6,1,0,0,0,0,13.4,1,2,6.258,0
43.67,14,0,2,1,0,0,0,0,5.9,2,1,6.798,0
34.95,9,0,1,1,0,1,0,0,11.2,1,2,0.642,0
21.02,21,0,4,2,0,0,0,0,43.7,1,1,0.734,0
16.40,15,0,3,1,0,0,0,0,68.8,1,2,0.546,0
44.87,20,0,6,5,0,2,1,0,13.7,2,6,0.408,0
8.73,9,0,0,1,0,0,0,0,11.4,1,1,0.945,0
61.85,16,0,9,1,0,0,0,0,120.2,1,1,2.748,0
20.03,15,0,1,1,0,0,0,0,3.5,2,1,0.851,0
11.98,15,0,2,2,1,1,0,1,7.4,1,1,0.399,0
24.94,13,0,1,1,1,2,0,0,0.6,1,1,0.198,0
194.45,12,0,2,2,0,0,0,0,12.1,1,3,8.376,0
99.73,8,0,0,0,0,0,1,0,5.5,2,3,4.550,0
50.89,19,0,4,4,0,0,0,0,64.7,2,4,0.300,0
49.84,14,0,3,3,0,1,0,0,84.9,1,1,1.654,0
82.38,4,1,4,3,1,3,0,0,10.0,3,1,1.660,0
32.95,20,0,0,0,1,0,0,0,40.0,1,2,0.398,0
44.85,20,0,8,4,1,1,0,1,133.7,3,2,0.932,0
21.51,15,0,2,2,0,2,0,0,0.6,1,2,0.079,0
209.80,5,1,7,2,1,2,1,1,629.3,4,2,3.343,1
34.65,17,0,2,2,0,0,0,0,18.2,2,1,0.653,0
11.65,21,0,5,2,0,0,0,0,51.4,1,1,1.330,0
56.46,15,0,2,1,0,1,0,0,38.8,1,2,1.399,0
59.74,20,0,2,3,0,1,0,0,53.1,2,3,2.215,0
15.59,15,0,2,1,0,0,0,0,2.7,2,1,0.018,0
50.39,12,0,2,2,0,0,0,0,4.4,1,3,0.376,0
7.36,19,0,0,2,0,1,0,0,129.8,1,2,1.085,0
86.91,4,1,4,4,0,1,0,1,50.0,7,3,0.806,1
63.64,13,0,2,1,0,0,0,0,78.5,2,2,0.166,0
52.56,9,0,7,7,0,0,0,0,4.5,2,1,0.724,0
129.68,19,0,3,3,0,0,0,0,44.0,1,2,2.636,0
24.09,17,0,2,1,0,0,0,0,42.6,1,1,0.418,0
22.02,10,0,7,1,0,0,0,1,100.5,1,1,0.383,0
26.58,11,0,4,1,0,0,0,0,82.4,1,1,1.346,0
4.04,11,0,0,0,1,0,0,0,62.4,1,1,0.888,0
16.47,16,0,3,3,0,0,0,0,5.0,1,2,0.881,0
43.56,9,0,2,2,0,0,0,0,17.7,1,1,0.132,0
52.09,18,0,2,2,0,1,0,0,183.6,3,4,2.117,0
254.92,6,0,8,1,0,4,1,0,162.9,3,4,3.786,0
9.51,14,0,2,1,0,0,0,0,16.8,2,1,0.246,0
19.66,20,0,3,3,0,0,0,0,9.6,1,1,0.219,0
19.11,10,0,3,3,0,0,0,0,58.3,1,1,0.337,0
339.64,4,1,6,5,2,3,1,1,152.5,4,4,9.995,1
39.89,13,0,2,2,0,0,0,0,49.4,1,1,0.311,0
164.31,2,1,2,2,0,0,0,1,119.6,1,4,1.177,0
39.94,17,0,2,2,0,0,0,0,10.7,1,1,1.064,0
1.77,13,0,6,1,0,0,0,0,106.9,1,2,0.974,0
65.71,17,0,3,4,0,1,0,0,158.9,1,2,16.954,0
11.59,21,0,1,1,0,1,1,0,3.7,1,1,1.170,0
11.61,15,0,0,2,0,0,0,0,7.8,1,2,0.766,0
78.08,13,0,1,2,0,0,0,0,3.1,1,4,0.029,0
23.67,17,0,3,1,0,0,0,0,26.3,1,1,0.472,0
2.96,19,0,2,1,0,0,0,0,36.3,1,1,0.758,0
36.00,12,0,1,1,0,1,0,0,27.1,1,3,1.273,0
17.10,19,0,1,1,0,0,0,0,11.1,2,4,0.211,0
7.71,16,0,0,1,0,0,0,0,31.0,1,1,0.757,0
54.63,13,0,1,1,1,1,0,0,13.8,1,3,1.210,0
29.89,20,0,1,1,0,0,0,0,22.0,1,2,0.321,0
40.73,10,0,3,3,0,0,0,0,24.8,1,1,0.376,0
39.55,16,0,3,2,0,1,1,0,44.9,1,1,1.095,0
6.73,9,0,0,0,0,1,0,0,65.5,2,1,0.713,0
13.58,9,0,2,2,0,0,0,0,17.4,3,1,0.661,0
5.05,13,0,2,2,0,0,0,0,51.8,4,2,0.452,0
54.86,18,0,1,1,0,1,0,0,0.7,4,3,0.414,0
3.23,15,0,3,3,0,1,0,0,66.4,1,1,0.956,0
156.27,0,1,3,4,0,2,0,1,186.6,3,3,1.771,0
6.75,20,0,1,1,0,0,0,0,2.5,1,1,0.733,0
120.35,9,0,7,2,1,2,1,0,50.1,1,3,13.950,0
13.82,11,0,1,1,0,0,0,0,4.5,1,1,0.880,0
31.97,4,1,6,4,0,2,1,0,10.0,3,4,0.432,0
298.97,10,0,5,2,1,3,0,0,153.6,4,5,34.090,1
32.01,13,0,3,4,0,0,0,0,27.1,2,1,0.330,0
76.36,20,0,0,0,0,0,0,0,45.1,1,1,2.712,0
27.76,20,0,2,2,0,0,0,0,77.0,2,1,0.668,0
19.84,15,0,0,1,0,0,0,0,0.1,1,1,0.391,0
36.54,19,0,5,5,0,0,0,0,56.4,1,1,0.665,0
127.66,5,1,5,8,3,7,0,1,255.0,5,4,0.429,1
5.87,15,0,3,1,0,0,0,0,37.5,1,2,0.753,0
444.33,7,0,5,6,0,2,1,0,125.1,1,4,52.405,0
28.03,13,0,2,2,0,0,0,0,16.7,2,3,1.627,0
53.80,14,0,3,3,0,0,0,0,142.1,2,1,2.041,0
34.54,14,0,1,1,0,0,0,0,62.1,1,1,0.306,0
87.96,9,0,1,2,0,0,0,0,224.8,1,3,6.324,0
83.89,10,0,6,6,0,4,1,0,353.9,1,5,4.818,0
240.65,14,0,2,1,0,1,0,0,85.3,1,1,9.368,0
14.19,11,0,0,0,0,0,0,0,16.3,2,2,0.806,0
69.60,15,0,1,1,0,0,0,0,35.8,2,1,0.062,0
163.38,4,1,6,4,0,1,0,1,493.6,7,2,8.278,0
49.02,11,0,1,1,0,0,0,0,54.5,1,1,4.508,0
18.39,16,0,3,2,0,0,0,1,16.4,1,1,1.080,0
3.28,20,0,2,1,0,1,0,0,26.9,1,1,0.911,0
2.37,13,0,1,1,0,0,0,0,19.2,3,1,0.825,0
3.81,17,0,2,2,0,0,0,0,25.7,1,2,0.889,0
50.02,17,0,2,1,0,0,0,0,3.4,1,3,0.459,0
18.38,9,0,1,1,0,0,0,0,43.5,1,3,0.369,0
35.03,14,0,1,1,0,0,0,0,68.5,1,4,0.159,0
24.39,18,0,2,1,0,2,0,0,14.2,2,2,0.435,0
57.28,12,0,0,0,0,1,0,0,10.2,2,2,1.966,0
35.70,20,0,5,2,0,1,0,1,8.9,1,2,1.891,0
19.17,9,0,3,2,0,1,0,0,35.4,1,2,0.429,0
43.34,14,0,2,2,0,2,0,0,2.3,3,2,1.095,0
34.11,10,0,4,2,0,0,0,0,101.8,1,1,1.166,0
11.96,9,0,0,0,0,1,0,0,50.5,3,4,0.734,0
3.90,18,0,3,3,0,0,0,0,12.1,1,2,0.912,0
42.47,20,0,2,4,0,0,0,0,17.6,3,4,5.839,0
53.31,14,0,4,1,0,0,0,1,24.3,1,4,0.508,0
17.72,16,0,0,1,0,1,0,0,31.7,1,3,0.595,0
70.15,21,0,2,2,0,0,0,0,41.2,1,1,4.212,0
20.97,16,0,0,2,0,0,0,0,25.2,1,1,0.730,0
44.33,17,0,1,1,0,1,0,0,135.0,1,4,0.247,0
424.31,11,0,0,1,0,0,0,0,0.1,4,1,43.570,0
283.56,10,0,6,3,0,3,0,1,10.0,2,2,30.861,0
7.45,20,0,0,0,0,1,0,0,34.1,1,1,0.813,0
8.60,13,0,3,2,0,0,0,0,3.8,1,2,0.827,0
18.67,16,0,4,2,0,0,0,0,183.9,2,1,0.201,0
32.31,19,0,3,3,0,0,0,0,13.8,1,1,2.221,0
17.56,14,0,1,1,0,0,0,0,0.7,1,1,1.338,0
38.06,12,0,5,5,0,0,0,0,10.4,2,1,0.219,0
7.94,17,0,4,4,0,0,0,0,1.9,1,3,0.821,0
23.25,13,0,3,1,0,0,0,0,34.1,1,1,5.513,0
6.17,16,0,6,1,0,1,0,0,206.6,1,1,0.869,0
12.46,12,0,4,4,0,1,0,0,6.4,1,1,0.038,0
137.62,11,0,3,2,0,0,0,0,103.7,1,1,16.181,0
31.48,19,0,0,0,0,2,0,0,154.2,2,1,3.181,0
49.62,9,0,1,1,0,0,0,0,186.1,2,2,0.770,0
7.09,12,0,2,1,0,0,0,0,2.3,1,2,0.532,0
21.25,18,0,4,4,0,2,0,0,10.0,1,1,1.803,0
9.58,10,0,2,2,0,0,0,0,24.6,2,1,0.618,0
27.81,9,0,1,1,0,0,0,0,115.1,1,3,0.272,0
34.03,11,0,1,1,0,0,0,0,58.0,1,1,0.249,0
49.70,16,0,2,1,0,0,0,0,23.1,2,2,1.428,0
45.60,11,0,4,3,0,0,0,0,16.4,1,3,0.640,0
17.48,12,0,2,2,0,1,0,0,73.5,3,2,0.366,0
120.90,11,0,4,5,0,3,1,0,133.5,4,3,8.208,0
8.43,8,0,0,1,1,0,0,1,10.8,2,1,0.546,0
20.79,9,0,1,1,1,1,1,0,15.4,1,1,0.666,0
123.04,21,0,5,3,0,1,0,0,252.1,2,4,6.104,0
57.95,2,1,3,6,0,1,1,0,374.4,3,5,12.667,0
52.01,20,0,4,2,0,0,0,0,22.9,1,1,2.911,0
5.83,12,0,2,2,0,0,0,0,68.2,1,1,0.500,0
15.66,12,0,1,1,0,2,0,0,3.6,2,3,0.460,0
46.94,14,0,2,1,0,0,0,0,18.0,2,2,3.854,0
674.59,12,0,7,4,1,1,0,0,256.5,2,3,18.302,0
17.69,8,0,1,1,0,0,0,0,3.8,1,3,0.737,0
705.95,22,0,4,3,2,2,0,0,388.0,7,4,19.141,0
26.71,18,0,6,5,0,0,0,0,9.7,3,3,0.235,0
516.18,17,0,6,4,0,0,0,0,72.2,6,1,28.734,0
18.50,12,0,1,1,0,0,0,0,47.4,2,1,0.687,0
16.34,14,0,2,2,0,0,0,0,177.7,1,1,0.034,0
5.54,20,0,2,2,0,0,0,0,114.3,1,1,0.478,0
62.83,16,0,2,1,0,1,0,0,15.4,4,1,15.755,0
7.19,12,0,2,2,1,0,0,0,129.9,1,1,0.644,0
101.21,19,0,5,3,0,4,0,1,40.0,2,5,3.490,0
23.75,13,0,1,1,0,0,0,0,45.2,3,3,0.033,0
71.61,15,0,2,2,0,0,0,0,37.5,2,1,0.015,0
4.48,19,0,2,2,0,0,0,0,18.3,1,2,0.826,0
3.05,14,0,2,2,0,0,1,0,0.4,1,1,0.961,0
36.05,16,0,3,1,0,0,0,0,8.1,3,1,0.255,0
45.34,19,0,0,1,0,0,0,0,10.1,1,1,0.372,0
206.17,5,1,3,7,0,4,0,0,45.7,2,1,5.071,0
29.09,10,0,1,1,0,0,0,0,7.6,2,1,0.328,0
50.34,12,0,2,1,0,0,0,0,41.2,1,2,2.321,0
6.61,9,0,2,1,0,2,0,0,31.9,1,2,0.648,0
9.05,15,0,0,1,0,0,0,0,23.2,1,5,6.358,0
9.23,18,0,1,2,0,0,0,0,48.8,1,2,0.168,0
68.63,17,0,1,3,0,0,0,0,32.9,1,1,4.095,0
4.91,17,0,0,0,0,0,0,0,74.1,1,1,0.880,0
18.11,9,0,0,1,0,0,0,0,85.3,1,2,0.119,0
107.18,13,0,4,4,0,0,0,0,105.5,1,1,4.800,0
70.15,10,0,0,1,0,1,0,0,39.9,1,1,0.316,0
28.89,21,0,0,2,0,1,0,0,14.5,1,2,4.187,0
60.43,8,0,0,2,0,0,0,0,201.8,1,5,4.621,0
19.29,21,0,10,5,1,7,1,1,358.4,3,3,0.804,1
7.43,13,0,1,1,0,0,0,0,43.7,1,1,0.200,0
42.99,16,0,2,2,0,0,0,0,4.4,3,3,0.043,0
30.48,18,0,1,1,0,0,1,0,115.4,2,1,3.563,0
86.60,18,0,3,3,0,0,0,0,26.1,1,1,12.552,0
36.15,13,0,5,4,0,1,1,0,226.9,2,2,0.135,0
40.49,20,0,2,2,0,1,0,0,7.5,1,1,1.320,0
42.36,16,0,2,2,0,1,0,0,6.2,1,4,0.310,0
20.00,21,0,2,3,1,1,0,0,56.2,2,3,0.355,0
26.77,19,0,1,2,0,0,0,0,17.3,1,1,0.152,0
50.96,21,0,1,1,0,0,0,0,16.7,1,1,6.461,0
30.29,10,0,1,1,0,0,0,1,15.7,1,3,1.781,0
59.32,13,0,6,9,1,5,1,1,1396.1,6,10,7.343,1
83.06,18,0,1,1,0,0,0,0,29.8,1,1,6.727,0
26.96,14,0,1,1,0,1,0,0,13.2,2,1,0.106,0
146.42,4,1,5,5,0,1,0,1,43.1,1,3,15.161,0
23.35,14,0,1,1,0,0,0,0,140.5,1,1,0.227,0
22.82,12,0,3,2,0,0,0,0,147.9,1,5,0.867,0
32.90,14,0,1,2,0,1,0,0,21.1,1,3,0.712,0
133.22,9,0,1,1,0,0,0,0,7.9,1,1,7.656,0
222.03,20,0,1,1,0,0,0,0,92.2,2,4,5.540,0
66.11,22,0,7,9,0,0,0,0,20.8,1,3,3.692,0
9.14,18,0,2,1,0,0,0,0,92.3,1,1,0.658,0
93.33,9,0,1,3,0,2,0,0,17.9,2,1,6.314,0
45.95,14,0,7,3,0,3,0,0,234.8,2,3,1.389,0
11.55,12,0,3,3,0,0,0,0,11.0,1,3,0.059,0
21.15,8,0,1,4,0,0,0,0,5.2,1,1,0.730,0
46.93,17,0,5,5,0,0,1,0,34.9,1,1,0.448,0
43.98,10,0,2,2,0,1,0,0,23.6,1,2,0.642,0
8.16,19,0,6,3,0,0,0,0,26.8,1,1,0.896,0
1.96,15,0,1,1,0,1,0,0,6.5,1,4,0.935,0
18.10,16,0,0,0,0,2,0,0,14.4,1,3,0.134,0
179.35,4,1,7,1,0,2,1,0,176.7,3,3,1.778,0
51.48,15,0,2,1,0,0,0,0,1.3,1,1,0.626,0
67.06,21,0,6,3,1,1,0,0,208.2,1,4,12.359,0
19.05,21,0,2,2,0,0,1,0,4.0,2,3,0.448,0
23.36,14,0,1,1,0,0,0,0,6.6,1,1,0.383,0
11.30,9,0,3,3,0,0,0,0,6.7,3,1,0.607,0
4.48,20,0,1,1,0,0,0,0,18.6,2,3,0.913,0
321.52,5,1,4,3,0,3,1,1,120.5,4,1,7.253,0
39.30,9,0,4,4,0,0,0,0,10.3,1,1,0.332,0
60.06,14,0,0,0,0,0,0,0,45.0,1,1,1.110,0
10.61,10,0,1,1,0,0,0,0,87.0,1,3,0.789,0
23.75,14,0,2,1,0,1,0,0,29.8,1,3,1.727,0
18.09,19,0,1,1,0,0,0,0,9.0,3,2,0.463,0
756.49,16,0,4,5,2,1,1,1,18.3,3,3,62.093,0
35.55,15,0,1,2,0,0,0,0,2.1,2,1,0.179,0
37.91,14,0,4,1,0,0,0,0,32.6,1,1,0.218,0
19.75,20,0,3,3,0,2,0,0,25.5,5,3,2.029,0
91.63,11,0,2,2,0,0,0,0,19.2,3,2,1.642,0
33.76,10,0,5,1,0,0,0,0,176.0,1,3,0.177,0
21.93,9,0,3,3,0,0,0,0,68.9,1,2,0.156,0
122.65,6,0,6,7,1,3,0,1,224.7,2,1,0.899,0
75.40,3,1,6,8,2,6,1,1,56.3,4,4,6.954,1
31.00,11,0,2,2,0,1,0,0,49.4,1,3,0.769,0
7.05,20,0,2,2,0,0,0,0,31.0,1,1,0.811,0
259.29,22,0,5,4,0,2,0,0,10.0,1,8,3.441,0
4.18,9,0,4,1,0,0,0,0,58.2,3,2,0.842,0
16.35,16,0,1,2,0,0,0,0,25.4,2,2,0.416,0
77.09,16,0,2,3,0,1,0,0,51.1,3,2,1.371,0
105.63,14,0,3,8,0,2,0,0,440.1,2,3,11.650,0
93.36,10,0,2,1,0,0,0,0,31.3,1,1,4.347,0
31.25,15,0,1,1,0,1,0,0,80.2,1,1,0.620,0
37.37,14,0,3,3,0,1,1,0,247.4,1,1,1.611,0
14.73,14,0,0,0,0,1,1,0,78.7,1,2,0.408,0
169.79,1,1,7,13,2,3,1,0,50.0,4,4,4.353,1
15.53,10,0,1,1,0,1,0,0,76.6,1,1,0.820,0
29.13,13,0,1,2,1,1,0,0,1.3,1,1,0.349,0
28.01,18,0,2,4,0,1,0,0,11.8,3,4,0.405,0
11.11,14,0,1,3,1,2,0,0,25.8,2,1,0.588,0
4.67,13,0,2,1,0,0,0,0,101.0,1,1,0.838,0
12.36,17,0,2,2,0,0,0,0,5.5,1,4,0.607,0
22.65,11,0,3,3,0,0,0,0,6.9,1,6,0.531,0
33.02,15,0,2,2,0,0,0,0,102.9,2,1,0.008,0
31.50,15,0,4,4,0,0,0,0,9.3,2,1,0.260,0
40.88,11,0,1,3,0,0,0,0,300.8,1,2,0.045,0
40.49,15,0,0,1,0,0,0,0,38.9,3,3,0.736,0
2.93,12,0,2,1,0,0,1,0,85.5,1,1,0.834,0
11.38,20,0,4,2,0,1,0,0,72.8,1,2,0.707,0
27.09,18,0,0,1,0,0,0,1,36.3,1,1,1.157,0
57.44,21,0,1,2,0,0,0,0,114.4,1,1,3.306,0
11.92,12,0,3,2,0,0,0,0,5.7,2,1,0.314,0
3.88,21,0,1,2,0,0,0,0,16.8,1,1,0.784,0
68.79,20,0,1,1,0,0,0,0,27.2,1,1,5.907,0
42.07,8,0,1,1,0,0,0,0,34.4,1,1,0.049,0
16.07,16,0,2,1,0,1,0,0,7.1,1,2,0.405,0
4.31,14,0,3,3,0,0,1,0,35.5,1,2,0.749,0
21.21,11,0,5,1,0,0,0,0,17.7,1,1,4.908,0
16.03,19,0,2,2,0,0,0,0,6.5,3,2,0.892,0
155.59,3,1,7,5,1,1,0,1,327.8,4,6,10.332,1
48.01,12,0,6,4,0,1,0,0,11.2,1,1,1.926,0
13.53,17,0,1,1,0,0,0,0,49.9,1,1,0.729,0
6.49,13,0,1,3,0,1,0,0,14.4,1,1,0.394,0
18.08,10,0,3,2,0,0,0,0,29.4,1,2,8.934,0
81.72,21,0,3,2,0,0,0,0,73.2,4,2,12.309,0
30.04,15,0,1,5,1,0,0,0,4.1,1,2,6.239,0
37.94,20,0,6,3,0,0,0,0,292.4,1,1,2.424,0
38.35,15,0,2,1,0,0,0,0,76.2,3,3,0.655,0
7.85,9,0,3,3,0,0,0,0,3.2,1,1,0.799,0
15.27,20,0,1,1,1,0,0,1,0.5,1,2,1.044,0
43.61,18,0,2,1,0,0,0,0,192.5,1,1,0.194,0
89.93,14,0,3,1,0,0,0,0,11.1,1,3,0.237,0
31.64,21,0,2,2,0,0,0,0,62.5,1,1,3.469,0
7.30,14,0,2,1,0,0,0,0,22.0,1,1,0.734,0
30.41,20,0,2,2,0,0,0,0,56.5,1,3,0.151,0
22.18,13,0,2,3,0,1,0,0,30.8,3,2,1.022,0
248.88,3,1,5,3,0,1,0,1,370.6,3,5,1.636,1
130.29,9,0,1,1,0,0,0,0,100.5,3,1,1.799,0
11.84,12,0,3,1,0,0,0,0,110.4,2,1,0.771,0
21.80,15,0,1,3,0,1,0,0,9.1,1,2,0.197,0
13.40,15,0,3,1,0,0,0,0,34.6,2,2,0.798,0
11.88,9,0,1,1,0,1,1,0,31.8,2,1,0.646,0
95.98,17,0,3,3,0,1,1,0,7.5,2,3,0.261,0
30.99,8,0,4,1,0,0,0,0,35.3,1,1,0.639,0
57.93,15,0,1,2,0,0,0,0,113.8,1,3,0.087,0
22.12,12,0,2,1,0,0,0,0,11.1,1,1,2.603,0
16.59,20,0,2,2,0,0,0,0,17.6,1,2,0.877,0
14.41,13,0,1,1,0,1,0,1,30.2,1,1,3.489,0
43.79,17,0,9,7,0,3,0,1,39.0,6,4,5.685,0
10.81,16,0,4,2,1,0,0,0,65.4,4,2,0.652,0
526.42,21,0,4,4,0,0,0,0,17.2,1,3,4.995,0
7.88,9,0,1,1,0,1,0,0,17.5,2,1,0.713,0
8.24,15,0,0,2,0,0,0,0,11.9,1,2,0.838,0
175.72,11,0,1,2,0,0,0,0,40.0,2,1,6.487,0
256.42,21,0,6,1,0,0,0,0,40.6,1,1,12.190,0
20.74,20,0,3,1,0,0,0,0,17.8,5,2,0.607,0
29.93,18,0,2,2,0,0,0,0,84.3,1,1,0.304,0
15.56,17,0,1,1,0,0,0,0,9.2,2,1,0.434,0
641.14,14,0,5,5,1,3,0,0,204.0,3,5,24.821,0
20.04,10,0,1,1,0,1,0,0,286.1,1,1,0.243,0
17.44,14,0,2,1,0,2,0,0,13.2,1,1,0.570,0
64.13,14,0,1,1,0,0,0,0,4.7,1,2,3.597,0
19.56,19,0,3,3,0,1,0,0,137.1,2,1,0.142,0
41.56,18,0,2,2,0,1,0,0,59.7,1,1,0.526,0
19.57,10,0,0,1,0,0,0,0,0.1,1,1,0.315,0
15.01,15,0,3,2,0,0,0,1,41.4,2,1,0.790,0
13.08,16,0,1,1,0,0,0,0,64.4,1,1,0.937,0
81.52,17,0,1,1,0,0,0,0,26.1,1,1,1.049,0
4.13,10,0,1,2,0,0,1,0,19.1,1,2,0.059,0
280.00,21,0,6,1,0,6,0,1,50.0,8,4,16.937,1
12.65,9,0,2,1,0,0,0,0,227.2,2,2,0.895,0
24.86,21,0,2,1,0,0,0,0,109.8,1,1,0.225,0
17.98,16,0,4,1,0,0,0,0,17.3,2,1,0.547,0
52.54,8,0,6,6,0,0,0,0,82.4,1,1,3.098,0
64.27,9,0,1,1,0,1,0,0,24.7,1,1,8.607,0
32.69,9,0,2,3,0,0,0,0,42.0,1,1,7.956,0
9.23,12,0,2,1,0,0,0,0,4.1,3,2,0.526,0
41.77,11,0,1,1,0,0,0,0,82.6,1,2,2.773,0
23.00,8,0,3,1,0,0,0,0,5.4,2,2,0.496,0
201.22,9,0,3,2,0,0,0,0,76.5,2,1,11.151,0
365.54,13,0,2,2,0,0,0,0,93.7,1,1,0.247,0
65.01,9,0,1,1,0,0,0,0,22.9,2,1,9.926,0
56.21,16,0,3,2,0,0,0,0,2.3,2,4,0.523,0
29.89,16,0,3,2,0,0,0,0,74.7,2,1,0.070,0
24.26,18,0,2,2,0,0,0,1,69.4,1,1,1.153,0
18.27,19,0,2,1,0,0,0,0,13.7,1,1,2.721,0
30.42,21,0,3,3,2,0,0,0,47.3,1,2,1.728,0
25.76,15,0,3,1,0,0,0,0,55.1,1,2,0.120,0
78.24,18,0,0,2,0,0,0,1,15.8,2,2,2.261,0
32.91,19,0,1,3,0,0,0,1,6.1,1,2,3.912,1
385.81,3,1,6,5,0,4,1,1,240.5,6,2,7.286,1
37.45,14,0,2,2,0,1,0,0,1.8,1,1,0.228,0
2.62,18,0,2,2,0,1,0,0,46.1,3,3,0.983,0
35.95,0,1,10,5,0,5,1,0,91.1,3,6,5.887,1
11.18,19,0,5,2,0,0,0,0,78.8,1,2,0.663,0
35.84,9,0,0,1,0,1,0,0,12.5,2,2,3.811,0
70.12,10,0,2,2,0,0,0,0,0.3,1,2,0.141,0
103.32,20,0,4,4,0,0,0,0,84.0,1,4,2.936,0
11.59,15,0,5,1,0,0,0,0,40.1,1,2,0.039,0
60.44,11,0,1,2,0,0,0,0,1.1,1,1,1.484,0
147.21,22,0,6,2,0,5,1,0,311.1,3,6,0.439,1
10.94,19,0,3,3,0,0,0,0,89.7,1,3,0.366,0
3.10,13,0,4,4,0,0,0,0,25.9,3,3,0.747,0
111.92,13,0,5,5,0,1,0,0,112.2,2,2,1.984,0
65.76,13,0,2,2,0,0,0,0,51.2,1,3,0.675,0
67.01,18,0,3,1,0,0,0,0,144.7,3,3,2.710,0
55.87,4,1,3,5,0,1,0,0,10.0,2,2,11.172,0
153.39,10,0,3,3,0,1,0,0,87.4,1,4,10.035,0
61.50,17,0,3,2,0,0,0,0,125.8,3,1,0.053,0
19.79,15,0,2,2,0,0,0,1,30.3,1,1,0.015,0
24.50,13,0,1,1,0,1,0,0,152.3,1,2,0.195,0
7.63,18,0,1,1,0,0,0,0,19.3,1,1,0.363,0
20.84,9,0,4,4,0,0,0,0,112.0,2,4,0.751,0
86.76,16,0,5,7,0,1,1,0,55.8,4,2,1.327,0
94.00,12,0,1,1,0,0,0,1,144.0,1,3,20.659,0
31.38,20,0,3,1,0,0,0,1,104.0,2,1,0.048,0
19.00,16,0,0,2,0,0,0,0,0.4,4,3,4.706,0
23.76,10,0,1,1,0,0,0,0,48.1,1,1,0.223,0
30.51,18,0,2,1,0,1,0,0,5.2,4,2,0.682,0
37.33,1,1,2,3,0,5,0,0,27.4,2,2,0.546,0
31.44,15,0,3,2,0,0,0,0,1.5,1,3,2.144,0
56.23,19,0,0,0,0,0,0,0,6.8,1,1,23.771,0
4.39,19,0,2,3,0,0,0,0,10.2,1,3,1.966,0
10.16,9,0,1,3,0,1,1,0,3.4,1,3,0.505,0
29.21,15,0,1,1,0,0,0,0,152.2,2,2,0.529,0
29.60,16,0,2,3,0,0,0,0,42.3,1,3,0.178,0
19.01,16,0,5,1,0,4,0,0,35.2,2,1,0.208,0
64.47,12,0,0,1,0,1,0,0,40.6,1,2,2.665,0
5.57,18,0,0,0,0,0,0,0,94.6,1,1,0.957,0
25.90,14,0,2,2,0,0,0,0,7.7,1,1,0.955,0
62.46,17,0,0,1,0,0,0,0,53.5,2,4,0.392,0
71.03,15,0,1,5,0,0,0,0,24.9,2,1,0.428,0
8.26,20,0,2,1,0,0,0,0,117.7,3,1,0.555,0
57.94,14,0,7,7,0,0,0,0,75.6,1,1,0.829,0
265.47,11,0,4,4,1,2,0,1,219.2,3,2,43.245,0
10.21,20,0,4,1,0,0,0,0,49.8,1,2,0.842,0
46.51,17,0,4,4,0,0,0,0,53.0,3,3,0.315,0
13.53,19,0,1,1,0,1,0,0,18.1,1,1,0.007,0
36.67,19,0,2,2,0,1,0,0,22.3,1,1,3.407,0
27.64,14,0,3,3,0,0,0,0,113.0,2,1,0.474,0
7.32,17,0,0,0,0,0,0,0,139.8,4,1,0.556,0
83.79,22,0,6,2,1,5,1,0,315.2,2,4,1.281,0
39.61,19,0,1,1,0,0,0,0,11.9,1,2,0.841,0
8.92,14,0,2,2,0,1,0,0,38.8,1,2,0.893,0
100.89,13,0,1,1,0,1,0,0,4.5,1,2,11.869,0
1179.73,2,1,1,3,0,3,0,1,105.8,2,1,63.963,0
137.46,9,0,4,3,0,0,0,0,98.0,3,3,11.485,0
95.66,15,0,6,2,1,4,0,0,228.0,5,6,0.688,0
288.71,19,0,1,2,0,0,0,0,1.7,1,1,87.834,0
31.41,13,0,6,2,0,3,0,1,49.4,1,4,0.239,0
12.02,12,0,1,3,0,0,0,0,22.7,4,1,0.654,0
46.25,12,0,4,1,0,0,0,0,136.9,1,1,0.540,0
106.28,10,0,1,1,0,0,1,0,0.5,1,2,2.868,0
23.47,19,0,2,3,0,0,0,0,9.2,1,2,1.196,0
222.30,12,0,2,2,0,0,0,0,16.9,1,1,8.085,0
20.35,12,0,0,3,0,0,0,0,76.1,2,2,0.485,0
20.67,13,0,3,1,0,0,0,0,28.1,2,1,1.098,0
30.74,9,0,1,1,0,1,0,0,19.1,1,1,0.041,0
60.19,18,0,0,2,1,0,1,1,119.5,1,1,1.315,0
28.02,11,0,3,1,0,1,0,0,32.4,4,1,1.981,0
5.35,17,0,1,1,0,0,0,0,33.0,1,2,0.641,0
17.96,18,0,1,2,0,0,1,0,31.6,1,1,0.971,0
13.30,18,0,5,2,0,0,0,0,3.8,1,1,0.189,0
8.05,19,0,3,2,0,0,0,0,93.0,1,1,1.300,0
6.47,12,0,3,2,0,0,0,1,28.9,1,4,0.494,0
61.47,15,0,3,1,0,0,0,0,84.1,2,4,0.508,0
55.82,8,0,4,4,0,0,0,0,98.6,3,2,3.613,0
49.59,19,0,1,3,0,0,0,0,72.0,1,3,1.061,0
20.66,19,0,3,1,0,0,0,0,100.5,3,3,0.293,0
38.14,17,0,3,3,0,0,0,1,74.4,1,2,0.044,0
23.38,12,0,3,3,0,0,0,0,33.1,2,2,0.757,0
95.73,20,0,5,2,1,1,0,1,199.5,1,4,0.051,0
78.76,17,0,1,1,0,1,0,0,112.3,2,1,0.707,0
62.05,16,0,3,3,0,0,0,0,35.4,1,3,1.414,0
292.40,19,0,3,1,1,3,0,0,10.0,3,5,17.542,0
48.02,17,0,2,1,0,1,0,0,51.9,1,2,6.872,0
29.82,14,0,2,1,0,0,0,1,32.0,1,1,0.679,0
6.12,14,0,1,1,0,2,0,0,13.8,1,1,0.920,0
55.28,14,0,2,4,0,0,0,0,15.1,4,1,2.805,0
129.12,2,1,6,4,0,2,1,1,521.0,4,4,6.750,1
9.45,16,0,3,3,1,0,0,0,33.5,2,2,0.878,0
9.43,9,0,4,4,0,0,0,0,44.1,1,1,0.482,0
104.19,19,0,4,4,0,0,0,0,79.4,1,1,7.575,0
25.84,11,0,2,2,0,0,0,0,14.8,2,3,0.429,0
35.57,15,0,2,1,0,1,1,0,5.0,1,1,0.036,0
50.96,9,0,1,1,0,0,0,0,18.8,2,1,1.058,0
76.95,9,0,2,2,0,0,0,0,70.2,1,3,5.059,0
26.36,18,0,3,3,0,0,0,0,8.7,1,2,0.433,0
49.51,20,0,2,2,0,0,0,0,0.0,1,2,0.449,0
48.60,11,0,4,4,0,0,0,0,26.5,1,2,0.551,0
25.00,11,0,2,4,0,0,0,0,128.7,4,3,0.390,0
91.65,13,0,3,3,2,0,0,0,3.8,2,1,10.557,0
17.59,18,0,2,1,0,1,0,0,55.3,2,1,0.900,0
190.02,22,0,7,5,1,3,1,1,235.4,6,5,10.708,1
2.87,8,0,4,4,0,1,0,0,52.6,1,4,0.734,0
15.63,11,0,1,1,0,1,0,0,5.8,1,6,0.628,0
32.50,16,0,1,1,0,0,0,0,5.9,1,1,0.475,0
38.60,12,0,2,2,0,2,0,0,74.4,3,2,0.746,0
10.61,18,0,4,5,0,0,1,0,14.6,4,1,0.965,0
172.39,15,0,3,1,0,0,0,0,51.0,1,1,21.244,0
87.63,19,0,4,3,0,0,0,0,33.5,4,2,3.847,0
17.22,18,0,1,1,0,0,0,0,22.3,1,2,0.516,0
85.13,13,0,4,3,1,2,1,1,174.2,4,1,8.223,0
16.16,13,0,1,1,0,0,0,0,49.8,1,2,0.845,0
35.31,12,0,0,1,0,0,0,0,2.1,1,2,3.877,0
20.47,17,0,0,0,0,0,0,1,3.1,3,2,1.104,0
9.15,17,0,2,1,0,2,0,0,25.7,5,2,0.838,0
38.88,14,0,2,2,0,0,0,0,33.1,1,4,0.714,0
22.15,13,0,2,2,0,0,0,1,18.7,3,5,0.876,0
65.08,20,0,2,2,0,0,0,0,109.5,3,2,0.577,0
49.83,14,0,0,0,0,0,0,0,86.5,1,1,0.646,0
21.31,16,0,2,1,0,0,0,0,32.0,1,1,0.210,0
31.74,19,0,1,1,1,0,0,0,43.8,2,1,0.617,0
10.43,13,0,1,2,0,1,0,0,62.4,1,2,0.601,0
9.20,8,0,3,3,0,0,0,0,40.1,1,2,0.701,0
21.91,13,0,1,2,0,0,0,0,113.8,1,2,4.370,0
14.54,18,0,4,1,0,1,0,0,86.0,3,2,0.855,0
573.17,0,1,7,4,0,5,0,0,14.1,6,1,18.509,0
4.74,17,0,3,2,0,0,0,0,32.1,1,1,0.828,0
44.25,13,0,2,1,0,0,0,0,52.9,1,1,2.360,0
5.64,20,0,1,1,0,0,0,0,46.0,2,1,0.582,0
40.70,14,0,5,5,0,0,0,0,23.2,1,2,0.761,0
54.38,10,0,2,2,0,0,0,0,44.1,1,1,0.651,0
50.42,9,0,6,3,0,1,0,0,35.8,2,1,0.213,0
77.35,4,1,6,1,0,2,0,1,10.0,5,1,3.063,0
20.88,6,0,5,6,0,3,1,1,409.5,1,8,0.267,0
29.21,11,0,5,1,0,3,0,1,73.3,1,1,0.182,0
24.39,19,0,1,1,0,0,0,0,81.4,2,4,0.575,0
338.56,5,1,7,6,3,7,1,1,185.1,5,9,54.140,1
65.02,10,0,0,0,0,0,0,0,8.1,1,1,9.677,0
42.19,20,0,2,2,0,0,0,0,95.3,1,1,6.008,0
3.37,14,0,2,1,0,1,0,0,70.0,1,3,0.873,0
114.56,12,0,7,5,0,3,1,0,376.6,1,1,10.479,0
11.70,14,0,1,1,0,0,0,0,28.1,1,2,0.527,0
21.35,10,0,3,1,0,0,0,0,40.2,1,1,0.475,0
13.50,16,0,1,4,0,0,0,0,56.5,1,1,0.686,0
29.65,18,0,2,2,0,0,0,0,20.5,1,1,3.095,0
100.99,9,0,3,3,0,1,0,0,24.9,1,1,11.577,0
3.62,15,0,2,2,0,0,0,0,64.3,1,2,0.908,0
37.27,15,0,2,2,0,0,0,0,119.8,1,2,0.558,0
13.09,18,0,3,3,0,0,1,0,1.3,3,4,0.326,0
5.35,20,0,1,1,0,1,0,0,67.6,2,1,0.837,0
8.63,17,0,1,1,0,0,0,1,13.8,3,3,0.788,0
625.33,5,1,5,6,0,0,1,1,321.2,6,1,7.433,0
25.57,16,0,3,1,0,0,0,0,2.7,1,3,0.209,0
32.01,15,0,4,4,0,0,0,0,4.6,1,4,1.511,0
98.43,10,0,3,3,0,0,0,0,72.4,1,1,0.540,0
6.48,18,0,2,2,0,1,0,0,23.7,3,2,0.440,0
13.25,18,0,1,1,0,0,0,0,35.4,3,1,0.602,0
20.67,18,0,3,3,0,0,0,0,8.7,1,3,0.574,0
14.93,18,0,3,3,0,0,0,0,22.1,1,1,0.551,0
54.30,13,0,2,1,0,1,1,0,8.8,1,1,13.327,0
60.30,17,0,2,1,0,0,0,0,58.9,1,1,3.678,0
55.05,19,0,2,2,0,0,0,0,142.9,1,2,1.742,0
12.71,13,0,2,1,0,0,0,0,12.2,1,2,0.213,0
7.44,12,0,3,2,0,0,0,0,2.2,2,2,0.817,0
9.38,12,0,3,3,0,0,0,0,3.0,2,1,0.253,0
31.84,12,0,6,6,0,0,1,0,31.1,1,1,0.376,0
75.03,15,0,1,1,0,0,0,0,13.7,1,2,7.575,0
280.74,5,1,6,3,0,1,0,0,163.2,5,1,8.184,0
28.80,15,0,2,2,0,1,0,0,30.8,2,3,3.623,0
87.84,21,0,4,4,1,0,0,0,191.6,1,2,0.452,0
105.17,9,0,2,1,0,1,0,0,28.2,1,1,0.452,0
2.36,12,0,2,1,0,0,0,0,62.5,1,3,0.934,0
41.10,12,0,5,6,0,5,0,0,274.1,1,6,0.665,0
55.04,19,0,2,2,0,0,0,0,102.4,1,2,1.359,0
23.63,13,0,2,1,0,1,0,0,47.0,1,1,0.322,0
22.69,10,0,2,1,0,0,0,0,3.7,1,1,0.402,0
175.14,15,0,2,4,0,1,0,0,18.9,1,1,8.127,0
12.54,11,0,1,1,0,0,0,0,57.3,2,3,0.929,0
72.20,18,0,4,1,0,1,0,0,3.4,1,4,2.109,0
42.94,9,0,4,4,0,0,0,0,54.7,1,2,1.437,0
12.09,16,0,1,1,0,1,0,1,258.0,2,3,0.696,0
31.24,19,0,3,3,0,1,0,0,189.5,1,1,0.748,0
119.83,15,0,3,1,0,0,0,0,124.1,1,1,4.487,0
39.17,9,0,1,2,0,1,0,0,161.0,2,1,1.017,0
94.77,13,0,3,3,0,0,0,0,21.5,1,3,8.060,0
45.66,16,0,3,4,0,2,0,1,37.4,2,1,1.029,0
48.77,20,0,2,2,0,0,1,0,15.4,1,2,3.795,0
33.41,9,0,5,2,0,0,0,0,3.3,1,1,1.444,0
1.77,14,0,1,1,0,0,0,0,63.8,1,1,0.972,0
80.82,9,0,3,1,0,0,0,0,38.3,1,1,1.170,0
22.73,19,0,1,2,0,0,0,0,39.2,1,1,0.184,0
28.55,9,0,3,3,1,1,0,0,33.2,3,4,0.466,0
8.46,20,0,3,1,0,1,0,0,84.6,2,3,1.164,0
56.03,10,0,3,3,0,0,0,0,11.9,4,2,0.618,0
52.71,16,0,4,2,0,0,0,0,225.6,3,2,0.135,0
91.05,18,0,1,1,0,0,0,0,104.2,1,1,3.332,0
29.51,16,0,1,1,0,1,0,0,18.8,1,2,0.508,0
9.77,18,0,2,2,0,0,0,0,75.3,2,1,0.698,0
45.62,10,0,2,1,0,0,0,0,19.6,1,2,0.853,0
7.79,11,0,4,3,0,1,0,0,24.2,1,2,0.383,0
18.78,20,0,2,4,0,0,0,0,2.9,1,1,0.045,0
96.80,13,0,0,3,0,0,0,0,4.0,1,4,1.840,0
76.42,20,0,0,2,0,0,0,0,18.7,2,1,2.105,0
47.88,9,0,4,4,0,0,0,0,201.6,1,2,0.839,0
33.77,9,0,0,0,0,0,0,0,60.0,1,2,1.274,0
50.88,13,0,2,1,0,2,0,0,5.9,1,1,0.332,0
97.05,22,0,8,5,0,3,0,0,10.0,1,4,18.067,0
46.19,12,0,1,1,0,1,0,0,75.4,1,3,0.011,0
57.53,5,1,4,6,2,5,1,1,209.0,5,6,0.324,1
13.67,9,0,2,1,0,0,0,0,68.5,1,2,0.339,0
99.19,17,0,2,1,1,0,0,0,31.8,3,3,2.432,0
74.95,19,0,3,2,0,0,0,0,6.9,2,2,1.461,0
6.36,20,0,5,2,0,0,0,0,9.8,2,3,1.032,0
18.94,17,0,0,2,0,1,1,0,20.3,1,2,0.709,0
113.55,16,0,2,1,0,1,0,0,60.0,1,1,6.735,0
10.69,8,0,3,3,0,0,0,0,26.3,1,3,0.656,0
21.27,20,0,2,2,0,0,0,0,50.6,1,1,0.392,0
11.22,14,0,1,1,1,0,0,0,4.4,1,1,0.683,0
17.10,14,0,4,2,0,0,0,0,108.1,3,1,0.595,0
14.74,21,0,3,3,0,0,1,1,65.0,1,1,0.447,0
20.97,13,0,0,2,0,2,0,0,9.7,2,3,0.874,0
65.58,15,0,2,2,0,1,0,1,82.4,1,1,0.398,0
10.64,17,0,3,2,0,0,0,0,78.1,1,3,0.925,0
27.52,21,0,2,2,0,0,1,0,8.4,2,1,0.393,0
72.25,17,0,0,3,0,0,0,0,35.7,2,1,3.839,0
266.53,21,0,6,2,0,1,0,1,13.9,5,5,5.165,0
54.54,13,0,1,1,0,0,0,0,20.4,1,1,0.004,0
18.83,20,0,3,3,0,0,0,0,18.4,1,4,0.599,0
52.82,10,0,2,1,0,0,0,0,44.0,2,2,0.355,0
24.25,18,0,1,1,0,0,0,0,74.9,2,1,2.880,0
10.30,14,0,0,0,0,0,0,0,46.9,1,1,0.208,0
20.50,10,0,3,3,0,1,0,0,22.4,6,2,0.594,0
35.93,13,0,14,7,0,4,0,1,850.2,5,5,0.653,1
28.44,7,0,3,10,5,6,0,0,372.8,3,5,0.970,1
80.87,9,0,3,2,0,0,0,0,46.3,1,1,0.773,0
12.12,17,0,2,1,0,1,0,0,36.0,1,1,0.274,0
18.35,16,0,4,4,0,0,0,0,52.8,1,3,0.057,0
28.17,11,0,3,2,0,1,0,0,36.9,1,1,0.384,0
26.25,9,0,0,2,0,0,0,0,61.6,1,1,0.424,0
8.43,13,0,1,3,0,0,0,0,199.1,1,1,0.926,0
31.76,20,0,0,0,0,0,0,0,38.2,3,2,0.142,0
11.79,12,0,2,1,0,0,0,1,26.4,1,2,0.765,0
9.19,13,0,3,2,0,0,0,0,104.7,2,1,1.785,0
20.02,13,0,0,2,0,1,0,0,131.2,1,2,0.089,0
7.14,10,0,3,1,0,0,0,0,32.8,3,1,0.343,0
69.06,17,0,5,5,0,0,0,0,48.8,2,1,2.673,0
58.71,10,0,1,4,0,0,0,0,72.8,2,2,0.312,0
18.80,9,0,0,1,0,1,0,0,39.3,2,1,0.054,0
22.47,13,0,0,2,0,0,0,0,4.5,1,2,0.461,0
32.34,14,0,1,2,0,1,0,0,96.9,1,1,2.570,0
10.44,9,0,5,5,0,0,0,0,83.2,1,2,0.562,0
243.84,23,1,7,6,2,4,1,0,150.4,2,5,5.564,1
49.33,13,0,3,3,0,0,0,0,248.6,1,1,0.748,0
88.57,15,0,4,4,0,0,0,0,131.1,2,4,0.250,0
22.38,21,0,2,2,0,0,0,0,66.9,1,2,0.167,0
51.17,12,0,4,1,0,1,0,0,31.3,1,1,1.488,0
14.90,18,0,5,2,0,0,0,0,8.1,1,3,4.000,0
26.39,21,0,4,5,0,2,0,1,502.1,3,2,0.020,0
27.27,19,0,2,2,0,0,0,0,13.6,1,1,1.050,0
11.24,17,0,4,2,0,0,0,0,3.1,1,3,0.294,0
8.39,13,0,4,2,0,0,0,0,72.2,1,2,0.617,0
33.71,17,0,4,4,0,0,0,0,86.2,1,1,0.339,0
12.38,16,0,3,1,0,1,0,0,20.8,4,1,0.722,0
50.28,17,0,6,6,0,0,0,0,61.7,1,6,21.649,0
31.27,17,0,3,3,0,1,0,0,16.0,1,1,1.456,0
14.94,15,0,1,1,0,0,0,0,21.1,1,1,0.343,0
10.49,14,0,1,1,0,2,1,1,34.2,4,1,0.541,0
9.02,17,0,2,2,0,2,0,0,2.1,1,1,0.356,0
73.78,8,0,0,1,0,1,0,0,2.0,3,1,1.563,0
30.92,21,0,1,1,0,0,0,0,2.2,2,1,1.605,0
24.55,6,0,5,2,0,1,1,1,44.9,5,2,0.571,0
32.13,11,0,2,1,0,0,0,0,47.7,1,5,0.965,0
43.62,17,0,1,1,0,1,0,0,74.2,1,2,2.008,0
11.86,13,0,3,3,0,0,0,0,24.6,1,2,0.206,0
26.43,19,0,1,1,0,1,0,1,2.4,1,2,0.912,0
8.79,17,0,2,2,0,0,0,0,118.2,2,1,0.760,0
14.65,11,0,0,1,0,0,0,0,126.0,1,2,0.168,0
21.45,19,0,1,1,0,0,0,0,57.3,2,3,0.613,0
11.68,9,0,2,2,0,0,0,0,52.9,1,3,0.639,0
63.40,18,0,2,1,0,0,0,1,5.9,2,1,2.403,0
105.37,18,0,4,4,0,0,0,0,31.7,2,3,8.219,0
12.63,15,0,5,1,0,0,0,0,33.1,3,3,0.112,0
56.12,0,1,4,6,0,3,0,0,263.5,3,5,1.286,0
25.52,14,0,0,0,0,1,0,1,17.9,1,1,0.667,0
10.43,9,0,5,2,0,0,0,0,3.8,3,1,0.460,0
154.75,18,0,1,2,0,0,0,0,7.3,1,2,1.765,0
30.30,18,0,1,2,0,0,0,0,125.9,2,1,0.734,0
32.97,10,0,3,1,0,1,0,0,20.4,2,1,4.104,0
9.21,11,0,1,3,0,0,0,0,0.1,2,3,0.678,0
15.92,16,0,3,2,0,0,0,0,63.4,1,1,3.051,0
34.10,14,0,1,3,0,0,0,0,24.4,1,2,0.543,0
81.58,11,0,1,3,0,0,0,1,477.0,2,2,2.703,0
21.04,16,0,1,1,0,0,0,0,43.2,1,1,0.284,0
7.03,19,0,1,1,0,0,0,0,88.2,1,2,0.138,0
21.53,20,0,1,1,0,0,0,0,66.1,1,3,0.741,0
14.47,17,0,0,1,0,0,0,0,62.9,1,1,0.133,0
64.64,19,0,1,2,0,2,0,0,42.0,2,1,0.900,0
9.95,18,0,0,2,0,0,0,0,116.6,2,1,0.746,0
621.82,23,1,6,4,1,1,0,0,517.7,3,3,28.248,0
101.06,19,0,1,1,0,0,0,0,94.0,1,1,0.070,0
45.63,20,0,3,2,0,0,0,0,7.2,1,1,0.754,0
11.12,13,0,1,1,0,0,0,0,29.1,2,1,0.831,0
25.14,17,0,6,1,0,0,0,0,12.7,1,1,1.347,0
45.52,1,1,4,5,0,4,0,0,452.8,2,4,0.787,0
20.45,11,0,2,2,0,0,0,0,32.3,2,4,1.461,0
9.54,14,0,5,5,0,0,0,0,170.8,1,2,0.768,0
22.33,13,0,3,1,0,2,0,0,64.5,1,4,0.206,0
126.35,12,0,0,2,0,0,0,0,32.1,1,3,5.337,0
34.69,21,0,5,1,0,0,0,0,49.4,2,2,3.105,0
7.08,17,0,3,1,0,0,0,0,95.4,1,1,0.124,0
173.61,14,0,4,4,0,0,0,0,30.0,1,1,9.586,0
68.85,18,0,1,1,0,0,0,0,24.5,1,2,0.639,0
23.07,18,0,1,1,0,1,0,0,44.8,1,1,3.806,0
27.29,19,0,1,4,0,0,0,0,51.8,1,2,0.008,0
22.08,20,0,1,1,0,0,0,0,23.1,2,1,0.466,0
13.25,19,0,0,0,0,1,0,0,32.5,2,2,0.328,0
102.72,9,0,2,2,0,0,0,1,11.1,3,1,3.321,0
23.14,17,0,0,2,0,0,0,0,29.1,3,2,0.477,0
20.44,15,0,4,1,0,0,0,0,22.5,1,2,0.695,0
9.90,15,0,2,1,0,0,0,0,99.6,1,1,0.830,0
34.51,11,0,2,1,0,0,0,1,93.3,2,1,0.421,0
19.30,10,0,2,1,0,0,0,0,55.3,2,1,0.549,0
42.53,13,0,2,2,0,1,0,0,30.1,2,3,0.659,0
17.49,17,0,1,1,0,0,0,0,102.6,1,3,0.230,0
9.27,17,0,5,1,0,0,0,0,22.8,1,1,0.630,0
12.40,10,0,0,3,0,0,0,0,27.8,1,1,0.705,0
8.60,11,0,3,3,0,0,0,0,1.8,1,1,0.696,0
196.73,17,0,2,1,0,2,1,0,67.8,1,2,20.131,0
9.10,17,0,2,2,0,0,0,0,113.0,1,1,0.488,0
39.34,11,0,2,1,0,0,0,0,46.7,1,2,4.050,0
27.03,13,0,3,3,0,0,0,0,23.2,1,1,0.096,0
12.81,13,0,1,1,0,0,0,0,0.6,1,1,0.679,0
75.03,15,0,2,1,0,1,0,0,56.3,1,3,6.648,0
12.87,16,0,2,2,0,0,0,1,164.9,3,2,0.367,0
18.28,15,0,0,2,0,0,0,0,28.2,1,2,0.522,0
26.43,12,0,3,2,0,0,0,0,121.6,1,1,0.395,0
78.74,19,0,3,3,0,1,0,0,33.2,2,1,1.384,0
13.48,12,0,1,3,0,1,0,0,63.7,2,1,0.150,0
135.66,15,0,2,2,0,0,0,1,93.1,2,3,4.277,0
9.20,16,0,3,3,0,0,0,0,3.4,1,1,0.170,0
36.23,14,0,3,3,0,1,0,0,69.4,2,2,0.881,0
18.56,10,0,4,4,0,0,0,0,48.3,2,1,0.541,0
22.85,12,0,0,0,0,1,0,0,70.2,1,1,0.189,0
18.14,10,0,4,1,0,0,0,0,33.7,2,2,0.933,0
65.93,17,0,3,1,0,0,0,0,29.4,3,2,4.187,0
21.39,8,0,9,1,0,0,1,0,17.1,1,3,1.340,0
4.51,16,0,2,1,0,0,0,0,33.1,1,1,0.766,0
105.53,20,0,2,2,0,0,0,1,29.1,1,2,1.072,0
43.22,12,0,1,1,0,0,0,0,10.6,1,3,0.610,0
167.98,4,1,7,4,1,5,1,1,241.9,3,5,19.790,1
9.53,19,0,3,3,0,0,0,0,28.4,1,1,0.148,0
7.57,10,0,2,2,1,1,0,0,114.7,3,3,0.060,0
7.69,11,0,4,1,0,0,0,0,16.8,1,1,0.870,0
32.65,16,0,4,1,0,0,0,0,17.9,1,1,1.076,0
34.37,20,0,4,2,0,1,0,0,3.8,2,1,0.293,0
58.22,9,0,2,3,0,0,0,0,59.3,1,1,0.299,0
92.52,16,0,0,2,0,0,0,0,2.7,2,1,0.318,0
39.62,20,0,3,1,0,4,1,0,630.8,3,5,8.759,0
48.66,11,0,4,4,0,0,0,0,64.2,2,1,6.124,0
29.32,15,0,4,1,0,0,0,0,1.7,1,2,4.911,0
59.10,18,0,4,1,0,0,0,0,10.3,1,2,2.472,0
177.38,9,0,0,3,0,0,0,0,58.9,3,2,3.699,0
40.03,15,0,1,1,0,1,0,0,1.1,2,1,0.240,0
42.82,12,0,1,2,0,1,0,0,38.3,1,2,0.000,0
22.23,18,0,1,1,0,0,0,0,29.9,1,1,3.843,0
247.36,10,0,5,4,0,3,1,0,69.9,3,2,2.618,0
68.38,10,0,1,2,0,0,0,0,61.9,1,1,0.228,0
13.43,16,0,2,1,0,0,0,0,48.9,1,1,0.408,0
148.31,5,1,7,7,1,6,1,1,139.5,2,2,1.351,1
22.60,10,0,1,1,0,0,1,0,79.8,2,4,3.529,0
7.96,9,0,0,0,0,0,0,1,30.4,1,3,0.456,0
63.57,21,0,1,1,0,0,1,1,57.2,1,5,11.514,0
114.79,1,1,2,3,0,2,1,0,307.8,5,5,4.464,0
26.12,13,0,2,2,0,0,0,0,88.3,1,1,0.143,0
37.73,15,0,0,1,0,1,0,0,17.7,1,2,1.644,0
8.00,20,0,1,1,0,0,0,0,119.9,1,1,0.754,0
20.31,8,0,1,1,0,1,0,0,18.0,1,1,0.086,0
20.27,10,0,3,1,0,0,0,0,69.3,1,3,0.325,0
28.54,10,0,6,1,0,0,0,0,19.1,3,1,0.694,0
18.67,13,0,2,3,0,0,0,0,73.9,2,1,0.590,0
41.34,12,0,2,2,0,0,0,0,58.8,1,1,3.573,0
44.41,21,0,2,2,0,1,0,0,42.8,1,2,0.983,0
10.02,14,0,3,1,0,0,0,0,14.1,1,1,0.804,0
39.23,8,0,5,2,3,2,0,1,59.0,2,5,16.131,0
32.98,15,0,1,1,0,0,0,0,68.4,1,1,0.941,0
14.42,21,0,0,3,0,0,0,0,40.1,1,1,0.359,0
11.57,10,0,4,1,0,2,0,0,75.7,1,2,2.241,0
42.30,10,0,1,1,0,0,0,0,121.7,2,1,0.585,0
10.00,0,1,2,4,0,3,1,0,153.8,4,4,0.774,0
28.78,2,1,3,1,0,0,0,1,200.4,3,4,0.209,0
19.33,17,0,1,1,0,0,1,0,44.6,1,1,1.097,0
10.96,13,0,1,1,0,1,0,0,20.4,3,2,0.594,0
310.57,10,0,4,7,1,3,0,1,267.0,1,2,23.885,0
72.96,20,0,5,4,0,3,0,0,317.5,2,3,3.176,0
116.74,11,0,4,2,0,0,0,0,94.2,2,1,7.667,0
14.05,9,0,2,1,0,0,0,0,101.6,1,1,0.348,0
53.23,18,0,2,1,0,0,0,0,16.7,1,1,4.328,0
154.91,6,0,4,5,2,3,1,1,605.9,2,9,32.530,1
13.62,17,0,4,1,0,0,0,0,55.7,1,1,0.787,0
49.18,20,0,1,1,0,0,0,0,17.4,1,2,0.609,0
121.36,1,1,5,4,0,5,0,1,128.1,4,4,3.444,1
154.41,13,0,0,1,0,1,0,0,77.8,1,1,17.716,0
34.66,13,0,1,1,0,1,0,0,5.1,3,1,0.192,0
51.01,20,0,4,3,0,2,0,0,19.1,1,1,0.522,0
29.13,14,0,2,2,0,0,0,0,13.4,1,2,8.132,0
12.98,18,0,2,1,0,1,0,0,21.1,1,1,1.019,0
47.13,11,0,0,2,0,0,0,0,397.7,1,1,0.258,0
14.79,14,0,4,1,0,0,0,0,27.4,1,1,0.700,0
43.30,17,0,1,1,0,0,0,0,69.5,2,1,20.330,0
18.49,16,0,1,1,0,0,0,0,23.7,3,1,0.729,0
18.80,15,0,1,2,0,0,0,0,24.7,1,2,0.665,0
234.74,18,0,3,5,1,3,1,0,48.3,7,3,2.368,0
11.44,19,0,3,1,0,0,0,0,88.6,1,2,0.777,0
4.85,8,0,1,1,0,0,0,0,68.4,1,3,0.966,0
30.02,15,0,0,0,0,0,0,0,13.6,2,1,0.056,0
9.96,13,0,4,2,0,1,0,0,43.6,1,4,0.776,0
8.02,8,0,1,1,0,0,0,0,6.1,1,2,0.736,0
17.37,18,0,0,1,0,0,0,0,7.2,1,4,2.141,0
17.72,10,0,1,1,0,2,0,0,20.5,1,1,0.423,0
80.18,11,0,2,6,0,0,0,0,22.3,1,1,16.060,0
29.39,12,0,0,0,0,1,0,0,269.4,1,1,0.978,0
53.85,19,0,1,1,0,2,0,0,27.7,3,2,0.385,0
80.20,14,0,4,4,0,0,0,0,29.1,1,1,7.901,0
98.03,19,0,3,3,0,1,0,0,96.3,2,3,1.295,0
34.15,11,0,3,1,0,1,0,0,85.5,2,1,0.402,0
7.25,8,0,1,1,0,3,0,0,2.4,2,1,0.715,0
135.64,23,1,4,2,0,4,1,1,133.4,4,3,16.894,0
13.79,17,0,2,1,0,0,0,0,52.1,1,1,0.395,0
44.86,21,0,2,3,0,1,0,0,53.9,1,2,6.527,0
25.27,21,0,2,2,0,0,0,0,9.3,1,2,0.342,0
9.08,9,0,3,3,0,0,0,0,8.5,1,3,0.523,0
19.94,8,0,1,1,0,0,0,0,195.8,1,2,1.276,0
86.99,12,0,3,2,0,1,0,0,4.6,1,1,0.591,0
33.93,16,0,0,0,0,2,0,0,132.9,1,1,1.602,0
32.02,10,0,1,1,0,1,0,0,78.4,1,2,0.630,0
92.53,20,0,1,1,0,0,0,0,120.5,2,2,17.396,0
74.89,13,0,1,3,1,0,0,0,0.7,1,1,0.204,0
23.68,14,0,3,1,0,2,0,0,14.4,3,2,0.748,0
8.70,9,0,1,1,0,0,0,0,93.1,1,1,0.713,0
86.87,21,0,2,2,0,0,0,1,35.6,4,2,24.854,0
13.94,13,0,3,2,0,0,0,0,81.4,3,1,0.908,0
42.95,20,0,0,1,0,1,0,0,9.0,1,2,0.575,0
38.99,18,0,3,2,0,0,0,0,3.4,2,3,2.970,0
38.20,18,0,0,1,0,0,0,0,70.6,1,1,2.071,0
19.02,15,0,1,1,0,2,0,0,2.7,1,3,0.531,0
165.23,1,1,11,3,0,3,1,0,286.3,1,2,11.149,0
59.41,11,0,3,1,0,0,0,0,109.0,2,2,2.186,0
11.85,20,0,2,2,0,0,0,0,14.3,1,1,0.193,0
9.00,13,0,3,4,0,0,0,0,31.4,2,4,0.764,0
92.28,9,0,2,1,0,0,0,0,44.8,1,2,0.690,0
25.81,18,0,1,1,0,1,0,0,97.8,1,1,0.159,0
224.57,10,0,0,0,0,0,0,0,116.6,3,1,10.630,0
163.55,16,0,2,1,0,0,0,0,15.0,1,1,25.811,0
77.30,18,0,1,1,0,0,0,0,27.1,1,3,2.479,0
4.72,16,0,3,1,0,0,0,0,43.0,3,1,0.905,0
177.79,16,0,7,4,1,3,0,1,102.0,3,6,21.562,1
71.93,19,0,3,1,0,0,1,0,23.1,3,2,2.243,0
92.59,11,0,1,2,0,0,0,0,71.7,2,1,0.723,0
141.07,11,0,4,1,0,0,0,0,58.7,2,3,3.839,0
20.51,21,0,4,4,0,0,0,0,59.0,1,2,0.428,0
20.56,13,0,3,1,0,0,0,0,7.4,1,1,2.718,0
89.98,10,0,12,4,1,1,0,1,303.7,4,1,3.598,1
100.51,18,0,6,6,0,0,0,0,25.6,1,1,5.687,0
12.25,13,0,1,2,0,0,0,0,186.9,2,1,0.247,0
11.65,15,0,1,1,0,0,0,0,18.7,1,2,0.746,0
149.79,14,0,0,3,0,0,0,0,0.1,2,3,25.325,0
45.96,19,0,5,2,0,0,0,1,64.3,1,2,0.346,0
32.19,17,0,1,1,0,1,0,0,17.8,1,1,1.851,0
10.38,20,0,1,1,0,0,0,0,12.9,1,1,0.859,0
8.81,14,0,0,2,0,1,0,1,11.5,1,1,0.762,0
77.42,17,0,0,2,0,1,0,0,29.2,2,2,1.708,0
163.53,11,0,10,5,0,2,1,1,752.4,1,2,5.900,1
82.46,20,0,2,2,0,0,0,0,6.7,1,2,2.262,0
63.42,12,0,1,1,0,0,0,0,10.0,1,1,4.325,0
103.39,17,0,2,2,0,0,0,0,50.8,1,1,8.681,0
71.76,16,0,2,2,0,0,0,0,24.5,4,1,0.997,0
23.34,11,0,2,1,0,0,0,0,4.9,1,4,0.176,0
23.01,13,0,3,2,0,0,0,1,81.4,1,1,0.165,0
61.66,18,0,0,3,0,0,1,0,9.6,2,4,0.937,0
66.77,18,0,1,1,0,0,0,0,21.7,2,3,1.068,0
17.30,9,0,2,2,0,0,0,0,105.5,2,2,0.759,0
31.78,11,0,3,2,0,1,0,0,26.0,1,2,2.488,0
80.58,12,0,2,2,0,0,0,0,182.1,1,1,0.430,0
83.83,19,0,2,2,0,0,0,0,21.5,1,3,0.607,0
7.90,18,0,1,1,0,1,1,0,103.3,1,1,0.366,0
3.22,18,0,0,1,0,0,0,0,80.1,1,2,0.906,0
51.09,10,0,1,1,0,0,0,0,88.2,2,1,1.182,0
15.84,12,0,3,3,0,1,0,0,49.6,1,1,0.715,0
630.25,13,0,8,3,1,1,0,0,245.5,1,1,156.563,0
18.67,11,0,3,1,0,0,0,0,165.7,1,1,0.357,0
52.97,15,0,3,1,0,0,0,0,13.3,1,1,1.660,0
67.05,18,0,11,2,0,5,0,1,82.7,1,1,3.306,0
7.14,12,0,1,2,0,0,1,0,4.4,1,1,0.926,0
22.75,21,0,2,2,0,0,0,0,52.8,1,1,0.143,0
16.00,18,0,4,1,0,0,0,0,73.4,1,3,4.714,0
50.30,8,0,1,1,0,0,0,0,7.5,1,1,0.396,0
32.69,20,0,2,3,0,0,0,0,44.3,1,2,0.562,0
27.84,10,0,3,1,0,0,0,0,2.4,1,4,0.354,0
11.86,15,0,1,1,0,0,0,0,24.3,1,1,0.281,0
19.67,17,0,0,2,0,1,0,0,37.7,2,1,0.714,0
24.78,11,0,2,2,0,0,0,0,41.5,1,2,0.640,0
13.18,14,0,2,1,0,0,0,0,27.2,2,3,0.593,0
43.37,8,0,3,2,0,2,0,1,250.9,2,1,0.529,0
39.16,13,0,2,2,0,0,0,1,54.8,1,2,0.034,0
13.93,19,0,3,1,0,0,0,0,7.9,1,3,0.173,0
25.29,18,0,2,3,0,0,0,0,76.8,2,1,1.542,0
17.69,8,0,2,2,0,0,0,0,60.3,1,1,0.753,0
16.09,10,0,5,2,0,0,0,0,46.4,1,1,0.158,0
11.36,19,0,5,1,0,0,0,0,24.0,1,1,0.646,0
12.53,9,0,1,1,0,0,0,0,2.6,1,3,0.316,0
150.89,6,0,9,5,0,1,0,1,339.0,3,6,10.219,1
8.01,17,0,4,1,0,1,0,0,63.4,1,3,0.339,0
2.52,19,0,2,2,0,0,1,0,13.5,1,1,0.996,0
27.63,17,0,0,2,0,0,0,0,50.2,1,1,0.468,0
17.79,9,0,3,3,0,0,1,0,61.0,1,1,0.746,0
71.80,14,0,2,2,0,0,0,0,25.3,1,3,1.484,0
10.88,18,0,4,2,0,0,0,0,0.5,1,2,0.383,0
37.95,20,0,1,1,0,1,0,0,73.7,1,2,0.123,0
64.92,12,0,2,3,0,0,1,0,4.0,2,1,0.982,0
39.04,13,0,3,2,0,0,0,0,68.3,1,1,2.069,0
67.37,12,0,3,3,0,0,0,0,120.6,1,3,11.593,0
21.87,14,0,6,2,0,0,0,0,52.3,1,3,2.254,0
40.34,15,0,1,1,0,0,1,0,21.2,1,1,0.231,0
37.59,20,0,2,1,0,0,0,0,0.0,1,3,0.519,0
98.36,20,0,3,1,0,0,1,0,35.9,1,2,2.527,0
96.22,10,0,3,2,0,1,0,0,27.2,1,1,0.502,0
90.60,0,1,7,1,0,2,0,1,55.9,2,8,0.643,0
17.94,18,0,2,3,0,0,0,0,55.7,1,4,0.299,0
11.13,16,0,3,2,1,0,0,0,2.1,1,2,0.888,0
34.63,10,0,0,2,0,1,1,1,177.4,4,2,0.172,0
27.52,20,0,1,1,0,0,0,0,3.6,4,3,0.040,0
32.00,15,0,0,0,0,1,0,0,42.1,1,1,1.566,0
51.93,22,0,5,6,3,3,1,1,924.0,7,8,1.818,1
23.54,20,0,1,1,0,0,0,0,29.4,1,1,2.672,0
98.45,16,0,1,1,0,0,0,0,17.5,2,1,0.998,0
21.57,12,0,1,3,0,0,0,0,17.8,1,1,0.224,0
12.16,9,0,4,1,0,1,0,0,28.0,1,1,1.413,0
9.38,17,0,5,5,0,1,0,1,21.4,1,1,0.341,0
6.89,15,0,2,2,0,1,0,0,92.4,1,1,0.846,0
104.69,4,1,2,2,0,3,0,1,310.4,5,2,1.017,0
76.38,8,0,1,1,1,2,0,1,163.3,3,3,1.053,0
22.62,20,0,1,1,0,1,0,0,62.5,1,1,0.588,0
25.69,20,0,4,2,0,1,0,0,33.7,1,1,1.635,0
85.66,13,0,4,4,0,0,0,0,44.3,1,1,3.520,0
9.69,20,0,0,1,0,0,0,0,7.5,2,1,0.601,0
30.90,15,0,2,2,0,0,0,0,48.3,2,1,1.484,0
14.37,20,0,1,1,0,2,0,0,95.2,1,1,0.617,0
40.23,15,0,0,1,0,0,0,0,4.4,1,4,0.454,0
11.67,13,0,3,3,1,0,0,0,39.0,1,2,0.103,0
51.91,13,0,2,1,0,0,0,0,16.9,1,1,0.049,0
133.07,13,0,2,1,0,1,0,0,3.4,2,1,17.279,0
24.22,18,0,1,1,0,0,0,0,57.8,1,3,0.849,0
6.22,20,0,2,2,0,0,0,0,182.1,2,2,0.701,0
10.06,21,0,4,1,0,0,0,0,110.7,2,1,0.084,0
15.97,18,0,0,2,0,0,0,0,111.7,1,1,0.106,0
39.43,14,0,3,1,0,1,0,0,36.4,2,1,0.446,0
9.24,11,0,0,0,0,1,0,0,7.4,3,1,0.763,0
63.78,9,0,6,3,0,4,1,1,44.5,1,6,14.748,0
8.54,16,0,4,1,0,0,0,0,133.9,2,1,0.806,0
27.52,14,0,0,3,0,0,0,0,135.9,2,2,0.241,0
14.24,18,0,2,1,0,1,0,0,41.7,1,1,0.725,0
72.36,16,0,1,1,0,0,0,0,51.4,1,1,5.050,0
8.32,8,0,1,1,0,4,0,0,3.2,1,3,0.066,0
3.62,11,0,2,1,0,0,1,0,17.8,1,1,0.862,0
76.49,13,0,1,2,0,0,0,0,95.1,1,2,0.012,0
5.73,19,0,1,1,0,1,0,0,12.9,2,1,0.603,0
19.55,17,0,0,1,0,0,0,0,22.1,1,4,0.837,0
36.50,13,0,0,0,0,0,0,0,129.9,1,1,0.954,0
398.91,23,1,3,5,1,0,0,1,243.8,3,7,6.572,0
97.72,16,0,0,2,0,0,0,0,66.9,1,1,5.236,0
29.26,16,0,3,1,0,0,0,0,18.6,2,2,0.901,0
35.13,10,0,3,1,1,0,0,0,25.0,1,4,0.331,0
15.25,15,0,2,1,0,0,0,0,26.9,1,5,0.546,0
20.05,15,0,1,2,0,0,0,0,359.5,1,1,0.723,0
5.77,14,0,0,0,1,1,0,0,4.3,2,1,0.326,0
82.00,15,0,4,4,0,0,0,0,35.6,4,1,0.681,0
5.66,13,0,0,1,0,0,0,0,36.2,1,3,0.447,0
17.56,12,0,0,1,0,0,0,0,4.5,1,3,0.346,0
3.93,17,0,2,1,0,0,0,0,43.6,1,1,0.651,0
20.82,12,0,1,1,0,0,0,0,18.1,1,1,2.279,0
41.54,9,0,3,1,0,0,0,0,74.9,2,1,0.174,0
60.15,18,0,1,1,0,0,1,0,71.3,3,1,0.386,0
12.18,14,0,4,2,0,0,0,0,122.7,1,2,0.450,0
10.00,9,0,2,1,0,0,0,0,43.1,1,3,0.300,0
4.89,12,0,3,3,0,0,0,0,12.9,1,3,0.774,0
27.21,13,0,1,1,0,0,0,0,133.4,1,2,0.336,0
73.43,7,0,7,2,1,3,0,1,101.1,1,4,11.552,0
5.46,17,0,1,1,0,1,0,0,109.8,1,3,0.693,0
11.41,13,0,2,1,0,0,0,0,6.6,3,3,0.667,0
91.86,18,0,3,3,0,0,0,0,83.5,2,2,4.291,0
47.92,10,0,1,2,0,0,0,0,6.2,1,1,5.314,0
31.47,8,0,3,1,0,0,0,0,33.1,1,2,7.669,0
41.99,18,0,1,1,0,1,0,0,84.9,3,2,2.299,0
62.35,20,0,9,5,0,4,1,0,170.0,5,1,1.453,0
14.41,11,0,3,2,0,0,0,0,112.8,1,4,0.091,0
36.78,17,0,2,1,0,0,1,0,15.8,1,1,0.282,0
6.76,16,0,1,2,0,1,0,1,68.5,1,1,0.684,0
30.63,12,0,2,2,0,0,0,0,62.6,1,1,0.621,0
68.40,19,0,4,3,0,3,0,0,15.4,3,4,2.225,0
2.99,17,0,3,1,0,2,0,1,42.8,4,1,0.927,0
11.51,16,0,5,3,0,0,0,0,84.9,1,1,0.812,0
12.59,10,0,2,10,1,3,1,1,414.3,1,2,0.729,0
23.10,17,0,2,1,0,0,0,1,177.1,1,1,0.469,0
59.35,15,0,0,2,0,0,0,0,102.7,2,1,0.120,0
72.80,12,0,2,2,0,0,0,0,107.6,2,1,1.750,0
24.65,10,0,3,3,0,0,0,0,24.5,1,1,0.345,0
108.08,18,0,0,0,0,0,0,0,0.4,1,2,0.363,0
465.01,13,0,2,2,0,0,0,0,74.0,2,1,24.452,0
8.70,16,0,1,1,0,0,0,0,21.0,1,1,0.516,0
4.98,11,0,3,2,0,0,0,0,31.9,3,2,0.800,0
22.57,14,0,4,1,0,0,0,0,24.2,1,1,1.989,0
11.19,11,0,1,2,0,0,0,0,31.5,1,3,0.764,0
153.03,14,0,2,1,0,1,0,0,78.8,2,3,0.861,0
18.82,11,0,3,2,0,1,0,0,92.1,1,1,0.636,0
41.04,16,0,1,1,0,0,0,0,6.8,2,1,0.139,0
3.29,10,0,2,2,1,0,0,0,4.9,1,1,0.757,0
88.75,15,0,1,2,0,0,0,0,32.0,1,1,2.260,0
6.99,19,0,1,1,0,0,0,0,6.2,1,4,0.661,0
48.03,15,0,1,1,0,0,0,0,28.4,2,1,2.021,0
94.23,8,0,2,2,0,0,0,1,17.1,3,1,5.603,0
20.97,16,0,3,1,0,1,0,0,26.0,3,2,0.754,0
65.33,18,0,0,0,0,0,0,0,14.9,1,1,3.949,0
24.90,15,0,7,1,0,0,0,0,61.0,2,1,0.053,0
22.63,10,0,1,1,0,0,0,0,2.3,1,5,0.773,0
64.20,20,0,1,2,0,0,0,0,73.0,2,3,0.316,0
62.75,20,0,1,3,0,1,0,0,4.6,2,2,7.045,0
106.15,20,0,4,2,0,1,0,0,39.9,1,1,3.733,0
75.41,17,0,2,2,0,0,0,0,16.3,1,1,1.340,0
91.06,4,1,3,4,0,2,1,0,153.8,1,1,3.867,0
10.04,21,0,4,4,0,0,0,0,62.7,1,1,1.096,0
30.39,15,0,4,4,0,1,0,0,0.5,2,1,0.084,0
113.35,13,0,1,3,0,0,0,1,50.9,2,3,0.948,0
37.58,14,0,3,1,0,0,0,0,43.8,1,1,1.246,0
46.35,20,0,1,1,0,0,0,0,63.0,1,1,0.456,0
6.92,16,0,2,4,0,1,0,1,65.4,1,2,0.893,0
10.00,22,0,6,8,1,1,0,0,444.1,4,4,0.642,0
52.31,14,0,3,3,1,5,0,1,450.4,4,2,2.182,0
87.70,14,0,2,2,0,0,0,0,7.0,1,1,0.633,0
82.55,2,1,7,5,0,2,0,0,66.3,1,2,4.999,0
29.17,21,0,0,3,0,1,1,0,168.6,1,2,0.819,0
27.43,12,0,3,3,0,0,0,0,74.8,1,2,1.903,0
18.20,11,0,1,2,0,0,0,0,42.6,1,2,0.259,0
16.29,17,0,3,1,0,0,0,0,61.2,1,3,2.056,0
8.24,18,0,3,1,0,1,0,0,132.2,1,1,0.302,0
40.96,11,0,3,3,0,2,0,0,36.5,2,1,0.286,0
55.11,14,0,1,1,0,1,0,0,3.0,2,1,1.464,0
35.05,9,0,1,1,0,1,0,0,39.5,1,5,0.449,0
8.60,9,0,1,1,0,0,0,0,70.2,3,1,0.800,0
35.68,14,0,4,1,0,0,0,0,27.6,2,1,0.118,0
9.23,16,0,3,1,0,0,0,0,53.6,1,4,0.675,0
150.85,19,0,3,1,0,1,0,0,11.5,1,1,6.689,0
12.91,18,0,1,1,0,1,0,0,99.8,1,1,1.512,0
15.38,15,0,2,2,0,1,0,0,74.9,1,1,0.144,0
54.45,14,0,3,2,0,0,0,0,94.3,1,2,1.305,0
38.74,18,0,0,1,0,0,0,0,22.0,1,1,2.314,0
185.08,13,0,8,4,1,8,1,1,334.8,8,4,20.200,1
37.84,19,0,1,1,0,0,1,0,33.2,1,3,1.393,0
9.94,21,0,3,1,0,0,0,0,80.8,1,1,0.844,0
38.46,20,0,2,1,0,0,0,0,127.9,1,1,0.365,0
5.68,20,0,2,2,0,0,0,0,22.1,1,2,0.210,0
35.50,14,0,1,1,0,0,0,0,301.2,1,1,0.156,0
12.24,21,0,1,1,0,0,0,0,75.4,2,2,0.280,0
34.46,20,0,1,1,0,0,0,1,18.0,1,4,6.395,0
9.51,16,0,1,2,0,1,0,0,5.0,1,3,0.725,0
87.06,17,0,2,2,0,0,0,0,4.3,1,3,5.636,0
11.49,8,0,3,1,0,0,0,0,14.6,2,1,0.358,0
18.78,1,1,10,7,0,1,0,0,105.9,2,1,0.073,0
82.78,23,1,6,8,3,3,0,1,560.3,2,3,1.942,1
75.70,18,0,4,4,0,1,0,0,10.4,3,1,1.459,0
33.39,9,0,2,2,0,0,0,0,108.4,1,1,3.729,0
6.49,18,0,1,2,0,1,0,0,176.7,1,2,0.514,0
78.09,9,0,1,3,0,0,0,0,8.1,2,1,1.366,0
98.54,2,1,11,6,0,2,0,1,70.3,1,1,0.540,0
10.23,21,0,3,2,0,0,0,0,147.4,1,2,0.543,0
9.04,10,0,5,1,0,0,1,0,37.5,1,1,0.550,0
18.85,17,0,2,1,0,0,0,0,17.5,1,1,0.462,0
3.01,10,0,0,0,0,0,0,0,7.6,1,3,0.888,0
7.73,16,0,2,2,0,0,1,0,177.2,3,1,0.733,0
239.96,8,0,3,3,0,2,1,1,237.9,3,3,12.534,0
203.37,16,0,5,3,0,2,0,1,32.2,3,1,19.096,0
14.25,9,0,1,1,0,0,0,0,84.0,2,4,0.077,0
8.05,12,0,5,1,0,1,0,0,7.1,1,1,0.730,0
22.63,13,0,3,3,0,0,0,0,3.8,2,2,0.309,0
12.16,17,0,2,3,1,1,0,0,4.3,2,1,0.692,0
6.98,19,0,1,1,0,0,0,0,55.3,1,2,0.765,0
727.88,6,0,8,7,1,5,0,1,208.2,2,6,72.227,1
25.11,8,0,2,1,0,2,0,1,29.8,1,2,0.683,0
49.89,16,0,2,2,0,1,0,0,14.8,1,2,4.781,0
41.24,11,0,3,1,0,1,0,0,10.7,1,1,0.091,0
8.55,15,0,1,1,0,1,0,0,13.4,2,1,0.431,0
27.77,14,0,3,1,0,2,1,0,69.6,1,2,0.483,0
19.15,15,0,1,1,0,0,0,0,40.8,1,1,0.196,0
57.67,13,0,0,2,0,0,0,0,5.5,2,3,4.535,0
16.50,9,0,2,1,0,0,0,0,216.0,1,1,0.442,0
10.11,14,0,3,3,0,1,0,0,103.4,2,1,0.797,0
30.05,21,0,1,1,0,1,0,0,189.0,1,1,0.120,0
19.22,12,0,3,3,0,0,0,0,99.3,1,2,0.849,0
45.45,20,0,1,3,0,0,0,0,6.2,1,1,1.973,0
23.50,11,0,3,2,0,0,0,1,56.1,3,1,2.125,0
26.82,11,0,2,2,0,1,0,0,166.7,1,1,0.047,0
102.70,9,0,4,4,0,0,0,0,5.7,1,1,8.981,0
30.42,13,0,0,0,0,0,0,0,0.1,1,1,0.810,0
10.03,18,0,0,1,1,0,0,0,18.2,1,1,0.466,0
21.13,21,0,7,1,0,0,0,0,12.5,1,4,0.402,0
42.87,11,0,4,1,0,0,0,0,106.9,1,5,0.709,0
88.33,9,0,3,3,0,0,0,0,4.2,1,4,0.594,0
120.48,9,0,1,1,0,1,0,0,52.0,1,2,21.229,0
157.38,13,0,1,3,0,0,0,0,5.5,1,1,0.236,0
38.40,18,0,3,3,0,0,0,0,77.4,1,1,0.045,0
24.73,15,0,0,0,0,0,0,0,52.0,2,3,0.829,0
25.86,20,0,1,1,0,0,0,0,7.9,2,3,1.615,0
16.15,17,0,1,1,0,1,0,0,126.2,2,1,0.690,0
286.21,6,0,6,6,1,0,0,1,331.8,2,4,4.228,0
20.87,13,0,3,2,0,0,1,0,50.3,1,1,0.088,0
17.13,19,0,1,2,0,0,0,0,43.1,4,1,0.501,0
17.26,10,0,3,2,0,0,0,0,29.7,3,1,0.263,0
103.28,12,0,0,2,0,0,0,0,47.2,4,2,1.466,0
12.20,14,0,2,1,0,1,0,0,163.4,1,3,0.700,0
19.57,11,0,2,2,0,0,0,0,64.8,1,1,1.311,0
15.54,15,0,4,1,1,0,0,0,156.6,1,1,0.818,0
62.21,15,0,3,3,0,1,0,0,17.8,1,1,0.603,0
27.83,16,0,0,1,0,0,0,0,100.8,1,2,0.398,0
35.08,12,0,4,4,0,0,0,0,10.1,1,3,0.364,0
43.82,18,0,2,2,0,1,0,0,13.7,2,1,0.556,0
47.42,14,0,1,1,1,0,0,0,25.4,1,2,0.865,0
8.05,18,0,3,3,1,0,0,0,42.6,1,2,0.590,0
114.94,17,0,0,3,0,0,0,0,14.7,2,1,0.599,0
2.73,8,0,1,1,0,0,0,0,77.3,1,3,0.965,0
47.56,13,0,0,0,0,1,0,0,74.5,1,1,3.058,0
29.09,14,0,0,1,0,0,0,0,81.0,1,1,5.910,0
11.95,21,0,2,1,0,0,0,1,19.4,1,2,0.488,0
23.31,17,0,1,1,0,1,0,0,3.6,1,4,0.006,0
817.62,17,0,9,5,2,5,0,1,319.3,2,4,47.755,1
209.78,21,0,3,5,0,1,1,1,99.0,3,2,2.874,0
35.24,15,0,1,1,0,1,0,0,1.2,1,1,0.190,0
129.05,17,0,4,4,0,0,0,0,57.6,1,1,3.983,0
79.95,19,0,8,7,0,0,0,0,319.1,1,6,3.659,0
31.33,20,0,3,2,0,1,0,0,37.7,1,1,0.875,0
46.80,6,0,2,6,2,2,0,1,90.7,3,1,0.395,0
33.67,9,0,1,1,0,1,0,0,171.2,1,1,0.364,0
19.83,16,0,0,2,0,0,1,0,17.4,1,1,0.663,0
6.88,14,0,4,2,0,0,0,0,13.5,1,1,0.984,0
5.84,16,0,4,1,0,0,0,0,3.8,1,2,0.917,0
48.97,16,0,2,2,0,0,0,0,137.9,1,1,0.761,0
9.98,20,0,1,2,0,0,0,0,75.9,1,3,0.216,0
96.45,20,0,5,1,0,6,0,1,271.7,5,3,6.076,0
21.24,13,0,1,1,0,0,0,0,120.5,1,3,3.291,0
38.16,19,0,2,2,0,0,0,0,2.0,1,1,0.667,0
20.54,20,0,2,1,0,0,0,0,30.8,1,3,0.171,0
81.10,14,0,3,2,0,0,1,0,26.3,1,1,0.958,0
17.24,9,0,3,3,0,0,0,0,74.2,5,1,0.717,0
20.35,11,0,2,2,0,0,0,0,45.7,1,1,0.685,0
129.64,8,0,2,1,0,0,0,0,48.7,2,1,7.305,0
35.75,10,0,2,2,0,0,0,0,78.1,4,1,2.571,0
15.95,16,0,1,1,0,0,0,0,0.6,1,2,0.734,0
187.66,9,0,3,1,0,2,0,1,52.2,1,2,12.041,0
73.73,17,0,1,1,0,1,0,0,108.5,1,1,33.293,0
3.74,13,0,0,2,0,0,0,0,58.7,1,2,0.930,0
62.79,9,0,1,1,0,2,0,0,33.4,1,2,1.986,0
38.38,10,0,0,2,0,0,0,0,42.1,1,1,2.885,0
128.47,16,0,3,3,0,0,0,0,91.3,1,1,4.313,0
21.59,9,0,2,3,0,0,0,0,36.7,1,4,0.293,0
19.79,13,0,3,1,0,0,0,0,45.2,1,3,0.340,0
7.11,17,0,3,1,0,0,0,0,25.7,2,1,0.861,0
11.50,14,0,5,5,0,1,0,0,120.1,1,1,2.898,0
43.08,8,0,1,1,0,0,0,0,46.3,1,1,1.891,0
18.45,14,0,2,1,0,1,0,0,119.6,1,1,0.118,0
43.94,9,0,1,1,0,2,0,0,18.9,4,2,0.169,0
110.97,11,0,2,1,0,0,0,0,24.2,2,3,7.985,0
15.18,12,0,1,1,0,1,1,1,24.9,1,5,0.811,0
62.43,17,0,1,1,0,1,0,0,83.8,1,2,0.617,0
16.42,20,0,0,1,0,0,0,0,90.0,1,3,1.433,0
64.04,13,0,3,3,0,1,0,0,89.4,1,4,2.641,0
31.13,20,0,1,1,0,0,0,0,59.5,1,1,0.144,0
31.64,13,0,1,3,0,0,0,0,1.3,2,4,0.740,0
20.65,13,0,1,1,0,0,0,0,183.4,3,2,0.783,0
20.75,12,0,1,2,0,1,0,0,42.8,1,1,0.706,0
34.06,19,0,2,1,0,0,0,0,62.1,1,2,2.552,0
118.64,15,0,2,1,0,0,0,0,9.9,1,4,7.541,0
6.62,13,0,1,1,0,0,0,0,16.4,1,1,0.738,0
24.91,18,0,1,1,0,0,0,0,77.1,1,1,11.581,0
35.32,11,0,2,1,0,0,1,0,8.8,3,2,1.418,0
40.24,19,0,2,1,0,0,0,0,100.8,1,1,0.888,0
3.96,20,0,2,2,0,0,0,0,46.5,1,2,0.898,0
45.21,17,0,4,1,0,0,0,0,8.0,2,1,0.259,0
4.83,11,0,2,2,0,0,1,0,6.4,1,1,0.624,0
10.48,13,0,1,1,0,0,0,0,10.4,1,2,0.612,0
7.79,12,0,2,1,0,0,0,0,24.8,4,1,0.725,0
313.73,19,0,12,6,5,6,1,1,352.2,2,8,17.730,1
8.68,12,0,2,2,0,2,0,0,26.4,1,1,0.526,0
180.84,20,0,1,1,0,0,1,0,37.6,1,2,7.745,0
12.71,20,0,0,3,0,0,0,0,22.3,3,1,0.539,0
10.95,18,0,2,2,0,0,0,0,133.9,1,2,0.347,0
10.54,8,0,3,1,0,0,0,0,36.8,1,1,0.175,0
11.85,15,0,2,2,0,0,0,0,3.4,1,2,0.358,0
38.97,17,0,5,2,0,0,0,0,2.7,2,2,0.154,0
24.25,8,0,4,1,0,0,0,0,138.2,3,2,0.095,0
82.46,10,0,1,2,0,0,0,0,204.3,1,1,0.651,0
27.69,20,0,1,1,1,0,1,0,216.8,1,1,0.580,0
82.46,12,0,7,2,0,0,0,0,25.0,1,1,0.292,0
227.20,0,1,10,6,0,4,1,1,782.5,2,4,2.097,1
10.98,14,0,1,4,0,0,0,0,30.0,1,3,0.863,0
24.20,11,0,2,1,0,1,0,0,24.5,1,1,0.479,0
65.00,13,0,1,1,0,0,0,0,11.6,3,1,0.495,0
21.37,12,0,0,1,0,0,0,0,66.4,2,2,0.018,0
12.45,11,0,1,1,0,1,0,0,15.3,3,2,0.777,0
6.91,12,0,2,2,0,0,0,0,105.4,3,1,0.939,0
10.00,18,0,6,7,0,1,0,1,514.2,2,1,0.783,0
42.38,18,0,1,1,0,0,0,0,47.6,1,3,0.699,0
19.49,9,0,1,1,0,2,0,0,140.6,1,2,0.561,0
5.87,17,0,0,1,0,2,0,0,61.6,4,1,0.822,0
43.76,14,0,2,1,0,1,0,0,2.1,1,1,0.101,0
17.79,8,0,5,5,0,0,0,0,283.1,3,1,0.484,0
40.01,13,0,5,1,0,0,0,0,2.4,2,1,2.180,0
14.31,15,0,1,1,0,0,0,0,17.8,3,1,0.876,0
100.58,15,0,2,2,0,1,0,0,71.9,3,1,0.809,0
76.29,10,0,4,4,0,0,0,0,31.2,1,1,2.105,0
71.22,11,0,3,1,0,0,0,0,34.6,1,1,3.855,0
6.24,11,0,1,1,0,1,0,0,12.2,2,2,0.907,0
35.47,10,0,1,1,0,0,0,0,7.9,2,1,1.552,0
2.64,16,0,0,0,0,1,0,0,0.6,1,1,0.848,0
11.94,19,0,5,1,0,0,0,0,24.9,3,1,1.437,0
48.53,9,0,3,3,0,0,0,0,48.0,2,1,1.321,0
13.70,12,0,4,4,0,0,1,0,10.2,4,1,4.170,0
98.65,22,0,8,9,2,1,1,1,393.2,6,7,6.275,1
32.01,18,0,2,2,0,1,0,0,8.5,1,2,0.003,0
56.67,14,0,1,1,0,0,0,0,0.5,2,2,0.546,0
27.54,18,0,2,1,0,0,0,0,12.3,1,3,0.659,0
10.92,11,0,0,2,0,0,0,0,1.9,1,2,0.768,0
16.93,14,0,1,1,0,1,0,1,205.6,1,1,0.520,0
23.12,19,0,1,2,0,1,0,0,12.5,2,2,0.808,0
51.76,11,0,8,2,0,1,1,0,24.0,2,1,6.512,0
6.77,8,0,0,0,0,0,0,0,5.4,3,1,0.229,0
114.33,11,0,3,1,0,0,0,0,37.8,1,4,0.519,0
36.72,11,0,3,2,0,0,0,0,13.8,4,1,6.116,0
11.93,15,0,1,1,0,0,0,0,6.6,2,1,0.825,0
16.91,17,0,0,0,0,0,0,0,33.8,2,2,0.763,0
11.96,9,0,3,1,0,1,0,0,6.5,3,1,0.804,0
9.40,19,0,2,2,0,0,0,0,15.8,6,5,0.743,0
11.43,19,0,4,4,0,0,0,0,88.4,1,1,0.771,0
81.05,11,0,2,1,0,0,0,0,113.9,1,2,1.659,0
16.53,16,0,1,1,0,0,0,0,47.2,2,1,0.202,0
19.85,20,0,2,3,0,0,0,0,4.2,1,3,0.466,0
38.23,19,0,1,1,0,0,0,0,22.6,1,4,2.348,0
6.60,18,0,2,1,0,1,0,0,9.7,2,2,0.859,0
67.57,20,0,3,3,0,0,0,0,120.8,1,3,4.964,0
11.62,12,0,4,1,0,0,1,0,79.8,1,1,0.766,0
15.73,19,0,3,1,0,0,0,0,4.1,1,2,0.493,0
34.11,15,0,4,4,0,1,0,0,8.1,1,2,1.336,0
26.84,18,0,1,1,0,0,0,0,5.9,1,3,1.040,0
5.00,15,0,5,1,0,0,0,0,17.1,1,1,0.605,0
13.74,17,0,2,1,0,0,0,0,101.2,2,1,0.767,0
66.79,20,0,0,0,0,0,0,0,140.0,3,4,0.185,0
137.28,13,0,5,3,0,2,1,1,599.2,3,4,3.820,0
26.92,13,0,2,3,0,0,0,0,3.9,1,1,0.012,0
46.31,16,0,1,2,0,0,0,0,2.7,1,1,4.448,0
18.29,12,0,5,5,0,0,0,0,14.8,1,1,0.714,0
36.23,18,0,2,1,0,0,0,0,17.6,4,1,0.395,0
37.62,19,0,1,1,0,0,0,0,50.2,1,1,0.555,0
71.07,20,0,4,4,0,1,0,0,366.3,3,1,1.258,0
15.40,17,0,6,6,1,1,0,0,12.6,1,2,0.582,0
16.63,9,0,3,1,0,1,0,0,102.3,1,1,0.606,0
79.40,10,0,0,0,0,0,0,0,5.3,1,1,1.576,0
16.38,20,0,3,3,0,1,0,0,68.2,2,2,0.778,0
66.86,18,0,2,1,0,0,0,0,66.9,1,1,3.370,0
8.94,18,0,4,1,0,0,0,0,9.1,1,1,0.031,0
13.56,17,0,0,1,0,0,0,0,39.3,1,2,0.073,0
20.27,18,0,2,2,1,0,0,0,281.8,3,1,0.895,0
2.12,12,0,0,0,0,0,1,0,27.3,1,1,0.874,0
14.71,11,0,3,1,0,0,0,0,41.9,1,1,0.322,0
66.35,18,0,2,1,0,0,0,0,12.3,2,1,2.503,0
14.83,20,0,0,0,0,1,0,0,151.9,1,2,0.460,0
17.66,20,0,1,1,0,1,0,0,16.8,1,1,0.380,0
4.50,8,0,5,5,0,1,0,0,23.1,1,1,0.850,0
16.85,20,0,2,2,0,0,1,0,8.6,1,2,0.392,0
10.64,18,0,3,3,0,0,0,0,121.6,1,1,0.702,0
4.18,18,0,2,2,0,0,0,0,48.5,1,1,0.957,0
6.69,15,0,2,1,0,0,0,0,8.0,2,1,0.681,0
34.00,10,0,2,2,0,0,0,0,139.2,1,1,0.390,0
7.29,10,0,0,0,0,0,0,0,22.1,1,4,0.257,0
52.40,15,0,0,1,0,0,0,0,0.1,1,1,2.599,0
22.36,21,0,1,1,0,0,0,0,4.7,1,4,0.132,0
93.81,13,0,3,2,0,0,0,0,22.1,1,1,4.009,0
34.69,17,0,1,1,0,0,0,0,66.1,1,2,1.496,0
68.44,11,0,4,4,0,0,0,0,29.0,2,2,0.266,0
9.69,15,0,6,2,0,0,0,0,25.2,1,3,0.828,0
51.25,22,0,5,3,0,2,0,1,204.2,1,2,1.516,0
115.23,15,0,1,1,0,0,0,0,5.8,1,1,5.179,0
5.61,10,0,1,1,0,0,0,0,52.7,1,2,0.613,0
9.19,12,0,3,2,0,0,0,0,54.1,1,2,0.754,0
37.48,15,0,4,3,0,1,0,0,19.2,2,1,0.185,0
37.07,9,0,7,2,0,0,0,0,59.8,1,4,0.255,0
252.06,14,0,2,2,1,1,0,0,17.1,1,2,16.077,0
13.87,16,0,1,1,0,0,1,0,22.0,1,2,0.683,0
19.60,10,0,0,1,0,0,1,0,29.8,3,1,1.173,0
48.18,10,0,1,1,0,0,0,0,37.9,1,1,0.461,0
18.91,8,0,3,1,0,0,0,0,2.6,1,1,0.001,0
29.76,20,0,0,0,0,0,0,0,27.8,1,2,0.578,0
86.13,20,0,5,5,0,0,0,0,133.4,1,1,3.841,0
12.70,16,0,2,1,0,1,0,0,29.4,1,1,0.313,0
7.32,21,0,3,2,0,0,0,1,78.9,1,1,0.952,0
125.62,13,0,3,3,0,1,0,0,6.2,2,1,8.459,0
57.99,19,0,3,1,0,2,0,0,29.6,1,1,7.168,0
55.57,20,0,1,1,0,0,0,0,0.8,1,1,3.858,0
55.85,21,0,1,1,0,1,0,0,16.1,2,4,2.270,0
185.39,2,1,1,4,0,1,0,1,435.4,1,4,26.506,0
22.60,15,0,2,1,0,1,0,0,9.4,2,1,1.716,0
15.16,12,0,1,2,0,0,0,0,55.8,1,1,0.432,0
122.19,21,0,10,1,0,1,0,1,188.8,9,3,3.187,0
4.96,16,0,1,1,0,0,0,0,95.0,1,2,0.734,0
131.52,20,0,1,1,0,0,0,0,92.9,1,2,2.478,0
190.97,14,0,2,1,0,2,0,0,52.4,2,1,3.602,0
43.33,10,0,1,1,0,1,0,0,96.3,3,3,0.131,0
123.73,14,0,2,2,1,1,0,0,13.2,1,5,5.190,0
32.60,12,0,2,2,0,0,0,0,61.8,1,3,0.495,0
16.31,16,0,1,1,0,0,0,0,33.8,3,2,0.691,0
21.97,16,0,4,1,0,0,0,1,0.1,1,1,1.098,0
13.67,16,0,1,2,0,0,0,0,53.8,1,2,0.562,0
9.97,13,0,3,3,0,1,0,0,11.7,1,2,0.655,0
24.63,19,0,1,3,0,0,0,0,51.0,1,1,0.153,0
660.86,1,1,9,3,0,0,1,0,33.7,3,3,18.166,0
22.02,12,0,2,2,0,0,0,1,90.3,1,1,0.526,0
146.59,11,0,9,9,0,3,1,1,243.9,2,1,4.072,0
20.81,11,0,5,5,0,2,1,1,112.2,2,5,0.034,0
20.31,19,0,3,3,0,0,0,0,96.8,1,1,0.093,0
526.63,8,0,5,9,0,1,1,1,152.6,2,2,12.999,0
30.56,12,0,2,1,0,0,0,0,25.9,2,1,0.586,0
28.79,10,0,0,2,0,0,0,0,9.4,1,2,1.267,0
11.09,19,0,1,3,0,1,0,0,110.8,1,2,0.822,0
22.54,9,0,2,3,0,0,0,0,161.8,2,1,0.454,0
20.71,6,0,1,4,1,1,1,1,623.2,2,5,0.436,0
88.09,17,0,1,1,0,0,0,0,18.8,2,1,3.067,0
13.17,12,0,3,1,0,0,0,0,62.6,1,2,0.635,0
154.11,5,1,3,6,0,2,0,0,36.1,4,2,10.846,0
11.05,11,0,2,2,0,0,0,1,119.4,2,1,0.152,0
27.80,11,0,1,1,0,0,0,0,77.6,1,2,1.028,0
282.86,11,0,2,3,0,2,1,0,1246.6,2,2,10.238,0
8.54,17,0,0,0,0,1,0,0,19.6,1,2,0.785,0
92.98,17,0,4,3,0,2,0,0,242.7,1,1,1.380,0
20.95,17,0,3,3,0,0,0,0,20.1,1,2,1.106,0
34.74,17,0,3,3,0,0,0,0,99.9,2,1,0.043,0
14.14,19,0,1,1,0,0,0,0,48.6,1,2,0.687,0
31.37,18,0,2,3,0,1,0,0,17.0,1,1,0.668,0
57.28,16,0,0,1,0,0,0,0,18.4,1,2,2.196,0
6.15,19,0,1,1,0,0,0,0,1.0,1,2,0.808,0
24.90,13,0,1,1,0,0,0,0,45.2,2,1,0.607,0
14.69,16,0,1,1,1,0,0,0,38.5,1,2,0.678,0
216.93,16,0,3,12,2,8,1,1,50.0,3,4,3.419,1
62.60,14,0,1,1,0,0,0,0,137.5,1,1,1.000,0
69.59,18,0,3,1,0,0,0,0,13.4,2,1,0.555,0
78.24,1,1,5,3,0,3,0,0,155.2,2,2,2.146,0
12.60,17,0,4,2,0,0,0,0,14.6,1,1,0.648,0
12.74,14,0,5,2,0,1,0,0,90.8,1,1,0.517,0
13.35,10,0,1,1,0,0,0,0,29.5,1,1,0.960,0
22.81,13,0,2,1,0,0,0,0,52.3,1,1,0.463,0
17.82,20,0,0,0,0,1,0,0,15.3,2,5,0.438,0
22.61,14,0,3,3,0,0,0,0,6.1,1,1,1.145,0
7.43,13,0,1,3,0,0,0,0,6.7,1,2,0.635,0
10.39,17,0,1,2,0,0,0,0,21.1,2,4,0.712,0
12.72,13,0,1,1,0,2,0,1,44.5,1,1,0.039,0
22.14,12,0,2,1,0,0,0,0,41.4,1,1,0.743,0
44.49,14,0,5,1,0,3,0,0,42.5,1,2,4.050,0
97.06,13,0,2,2,0,0,0,0,10.8,1,1,5.381,0
116.76,8,0,1,1,0,0,0,0,60.5,1,1,1.614,0
11.87,19,0,3,2,0,0,0,0,17.2,2,1,0.342,0
51.65,13,0,0,0,0,1,0,0,22.5,2,1,0.674,0
15.57,21,0,1,1,0,0,0,0,50.1,2,2,0.222,0
7.30,12,0,4,4,0,0,0,0,10.5,1,1,0.604,0
76.52,10,0,0,1,0,0,0,0,14.5,4,1,0.748,0
90.36,12,0,5,3,1,1,0,0,576.8,2,1,0.402,1
7.76,21,0,1,1,0,0,0,0,13.5,2,4,0.370,0
25.49,9,0,2,2,0,2,0,0,12.8,1,3,0.154,0
24.97,2,1,5,3,0,1,1,0,88.5,1,3,0.020,0
16.46,14,0,6,5,0,0,0,0,11.2,1,2,0.132,0
11.55,19,0,2,2,0,0,0,0,34.5,1,1,0.024,0
6.88,9,0,2,2,0,0,0,0,107.7,1,1,0.896,0
12.14,11,0,3,1,0,1,0,0,12.8,1,3,0.376,0
12.07,13,0,1,1,0,1,0,0,7.2,1,5,0.677,0
12.52,14,0,1,1,0,1,0,0,44.5,2,1,0.397,0
92.63,13,0,0,0,0,0,0,0,107.1,1,3,3.081,0
15.57,10,0,1,1,0,0,0,0,89.9,4,1,0.314,0
23.09,15,0,1,1,0,1,0,0,131.6,2,1,0.715,0
214.47,13,0,2,6,0,3,1,0,224.9,3,4,15.981,0
5.22,12,0,3,2,0,0,1,0,13.9,1,1,0.875,0
83.23,16,0,2,2,0,0,1,0,4.8,2,1,1.691,0
71.07,12,0,1,2,0,0,0,0,2.2,1,2,0.750,0
23.07,11,0,2,2,0,3,0,0,14.1,2,1,0.334,0
29.97,8,0,2,2,0,0,0,0,33.3,3,1,0.436,0
20.06,12,0,1,1,0,0,0,0,1.8,1,1,0.708,0
59.00,20,0,2,1,0,0,0,0,17.4,1,2,0.441,0
42.25,16,0,4,2,0,1,0,0,132.1,1,2,0.548,0
35.07,11,0,2,1,0,0,1,0,15.6,2,1,0.199,0
54.16,19,0,1,1,0,0,0,0,136.5,1,1,1.718,0
5.07,18,0,0,1,0,1,0,0,24.6,1,4,0.578,0
53.40,13,0,3,3,0,0,0,0,28.4,2,2,1.246,0
18.15,13,0,4,4,0,1,0,0,16.2,2,3,0.769,0
17.97,19,0,1,2,0,0,0,0,157.3,1,1,0.537,0
15.79,12,0,1,1,0,0,0,0,2.7,2,2,0.815,0
27.03,15,0,1,2,0,0,0,0,66.6,1,1,0.490,0
17.39,15,0,1,1,1,0,0,0,9.2,1,1,0.145,0
101.64,12,0,3,1,0,2,0,0,19.1,1,2,0.699,0
74.12,15,0,4,5,0,0,0,0,28.3,1,1,14.410,0
39.80,5,1,3,4,1,2,0,0,77.8,4,1,2.131,0
10.43,15,0,3,3,0,0,0,0,20.1,1,2,0.647,0
11.54,9,0,4,1,0,0,0,1,24.1,1,1,0.894,0
4.53,17,0,3,3,0,1,1,0,34.2,1,3,0.441,0
19.24,17,0,2,2,0,0,0,0,38.3,1,1,0.782,0
87.05,14,0,1,1,0,0,0,0,5.5,1,1,0.086,0
93.87,5,1,4,4,0,0,1,0,333.6,1,1,12.315,0
16.26,14,0,1,1,0,0,0,0,57.4,1,1,0.675,0
20.85,19,0,1,2,0,0,0,0,0.8,1,2,0.505,0
21.81,13,0,0,1,0,0,0,1,23.7,2,2,0.492,0
38.46,12,0,0,0,0,1,0,0,9.9,1,1,3.606,0
46.79,13,0,4,1,0,0,0,0,53.5,1,1,1.337,0
11.84,20,0,3,2,0,0,0,0,25.3,1,4,0.557,0
37.28,18,0,2,2,0,0,0,0,21.6,1,1,4.744,0
25.91,9,0,3,3,0,0,0,0,25.5,1,3,0.364,0
26.68,8,0,3,1,0,0,0,0,142.4,1,1,0.573,0
8.94,12,0,3,1,0,0,0,0,50.4,1,1,0.680,0
11.49,15,0,0,0,0,0,0,1,6.9,1,1,0.862,0
35.59,10,0,0,0,0,1,0,0,60.2,1,1,0.290,0
64.00,9,0,2,2,0,1,0,0,148.4,1,1,9.492,0
37.92,21,0,1,1,0,2,0,0,20.1,1,2,3.256,0
26.83,14,0,2,2,0,4,0,0,205.8,2,3,0.715,0
2.33,11,0,0,2,0,0,0,0,17.9,1,1,0.959,0
32.36,13,0,2,2,0,0,0,0,4.0,1,1,0.548,0
69.54,23,1,5,6,0,2,0,1,89.7,3,5,6.849,0
5.99,16,0,4,4,0,1,0,0,21.2,1,3,0.465,0
12.68,14,0,0,2,0,0,0,0,50.9,2,3,0.672,0
220.04,21,0,11,5,0,3,0,0,243.4,4,1,47.789,0
89.27,11,0,2,2,0,1,0,0,110.8,2,1,2.213,0
31.39,13,0,0,1,0,1,0,0,10.2,1,1,1.121,0
12.27,17,0,2,2,0,0,0,0,14.6,1,3,0.551,0
4.31,11,0,2,2,0,0,0,0,4.4,1,1,0.884,0
24.00,8,0,1,1,0,1,0,0,22.5,2,1,0.170,0
2.94,15,0,5,5,0,0,0,0,84.1,2,1,0.536,0
102.29,11,0,2,1,0,0,0,0,148.8,2,1,0.424,0
22.08,8,0,2,2,0,0,0,1,97.1,1,1,0.012,0
14.41,15,0,4,4,0,2,1,1,76.1,2,4,0.809,0
49.82,14,0,1,5,0,0,0,0,96.9,1,3,1.172,0
85.40,18,0,2,2,0,0,0,0,0.1,1,1,2.058,0
41.46,19,0,2,1,0,0,0,0,15.4,1,3,1.689,0
19.89,20,0,2,1,0,0,1,0,8.2,1,4,0.665,0
77.84,22,0,2,2,0,0,0,0,127.1,2,4,11.031,0
6.51,18,0,4,1,0,0,0,0,227.4,2,2,0.581,0
3.71,18,0,0,1,0,0,0,0,113.2,1,1,0.795,0
214.60,19,0,4,4,0,0,0,1,30.4,2,1,8.450,0
8.99,15,0,5,1,1,0,0,0,27.6,1,1,0.360,0
16.85,11,0,1,1,0,0,0,0,8.8,1,2,0.753,0
27.00,14,0,4,1,0,1,1,0,50.2,2,2,1.006,0
6.57,21,0,3,2,0,0,0,0,127.2,3,2,0.870,0
3.57,11,0,2,1,0,1,0,0,6.5,1,2,0.975,0
51.14,10,0,1,1,0,0,0,0,18.7,1,2,0.078,0
21.24,18,0,3,3,0,0,0,0,117.7,2,3,0.084,0
9.31,14,0,4,1,0,1,0,0,241.6,1,1,0.929,0
110.01,21,0,1,1,0,1,0,0,31.6,1,2,0.823,0
3.91,16,0,1,1,0,0,0,0,67.8,2,2,0.935,0
9.67,14,0,1,2,0,1,0,0,61.8,1,1,0.909,0
41.37,19,0,1,1,0,0,0,0,42.3,1,2,0.586,0
46.16,14,0,1,2,0,0,0,0,13.6,1,1,0.671,0
16.51,17,0,3,2,0,0,0,0,44.1,1,3,0.546,0
99.35,2,1,5,1,0,5,0,1,54.0,2,1,6.338,0
34.28,14,0,2,2,0,0,0,0,36.0,3,1,0.075,0
23.43,19,0,1,1,0,0,0,0,12.7,1,1,0.502,0
18.62,19,0,3,3,0,0,0,0,68.8,1,1,0.072,0
12.49,15,0,1,1,0,0,0,0,57.7,4,2,0.067,0
54.76,14,0,3,3,0,0,0,0,5.1,1,1,12.488,0
125.24,3,1,9,4,6,3,1,1,1064.7,3,3,0.440,1
25.67,18,0,1,1,0,0,0,0,56.1,1,1,2.006,0
66.85,18,0,2,1,0,0,0,0,94.2,3,1,0.788,0
41.47,14,0,0,1,0,0,0,0,42.5,2,4,3.800,0
154.11,8,0,3,3,0,1,0,0,80.4,1,1,4.691,0
9.25,17,0,3,2,0,0,0,0,21.5,2,2,0.301,0
8.96,14,0,2,2,0,1,0,0,4.8,1,2,0.562,0
26.41,12,0,5,5,0,0,0,0,85.9,1,2,0.412,0
9.47,20,0,0,1,0,0,0,0,87.7,1,1,0.639,0
17.45,8,0,0,2,0,1,0,0,12.4,1,3,0.003,0
2.15,14,0,1,1,0,0,0,0,11.2,1,5,0.883,0
26.58,20,0,6,3,0,0,0,0,22.7,1,2,0.108,0
6.89,10,0,2,1,0,0,0,0,17.0,1,1,0.467,0
80.47,20,0,4,4,0,2,0,0,116.3,1,2,5.138,0
41.98,16,0,2,2,0,0,0,0,13.4,1,2,2.452,0
17.14,9,0,2,2,0,0,0,0,41.5,1,2,0.322,0
20.94,13,0,1,1,0,1,0,0,49.6,1,1,0.655,0
32.96,16,0,0,0,0,0,0,0,6.2,1,2,0.287,0
20.63,9,0,2,2,1,1,0,0,86.8,1,1,0.628,0
15.69,14,0,3,1,0,2,0,0,48.0,2,2,1.955,0
7.57,21,0,1,1,0,1,0,0,81.6,1,1,0.691,0
31.87,15,0,7,7,0,0,0,0,107.0,2,2,12.678,0
18.14,17,0,1,2,0,1,0,0,214.8,1,2,0.753,0
35.09,16,0,0,0,0,0,0,0,95.0,1,4,0.493,0
28.88,11,0,0,0,0,0,0,0,83.5,1,1,0.509,0
14.42,16,0,0,2,0,0,0,0,21.2,2,2,0.585,0
80.84,11,0,3,1,0,0,0,0,27.5,1,1,1.039,0
17.41,14,0,0,0,0,1,0,0,15.4,2,3,0.752,0
26.83,19,0,0,0,0,0,0,0,2.7,3,2,0.055,0
6.64,9,0,3,1,0,1,0,0,48.6,1,1,0.804,0
11.71,9,0,4,1,0,0,0,0,43.3,2,1,0.104,0
8.69,16,0,3,3,0,0,0,0,12.7,1,1,0.240,0
275.59,20,0,2,2,0,0,0,0,138.1,1,2,6.218,0
207.32,4,1,10,8,3,4,0,1,194.8,4,4,9.792,1
150.88,6,0,2,3,0,2,1,0,105.0,4,3,14.210,0
82.34,17,0,1,1,0,0,0,0,38.6,1,1,0.143,0
15.16,16,0,1,1,0,0,0,0,0.7,2,1,0.257,0
10.90,11,0,3,3,0,1,0,0,82.4,1,1,0.666,0
56.73,13,0,2,2,0,0,0,0,1.7,1,2,4.418,0
38.17,15,0,0,2,0,0,0,0,36.8,2,3,0.512,0
8.83,10,0,4,4,0,1,0,0,22.4,1,3,0.387,0
29.77,20,0,2,1,0,0,0,0,2.5,1,1,0.009,0
105.01,12,0,3,1,0,0,0,0,8.5,3,2,10.207,0
1.00,11,0,3,3,0,0,0,0,17.6,1,1,0.968,0
39.40,19,0,1,1,0,1,0,0,42.4,1,2,2.232,0
164.05,19,0,6,4,5,5,1,1,669.9,3,6,6.320,1
89.67,9,0,6,4,1,3,0,0,208.7,2,2,7.748,0
5.14,19,0,1,1,0,1,0,0,53.2,2,1,0.933,0
7.97,17,0,4,1,0,0,0,1,118.4,1,1,0.631,0
68.19,12,0,2,2,0,0,0,0,120.8,2,1,8.178,0
12.64,9,0,2,3,0,0,0,0,87.9,1,1,4.036,0
15.73,18,0,2,2,0,0,0,0,85.0,1,2,0.454,0
24.73,18,0,2,2,1,1,0,0,206.6,1,1,1.068,0
5.10,11,0,4,1,0,0,0,0,26.4,1,2,0.902,0
2.83,20,0,2,2,0,0,0,1,51.0,2,1,0.888,0
92.17,1,1,10,10,2,2,1,0,148.9,5,4,2.421,1
16.11,18,0,4,1,0,0,0,0,14.8,1,1,0.086,0
35.71,11,0,3,3,0,0,1,0,5.2,4,1,2.081,0
7.50,20,0,1,4,0,0,1,0,38.2,1,2,0.717,0
61.96,17,0,2,1,0,0,0,0,11.6,1,2,1.160,0
12.58,10,0,1,1,0,0,0,0,13.0,2,1,0.709,0
51.05,19,0,3,1,0,0,0,0,14.0,1,1,0.944,0
22.58,15,0,1,3,0,0,0,0,23.1,2,2,0.135,0
384.48,8,0,0,0,0,0,0,1,71.3,1,2,6.533,0
45.82,18,0,1,2,0,0,0,0,18.2,1,1,1.789,0
60.51,13,0,1,1,0,0,0,0,15.1,2,1,0.047,0
31.58,11,0,0,0,0,0,0,0,171.9,1,2,0.801,0
151.48,5,1,7,8,1,6,0,1,689.9,3,5,30.298,1
27.79,9,0,3,3,0,0,0,0,249.4,1,1,0.079,0
20.77,19,0,2,1,0,0,0,0,14.7,1,2,0.971,0
8.28,13,0,2,2,0,0,0,0,19.9,1,1,0.780,0
10.83,8,0,4,1,0,0,0,0,171.1,1,5,0.804,0
85.30,17,0,3,2,0,0,0,0,44.3,3,2,8.850,0
5.73,20,0,2,1,0,0,0,1,56.0,1,1,0.356,0
15.68,15,0,3,1,0,0,0,0,58.1,1,1,0.023,0
12.12,20,0,3,3,1,0,0,0,42.5,2,1,0.604,0
23.49,10,0,3,3,0,0,0,0,28.4,1,1,3.050,0
6.48,14,0,0,2,0,2,0,0,68.9,1,3,0.512,0
35.12,14,0,3,1,0,0,0,1,23.2,1,3,1.936,0
46.72,18,0,1,1,0,0,1,0,172.0,1,1,1.643,0
273.49,9,0,2,5,0,1,0,0,363.7,5,4,12.149,0
32.20,21,0,1,1,0,0,0,0,10.6,3,1,2.594,0
42.78,10,0,2,2,0,1,0,0,38.6,2,1,0.760,0
23.18,18,0,2,1,0,0,0,1,15.6,1,1,2.819,0
73.50,17,0,0,2,0,0,0,0,17.1,3,5,0.824,0
11.55,13,0,4,4,0,0,0,0,75.9,1,2,0.779,0
18.85,13,0,1,1,0,1,0,0,54.7,4,6,0.789,0
39.27,12,0,2,2,0,0,0,0,25.1,2,3,0.205,0
171.29,8,0,1,1,0,2,0,0,49.0,2,4,6.800,0
89.63,20,0,2,2,0,1,0,0,71.9,1,4,8.307,0
11.35,17,0,1,1,0,0,0,0,42.0,1,2,0.544,0
22.40,15,0,2,2,0,0,0,0,163.7,1,1,0.077,0
7.55,14,0,3,1,0,0,0,0,97.6,2,3,0.610,0
77.68,16,0,4,4,0,1,0,0,28.3,2,4,2.457,0
45.56,15,0,2,2,0,0,0,0,229.0,2,3,0.831,0
307.11,16,0,2,2,0,3,0,1,164.4,1,4,8.765,0
4.25,18,0,2,2,0,0,0,0,10.8,1,1,0.816,0
42.57,20,0,7,4,0,1,0,0,14.4,1,2,0.599,0
13.71,10,0,4,3,0,0,0,0,112.4,1,1,0.164,0
94.36,16,0,0,1,0,1,0,0,3.0,1,1,38.983,0
34.50,13,0,2,2,0,1,0,0,195.0,1,1,0.245,0
15.82,11,0,3,1,0,0,1,1,5.1,1,2,0.667,0
13.22,9,0,3,2,0,1,0,0,40.0,1,2,0.707,0
15.94,20,0,1,1,0,0,0,0,97.5,1,1,0.434,0
13.31,9,0,0,1,0,0,0,0,241.1,1,1,0.523,0
63.94,11,0,2,1,0,0,0,0,39.4,2,3,8.501,0
38.49,17,0,1,1,0,0,0,0,20.8,1,2,5.341,0
7.51,19,0,1,1,0,0,0,0,2.3,2,2,0.418,0
39.44,19,0,3,1,0,0,0,0,11.2,1,1,1.683,0
13.88,14,0,1,1,0,2,0,0,6.8,2,1,0.408,0
29.91,11,0,2,1,0,0,0,0,33.6,1,1,0.444,0
60.79,9,0,2,2,0,0,0,0,1.4,3,1,1.804,0
17.55,15,0,3,3,1,0,1,0,70.5,1,2,0.883,0
10.30,13,0,5,5,0,0,0,0,32.3,1,1,0.508,0
13.60,11,0,4,4,0,0,0,0,37.0,1,3,0.290,0
16.19,17,0,3,3,0,1,0,0,27.5,2,1,0.687,0
12.54,15,0,1,1,0,2,0,0,10.8,2,1,0.660,0
12.39,17,0,2,3,0,0,0,0,53.8,2,1,1.895,0
21.40,10,0,2,1,0,2,0,0,13.0,1,1,0.474,0
22.20,9,0,2,2,0,0,0,0,57.7,2,3,0.844,0
35.87,19,0,1,1,1,0,0,0,7.6,1,1,3.847,0
66.54,18,0,2,1,0,0,0,1,99.8,2,3,2.476,0
30.96,17,0,3,1,0,0,0,0,28.4,1,1,0.966,0
378.90,9,0,3,1,0,2,0,0,55.9,1,2,18.714,0
7.90,18,0,2,2,0,1,0,0,33.6,2,1,0.712,0
8.78,11,0,1,1,0,1,0,0,34.6,1,1,0.404,0
43.53,19,0,2,2,0,0,0,0,50.2,3,1,0.326,0
75.85,15,0,2,1,0,0,0,0,146.6,3,1,0.554,0
21.07,11,0,3,1,0,1,0,0,77.8,1,1,0.522,0
44.24,18,0,3,1,0,0,0,0,44.9,3,1,0.364,0
74.76,0,1,9,6,4,5,0,1,243.1,2,6,1.890,1
22.55,17,0,0,1,0,0,0,0,115.5,2,1,0.768,0
13.99,10,0,4,1,0,0,0,0,47.2,2,1,3.632,0
46.75,12,0,0,3,0,0,0,0,76.6,3,1,0.667,0
32.40,19,0,0,1,0,0,1,0,8.7,1,1,0.225,0
25.01,9,0,2,2,0,0,0,0,120.6,1,2,0.247,0
13.16,14,0,1,1,0,0,0,0,73.0,1,1,0.299,0
56.84,18,0,4,1,0,1,0,0,70.5,1,1,0.438,0
26.46,16,0,1,1,0,0,0,0,15.3,1,3,0.572,0
16.93,8,0,1,2,0,0,0,0,10.7,1,1,0.085,0
29.82,18,0,3,3,0,0,0,0,12.2,2,2,2.241,0
178.23,13,0,2,2,0,0,0,0,18.6,2,4,1.486,0
73.80,18,0,1,1,0,0,0,0,102.8,1,2,9.207,0
554.38,21,0,9,11,3,1,0,1,307.9,8,8,24.040,1
27.64,9,0,3,1,0,0,0,0,80.4,2,1,0.503,0
100.04,12,0,2,2,0,1,0,0,21.3,1,1,5.034,0
22.14,18,0,2,2,0,0,0,0,15.5,1,1,0.247,0
9.73,10,0,3,1,0,0,0,0,39.5,1,1,0.658,0
39.62,18,0,2,1,0,0,0,0,96.6,5,1,2.318,0
160.07,13,0,2,2,0,0,0,0,13.8,1,4,10.761,0
30.54,16,0,3,1,0,0,1,0,79.6,1,1,0.589,0
18.85,15,0,0,0,0,0,0,0,4.3,1,1,0.656,0
9.06,17,0,2,2,0,0,0,0,28.2,2,2,0.045,0
378.33,13,0,1,1,0,0,0,0,160.5,2,1,12.086,0
56.43,14,0,2,2,0,0,1,0,4.1,1,2,0.079,0
8.18,10,0,0,1,0,3,0,0,104.0,1,1,0.199,0
209.23,19,0,5,6,1,3,1,0,198.5,3,3,1.676,1
82.45,8,0,2,3,0,1,0,0,34.1,1,2,6.943,0
57.48,17,0,3,1,0,0,0,0,51.8,2,1,3.422,0
81.99,19,0,3,3,0,0,0,0,94.7,1,1,5.497,0
45.62,15,0,1,1,0,0,0,0,139.3,1,1,0.588,0
16.14,17,0,2,1,0,1,0,0,24.9,1,2,0.943,0
3.88,13,0,1,2,0,1,0,0,153.2,2,1,0.849,0
29.62,14,0,4,1,0,2,0,0,41.3,2,1,3.607,0
12.07,14,0,2,2,0,0,0,0,15.7,1,1,0.614,0
18.84,9,0,3,3,0,0,0,0,81.6,1,1,0.657,0
155.10,20,0,0,2,0,0,0,0,28.7,2,3,5.520,1
32.86,14,0,2,1,0,0,0,0,30.3,1,2,1.168,0
8.49,19,0,0,0,0,0,0,0,28.8,2,2,0.605,0
13.76,17,0,4,4,0,0,0,0,76.0,1,1,0.159,0
28.49,20,0,2,1,0,1,0,0,0.6,1,2,0.610,0
81.77,19,0,2,1,0,0,0,0,51.0,1,1,0.764,0
67.39,3,1,6,6,0,1,0,1,94.5,1,4,0.765,0
47.30,17,0,1,1,0,0,0,0,40.6,2,2,0.435,0
17.17,16,0,2,1,0,0,0,0,180.1,1,2,0.551,0
46.98,10,0,2,2,0,0,0,0,33.6,1,1,0.953,0
10.71,14,0,7,7,0,1,0,0,401.5,1,7,0.285,0
34.98,9,0,1,1,0,0,0,0,4.9,1,1,0.764,0
4.96,10,0,2,2,0,1,0,0,29.8,1,1,0.851,0
32.44,17,0,3,2,0,0,0,1,83.8,2,1,4.045,0
10.52,14,0,2,2,0,0,0,0,75.0,1,1,0.645,0
21.08,19,0,4,4,1,0,0,1,19.3,3,3,2.091,1
34.34,18,0,5,2,0,2,0,1,209.8,2,1,0.272,0
5.49,17,0,0,1,0,0,0,0,20.8,1,1,0.478,0
65.98,14,0,2,1,0,0,0,0,5.5,1,1,9.027,0
17.94,8,0,4,1,0,0,0,0,43.8,1,1,0.589,0
7.05,17,0,1,1,0,1,0,0,50.5,2,1,0.630,0
45.40,14,0,3,3,0,0,0,0,122.3,3,1,0.458,0
22.37,8,0,3,3,0,0,0,0,6.5,3,3,1.525,0
13.18,14,0,2,2,0,0,0,0,151.3,1,3,0.176,0
17.85,19,0,2,1,0,1,1,0,43.5,2,1,1.425,0
29.16,15,0,3,3,0,0,0,0,46.1,1,1,1.632,0
35.66,16,0,1,1,0,0,0,0,3.5,1,2,0.462,0
11.96,15,0,3,1,0,0,0,0,75.5,1,2,0.601,0
19.44,13,0,2,1,0,0,0,0,4.3,2,3,0.691,0
38.69,19,0,0,0,0,0,0,0,2.7,2,3,0.353,0
33.91,8,0,0,0,0,1,0,0,5.5,2,3,0.112,0
14.87,18,0,3,3,0,0,0,0,109.0,2,1,0.493,0
36.21,8,0,1,1,0,0,0,0,94.5,1,1,0.391,0
78.77,16,0,1,1,0,0,0,0,9.6,1,2,6.552,0
50.95,14,0,5,3,0,0,1,1,63.0,4,1,3.300,0
13.73,12,0,2,2,0,0,0,0,51.1,1,2,1.222,0
44.83,14,0,1,1,0,0,0,0,22.8,2,3,0.255,0
60.13,16,0,1,1,1,1,0,0,68.9,2,2,0.265,0
24.42,20,0,0,0,0,1,0,0,114.9,1,1,0.313,0
23.40,12,0,5,2,0,0,0,0,24.9,1,1,0.735,0
28.52,16,0,1,1,0,1,0,0,61.7,1,4,0.612,0
15.28,14,0,2,1,0,0,0,0,17.8,1,1,0.433,0
110.36,17,0,0,0,0,0,0,0,134.6,1,1,2.076,0
26.41,8,0,2,2,0,0,0,0,1.2,3,1,0.109,0
75.83,11,0,0,2,0,0,1,0,72.6,2,1,0.294,0
76.32,10,0,2,1,0,0,0,0,73.2,1,1,3.247,0
14.16,8,0,6,2,0,2,0,0,65.1,1,4,0.168,1
13.40,13,0,3,3,0,0,0,0,76.6,2,2,0.854,0
43.81,12,0,3,2,0,0,0,1,8.3,1,4,1.288,0
26.02,19,0,0,0,0,3,0,0,97.6,1,3,0.136,0
25.08,15,0,3,3,0,0,0,0,103.9,1,1,0.348,0
20.81,12,0,6,2,0,1,0,0,52.5,3,4,1.365,0
41.97,18,0,4,2,0,0,0,0,39.1,3,2,0.286,0
16.35,20,0,3,1,0,0,0,0,12.2,1,1,0.541,0
59.16,20,0,3,2,0,0,0,0,21.7,3,3,0.285,0
65.77,15,0,4,4,0,0,0,0,15.5,3,3,1.462,0
29.82,15,0,3,1,0,0,0,0,26.6,1,4,1.686,0
87.71,15,0,3,1,0,0,0,0,42.9,3,1,1.869,0
7.86,18,0,2,1,0,0,0,0,24.3,1,3,0.109,0
21.52,11,0,3,1,0,0,0,0,28.8,1,2,0.446,0
56.97,11,0,2,2,0,1,0,0,12.1,1,1,0.461,0
28.08,8,0,1,2,0,2,0,0,49.7,1,2,3.313,0
15.59,21,0,7,1,0,0,0,0,40.6,1,1,0.658,0
24.47,19,0,1,1,0,1,1,0,32.1,1,2,0.249,0
5.72,17,0,0,0,0,1,0,0,33.3,2,1,0.919,0
42.93,15,0,1,1,0,0,0,0,88.4,1,2,0.025,0
9.19,9,0,3,1,0,0,0,0,17.2,1,2,0.232,0
166.67,6,0,4,6,0,2,1,1,71.1,5,1,6.156,0
7.46,14,0,3,1,0,0,0,0,33.1,1,1,0.634,0
16.83,12,0,3,3,0,0,0,0,66.3,1,2,3.197,0
50.25,12,0,2,2,0,0,0,0,51.1,1,2,12.086,0
58.86,18,0,2,2,0,0,0,0,105.6,2,1,0.331,0
20.22,12,0,4,4,0,0,1,0,118.9,2,3,0.035,0
4.66,15,0,4,4,0,0,0,0,7.8,1,1,0.809,0
6.93,14,0,0,0,0,0,0,0,8.3,1,3,0.404,0
82.14,8,0,6,6,0,0,0,0,18.4,1,3,0.442,0
31.28,17,0,1,1,0,0,0,0,53.4,1,1,0.438,0
156.47,21,0,13,6,2,8,1,1,72.0,5,7,21.743,1
32.99,17,0,1,1,0,0,0,0,44.7,1,1,1.772,0
34.57,17,0,4,1,0,0,0,0,107.0,1,3,1.080,0
55.86,10,0,0,0,0,0,0,0,46.8,1,1,3.992,0
72.59,20,0,0,1,0,1,0,0,24.8,2,1,0.633,0
18.05,9,0,2,1,0,0,0,0,22.4,2,2,0.825,0
38.80,10,0,4,2,0,0,1,0,30.4,5,3,0.250,0
15.25,16,0,2,2,0,0,0,0,22.6,1,2,0.745,0
213.03,22,0,15,7,1,2,1,1,212.8,5,7,10.072,1
30.91,14,0,2,2,0,0,0,0,61.6,3,1,0.995,0
62.22,14,0,1,1,0,0,0,0,21.2,1,1,2.762,0
24.64,19,0,0,1,0,1,0,0,131.1,1,4,0.756,0
214.36,3,1,7,6,3,6,0,1,50.0,5,4,3.505,1
18.27,19,0,2,2,0,0,0,1,45.1,3,1,0.115,0
7.27,21,0,2,2,0,0,0,0,49.1,1,3,0.168,0
169.24,8,0,0,2,0,2,0,0,53.4,1,1,3.809,0
39.43,17,0,2,2,0,0,0,0,34.5,2,1,0.523,0
27.96,10,0,3,1,0,0,0,0,38.2,1,1,0.210,0
7.49,15,0,2,2,0,0,0,0,2.4,1,3,0.217,0
28.16,15,0,0,2,0,0,1,0,97.2,1,2,0.606,0
119.53,21,0,2,2,0,2,0,0,11.4,1,4,1.811,0
16.50,8,0,1,1,0,0,0,0,10.8,1,1,0.607,0
14.15,19,0,6,6,0,0,0,0,96.8,2,1,0.706,0
54.33,19,0,2,1,0,0,0,0,107.8,1,2,2.297,0
22.63,18,0,1,1,0,0,0,1,7.1,1,1,0.481,0
24.49,11,0,2,2,0,0,0,0,35.1,1,1,0.667,0
39.86,1,1,3,3,0,2,1,1,569.0,5,5,1.531,0
140.30,19,0,2,2,0,0,0,0,215.5,1,1,2.356,0
37.23,13,0,2,2,0,0,0,0,16.0,1,2,0.280,0
5.07,12,0,1,3,0,0,0,0,9.6,1,2,0.879,0
116.34,19,0,5,3,1,1,0,0,191.9,4,3,0.978,0
151.66,16,0,1,1,0,0,0,0,129.9,2,1,9.810,0
20.74,18,0,2,2,0,0,0,0,62.4,2,7,0.553,0
13.05,12,0,2,1,1,0,0,0,40.9,1,1,0.831,0
8.62,13,0,2,2,0,0,0,0,5.1,1,3,0.774,0
42.02,0,1,3,2,0,1,0,0,103.9,4,3,4.050,0
39.91,19,0,3,3,0,0,0,0,38.5,1,1,0.346,0
181.63,13,0,2,2,0,0,0,0,72.2,1,2,1.441,0
42.84,14,0,1,1,1,1,0,0,27.5,1,1,1.904,0
20.63,15,0,3,3,0,1,0,0,14.4,1,1,0.317,0
19.48,16,0,1,1,0,0,0,0,21.0,1,1,0.776,0
6.54,20,0,2,1,0,0,0,0,10.5,2,1,0.085,0
1.51,14,0,0,1,0,0,0,0,210.5,1,4,0.947,0
498.21,0,1,4,7,2,3,1,1,264.7,5,3,3.804,1
120.67,17,0,2,2,0,0,0,0,23.0,1,1,3.305,0
23.44,20,0,3,1,0,0,0,0,8.8,1,2,0.592,0
306.78,18,0,5,2,0,0,0,0,20.1,1,1,21.007,0
55.14,19,0,5,1,0,0,0,0,3.6,1,1,7.697,0
21.49,18,0,0,1,0,0,0,0,2.7,2,2,0.517,0
6.55,14,0,3,3,0,0,0,0,32.8,2,1,0.881,0
54.50,21,0,3,2,1,1,0,0,80.9,2,1,0.226,0
51.40,13,0,1,2,0,0,0,0,2.0,1,1,0.158,0
44.22,8,0,1,2,0,0,0,0,157.6,1,3,7.407,0
52.95,10,0,3,2,0,0,0,0,18.6,1,1,0.346,0
21.24,11,0,4,2,0,0,0,1,3.9,1,1,0.199,0
64.35,15,0,2,2,0,0,1,0,52.5,1,1,6.838,0
39.34,8,0,2,1,1,0,0,0,29.1,1,2,2.934,0
20.91,13,0,2,2,0,0,0,0,0.2,2,3,0.174,0
1111.31,8,0,11,8,5,4,1,1,302.0,6,3,32.035,1
17.29,12,0,0,0,0,0,0,0,10.8,1,4,0.637,0
51.59,5,1,6,4,0,4,0,0,799.2,4,2,4.829,0
23.05,10,0,2,2,0,0,0,0,339.8,1,2,0.583,0
13.22,9,0,2,2,0,0,0,0,3.4,4,1,0.778,0
10.00,7,0,6,7,0,2,1,0,287.7,5,3,0.532,0
6.87,10,0,2,2,0,0,0,0,195.4,1,1,0.437,0
2.43,9,0,1,1,0,0,0,1,54.4,1,1,0.991,0
65.54,20,0,1,1,0,0,0,0,46.9,4,1,0.062,0
149.42,19,0,6,12,3,4,1,0,309.3,2,5,5.276,1
53.07,19,0,2,1,0,1,0,0,14.6,1,1,3.842,0
50.51,18,0,0,0,0,0,0,0,9.4,1,3,3.567,0
250.81,14,0,5,2,0,1,0,0,171.8,1,1,10.098,0
162.34,9,0,0,0,0,0,0,0,55.6,1,2,2.361,0
32.33,10,0,1,1,0,0,0,0,29.6,1,3,0.259,0
148.94,16,0,6,6,0,1,0,0,115.1,3,2,0.345,0
9.66,10,0,2,1,0,0,0,0,54.4,1,1,0.649,0
25.46,15,0,2,1,0,0,0,0,82.5,1,1,0.659,0
22.85,14,0,2,1,0,0,0,0,82.1,1,1,0.699,0
33.63,11,0,2,2,0,1,0,0,29.2,1,1,0.781,0
53.69,8,0,2,2,0,0,0,1,15.2,1,2,0.612,0
59.14,15,0,1,1,0,0,0,0,55.0,4,2,12.690,0
9.12,8,0,1,1,0,1,0,0,74.8,2,1,0.824,0
95.53,14,0,6,4,0,1,0,1,88.0,1,2,0.159,0
57.51,18,0,4,4,0,0,0,0,47.1,2,1,0.518,0
125.42,17,0,1,1,0,0,0,0,109.5,1,2,4.239,0
10.87,16,0,1,1,0,1,0,0,60.3,3,1,0.801,0
34.70,21,0,1,1,0,0,0,0,48.9,1,1,0.634,0
340.99,15,0,6,5,0,1,1,1,101.6,5,1,13.603,0
4.61,20,0,3,1,0,0,0,0,67.3,2,4,0.912,0
52.18,14,0,3,1,0,1,0,0,17.4,2,1,3.744,0
13.85,13,0,2,2,0,1,0,0,48.5,1,1,6.367,0
6.82,14,0,0,3,0,2,0,0,23.5,2,1,0.868,0
8.89,18,0,2,1,0,1,0,0,25.9,1,1,0.353,0
12.63,20,0,2,3,0,0,0,0,16.0,2,2,0.426,0
9.80,11,0,3,2,0,1,0,0,37.9,1,1,0.937,0
160.83,14,0,8,3,0,1,1,0,105.3,3,6,10.748,0
49.13,18,0,2,2,0,1,0,0,239.7,1,2,1.858,0
34.16,9,0,0,1,1,0,0,0,138.1,1,2,6.299,0
18.51,16,0,1,1,0,1,0,0,109.4,2,1,0.384,0
176.67,19,0,2,1,0,0,0,0,18.4,1,1,14.704,0
41.80,12,0,2,1,1,1,0,0,13.6,1,1,3.300,0
14.09,15,0,4,1,0,0,0,0,5.9,2,1,0.897,0
29.81,8,0,4,2,0,1,0,0,8.2,1,1,0.856,0
51.10,11,0,0,0,0,0,0,0,44.0,1,2,14.299,0
3.83,13,0,0,1,0,0,0,0,1.7,1,3,0.934,0
22.82,19,0,0,1,0,0,0,0,29.3,1,2,1.360,0
9.98,10,0,2,2,0,0,0,0,9.8,1,2,0.519,0
112.98,20,0,2,2,2,0,0,0,60.5,1,4,9.471,0
223.84,17,0,2,1,0,0,0,0,23.7,3,1,6.759,0
39.19,20,0,1,1,0,0,0,1,6.5,2,2,1.323,0
6.71,8,0,1,2,0,0,0,0,91.8,4,1,0.076,0
34.85,12,0,2,1,0,0,0,0,86.3,1,1,1.675,0
6.82,10,0,1,1,0,1,0,0,29.2,1,1,0.915,0
54.42,10,0,3,1,0,0,0,0,250.8,1,1,0.421,0
4.96,9,0,2,2,0,0,1,0,14.0,1,1,0.928,0
18.90,10,0,3,1,0,0,0,1,137.7,1,1,1.834,0
185.16,22,0,10,9,1,8,1,1,674.7,2,4,40.609,1
102.09,18,0,0,1,0,2,0,0,9.5,1,1,11.588,0
55.31,17,0,1,1,0,0,0,0,3.1,1,2,1.075,0
12.67,13,0,2,1,0,0,0,0,118.2,1,1,0.052,0
5.19,11,0,3,3,1,0,0,0,123.0,2,1,0.778,0
11.42,14,0,2,2,0,1,0,0,41.7,1,3,0.800,0
81.24,15,0,3,1,0,0,0,0,94.4,1,1,3.996,0
3.01,17,0,2,2,0,0,0,0,7.3,2,3,0.890,0
23.52,15,0,2,3,0,0,0,0,86.7,2,1,0.809,0
31.00,16,0,0,1,0,0,0,1,141.2,1,2,2.106,0
15.75,9,0,4,1,0,1,0,0,48.9,1,3,3.339,0
75.34,6,0,5,5,1,3,0,0,166.0,1,1,6.394,0
25.29,9,0,1,1,0,2,0,0,37.6,1,2,0.655,0
9.38,13,0,2,2,0,1,0,0,36.3,2,1,0.722,0
23.58,9,0,4,10,0,0,0,0,171.4,2,5,0.486,0
78.09,11,0,0,1,0,0,0,0,207.1,1,4,1.771,0
10.11,9,0,0,1,0,0,0,0,89.1,2,4,0.408,0
10.32,8,0,1,1,0,0,0,1,38.8,1,3,0.287,0
12.42,20,0,2,1,0,0,0,0,26.4,1,1,0.428,0
11.90,19,0,1,1,0,0,0,0,124.4,3,1,0.749,0
14.58,21,0,4,4,0,0,0,0,111.9,1,2,0.427,0
20.51,19,0,3,3,0,0,0,0,124.6,2,1,0.416,0
6.57,20,0,1,1,0,0,1,0,72.3,1,1,0.309,0
17.89,14,0,2,1,0,0,0,0,51.6,2,1,0.528,0
53.29,11,0,1,2,0,1,0,0,24.1,2,2,2.742,0
7.72,18,0,0,2,0,0,0,0,67.4,1,2,0.270,0
103.98,17,0,1,1,1,0,0,0,8.7,1,1,3.166,0
39.85,21,0,1,3,0,0,0,0,2.9,1,2,0.555,0
35.97,13,0,3,3,0,0,0,0,100.8,3,4,2.212,0
127.69,13,0,1,1,0,0,0,0,224.9,1,2,5.241,0
23.05,13,0,2,1,0,0,0,0,32.8,1,1,0.939,0
53.13,13,0,3,3,0,0,0,0,10.8,1,1,1.105,0
70.89,18,0,2,1,0,0,0,0,220.0,1,1,0.782,0
37.54,14,0,1,1,0,2,0,0,2.7,2,1,2.502,0
289.67,14,0,0,1,0,0,0,1,36.3,1,1,164.526,0
15.58,14,0,3,2,0,0,0,0,3.0,1,1,0.319,0
40.73,14,0,0,0,1,0,0,0,47.4,1,1,0.263,0
18.67,10,0,1,1,0,0,0,0,11.0,1,2,0.353,0
8.20,18,0,1,1,0,0,0,0,9.3,1,1,0.747,0
4.48,17,0,0,3,0,1,0,0,3.0,1,1,0.448,0
144.98,12,0,1,4,0,1,0,0,18.8,1,1,7.172,0
116.79,11,0,0,0,0,1,0,0,65.4,1,1,1.092,0
15.66,9,0,1,2,0,0,0,0,92.7,1,1,0.783,0
283.83,6,0,3,8,3,2,0,1,50.0,2,3,107.332,1
11.48,15,0,3,1,0,0,0,0,22.6,2,1,0.774,0
463.43,14,0,7,10,1,5,1,0,122.0,6,6,5.681,1
20.90,17,0,1,1,0,0,0,0,61.0,1,2,0.076,0
18.97,14,0,3,1,0,0,0,0,23.8,3,2,0.537,0
8.67,16,0,2,2,2,0,0,0,58.4,1,2,0.924,0
24.98,10,0,3,3,0,0,0,0,2.0,1,3,0.758,0
22.70,11,0,3,3,0,0,1,0,25.6,2,2,0.412,0
26.76,18,0,8,4,0,1,1,1,320.2,1,4,0.497,0
60.86,16,0,2,2,0,0,0,0,45.5,1,1,3.382,0
39.16,11,0,0,1,0,0,0,0,14.0,1,3,0.782,0
39.93,11,0,3,1,0,0,0,0,9.5,1,1,0.419,0
13.91,12,0,2,2,0,0,0,0,84.2,1,1,0.360,0
5.54,16,0,2,2,0,1,0,0,37.2,1,2,0.888,0
21.95,9,0,1,2,0,0,0,0,99.7,1,2,2.100,0
33.72,11,0,2,2,0,1,0,0,41.7,1,2,0.231,0
32.51,11,0,1,1,0,0,0,0,85.2,1,3,0.810,0
75.80,18,0,3,5,1,0,1,0,413.3,1,4,0.747,0
103.98,14,0,3,1,0,0,0,0,44.3,2,3,3.703,0
59.54,8,0,1,1,0,0,0,0,158.7,4,2,11.972,0
18.38,16,0,2,2,0,0,0,0,5.0,1,2,0.640,0
10.72,16,0,1,1,0,0,0,0,71.9,2,1,0.842,0
36.31,14,0,2,2,0,0,0,0,155.5,1,2,3.287,0
71.74,16,0,2,2,1,1,0,0,9.7,3,1,2.534,0
4.90,13,0,1,1,0,0,0,0,101.6,2,1,0.063,0
110.47,12,0,2,2,0,0,0,0,57.5,1,2,3.167,0
46.13,15,0,0,2,0,1,0,0,5.8,1,1,2.676,0
21.34,13,0,0,1,0,1,0,0,31.5,4,3,0.145,0
6.85,9,0,5,5,0,0,0,0,50.3,1,3,0.810,0
3.19,13,0,2,2,0,0,0,0,20.3,1,1,0.938,0
71.48,14,0,4,1,0,1,0,0,42.3,1,2,0.121,0
1.33,15,0,3,1,0,1,0,0,3.5,1,2,0.980,0
12.47,12,0,2,1,0,0,0,0,40.6,1,1,0.389,0
140.47,14,0,4,2,0,0,0,0,41.8,1,2,0.904,0
32.84,19,0,2,1,0,0,0,0,7.0,1,1,0.218,0
21.47,8,0,0,1,0,0,0,0,129.2,1,1,1.448,0
56.99,15,0,2,1,0,0,0,0,32.6,1,1,1.546,0
44.53,20,0,5,3,0,0,0,0,13.7,1,1,0.173,0
47.60,16,0,3,3,0,0,1,0,18.1,1,1,0.357,0
43.49,9,0,2,1,0,0,0,0,40.0,1,2,0.853,0
10.51,15,0,4,2,0,0,0,0,6.8,3,1,0.046,0
29.86,9,0,1,1,0,0,0,0,29.9,1,1,0.632,0
32.93,16,0,1,1,0,0,0,0,110.8,1,2,0.310,0
26.37,17,0,3,3,0,0,0,0,31.0,1,1,0.377,0
6.97,9,0,4,3,0,0,0,0,77.7,1,2,0.899,0
22.01,4,1,3,6,1,1,1,0,232.8,1,1,1.896,0
27.92,13,0,2,2,0,0,0,0,0.1,2,3,0.220,0
54.95,18,0,0,2,0,0,0,0,23.0,2,2,0.020,0
57.78,10,0,0,0,0,0,0,0,47.8,1,1,1.590,0
32.47,19,0,2,2,0,0,0,1,12.2,2,1,0.268,0
45.86,20,0,1,1,0,0,0,0,17.4,1,4,7.017,0
67.23,13,0,3,3,0,0,0,0,28.9,3,1,2.586,0
5.79,12,0,2,1,1,0,0,0,3.9,3,1,0.874,0
40.55,20,0,2,1,0,0,0,0,36.2,3,3,0.541,0
7.48,11,0,2,1,0,0,0,0,34.4,1,1,0.550,0
12.23,15,0,4,1,0,1,0,0,34.6,1,2,0.639,0
86.70,9,0,2,2,0,0,0,0,24.5,1,1,0.395,0
459.85,20,0,7,7,3,5,0,1,569.6,1,4,17.746,1
11.36,14,0,2,2,0,0,0,0,21.6,1,2,0.745,0
41.00,16,0,2,2,0,0,0,0,63.1,1,4,0.068,0
154.89,16,0,4,2,0,1,1,0,90.2,4,4,1.648,0
17.20,10,0,1,1,0,0,0,0,61.2,1,2,0.282,0
59.09,10,0,3,3,0,0,0,0,23.1,1,1,0.063,0
143.63,20,0,1,1,0,0,0,0,14.8,1,1,19.968,0
114.25,15,0,5,5,1,0,0,1,194.5,1,2,2.569,0
18.55,10,0,2,2,0,0,0,0,25.6,1,1,0.737,0
8.52,10,0,0,1,0,0,0,0,2.7,2,4,0.508,0
19.56,9,0,1,1,0,0,0,0,159.5,1,1,0.399,0
6.76,19,0,0,0,0,0,0,0,145.5,2,2,0.939,0
4.95,16,0,3,3,0,1,0,0,12.2,3,1,0.921,0
120.47,1,1,13,10,2,2,1,0,198.9,2,2,2.145,1
236.39,14,0,7,3,2,1,1,1,292.4,4,8,16.192,1
12.59,10,0,1,1,0,0,0,0,28.5,1,1,0.748,0
11.60,10,0,0,4,0,0,0,0,19.6,1,2,0.049,0
53.07,14,0,3,2,0,0,0,0,16.3,3,3,0.232,0
17.14,18,0,1,1,0,1,0,0,125.5,1,1,0.908,0
18.96,19,0,4,1,0,0,0,0,9.0,2,2,0.513,0
14.74,19,0,6,6,0,0,0,0,79.4,1,3,0.635,0
39.94,16,0,2,1,0,1,0,0,133.4,1,1,2.101,0
15.54,21,0,4,1,0,0,0,0,32.2,1,1,0.937,0
110.28,21,0,1,1,0,0,0,1,122.2,1,2,2.187,0
43.24,16,0,0,2,0,0,0,0,89.9,1,4,1.163,0
116.35,10,0,0,1,0,0,0,0,23.0,4,1,28.307,0
20.80,13,0,2,2,0,0,0,0,23.4,1,2,0.632,0
19.53,20,0,1,1,0,0,0,0,35.6,1,1,0.843,0
27.28,9,0,2,2,0,0,0,0,57.8,1,1,0.385,0
83.87,17,0,4,4,0,1,0,1,41.0,4,3,0.546,0
30.89,4,1,6,6,0,4,1,0,1173.7,1,2,0.775,0
70.38,13,0,2,1,0,1,0,0,39.9,1,1,0.555,0
88.48,14,0,3,1,0,1,0,0,56.7,1,1,9.790,0
46.92,16,0,2,2,1,0,0,0,30.4,4,2,0.179,0
33.29,12,0,1,1,0,0,0,0,35.1,3,1,1.653,0
38.31,11,0,1,1,0,0,0,0,0.9,1,2,0.317,0
41.10,4,1,7,4,1,1,0,0,321.2,2,6,0.114,0
25.94,11,0,1,1,0,0,0,0,76.5,1,6,3.239,0
29.39,13,0,2,3,0,1,0,0,16.2,2,4,0.109,0
68.67,20,0,1,1,0,0,1,0,1.4,1,1,1.363,0
24.00,15,0,1,2,0,0,0,0,13.9,2,2,0.774,0
89.01,20,0,6,2,0,1,0,0,39.3,3,1,8.046,0
4.11,19,0,2,2,0,0,0,0,30.6,1,3,0.885,0
378.50,2,1,6,6,0,1,0,0,41.2,3,4,57.052,0
76.85,11,0,5,1,0,1,0,0,16.5,2,2,3.206,0
134.47,21,0,7,6,0,1,1,1,404.1,6,4,2.375,0
14.49,16,0,0,1,0,0,0,0,45.0,1,2,2.668,0
10.59,12,0,1,1,0,1,0,0,25.2,1,1,0.817,0
8.05,10,0,5,1,1,0,0,0,47.0,1,1,0.880,0
63.12,16,0,1,1,0,0,0,0,60.7,1,5,6.116,0
10.33,10,0,1,1,0,0,0,0,69.7,2,1,0.343,0
33.73,14,0,0,0,0,0,0,0,8.4,1,3,0.770,0
26.86,17,0,1,1,0,2,0,1,13.8,1,1,0.571,0
22.83,16,0,1,1,0,1,0,0,171.9,1,1,0.533,0
54.29,11,0,3,2,0,1,0,0,7.7,1,1,6.960,0
13.09,13,0,1,1,0,0,0,0,2.4,1,1,0.553,0
83.93,13,0,1,1,1,2,0,0,27.0,1,2,1.267,0
12.85,10,0,5,2,0,0,0,0,4.7,1,3,0.293,0
32.55,9,0,2,4,0,0,0,0,54.5,1,1,0.120,0
45.18,15,0,0,1,0,0,0,0,51.3,2,2,0.436,0
44.26,17,0,2,2,0,0,0,0,63.1,1,2,3.091,0
33.03,12,0,6,6,0,0,0,0,25.5,1,2,0.209,0
47.46,9,0,1,1,0,0,0,0,23.8,2,1,1.482,0
11.27,10,0,2,1,0,0,0,0,4.5,1,3,0.769,0
15.86,8,0,3,1,0,0,0,0,30.6,1,5,0.212,0
274.04,19,0,2,1,0,1,0,0,122.0,5,4,9.944,0
15.04,14,0,3,3,0,0,0,0,39.5,1,1,0.214,0
13.44,16,0,1,3,0,0,0,0,8.1,1,3,3.421,0
25.00,8,0,3,3,0,0,1,0,26.4,1,2,1.159,0
6.65,18,0,1,1,0,0,0,0,7.1,1,1,0.728,0
114.57,9,0,5,6,0,0,0,0,102.6,4,1,0.464,0
32.98,11,0,6,6,0,0,0,0,76.8,1,1,0.246,0
43.86,9,0,1,1,0,0,0,0,3.0,1,1,0.624,0
70.73,20,0,2,2,0,0,0,0,43.4,2,1,1.736,0
26.57,18,0,1,1,0,0,0,0,32.8,1,1,0.736,0
20.23,12,0,4,4,0,0,0,0,70.2,1,1,0.714,0
132.08,8,0,2,2,0,0,0,0,13.8,3,3,4.580,0
86.88,19,0,4,4,0,0,0,0,8.7,3,2,5.612,0
49.77,13,0,5,5,0,0,1,1,8.7,3,1,2.660,0
25.29,12,0,1,1,0,1,0,0,253.4,1,3,0.483,0
8.17,9,0,1,1,0,0,0,0,95.4,3,4,0.917,0
11.40,12,0,1,1,0,0,0,0,50.7,1,2,0.395,0
16.25,16,0,2,1,0,2,0,0,108.1,1,2,0.282,0
111.88,17,0,2,2,0,0,0,0,97.3,1,2,7.406,0
259.93,22,0,6,5,0,2,0,1,95.7,2,3,24.187,0
18.67,9,0,0,0,0,0,0,0,42.5,1,2,0.011,0
28.74,17,0,1,1,0,1,0,0,138.7,1,1,1.242,0
26.90,13,0,1,1,0,2,0,0,52.7,2,1,1.773,0
12.18,12,0,3,2,0,1,1,0,0.4,3,1,0.530,0
15.08,14,0,3,3,0,0,0,0,24.7,1,1,0.078,0
61.42,17,0,0,0,0,0,0,0,4.6,1,1,1.205,0
15.05,10,0,4,4,0,0,0,0,14.5,1,1,0.208,0
32.87,13,0,2,2,0,0,0,0,23.6,2,1,0.088,0
25.88,14,0,4,2,0,0,0,0,58.2,1,1,0.342,0
25.88,19,0,1,1,0,0,0,0,63.1,2,2,0.017,0
66.85,11,0,2,1,0,1,0,0,6.0,4,1,0.865,0
6.88,14,0,1,1,0,0,0,0,24.6,1,1,0.895,0
45.51,14,0,2,1,0,1,0,0,17.1,1,3,0.610,0
27.62,19,0,1,2,0,0,0,1,215.1,1,2,0.108,0
24.74,15,0,4,1,0,0,0,1,12.7,2,1,0.575,0
14.52,15,0,4,1,0,1,0,0,69.1,2,3,0.615,0
26.25,17,0,4,2,0,1,0,0,96.1,1,1,0.154,0
23.88,16,0,0,1,0,0,0,0,11.1,1,1,0.576,0
52.49,10,0,4,1,0,0,0,0,8.6,1,2,4.519,0
44.89,17,0,4,4,0,1,0,0,34.5,1,2,0.351,0
18.75,13,0,5,2,0,0,0,0,55.6,1,1,0.427,0
26.28,16,0,1,1,0,0,0,1,62.4,1,2,0.176,0
34.73,15,0,2,1,0,0,0,0,8.8,2,1,1.641,0
19.52,9,0,2,1,0,1,0,0,10.6,1,1,0.738,0
12.03,17,0,2,2,0,0,0,0,85.0,3,1,1.092,0
30.67,18,0,2,2,0,0,0,0,51.0,1,3,0.549,0
9.90,20,0,1,1,0,1,0,0,14.0,2,1,0.833,0
28.82,8,0,3,1,1,0,0,0,24.4,1,1,0.453,0
9.71,13,0,2,2,0,0,0,0,3.8,2,3,0.141,0
18.63,16,0,0,1,0,0,0,0,84.3,1,3,0.615,0
5.11,21,0,3,3,0,1,0,0,2.4,2,1,0.839,0
22.39,11,0,2,1,0,1,0,0,46.4,1,3,1.744,0
33.91,14,0,4,1,0,1,0,0,3.1,1,1,2.088,0
19.27,8,0,2,2,0,0,0,1,106.6,1,3,0.642,0
6.82,14,0,2,2,0,0,0,0,81.5,1,1,0.019,0
59.69,10,0,1,1,0,0,0,0,2.8,1,1,8.197,0
41.55,15,0,2,2,0,1,0,0,7.4,1,5,0.010,0
15.99,17,0,3,1,2,2,0,0,338.8,1,4,0.341,1
4.41,20,0,4,4,0,0,0,1,198.1,4,1,0.866,0
63.82,17,0,0,2,1,0,0,0,7.8,1,4,5.627,0
28.20,11,0,4,4,0,1,0,0,27.9,1,1,0.576,0
53.53,12,0,2,2,0,0,0,1,8.4,1,1,0.517,0
323.18,2,1,8,3,0,5,1,0,34.7,3,1,9.787,0
10.24,18,0,3,3,0,2,1,0,1.8,1,1,0.222,0
60.55,10,0,2,2,0,1,0,0,75.2,1,1,2.055,0
11.05,10,0,3,3,0,0,0,0,58.4,2,2,0.634,0
57.03,13,0,0,1,0,0,0,0,50.9,1,3,2.263,0
26.14,18,0,2,2,0,0,0,0,1.7,1,1,0.016,0
13.23,13,0,4,2,0,1,0,0,29.3,1,1,0.523,0
10.95,19,0,2,2,0,0,0,0,2.6,1,1,1.583,0
35.14,11,0,1,1,0,0,0,0,25.3,2,1,0.313,0
24.40,18,0,5,1,0,0,0,0,25.8,1,4,3.013,0
43.52,14,0,1,2,0,0,0,0,131.7,1,2,0.432,0
73.76,11,0,0,1,0,0,0,0,178.6,1,3,5.926,0
25.55,12,0,1,1,0,1,0,0,29.5,3,2,0.023,0
27.35,16,0,3,1,0,0,0,0,75.0,3,1,0.257,0
48.85,17,0,1,1,0,0,0,0,113.3,1,1,2.905,0
255.38,0,1,6,6,4,5,0,1,465.1,3,6,8.914,1
46.27,19,0,2,2,0,0,0,0,18.6,1,1,2.546,0
10.82,10,0,1,1,0,0,0,0,45.6,2,1,0.720,0
31.93,18,0,1,2,0,0,0,0,7.5,2,1,0.828,0
77.57,19,0,5,2,0,0,0,1,31.3,1,1,3.100,0
19.59,8,0,2,5,1,1,0,0,11.8,3,1,0.669,0
83.54,10,0,1,3,0,2,0,0,106.2,1,1,0.012,0
79.73,9,0,0,0,0,1,0,0,91.3,3,1,1.695,0
22.79,16,0,4,1,0,0,0,1,187.0,1,1,0.308,0
33.07,11,0,1,3,0,0,1,0,12.0,1,1,0.796,0
524.90,8,0,8,3,0,5,0,0,187.2,2,2,21.645,0
40.18,18,0,1,1,0,0,0,0,63.3,1,2,0.475,0
190.12,18,0,5,5,0,1,0,0,63.3,3,2,5.800,0
28.66,16,0,5,5,0,0,1,0,48.8,1,1,2.428,0
31.82,13,0,4,4,0,0,0,0,2.5,2,4,0.629,0
37.50,10,0,0,1,0,0,0,0,3.7,1,1,0.100,0
41.16,17,0,2,1,0,1,0,0,66.0,1,1,0.247,0
13.50,16,0,3,3,0,0,1,0,5.3,2,1,0.849,0
77.20,9,0,3,3,0,0,0,0,81.8,2,1,0.130,0
64.70,15,0,2,2,0,0,0,0,123.1,1,1,1.482,0
21.87,10,0,0,1,0,0,0,0,19.3,3,2,1.811,0
6.83,17,0,4,4,0,0,1,0,144.0,2,1,0.792,0
76.73,15,0,2,2,0,0,0,0,2.1,1,1,2.264,0
23.77,18,0,4,4,0,0,0,0,153.0,2,1,0.738,0
14.87,17,0,2,1,1,0,0,0,53.7,1,1,0.412,0
6.66,14,0,2,1,0,0,0,0,51.6,1,1,0.526,0
12.53,13,0,2,3,0,0,0,0,12.7,1,2,0.036,0
8.42,10,0,0,0,0,1,0,0,8.2,1,1,0.453,0
53.10,12,0,3,1,0,0,0,0,21.7,1,2,1.654,0
27.62,11,0,1,1,0,0,0,0,82.6,1,1,0.453,0
21.12,18,0,1,3,0,1,0,0,137.1,1,1,0.004,0
4.40,17,0,4,4,0,0,0,0,32.4,3,1,0.932,0
11.20,15,0,1,1,0,1,0,0,121.7,1,2,0.700,0
16.62,18,0,3,2,1,0,0,0,31.7,1,1,0.756,0
84.17,14,0,3,1,1,3,1,0,37.8,2,2,2.222,0
177.87,17,0,4,3,0,1,0,0,177.2,1,5,6.850,0
29.10,13,0,2,2,0,0,0,0,88.8,1,1,0.767,0
55.50,19,0,8,6,0,3,0,0,653.2,5,3,5.894,0
96.44,21,0,0,1,0,0,0,0,18.8,2,1,2.002,0
58.41,14,0,2,1,0,0,0,0,21.4,1,2,0.135,0
18.05,19,0,3,3,0,0,0,0,12.4,2,1,0.261,0
6.90,18,0,2,2,0,0,0,0,35.8,1,1,0.454,0
18.91,13,0,0,1,0,0,0,0,18.7,1,2,0.189,0
9.66,12,0,2,2,0,0,0,0,3.0,2,1,0.055,0
12.07,11,0,3,1,0,0,0,0,97.2,1,1,0.761,0
10.99,13,0,1,2,0,1,0,0,82.4,2,3,0.760,0
2.23,17,0,2,1,0,1,0,1,110.5,2,1,0.935,0
26.31,9,0,4,2,0,0,0,0,65.2,1,1,0.065,0
21.36,15,0,4,1,0,0,0,0,32.9,1,1,0.521,0
25.31,16,0,2,1,0,0,0,0,7.4,3,1,3.379,0
166.48,11,0,5,3,0,0,0,0,36.5,1,1,4.446,0
6.98,11,0,3,1,0,1,0,0,32.8,1,1,0.916,0
4.36,11,0,2,2,0,0,0,0,7.7,1,3,0.836,0
36.48,19,0,0,1,0,2,0,0,8.6,1,1,0.872,0
3.73,18,0,2,2,0,0,0,0,2.4,1,1,0.963,0
22.92,9,0,4,2,0,0,0,0,8.6,2,2,1.187,0
65.18,11,0,1,2,0,1,0,0,34.6,2,2,1.643,0
30.68,15,0,4,1,0,0,0,0,46.9,1,2,0.187,0
11.16,12,0,0,1,0,1,0,0,34.5,2,1,0.571,0
7.23,20,0,4,4,0,0,0,0,72.8,2,1,0.573,0
98.03,11,0,3,1,0,0,0,0,6.2,1,2,3.577,0
11.14,15,0,2,2,0,1,0,0,59.5,1,2,0.208,0
1.36,11,0,2,2,0,0,0,0,36.8,2,2,0.918,0
20.02,9,0,2,2,0,0,0,0,24.4,2,1,0.343,0
43.93,10,0,2,2,0,0,0,0,28.0,1,1,0.483,0
65.94,14,0,8,8,0,2,0,0,173.3,2,2,0.006,0
646.57,17,0,7,1,0,4,0,0,150.3,3,3,51.396,0
19.30,9,0,1,1,0,0,0,0,27.5,2,1,0.063,0
4.43,12,0,1,2,0,0,0,0,23.6,1,2,0.587,0
13.04,16,0,2,2,0,0,0,0,30.6,1,1,0.920,0
17.11,16,0,2,2,0,0,0,0,79.1,1,2,0.378,0
58.24,20,0,2,2,0,0,0,0,68.8,1,1,0.825,0
29.03,15,0,2,1,0,0,0,0,42.2,1,1,1.193,0
56.22,8,0,0,1,0,1,0,0,0.7,1,2,7.183,0
46.34,2,1,10,2,1,4,1,1,326.8,7,4,5.401,1
17.08,11,0,5,1,0,0,0,0,38.9,1,1,0.379,0
14.88,12,0,3,3,0,0,0,0,125.4,2,1,0.012,0
166.73,17,0,7,5,1,6,1,1,219.8,3,4,4.989,1
14.52,17,0,1,1,0,0,0,0,17.8,1,2,0.026,0
12.88,13,0,2,2,0,1,1,0,16.6,1,1,0.759,0
44.07,18,0,5,1,0,0,0,0,32.2,2,1,0.440,0
19.81,8,0,3,2,0,0,1,0,1.6,1,2,0.056,0
29.32,10,0,3,1,0,0,0,0,108.9,1,3,0.348,0
9.07,12,0,0,1,0,0,0,0,54.9,1,1,0.839,0
13.30,9,0,1,1,0,0,0,0,0.4,2,1,0.650,0
15.69,15,0,3,2,0,1,0,0,1.2,1,5,0.812,0
42.53,9,0,3,3,0,0,0,0,28.9,2,1,1.023,0
28.57,13,0,3,3,0,0,0,0,72.4,3,2,0.702,0
11.17,19,0,4,1,0,0,0,0,4.9,2,4,0.937,0
66.35,5,1,9,3,1,0,0,0,25.3,2,2,0.421,0
36.21,17,0,2,2,0,0,0,0,30.4,1,1,0.106,0
53.72,6,0,6,5,0,1,0,1,67.7,1,3,4.910,0
8.71,16,0,4,4,0,0,0,0,100.6,1,1,0.342,0
12.77,19,0,3,1,0,0,0,0,55.2,2,2,0.257,0
10.88,13,0,4,1,0,1,0,0,61.6,2,1,0.607,0
23.73,20,0,4,2,0,0,0,0,45.6,1,1,0.559,0
83.50,20,0,5,5,0,2,0,1,32.5,1,1,3.315,0
24.85,9,0,3,1,0,0,0,0,157.1,1,2,2.313,0
54.02,19,0,4,2,0,1,0,0,166.9,1,3,0.508,0
287.31,8,0,2,1,0,2,0,0,114.6,1,2,35.049,0
11.53,11,0,1,1,0,0,0,0,24.6,2,1,2.018,0
42.97,12,0,4,3,0,0,0,0,24.1,1,1,0.660,0
25.99,11,0,3,3,0,1,0,0,46.6,1,1,0.470,0
113.37,13,0,2,2,0,0,0,0,27.9,1,2,3.726,0
5.81,14,0,1,1,0,1,0,0,32.5,1,2,0.530,0
10.12,9,0,1,1,0,0,0,0,16.9,2,1,0.925,0
33.38,21,0,1,3,0,0,0,0,137.3,1,1,1.227,0
27.05,11,0,5,5,0,0,0,0,43.6,1,1,0.636,0
46.05,13,0,4,4,0,0,0,0,10.2,1,1,0.793,0
55.65,1,1,8,4,1,1,1,0,62.6,1,1,8.798,0
7.60,19,0,5,5,0,0,0,0,13.3,1,1,0.921,0
21.80,16,0,3,3,0,0,0,0,73.8,2,4,1.344,0
86.02,18,0,2,2,0,1,0,0,107.6,1,1,3.706,0
56.29,10,0,1,1,0,1,0,0,21.9,1,4,0.397,0
68.46,14,0,0,0,0,0,0,0,25.6,3,1,1.816,0
39.17,9,0,1,1,0,0,0,0,7.5,1,2,0.010,0
57.75,20,0,1,1,0,1,0,0,5.9,3,3,8.285,0
8.21,11,0,1,1,0,0,1,0,39.6,1,1,0.746,0
32.91,19,0,0,0,0,0,0,0,74.3,1,1,0.769,0
34.06,18,0,3,3,0,0,0,0,23.2,1,2,0.174,0
104.24,15,0,0,3,1,1,0,1,46.5,2,1,0.625,1
39.36,12,0,4,4,0,0,0,0,9.9,1,1,0.737,0
47.11,14,0,1,1,0,0,0,0,34.1,2,2,6.127,0
12.14,15,0,1,1,0,0,0,0,81.3,1,2,0.599,0
10.99,10,0,2,2,0,0,0,0,54.0,1,1,0.806,0
40.71,8,0,2,1,0,0,0,0,44.3,1,2,2.500,0
48.18,16,0,1,1,0,0,0,0,7.6,1,1,0.108,0
111.67,23,1,8,6,0,5,1,0,205.2,3,7,2.617,1
62.84,12,0,1,3,0,0,0,1,153.0,2,1,0.232,0
15.81,12,0,0,1,0,0,0,0,68.6,1,2,0.752,0
3.57,10,0,0,2,0,0,0,0,11.4,1,1,0.855,0
109.77,14,0,0,0,0,0,0,0,22.0,2,3,0.865,0
13.95,17,0,3,3,0,0,0,0,0.6,1,1,0.712,0
69.61,10,0,1,1,0,0,0,0,6.6,1,2,1.760,0
10.15,15,0,1,1,0,0,0,0,14.3,1,4,0.717,0
10.40,9,0,2,2,0,0,0,0,2.7,1,1,0.748,0
9.15,18,0,1,2,0,0,1,0,2.2,1,1,0.792,0
56.06,12,0,0,2,0,0,0,0,46.9,1,1,4.055,0
13.77,13,0,4,1,0,0,0,0,23.8,1,1,0.848,0
19.63,17,0,3,2,0,0,0,0,13.1,1,3,0.581,0
9.23,20,0,2,2,0,0,0,0,13.3,1,2,0.588,0
7.17,11,0,6,2,0,0,0,0,7.3,2,1,0.083,0
1.37,14,0,1,3,0,0,0,0,8.2,1,1,0.902,0
17.51,21,0,1,1,0,0,0,0,45.4,1,3,1.432,0
9.06,8,0,0,2,0,0,0,0,32.8,2,1,0.414,0
16.13,11,0,0,3,0,0,0,0,60.1,1,1,0.802,0
31.97,14,0,2,2,0,0,0,0,72.9,2,1,0.838,0
101.82,7,0,7,5,2,4,1,0,472.4,5,3,2.959,1
187.49,14,0,4,1,0,1,0,0,75.4,4,9,1.288,0
5.95,9,0,2,1,0,0,0,0,41.1,1,3,0.601,0
88.86,9,0,0,0,0,0,0,0,3.3,1,4,10.832,0
2.12,15,0,2,2,0,2,0,0,12.3,1,1,0.979,0
10.00,12,0,4,2,1,3,0,0,57.4,1,1,0.738,0
45.90,19,0,3,3,1,0,0,0,13.0,1,1,0.773,0
27.15,18,0,0,1,0,3,0,0,112.8,1,5,0.398,0
23.99,12,0,2,1,0,1,0,0,67.6,3,1,0.312,0
228.35,10,0,9,6,2,3,0,1,50.0,4,5,4.480,1
155.06,18,0,2,2,0,0,0,0,19.8,2,1,3.697,0
9.49,9,0,2,2,0,0,0,0,100.2,2,1,0.820,0
53.21,20,0,4,4,0,1,0,0,88.0,2,1,0.106,0
27.37,18,0,5,5,0,0,0,0,104.4,1,1,0.267,0
78.59,17,0,2,1,0,0,0,1,50.8,3,2,3.821,0
170.06,11,0,2,2,0,2,1,0,51.2,1,2,7.172,0
103.06,12,0,3,3,0,1,0,0,1.4,2,1,6.035,0
159.99,15,0,1,1,0,0,0,0,7.5,1,1,2.623,0
13.80,16,0,4,1,0,1,0,0,10.5,2,1,0.528,0
25.86,11,0,3,1,1,0,0,0,77.2,1,1,1.334,0
13.44,19,0,2,2,0,0,0,0,157.7,1,2,0.682,0
76.22,22,0,5,6,0,2,0,1,233.8,5,5,0.279,0
9.85,15,0,4,2,0,0,0,0,21.7,3,3,0.511,0
23.50,15,0,2,2,0,0,0,0,2.2,2,1,0.450,0
28.39,20,0,3,1,0,2,0,0,49.8,2,1,0.851,1
46.50,16,0,2,1,0,1,1,0,27.3,1,3,3.454,0
83.87,14,0,2,1,0,0,0,0,51.7,1,2,9.590,0
44.54,19,0,2,2,0,0,0,0,39.4,1,1,2.870,0
66.44,15,0,1,1,0,3,0,0,25.0,1,1,0.453,0
7.83,12,0,2,1,0,0,0,0,28.0,2,1,0.714,0
218.36,13,0,4,5,0,3,1,0,15.7,1,2,18.290,0
101.31,20,0,0,1,0,0,0,0,15.5,1,2,27.458,0
29.25,9,0,1,2,0,0,0,0,37.4,1,1,0.312,0
8.43,21,0,1,1,0,0,0,0,13.2,2,6,0.826,0
43.55,18,0,1,1,0,0,0,0,11.0,1,1,0.010,0
74.27,13,0,4,1,0,0,0,0,63.8,1,1,5.820,0
46.98,18,0,1,1,0,0,0,0,54.1,2,3,0.665,0
13.87,21,0,5,5,0,2,0,0,23.8,1,1,5.110,0
46.82,17,0,2,2,0,0,0,0,65.0,1,1,2.938,0
22.24,12,0,1,1,0,0,0,0,11.8,1,2,0.608,0
129.77,19,0,6,7,0,0,1,1,709.6,2,3,19.964,0
295.40,3,1,3,4,0,2,1,1,397.6,1,2,2.928,0
63.82,14,0,2,3,0,0,0,0,6.7,2,1,0.186,0
10.56,14,0,1,1,0,1,0,0,26.0,1,2,0.878,0
82.26,12,0,4,4,0,0,0,0,15.7,1,1,3.979,0
45.11,12,0,0,0,0,0,0,0,2.9,2,1,1.980,0
15.70,10,0,1,3,0,0,0,0,12.8,1,2,0.720,0
4.15,19,0,4,2,1,0,0,0,3.4,2,1,0.901,0
22.78,10,0,1,1,0,0,0,0,20.2,2,2,0.379,0
36.32,20,0,1,1,0,0,0,0,71.1,1,1,1.007,0
60.90,15,0,1,1,0,1,0,0,24.1,2,1,1.053,0
22.31,14,0,3,3,0,0,0,0,1.7,1,2,0.182,0
482.94,22,0,7,5,3,3,0,1,353.4,6,8,7.156,1
35.09,19,0,0,0,0,0,0,0,267.7,2,1,0.816,0
15.76,12,0,2,2,0,0,0,0,110.6,1,1,0.960,0
14.84,18,0,0,0,0,0,0,0,6.6,2,2,0.770,0
16.54,16,0,1,1,0,0,0,0,92.5,1,1,0.778,0
7.49,14,0,3,3,0,0,0,0,26.3,1,1,0.392,0
22.63,10,0,1,1,0,0,0,0,50.3,1,2,0.376,0
23.54,9,0,1,1,0,0,0,0,19.9,1,1,0.654,0
46.29,19,0,2,5,0,0,0,1,15.1,5,1,0.256,0
60.55,14,0,2,3,0,0,0,0,20.6,1,1,1.261,0
37.98,21,0,0,1,0,0,0,0,22.8,1,2,0.038,0
30.81,18,0,1,1,0,0,0,0,151.2,1,3,0.576,0
11.32,15,0,4,4,0,0,0,0,23.6,1,2,0.883,0
64.39,15,0,0,0,0,0,0,0,10.7,2,2,4.457,0
37.89,10,0,3,1,1,1,0,0,118.2,1,1,0.771,0
12.90,21,0,0,0,0,0,0,1,3.0,2,1,0.494,0
21.86,17,0,7,7,0,4,1,0,551.0,7,4,0.108,1
75.86,15,0,3,2,0,1,0,0,42.2,1,1,0.369,0
31.43,16,0,1,1,0,0,0,0,27.2,2,1,0.526,0
30.06,14,0,3,3,0,0,0,0,28.1,1,1,0.708,0
27.08,17,0,1,1,0,0,0,1,54.0,1,4,0.673,0
15.65,12,0,1,1,0,1,0,0,0.4,2,3,0.720,0
89.41,4,1,3,1,0,0,1,1,204.8,1,3,1.536,0
52.45,19,0,3,3,0,1,0,0,20.9,1,4,5.865,0
8.76,16,0,3,3,0,1,0,0,88.6,1,2,0.592,0
36.36,19,0,2,1,0,0,0,0,103.9,3,3,0.827,0
13.54,15,0,5,2,0,0,0,0,57.0,1,1,0.811,0
17.45,10,0,1,2,0,0,0,0,17.2,2,2,0.443,0
9.28,12,0,0,2,1,0,0,0,42.3,1,3,0.776,0
24.77,17,0,3,3,0,0,0,0,32.5,1,2,0.632,0
832.50,12,0,5,4,0,1,0,0,221.2,2,5,20.124,0
21.91,15,0,1,1,0,1,0,0,66.9,1,2,0.705,0
37.95,18,0,0,1,0,0,0,0,21.9,2,2,2.238,0
17.74,21,0,4,1,0,0,0,0,52.0,1,1,0.633,0
2.48,12,0,0,3,0,0,0,0,9.2,1,1,0.759,0
14.69,14,0,2,2,0,0,0,0,4.4,1,3,1.317,0
55.12,16,0,2,2,0,0,0,0,161.1,1,1,2.838,0
46.72,13,0,4,1,1,0,0,1,204.7,2,2,0.391,1
13.13,19,0,3,1,0,0,0,0,43.8,1,2,1.276,0
41.13,8,0,3,2,0,1,0,0,125.4,1,1,0.370,0
24.22,8,0,3,3,0,1,0,0,63.7,2,2,0.320,0
27.77,19,0,1,1,0,0,0,0,19.5,2,1,0.554,0
11.61,10,0,1,1,0,2,0,0,208.8,1,1,0.526,0
688.24,21,0,5,1,0,4,0,1,121.4,3,6,16.895,0
12.67,18,0,2,2,0,0,0,0,71.6,1,2,0.134,0
26.32,13,0,2,2,0,4,0,0,73.9,1,2,0.769,1
5.94,17,0,2,2,0,1,0,0,27.6,1,1,0.951,0
65.80,19,0,2,2,0,1,0,0,16.6,1,3,4.015,0
30.00,20,0,1,1,0,0,0,0,5.4,1,1,0.177,0
39.79,20,0,1,1,0,0,0,0,11.2,1,1,0.072,0
39.08,18,0,5,3,0,0,0,0,55.7,1,2,0.821,0
15.48,14,0,2,2,1,2,1,1,77.3,3,3,0.325,0
19.21,11,0,0,1,0,0,0,0,18.4,2,1,0.844,0
62.33,16,0,2,2,0,0,0,0,29.7,1,1,1.032,0
15.11,18,0,3,3,0,0,0,0,2.4,1,2,0.878,0
16.10,17,0,2,2,0,1,0,1,4.4,1,2,0.390,0
175.54,15,0,3,5,1,1,0,0,69.3,6,3,1.199,0
67.90,14,0,1,2,0,2,0,0,11.6,1,3,2.170,0
11.52,18,0,2,2,0,1,0,0,183.8,1,1,0.743,0
10.07,10,0,3,1,0,0,1,0,143.6,1,2,0.195,0
15.50,12,0,1,1,0,1,0,1,3.8,1,1,0.076,0
20.49,9,0,2,1,0,0,0,0,6.3,1,2,0.445,0
15.16,20,0,5,5,0,0,0,0,103.5,2,1,0.072,0
178.13,11,0,4,2,0,0,0,0,18.2,2,1,3.531,0
40.06,19,0,3,3,0,0,0,0,107.4,1,1,0.231,0
115.98,15,0,1,1,0,0,0,0,3.8,1,3,6.050,0
10.75,19,0,3,2,0,1,0,0,3.0,1,1,0.332,0
42.18,16,0,3,3,0,0,0,0,60.3,1,2,1.372,0
152.65,15,0,2,2,0,0,0,0,221.1,1,3,3.605,0
26.45,10,0,2,2,1,0,0,0,24.7,1,1,0.283,0
54.07,18,0,0,0,0,0,0,0,22.2,1,2,4.359,0
22.51,20,0,2,1,0,1,0,0,23.1,1,1,1.463,0
192.30,14,0,1,1,0,0,0,0,69.9,1,1,0.145,0
6.10,20,0,3,3,0,0,0,0,2.2,2,1,0.935,0
16.29,12,0,3,3,0,0,0,0,77.8,1,4,0.133,0
9.77,18,0,4,4,0,0,0,0,15.6,2,1,0.779,0
12.92,18,0,0,1,0,0,0,0,10.3,1,1,0.630,0
39.50,14,0,6,3,0,0,0,0,10.2,2,1,0.466,0
21.86,15,0,1,2,0,0,1,0,13.2,1,4,0.077,0
23.14,17,0,3,1,0,0,0,0,1.0,2,3,0.471,0
28.70,19,0,9,6,0,1,1,0,248.2,4,1,0.210,0
1545.35,16,0,6,3,0,5,0,1,364.1,2,3,199.175,1
15.95,12,0,3,2,0,0,0,0,50.4,1,2,0.122,0
72.38,16,0,2,2,0,0,0,0,52.4,1,1,4.276,0
9.49,14,0,0,2,0,0,0,0,42.5,1,1,0.616,0
12.45,12,0,4,2,0,0,0,0,26.8,1,1,0.941,0
50.08,19,0,1,1,0,0,0,0,42.9,1,4,0.004,0
60.42,17,0,2,2,0,1,0,0,116.3,1,1,1.879,0
8.03,13,0,3,1,0,0,0,0,129.3,1,2,0.334,0
37.44,9,0,2,2,0,1,0,1,100.4,1,1,0.168,0
13.58,15,0,2,2,0,0,0,0,93.1,1,1,0.529,0
74.05,7,0,2,4,1,0,1,1,10.0,1,1,17.699,0
21.41,10,0,0,1,0,0,0,0,32.4,1,1,0.496,0
10.92,12,0,1,2,0,0,0,0,38.1,1,1,0.465,0
41.53,9,0,1,3,0,0,0,0,82.0,1,1,1.269,0
57.68,16,0,2,3,0,1,0,0,0.5,1,1,1.033,0
25.34,17,0,2,2,0,1,0,0,42.0,1,1,0.103,0
58.08,10,0,2,3,0,0,0,0,30.5,2,1,3.239,0
44.44,12,0,2,1,0,0,0,0,26.0,2,3,3.142,0
23.85,12,0,4,1,0,0,0,0,7.4,1,1,0.762,0
8.43,20,0,3,2,0,0,0,0,9.5,1,3,0.482,0
56.45,21,0,5,2,0,1,0,1,30.4,2,1,0.917,0
79.36,19,0,3,3,0,0,0,0,46.3,1,1,8.895,0
18.86,19,0,0,1,0,1,0,0,45.2,1,2,2.269,0
1056.62,21,0,6,7,1,5,1,1,145.7,4,3,21.027,1
40.87,17,0,0,0,0,0,0,0,48.9,1,1,1.226,0
9.20,18,0,0,1,1,0,0,0,106.9,3,1,0.086,0
35.38,9,0,1,2,0,0,0,0,185.8,1,1,0.013,0
23.14,18,0,5,5,0,1,0,0,67.3,1,1,0.191,0
45.88,13,0,4,4,0,0,0,0,25.7,1,1,3.407,0
19.61,18,0,3,1,0,0,0,0,35.2,1,1,0.676,0
84.05,15,0,3,3,0,0,0,0,0.5,1,3,4.829,0
33.50,18,0,3,2,0,0,0,0,10.3,1,1,0.308,0
22.19,14,0,0,1,0,0,0,0,28.3,1,5,0.911,0
56.70,4,1,4,6,0,0,0,0,34.6,1,1,0.892,0
131.80,13,0,1,2,0,0,0,1,2.4,1,2,1.991,0
17.21,14,0,1,2,0,0,0,0,68.7,2,2,0.471,0
108.16,21,0,4,5,1,1,0,1,213.1,4,1,6.408,0
158.98,13,0,0,1,0,1,0,0,35.5,2,1,0.860,0
70.37,12,0,2,2,0,1,0,0,23.2,1,1,4.388,0
7.45,13,0,2,1,0,0,0,0,13.4,1,2,0.567,0
87.04,1,1,5,3,1,3,0,0,228.9,1,6,0.445,0
42.67,15,0,3,2,0,1,0,0,90.8,1,5,0.297,0
5.96,18,0,3,1,0,2,0,0,11.3,1,4,0.835,0
19.67,14,0,3,3,0,0,0,0,13.3,3,3,0.421,0
39.35,14,0,3,3,1,0,0,0,28.9,2,1,0.153,0
8.24,11,0,2,2,0,0,0,0,12.2,3,1,0.558,0
24.94,9,0,1,1,0,0,0,0,1.9,1,1,0.253,0
68.10,11,0,0,0,0,0,0,0,99.1,4,1,3.463,0
18.89,8,0,5,5,0,0,0,0,30.5,1,3,0.705,0
62.14,13,0,2,2,0,1,0,0,66.7,1,2,0.061,0
34.69,15,0,3,3,0,0,0,0,9.0,1,1,4.991,0
6.29,11,0,4,1,0,0,0,0,209.6,1,6,0.846,0
58.98,21,0,1,1,0,1,0,0,60.0,1,1,2.974,0
60.56,20,0,2,1,0,0,0,0,40.1,2,1,0.309,0
27.49,15,0,1,1,0,0,1,0,17.1,1,1,0.771,0
25.09,13,0,3,2,0,0,0,0,60.0,1,3,0.514,0
41.38,11,0,1,1,0,1,0,0,105.4,1,1,1.182,0
48.96,16,0,6,1,0,0,0,0,66.7,3,2,0.283,0
133.40,11,0,2,2,0,1,0,0,151.0,1,2,16.930,0
34.55,10,0,2,2,0,0,0,0,21.8,1,2,1.697,0
23.71,16,0,3,3,0,0,0,0,45.2,1,5,1.044,0
26.73,14,0,2,1,0,2,0,0,10.7,1,1,0.853,0
155.48,2,1,8,4,1,4,1,0,170.1,3,1,12.508,0
13.82,13,0,1,1,0,0,0,0,130.5,1,1,1.442,0
26.33,13,0,1,1,0,0,0,0,105.1,1,2,0.201,0
33.90,19,0,4,1,0,0,0,0,124.5,1,2,2.677,0
65.72,16,0,4,4,0,2,0,0,126.3,1,1,5.846,1
54.34,14,0,1,1,0,0,0,0,85.7,1,1,9.572,0
63.16,15,0,1,1,0,1,0,0,10.3,1,1,1.590,0
84.70,18,0,5,5,0,1,0,0,132.2,1,2,0.274,0
15.27,21,0,1,2,0,0,0,0,0.6,3,2,0.821,0
16.63,9,0,1,1,0,0,0,0,60.0,1,4,0.622,0
204.66,23,1,4,2,0,2,1,0,462.3,2,3,10.550,0
10.00,17,0,4,5,0,3,0,1,15.1,3,2,0.412,0
14.17,20,0,0,3,0,0,0,0,85.5,1,5,0.103,0
22.02,10,0,0,0,0,2,0,0,166.1,1,2,0.480,0
8.06,15,0,5,5,0,0,0,0,34.1,2,1,0.876,0
256.32,18,0,4,2,0,1,0,0,102.3,6,6,5.502,0
57.85,9,0,0,0,0,0,0,0,36.3,2,1,2.443,0
10.05,19,0,1,2,0,0,0,0,31.2,1,2,0.219,0
12.85,14,0,2,2,0,0,0,0,42.1,1,4,0.615,0
83.00,17,0,1,1,0,0,0,0,43.5,2,2,1.046,0
10.53,11,0,4,2,0,0,0,0,19.6,3,2,0.704,0
14.63,14,0,1,1,0,0,0,0,81.3,1,6,0.421,0
5.80,13,0,0,0,0,0,0,0,34.7,2,1,0.829,0
12.85,19,0,3,3,0,0,0,0,33.1,1,2,0.739,0
16.57,11,0,3,2,0,0,0,0,80.0,1,2,0.099,0
74.99,13,0,3,1,0,0,0,0,42.4,3,1,2.683,0
29.52,13,0,0,3,0,0,0,0,11.5,1,2,0.969,0
257.08,10,0,6,7,0,3,0,1,429.1,1,1,11.289,0
27.24,11,0,1,1,0,0,0,0,6.1,2,1,0.676,0
77.51,19,0,7,7,0,0,0,0,11.4,1,3,0.405,0
61.25,13,0,2,2,0,0,0,0,25.8,1,1,5.775,0
20.67,20,0,3,3,0,1,0,0,39.8,1,2,0.902,0
29.38,15,0,0,1,0,0,0,0,27.3,1,3,2.724,0
221.68,19,0,2,1,0,1,0,0,156.3,2,1,9.118,0
99.96,13,0,2,2,0,0,0,0,166.5,1,1,4.031,0
104.52,11,0,8,8,0,0,1,0,104.4,2,3,8.598,0
15.08,15,0,3,1,0,0,0,0,18.7,1,1,0.638,0
18.57,9,0,0,0,0,0,0,0,9.5,1,4,0.770,0
86.39,16,0,1,1,0,1,0,0,79.6,1,2,2.816,0
8.68,14,0,1,1,0,0,0,0,60.5,1,1,0.551,0
69.45,11,0,4,5,0,2,0,1,332.2,1,5,7.681,0
59.26,15,0,1,1,0,0,0,1,14.8,1,1,4.291,0
119.28,20,0,2,2,0,1,0,0,81.5,1,2,3.003,0
7.85,9,0,3,1,0,2,0,0,8.5,1,2,0.578,0
5.70,10,0,2,2,0,0,1,1,39.6,1,4,0.752,0
28.38,13,0,2,2,0,1,0,0,63.4,1,2,0.437,0
2.76,17,0,2,1,0,1,0,0,90.7,2,1,0.785,0
13.02,18,0,1,1,0,2,0,0,89.1,1,2,0.745,0
52.31,13,0,2,2,0,0,0,0,29.0,1,1,0.592,0
27.58,14,0,3,3,0,1,0,0,146.1,1,1,0.213,0
24.94,16,0,1,1,0,0,0,0,134.4,1,1,0.044,0
22.39,11,0,0,1,0,1,0,0,126.2,2,3,0.449,0
24.90,14,0,2,1,0,1,0,0,97.6,1,2,1.033,0
896.66,6,0,11,7,1,6,1,1,137.7,4,4,67.552,1
34.85,9,0,0,1,0,0,0,0,0.1,1,1,0.186,0
28.76,10,0,4,4,0,0,0,0,7.4,1,3,1.044,0
45.48,15,0,1,1,0,0,0,0,117.7,1,1,1.955,0
92.22,10,0,3,3,0,0,0,0,90.3,1,1,0.428,0
14.30,13,0,4,1,0,1,0,0,10.1,2,2,0.087,0
164.91,13,0,2,2,0,1,0,0,19.4,1,1,0.629,0
21.22,8,0,1,4,0,1,0,0,10.2,1,5,0.371,0
43.63,15,0,2,2,0,0,0,0,33.6,2,2,2.885,0
5.54,21,0,4,3,1,0,0,0,30.1,1,1,0.695,0
31.87,20,0,1,2,0,0,0,0,52.7,1,1,0.332,0
10.75,15,0,0,0,0,0,0,0,13.4,1,2,0.728,0
11.70,14,0,0,0,0,0,0,0,63.2,1,2,0.698,0
39.81,10,0,0,2,0,1,0,0,153.9,1,1,0.984,0
7.00,21,0,2,2,0,0,0,0,40.3,1,2,0.664,0
118.09,5,1,18,2,1,2,1,1,573.3,3,7,2.312,1
9.16,12,0,0,1,0,0,1,0,39.2,1,1,0.706,0
39.54,21,0,4,2,0,0,0,0,97.0,3,2,0.195,0
15.54,15,0,1,1,0,0,0,0,26.1,2,4,0.541,0
41.62,10,0,2,1,0,0,0,0,1.1,1,1,2.726,0
16.92,19,0,0,1,0,0,0,1,51.1,1,1,0.107,0
21.89,9,0,0,1,0,1,0,0,52.1,1,1,0.538,0
44.26,15,0,1,1,0,0,0,0,45.4,1,2,8.727,0
7.14,18,0,1,1,0,0,0,0,12.7,1,1,0.879,0
96.17,16,0,3,1,0,0,1,0,68.1,1,1,11.738,0
366.80,18,0,0,1,0,0,0,0,12.3,1,1,13.978,0
69.37,11,0,3,1,0,1,0,0,34.1,1,1,3.742,0
39.71,10,0,4,1,0,0,0,0,54.8,1,2,4.033,0
35.81,14,0,2,2,0,0,0,0,147.2,3,1,0.189,0
9.77,18,0,4,1,0,0,0,0,0.5,1,4,0.243,0
18.25,13,0,1,1,0,1,0,0,44.3,2,3,0.198,0
72.99,13,0,5,3,0,1,0,0,70.2,2,1,5.358,0
17.42,18,0,5,5,0,1,0,0,16.4,1,4,0.339,0
22.20,13,0,0,0,0,0,0,0,58.6,1,1,0.703,0
12.90,15,0,3,1,0,0,0,1,327.7,1,5,0.930,0
26.09,18,0,3,3,0,0,0,0,71.5,1,1,0.196,0
32.11,11,0,2,2,0,1,0,0,46.6,1,1,0.040,0
18.73,20,0,1,2,0,0,0,0,17.8,1,2,0.332,0
3.91,14,0,1,1,0,4,0,0,5.8,2,1,0.952,0
9.98,14,0,0,0,0,1,0,0,31.2,1,1,0.781,0
12.65,16,0,0,3,0,0,0,0,42.9,1,1,0.712,0
21.14,15,0,4,1,0,0,0,0,8.9,1,2,0.917,0
141.01,10,0,5,1,0,0,0,0,61.5,1,4,1.460,0
34.22,13,0,3,3,0,0,0,0,33.3,1,1,0.074,0
78.96,5,1,8,2,0,0,0,1,10.1,1,4,4.676,0
4.39,17,0,4,4,0,1,0,0,20.4,1,1,0.712,0
53.68,9,0,2,1,0,0,0,0,38.0,2,5,0.055,0
7.55,15,0,1,1,0,0,1,1,80.8,1,2,0.853,0
42.15,12,0,3,1,0,0,0,0,111.2,3,2,0.422,0
38.35,11,0,4,2,0,0,0,0,22.4,1,1,0.408,0
30.61,12,0,1,1,0,1,0,0,25.4,1,3,0.400,0
33.49,11,0,4,1,0,0,0,0,51.5,1,1,0.282,0
31.91,11,0,3,2,0,0,0,0,16.5,1,4,1.661,0
54.41,19,0,2,1,0,1,0,0,23.1,1,2,2.561,0
8.95,19,0,4,4,1,2,0,0,152.4,2,1,0.638,0
19.86,13,0,2,2,0,0,0,0,11.9,1,1,1.610,0
15.63,11,0,3,2,0,0,0,0,41.6,1,1,0.248,0
63.27,14,0,2,2,0,0,0,0,14.0,1,1,0.465,0
38.52,10,0,1,1,0,0,0,1,99.4,3,2,1.984,0
4.85,14,0,0,0,0,1,0,0,21.4,1,5,0.780,0
2.72,11,0,4,5,0,1,0,0,0.5,1,1,0.972,0
99.15,20,0,3,3,0,0,0,0,13.0,1,3,3.152,0
28.28,13,0,3,1,0,0,0,0,11.4,1,2,0.678,0
28.50,14,0,0,1,0,1,0,0,54.2,3,2,0.623,0
6.95,13,0,1,1,0,0,0,0,169.5,1,2,0.836,0
65.47,9,0,5,2,0,2,1,0,73.1,1,1,5.444,0
96.82,13,0,3,1,0,0,0,0,66.4,1,2,4.155,0
74.41,11,0,1,2,0,0,0,0,9.8,2,3,1.363,0
10.31,10,0,3,3,0,0,0,0,10.7,4,2,0.578,0
19.86,19,0,1,2,0,0,0,0,27.1,1,1,0.764,0
45.17,6,0,5,7,0,4,1,1,267.1,4,2,7.110,1
37.99,17,0,1,1,0,1,0,0,64.9,1,2,0.696,0
30.64,13,0,3,2,0,1,0,0,0.2,1,1,1.248,0
102.57,17,0,6,3,0,2,1,0,30.1,4,6,6.683,0
124.91,13,0,2,2,0,0,0,0,40.5,1,2,3.557,0
24.55,10,0,3,1,0,0,0,0,4.7,1,2,0.016,0
75.15,17,0,5,1,0,0,0,0,9.3,1,1,2.179,0
30.82,19,0,3,3,0,1,0,0,101.5,2,3,0.827,0
40.00,16,0,2,1,0,1,0,0,66.2,1,2,1.762,0
55.94,18,0,2,2,0,2,0,0,32.6,1,2,2.659,0
5.82,18,0,2,2,0,0,0,1,25.6,1,3,0.720,0
44.33,13,0,0,3,0,1,0,0,44.2,1,1,0.112,0
69.81,12,0,0,1,0,0,0,0,24.8,2,2,1.080,0
24.42,10,0,3,1,0,0,0,0,0.4,1,1,0.548,0
18.25,20,0,0,1,0,0,0,0,115.7,1,1,0.796,0
54.27,10,0,3,2,0,0,0,0,50.7,2,1,0.032,0
42.89,11,0,1,1,0,0,0,0,92.4,1,2,0.780,0
19.89,17,0,2,1,0,0,0,0,0.4,1,5,0.563,0
19.73,11,0,3,2,0,0,0,0,2.0,1,2,6.892,0
26.51,11,0,1,1,1,1,0,0,13.9,1,1,0.764,0
24.72,16,0,0,0,0,0,0,0,9.3,1,3,0.191,0
10.39,13,0,2,1,0,0,0,0,13.2,1,1,0.628,0
7.14,15,0,2,1,0,1,0,0,95.0,1,1,0.863,0
9.43,13,0,3,3,0,0,0,0,124.9,1,1,0.619,0
18.92,14,0,3,3,0,0,0,1,7.6,1,2,0.882,0
91.63,15,0,4,3,0,3,0,0,18.9,1,2,6.642,0
93.61,6,0,5,2,0,2,1,1,214.7,1,2,2.999,0
33.18,21,0,1,2,0,0,0,0,0.1,1,3,0.389,0
16.60,8,0,4,4,0,1,0,0,2.0,1,3,0.785,0
3.76,8,0,3,3,0,0,0,0,12.9,1,4,0.894,0
114.39,19,0,6,1,0,0,0,0,22.4,2,2,8.769,0
8.19,12,0,2,2,0,1,0,0,192.8,4,3,0.283,0
24.85,19,0,3,2,0,0,0,0,4.8,1,1,3.610,0
5.60,16,0,2,1,0,0,0,0,7.3,1,2,0.110,0
39.42,11,0,3,1,0,1,0,0,188.4,1,4,0.938,0
41.03,11,0,2,1,0,0,0,0,34.9,2,3,1.752,0
15.05,8,0,1,1,0,1,0,0,82.4,2,2,0.439,0
5.63,18,0,2,2,0,1,0,0,17.9,1,1,0.884,0
17.66,19,0,1,1,0,0,0,1,19.5,3,4,0.938,0
6.11,11,0,1,2,0,0,0,0,61.9,2,2,0.898,0
15.01,17,0,1,2,0,0,0,0,1.0,2,1,1.166,0
53.87,12,0,0,3,0,0,0,0,1.3,1,1,2.125,0
8.06,14,0,2,2,0,0,0,0,74.5,1,4,0.782,0
50.52,21,0,5,2,1,0,1,0,225.8,3,3,1.141,0
68.14,11,0,7,1,0,0,0,0,6.1,1,3,14.042,0
52.11,12,0,1,1,0,1,0,0,38.7,1,1,0.005,0
34.85,17,0,2,2,0,1,0,0,15.7,1,1,1.708,0
40.54,20,0,3,3,0,0,0,0,29.7,1,5,4.251,0
25.66,16,0,2,1,0,1,0,0,60.7,1,2,0.295,0
11.35,13,0,1,1,0,0,0,0,113.3,1,1,0.844,0
73.18,13,0,1,2,0,0,0,0,60.2,2,1,1.424,0
39.38,16,0,1,1,0,0,0,0,20.1,3,5,0.147,0
10.30,9,0,1,2,0,1,0,0,9.4,2,2,0.101,0
68.38,20,0,6,2,0,0,0,0,16.5,1,1,1.523,0
111.35,19,0,7,7,0,4,1,0,77.9,1,1,3.949,0
11.03,21,0,2,2,0,0,0,0,22.2,1,3,0.899,0
50.40,12,0,2,2,0,1,0,0,19.5,1,3,6.579,0
7.63,20,0,2,4,0,0,0,0,74.4,1,1,0.714,0
31.79,11,0,1,1,0,2,0,0,25.9,3,1,0.194,0
24.61,13,0,1,1,0,0,0,0,2.2,1,2,0.250,0
4.49,19,0,1,1,0,1,0,0,5.4,2,2,0.856,0
16.02,13,0,0,3,0,0,0,0,60.2,1,1,0.837,0
32.25,19,0,5,2,1,0,0,0,19.5,2,1,0.178,0
5.14,14,0,2,2,0,1,0,0,71.8,3,1,0.843,0
16.10,12,0,3,3,0,0,0,0,15.7,1,1,0.571,0
19.05,15,0,3,3,0,1,0,0,45.6,1,1,0.560,0
11.43,8,0,1,3,0,0,0,0,22.9,1,1,0.422,0
35.37,17,0,2,2,1,1,0,0,30.9,1,4,0.644,0
81.07,1,1,7,2,0,2,0,0,259.5,3,4,0.684,0
145.64,7,0,2,3,0,5,0,0,173.1,1,3,10.670,0
261.78,4,1,4,7,1,5,1,1,84.4,2,4,35.460,1
125.41,20,0,7,7,1,0,0,0,35.0,1,2,0.621,0
20.85,8,0,2,2,0,1,0,0,58.9,1,3,0.745,0
80.93,11,0,1,1,0,0,0,0,17.8,1,1,0.902,0
109.83,14,0,0,1,0,0,0,0,109.9,1,1,2.913,0
51.73,14,0,2,1,0,0,0,0,43.7,1,2,0.915,0
225.32,2,1,12,2,2,5,1,1,67.1,8,4,12.009,1
121.60,8,0,1,1,0,1,0,0,164.3,1,1,10.980,0
18.40,20,0,1,1,0,0,0,0,67.3,3,1,0.526,0
14.53,16,0,2,2,0,0,0,0,91.9,1,3,0.885,0
18.60,17,0,4,4,0,0,0,0,44.8,2,2,0.110,0
28.04,13,0,1,1,0,0,0,0,93.3,1,1,0.372,0
59.77,17,0,1,1,0,1,0,0,99.6,2,1,6.040,0
42.02,20,0,2,2,0,0,0,0,57.6,1,1,0.876,0
152.02,13,0,2,2,0,1,0,0,12.9,2,1,13.247,0
47.57,17,0,4,1,0,1,0,0,64.7,1,2,3.889,0
25.36,15,0,3,3,0,0,0,0,22.0,1,1,1.209,0
24.53,15,0,0,1,0,0,0,0,27.7,2,3,0.542,0
5.67,14,0,4,4,0,1,0,0,28.6,3,1,0.827,0
3.79,15,0,1,1,0,0,0,0,49.8,4,3,0.884,0
4.53,20,0,3,3,1,0,0,0,79.8,1,3,0.882,0
176.43,17,0,5,3,1,3,0,1,166.1,1,2,4.624,1
20.41,15,0,3,3,0,0,0,0,91.1,1,5,0.454,0
44.97,18,0,3,2,0,2,0,0,21.4,1,1,0.774,0
7.51,13,0,2,2,0,0,0,0,23.5,1,3,0.944,0
14.43,18,0,2,1,0,0,0,0,39.9,2,1,0.879,0
15.97,10,0,0,0,0,0,0,0,61.1,2,1,0.758,0
8.59,10,0,0,3,0,1,0,0,14.1,1,2,0.519,0
84.98,19,0,2,1,0,0,0,0,87.7,1,1,2.130,0
26.69,13,0,4,1,0,0,0,0,88.3,1,1,0.382,0
38.80,16,0,0,3,0,1,0,0,4.0,2,2,3.021,0
41.57,12,0,1,1,0,0,0,0,14.0,1,3,0.900,0
7.61,21,0,3,3,0,0,0,0,83.0,2,2,0.658,0
20.33,9,0,2,2,0,1,0,0,33.2,2,1,0.373,0
117.39,20,0,4,4,0,1,0,0,8.6,1,1,0.121,0
70.33,16,0,1,1,0,0,0,0,30.0,2,1,0.342,0
34.70,10,0,4,3,0,0,1,0,214.5,1,3,1.801,0
10.05,16,0,2,1,0,0,0,0,212.1,1,1,0.867,0
12.73,14,0,0,2,0,0,0,0,68.1,1,3,0.718,0
42.66,8,0,1,1,0,0,0,0,34.4,1,3,0.798,0
20.23,9,0,2,1,0,0,0,0,43.1,1,5,0.633,0
25.12,9,0,1,1,1,0,0,0,21.9,2,1,0.716,0
20.36,10,0,1,2,0,2,0,0,25.2,1,1,1.180,0
9.69,10,0,2,1,0,0,0,0,67.8,1,1,0.874,0
12.12,12,0,1,1,0,0,0,0,2.5,1,1,0.462,0
72.35,17,0,1,1,0,0,0,0,42.1,3,1,4.296,0
78.69,15,0,10,3,1,4,0,0,76.2,5,2,1.691,0
57.74,13,0,0,1,0,0,0,0,47.2,1,1,0.798,0
4.24,16,0,4,1,0,0,0,1,0.9,2,2,0.896,0
10.04,20,0,4,1,0,0,0,0,19.0,1,2,0.806,0
68.40,12,0,2,2,0,0,0,0,63.7,2,2,1.284,0
12.12,10,0,2,2,0,0,0,0,40.1,2,1,0.849,0
29.89,21,0,0,0,0,0,0,1,2.3,3,2,0.328,0
24.23,12,0,4,4,1,1,0,0,51.2,1,2,0.918,0
22.03,16,0,1,1,0,0,1,0,72.4,1,1,0.774,0
26.47,15,0,1,3,0,0,0,1,17.1,3,1,0.328,0
26.98,12,0,1,1,0,0,0,0,42.1,1,1,0.112,0
21.48,16,0,0,2,0,0,0,0,73.1,3,1,0.397,0
20.54,12,0,5,1,0,1,0,0,42.8,1,4,0.119,0
20.80,16,0,1,1,0,1,0,0,45.6,1,3,0.415,0
4.95,20,0,0,4,1,0,0,0,62.2,1,2,0.556,0
32.79,15,0,3,1,0,0,0,0,99.3,3,1,0.683,0
48.04,8,0,1,2,0,0,0,0,15.9,1,1,0.005,0
22.75,9,0,1,1,0,0,0,0,13.9,2,4,2.297,0
14.58,11,0,0,3,0,0,0,0,305.0,2,1,0.772,0
4.55,21,0,5,1,1,1,0,0,90.1,1,1,0.870,0
19.84,10,0,1,4,0,0,0,0,44.3,2,3,0.302,0
13.26,10,0,3,3,0,0,0,0,7.6,1,1,0.204,0
75.45,18,0,3,3,0,0,0,0,48.2,2,2,1.252,0
14.29,20,0,4,1,0,0,0,1,46.1,2,1,0.780,0
60.07,9,0,0,0,0,0,0,0,18.6,1,1,0.267,0
105.43,10,0,3,3,0,0,0,0,8.9,2,1,14.619,0
19.28,16,0,3,3,0,0,1,0,95.6,1,2,0.207,0
15.02,11,0,4,1,0,0,0,0,15.9,1,2,0.117,0
30.83,19,0,4,4,0,0,0,0,29.9,2,1,2.523,0
8.02,16,0,2,1,0,1,0,0,77.5,1,3,0.698,0
224.71,11,0,2,2,0,0,0,1,116.0,2,1,7.938,0
31.17,17,0,1,1,0,1,0,0,24.9,1,4,0.221,0
8.80,18,0,5,1,0,0,0,0,131.8,1,3,0.391,0
24.92,23,1,8,5,0,3,0,1,68.6,1,1,2.725,0
10.55,11,0,1,2,0,1,0,0,77.6,1,1,0.323,0
47.98,18,0,3,1,0,0,0,0,48.8,2,3,2.042,0
30.59,19,0,2,2,0,0,0,0,26.8,1,1,0.794,0
30.94,10,0,7,7,0,0,1,0,143.5,1,5,0.511,0
46.29,16,0,2,3,0,0,0,0,257.4,2,6,11.344,0
79.66,10,0,5,1,0,0,0,0,2.6,1,1,4.976,0
111.45,17,0,3,2,0,0,0,0,24.6,3,2,1.347,0
96.51,12,0,1,1,0,0,0,1,17.8,1,1,5.534,0
8.98,15,0,3,3,0,0,0,1,1.8,1,2,0.820,0
53.47,16,0,1,1,0,1,0,0,44.6,1,1,0.583,0
8.66,13,0,2,1,0,0,0,0,37.6,1,3,0.745,0
37.64,10,0,2,1,0,0,0,0,26.5,2,4,0.077,0
34.43,18,0,0,0,0,1,0,0,55.3,1,1,2.139,0
42.99,15,0,2,2,0,0,0,0,3.2,1,1,2.962,0
12.11,18,0,3,3,0,0,0,0,105.2,1,1,0.944,0
16.56,10,0,1,1,0,0,0,0,27.3,1,1,0.599,0
5.72,14,0,2,2,0,2,0,0,18.5,1,3,0.871,0
59.95,9,0,3,3,0,0,0,0,56.3,1,1,3.149,0
14.00,13,0,1,1,0,0,0,0,25.2,3,1,0.177,0
11.83,14,0,1,1,0,0,0,0,88.2,1,4,0.099,0
14.32,18,0,3,1,0,0,0,0,16.8,1,1,0.854,0
26.84,15,0,5,1,0,0,0,0,47.7,1,2,0.663,0
23.83,19,0,2,1,0,0,0,0,16.9,1,1,0.678,0
511.83,15,0,9,4,1,3,0,0,63.4,4,7,18.877,1
10.29,14,0,2,2,0,0,0,0,17.9,1,1,0.866,0
7.96,12,0,4,4,0,0,0,0,61.0,1,1,0.719,0
40.20,14,0,2,2,0,0,0,0,20.5,2,1,0.623,0
81.08,21,0,2,1,0,0,0,0,88.3,1,3,46.140,0
24.16,17,0,4,4,0,0,0,1,48.7,1,1,0.598,0
206.64,9,0,2,2,0,0,0,0,10.2,2,1,6.302,0
38.02,9,0,3,1,0,0,0,0,23.6,1,1,0.673,0
95.65,9,0,2,1,0,0,0,0,104.2,1,3,0.024,0
18.68,9,0,1,1,0,1,0,0,22.5,1,1,0.622,0
63.57,13,0,3,1,0,0,0,0,9.7,1,1,0.208,0
59.20,23,1,5,2,2,1,0,1,92.5,2,2,0.071,0
4.56,20,0,0,1,0,0,0,0,164.9,1,1,0.767,0
11.60,20,0,2,1,0,0,0,0,6.8,5,1,0.365,0
21.87,19,0,1,1,0,0,0,0,93.4,1,1,0.216,0
21.93,9,0,1,1,0,0,0,0,35.4,1,1,0.816,0
62.70,14,0,2,1,0,0,0,0,11.8,1,4,0.132,0
15.72,16,0,2,2,0,1,0,0,55.5,1,2,0.407,0
22.25,11,0,0,1,0,2,0,0,14.1,1,2,0.736,0
30.44,9,0,3,3,0,0,0,0,93.5,3,1,0.501,0
45.38,15,0,3,3,0,0,0,0,8.0,1,2,0.421,0
16.39,14,0,2,4,0,0,0,0,8.1,1,3,0.211,0
54.81,17,0,2,1,0,1,0,1,30.7,3,2,0.136,0
86.26,8,0,2,2,0,0,0,1,171.7,1,1,0.152,0
9.48,18,0,2,2,0,1,0,0,94.8,2,2,0.212,0
24.87,10,0,1,1,0,0,0,0,25.0,1,1,3.371,0
37.35,12,0,4,2,0,0,0,0,0.3,1,1,0.389,0
39.52,21,0,7,4,0,4,0,0,65.0,4,3,0.447,0
32.30,17,0,4,5,0,2,1,0,209.2,3,2,0.021,0
26.78,16,0,2,2,1,1,0,0,6.4,3,2,0.047,0
34.01,13,0,1,1,0,0,0,0,112.5,3,1,0.264,0
13.09,15,0,1,1,0,0,0,0,13.0,1,3,1.309,0
45.41,16,0,2,1,0,1,0,0,74.3,2,1,0.426,0
12.24,12,0,2,1,0,0,0,1,113.7,1,1,0.691,0
54.47,16,0,2,3,1,2,0,1,204.9,5,5,2.214,0
65.19,19,0,4,4,0,1,0,0,33.4,1,2,0.264,0
64.52,17,0,3,1,0,1,0,0,68.0,1,1,1.450,0
16.38,19,0,3,1,0,2,0,0,12.2,1,1,0.264,0
96.42,7,0,5,1,0,2,1,0,28.5,1,1,1.394,0
71.34,19,0,2,1,0,0,0,0,29.4,1,2,0.679,0
37.71,10,0,2,1,0,0,0,0,47.4,1,1,5.223,0
73.36,12,0,1,1,0,0,1,0,154.5,1,1,6.403,0
14.59,20,0,0,1,0,0,0,0,16.0,1,1,0.612,0
30.44,21,0,1,1,0,0,0,0,45.4,1,1,0.191,0
11.86,14,0,3,2,0,0,0,0,14.7,1,1,0.035,0
104.65,6,0,6,3,0,0,0,0,20.0,5,1,53.223,0
51.87,14,0,0,2,0,1,0,0,114.9,1,1,0.876,0
31.23,11,0,0,1,0,0,0,0,5.4,1,3,0.774,0
4.04,13,0,1,1,1,0,0,0,38.0,1,1,0.871,0
123.78,14,0,8,2,0,3,0,1,10.0,4,4,10.346,0
6.90,18,0,1,1,0,0,0,0,80.0,1,1,0.281,0
27.00,8,0,1,3,0,0,0,0,78.8,4,2,0.280,0
4.18,16,0,1,1,0,0,0,0,27.5,1,1,0.897,0
30.12,14,0,4,4,0,1,0,0,34.1,2,3,4.105,0
58.03,12,0,0,3,0,0,0,0,22.5,2,3,1.187,0
19.93,19,0,4,1,0,0,0,0,24.6,1,2,0.217,0
34.53,0,1,4,1,0,1,0,0,33.3,3,4,3.704,0
48.43,17,0,5,2,0,1,0,0,34.1,1,1,1.935,0
13.86,15,0,1,1,0,1,0,0,7.6,1,1,0.009,0
12.30,16,0,2,2,0,1,0,0,19.3,2,3,0.302,0
35.04,15,0,3,2,0,0,0,0,15.3,1,1,0.500,0
30.96,14,0,0,0,0,1,0,0,11.1,1,1,0.057,0
184.49,11,0,1,1,0,1,0,0,33.4,2,2,10.509,0
829.44,13,0,5,8,1,3,1,1,261.8,3,7,14.688,1
10.85,5,1,1,4,0,2,1,1,322.2,2,9,0.400,1
9.85,10,0,0,1,1,0,0,0,40.8,1,2,0.748,0
15.84,11,0,3,1,0,0,0,0,36.2,1,1,0.940,0
6.57,11,0,4,4,0,0,0,0,19.6,2,1,0.921,0
17.49,19,0,2,1,0,0,0,0,1.5,3,3,1.910,0
6.72,20,0,2,2,0,1,0,0,42.9,3,4,1.444,0
65.69,17,0,6,6,0,0,0,0,20.6,1,1,8.111,0
63.35,1,1,7,5,0,1,1,1,19.8,2,1,2.104,0
28.38,11,0,1,1,0,0,0,0,104.7,2,1,0.640,0
78.47,2,1,8,5,0,1,1,1,10.0,1,3,2.394,0
29.95,12,0,1,1,0,0,0,0,20.9,1,1,0.453,0
91.42,8,0,5,5,1,5,1,1,1169.1,4,7,3.186,1
6.06,16,0,7,7,0,0,0,0,1.6,1,1,0.283,0
47.05,12,0,2,2,0,0,0,0,31.4,1,2,2.888,0
30.01,22,0,2,2,0,3,0,0,614.0,3,7,3.281,0
15.80,10,0,0,0,0,0,0,0,81.2,1,2,0.483,0
62.93,9,0,2,9,0,5,1,1,316.6,2,3,0.671,1
24.22,12,0,3,3,1,0,0,0,43.8,1,1,0.182,0
46.13,12,0,3,3,0,0,0,0,6.3,1,1,1.530,0
27.90,19,0,1,2,0,0,0,0,37.7,1,1,0.283,0
21.35,12,0,1,2,0,0,1,0,24.7,1,2,1.118,0
208.85,4,1,2,6,0,2,1,0,105.1,1,1,6.653,0
12.23,18,0,1,1,0,0,1,0,30.5,1,1,0.785,0
48.71,12,0,0,1,0,0,0,0,82.5,1,1,1.129,0
202.32,15,0,3,3,0,1,0,1,45.1,2,3,27.022,0
77.81,17,0,3,3,0,0,0,0,40.8,1,1,0.055,0
54.93,21,0,3,4,0,3,0,0,262.1,2,4,3.671,0
10.07,13,0,2,1,0,0,1,0,241.5,1,2,0.859,0
37.21,13,0,0,1,1,0,0,0,21.3,1,4,1.034,0
35.41,16,0,1,1,0,0,0,0,8.8,1,1,0.797,0
32.18,11,0,3,1,0,0,1,0,18.6,5,1,1.835,0
39.19,13,0,2,2,0,0,0,0,10.1,3,1,3.028,0
30.17,20,0,1,1,0,0,0,1,110.2,2,1,4.330,0
491.70,16,0,11,6,2,3,1,1,264.8,5,1,18.320,1
15.10,21,0,0,1,0,0,0,0,3.6,1,1,0.661,0
50.00,17,0,5,4,0,1,0,1,46.8,1,3,0.583,0
37.33,10,0,2,1,0,0,0,0,95.7,2,5,0.661,0
6.03,17,0,1,3,0,1,0,0,134.1,1,1,0.511,0
15.75,19,0,4,1,0,1,0,0,120.7,3,3,0.249,0
20.73,19,0,2,3,0,0,0,0,5.9,1,1,0.546,0
8.86,11,0,2,1,0,0,0,0,8.8,1,2,0.315,0
19.44,11,0,1,1,0,1,0,0,71.4,1,2,0.777,0
33.11,20,0,1,1,0,0,0,0,40.2,2,1,1.651,0
10.49,11,0,1,3,0,0,0,0,211.2,2,2,0.604,0
38.45,18,0,1,1,0,0,0,0,54.4,1,4,2.183,0
18.87,20,0,2,2,0,0,0,0,141.0,1,1,0.708,0
21.14,14,0,4,4,0,0,1,0,18.4,1,1,1.669,0
11.57,10,0,3,3,0,0,0,0,53.7,2,1,0.953,0
35.75,13,0,3,1,0,0,0,0,17.6,1,1,0.672,0
18.56,9,0,2,1,0,1,0,0,53.8,4,1,2.424,0
63.90,16,0,5,7,0,3,1,1,23.4,3,4,9.175,0
114.81,8,0,1,1,0,0,0,0,61.6,4,1,0.522,0
23.48,15,0,1,1,0,0,0,0,0.3,1,2,0.632,0
7.51,11,0,3,2,0,0,1,0,54.1,1,1,0.760,0
11.95,10,0,1,1,0,1,0,0,65.7,1,2,0.574,0
7.39,18,0,3,3,0,0,0,0,101.4,1,1,0.830,0
68.58,16,0,1,1,0,0,0,0,96.1,2,5,12.214,0
46.10,16,0,2,3,0,0,1,0,2.6,1,1,2.033,0
67.69,17,0,5,3,0,0,0,0,2.0,2,2,2.516,0
39.55,10,0,1,1,0,0,0,0,47.8,1,1,0.584,0
4.35,8,0,3,3,0,0,0,0,43.2,2,2,0.903,0
18.91,10,0,1,1,0,0,0,0,18.0,2,2,0.195,0
60.56,8,0,4,2,0,0,0,0,3.7,1,3,4.072,0
11.57,11,0,3,2,0,0,0,0,14.1,4,1,0.438,0
111.42,18,0,1,2,0,0,0,0,13.8,2,1,5.680,0
14.80,16,0,2,2,0,1,0,0,186.1,4,3,0.377,0
39.67,8,0,1,1,0,0,0,0,38.5,1,1,5.297,0
42.70,11,0,2,1,0,0,0,0,106.9,1,3,0.034,0
18.06,9,0,1,1,1,0,0,0,6.0,3,2,0.947,0
314.29,6,0,6,4,0,3,1,0,10.0,3,2,26.258,0
41.33,11,0,7,7,0,0,0,1,84.8,1,2,0.507,0
32.17,16,0,3,3,0,2,0,0,2.4,1,1,0.206,0
43.27,16,0,2,1,0,0,0,0,70.8,1,3,0.672,0
14.20,14,0,1,1,0,0,0,0,38.7,1,4,0.013,0
76.96,11,0,4,2,0,1,0,0,93.9,1,1,0.665,0
135.57,8,0,2,2,0,1,0,0,77.3,1,1,4.378,0
126.03,14,0,1,1,0,0,0,1,37.5,1,3,2.300,0
55.51,10,0,2,1,0,1,0,0,40.4,1,3,0.896,0
11.01,18,0,9,3,0,1,1,0,206.1,1,2,3.352,0
28.81,14,0,3,3,0,0,0,0,16.2,2,4,4.940,0
10.97,14,0,1,1,0,0,0,0,151.9,2,2,0.387,0
9.38,21,0,2,3,0,1,0,0,36.6,3,4,0.737,0
5.26,15,0,1,1,0,1,0,0,36.5,3,1,0.901,0
4.02,19,0,1,1,0,0,0,0,18.0,2,1,0.785,0
70.67,14,0,3,3,0,0,0,0,41.3,2,3,1.151,0
17.79,16,0,6,3,0,0,0,0,40.0,1,2,0.236,0
19.88,8,0,2,2,0,1,0,0,38.1,1,1,9.631,0
9.56,15,0,3,1,0,0,0,0,53.2,2,1,0.489,0
38.74,15,0,3,1,0,0,0,0,63.9,1,2,2.509,0
288.13,11,0,5,4,0,4,1,1,420.7,1,1,8.286,0
21.82,18,0,1,1,0,1,1,0,116.4,4,3,1.013,0
15.33,14,0,3,2,0,0,0,0,82.7,2,1,0.487,0
10.10,13,0,1,1,0,0,0,0,154.7,3,1,0.625,0
69.71,15,0,2,2,0,0,0,0,30.3,3,1,5.303,0
126.96,1,1,6,5,1,7,0,1,378.4,5,3,0.071,1
115.09,9,0,1,1,0,0,0,0,11.5,1,2,0.952,0
17.65,11,0,4,1,0,0,0,0,6.1,1,3,0.190,0
11.77,9,0,1,1,0,0,1,0,21.4,2,1,0.328,0
58.19,15,0,1,1,0,1,0,0,23.7,1,1,0.497,0
77.39,17,0,0,1,0,0,0,0,22.4,2,1,1.403,0
65.48,8,0,4,2,0,0,0,0,188.1,1,1,0.083,0
37.23,10,0,1,1,0,1,0,0,41.5,2,1,6.286,0
370.80,14,0,6,8,0,1,0,0,102.4,2,3,21.555,0
50.50,15,0,2,2,0,0,0,0,33.8,1,2,2.449,0
77.95,16,0,4,3,0,3,1,1,129.1,4,3,7.409,0
24.74,10,0,1,1,0,0,0,0,59.5,1,1,0.623,0
8.85,18,0,0,1,0,0,0,0,152.2,1,3,0.379,0
196.98,2,1,7,4,1,4,1,1,50.0,5,10,2.200,1
33.06,10,0,0,0,0,0,0,0,78.4,1,1,0.698,0
26.92,18,0,4,1,0,0,0,0,50.0,1,1,0.652,0
308.22,22,0,13,5,4,4,1,1,1876.8,6,6,3.583,1
59.77,11,0,0,2,0,0,0,0,7.4,4,1,10.193,0
82.31,16,0,1,1,0,0,0,0,22.8,2,1,0.425,0
71.81,15,0,2,2,0,1,0,0,226.0,1,1,1.859,0
151.17,17,0,0,0,0,0,0,0,279.8,1,1,2.722,0
17.38,9,0,1,3,0,0,0,0,18.1,1,1,0.385,0
34.80,8,0,2,1,0,1,0,0,96.9,2,1,0.491,0
52.09,16,0,1,1,0,0,0,0,29.2,1,4,0.522,0
35.08,22,0,7,5,0,4,0,0,496.7,3,4,0.355,0
59.46,10,0,1,3,0,0,0,0,60.8,2,2,2.024,0
117.16,13,0,3,7,1,2,0,0,225.5,1,4,2.089,0
31.19,14,0,2,2,0,1,0,0,7.5,2,3,1.864,0
39.25,16,0,1,1,0,1,0,0,227.0,1,2,3.553,0
12.90,14,0,2,2,0,0,0,0,20.9,1,2,0.336,0
158.38,22,0,3,6,0,1,1,0,280.4,1,1,30.676,0
10.10,19,0,1,1,0,0,0,0,11.6,1,1,0.876,0
4.83,9,0,1,1,0,0,0,0,14.0,2,1,0.929,0
210.58,17,0,2,2,0,0,0,0,53.8,2,1,3.487,0
75.35,18,0,1,4,0,0,0,0,125.8,5,1,1.425,0
28.31,12,0,4,1,0,0,0,0,13.6,2,1,0.537,0
25.64,19,0,2,4,0,2,0,0,71.4,1,1,0.160,0
10.34,13,0,5,1,0,0,0,0,48.6,2,1,0.587,0
84.20,11,0,3,1,0,1,0,0,8.2,1,1,1.615,0
17.25,12,0,5,5,0,0,0,0,69.4,3,2,0.245,0
28.77,17,0,0,0,0,0,0,0,33.8,3,1,0.342,0
46.45,19,0,1,1,0,0,0,0,11.7,1,1,0.292,0
30.70,9,0,5,2,0,0,0,0,39.3,1,4,0.659,0
20.12,12,0,3,1,0,0,0,0,63.0,2,1,0.586,0
207.67,14,0,3,6,1,2,1,0,39.1,1,2,11.039,0
8.44,10,0,2,2,0,0,0,0,30.8,2,2,0.803,0
27.22,14,0,2,1,0,0,0,0,41.9,1,1,1.692,0
37.56,21,0,2,2,0,0,0,0,51.9,1,1,0.399,0
24.99,20,0,3,1,0,0,0,0,15.6,2,2,0.734,0
88.11,8,0,5,3,2,2,1,1,316.5,1,4,3.719,0
2.92,20,0,1,2,0,2,0,0,37.2,1,1,0.968,0
16.18,16,0,4,1,0,0,0,0,146.6,2,2,0.357,0
45.26,20,0,0,0,0,0,0,0,128.1,3,1,0.239,0
59.00,20,0,1,1,0,0,0,0,111.0,2,3,2.280,0
97.50,20,0,3,3,0,0,0,0,196.0,1,1,2.602,0
26.62,17,0,4,4,0,0,0,0,5.5,1,4,2.211,0
10.85,20,0,2,2,0,0,0,0,131.0,1,1,0.921,0
70.00,7,0,5,4,0,1,1,1,254.6,3,4,0.565,0
77.18,13,0,2,1,0,0,0,1,12.5,1,2,5.184,0
26.57,14,0,2,2,0,0,0,0,70.7,1,1,0.300,0
71.92,16,0,3,7,1,1,0,1,188.4,1,4,6.149,0
11.77,14,0,3,3,0,0,0,0,14.0,2,8,0.382,0
31.72,11,0,4,4,0,0,0,0,83.0,2,1,0.779,0
61.53,21,0,4,2,0,0,0,0,2.8,4,3,0.744,0
42.68,21,0,2,2,0,0,0,0,32.6,1,4,0.074,0
38.10,14,0,1,1,0,0,0,0,104.4,1,2,4.007,0
35.50,14,0,3,1,0,0,0,0,15.2,2,1,3.671,0
34.91,12,0,1,1,0,0,0,0,20.5,1,2,0.696,0
6.31,17,0,1,1,0,1,0,0,64.4,1,2,0.889,0
37.08,16,0,1,1,0,0,0,1,7.2,1,2,1.658,0
45.52,10,0,2,1,0,0,0,0,17.6,1,2,2.756,0
5.99,11,0,6,1,0,0,0,0,0.5,1,2,0.785,0
7.79,19,0,1,2,0,0,0,0,30.8,1,1,0.577,0
17.56,17,0,5,2,0,0,0,0,87.7,1,2,0.400,0
41.42,12,0,1,1,0,0,0,0,0.6,1,2,0.061,0
2.59,14,0,2,2,0,0,0,0,47.6,1,2,0.798,0
70.83,16,0,0,2,0,1,1,0,52.3,2,1,13.634,0
26.59,20,0,3,2,0,0,0,0,9.2,3,4,0.666,0
76.01,9,0,4,1,0,0,0,0,61.2,2,1,1.375,0
22.12,17,0,2,2,0,0,0,0,2.3,1,1,0.266,0
10.90,16,0,0,1,0,0,0,1,95.9,1,1,0.075,0
40.19,19,0,4,1,0,0,0,0,47.4,1,1,0.315,0
74.43,11,0,5,4,0,2,0,1,360.5,2,5,2.877,0
7.48,19,0,2,2,0,0,0,0,26.6,1,1,0.013,0
246.71,9,0,4,1,0,1,0,0,111.4,1,4,11.058,0
310.90,2,1,8,5,0,1,0,1,962.9,4,3,7.890,0
23.44,12,0,2,2,0,0,0,0,8.2,2,3,0.340,0
145.25,13,0,8,4,0,3,0,0,148.1,1,7,5.651,0
12.18,19,0,0,1,0,1,0,0,9.3,2,5,0.367,0
11.14,9,0,1,1,0,0,0,1,34.7,4,1,0.646,0
24.44,16,0,3,2,0,0,0,0,25.4,2,1,0.752,0
20.73,11,0,2,2,0,0,0,1,11.9,1,1,0.563,0
20.93,11,0,3,3,0,0,0,0,9.8,1,2,0.744,0
34.41,11,0,2,2,0,0,0,0,162.0,2,1,0.319,0
84.21,11,0,2,2,0,0,1,0,12.2,2,1,0.270,0
13.64,8,0,5,1,0,1,0,0,40.2,1,1,0.534,0
12.31,19,0,2,2,0,0,0,0,84.5,1,2,0.567,0
20.13,21,0,1,3,1,0,0,0,8.4,2,3,0.799,0
32.02,14,0,3,1,1,0,0,0,10.9,1,2,0.911,0
27.57,8,0,3,3,0,1,0,0,70.3,1,4,0.538,0
7.49,12,0,2,2,0,0,0,0,16.2,2,1,0.765,0
14.87,9,0,4,1,0,0,0,0,25.2,1,2,5.522,0
33.51,11,0,1,1,0,0,0,0,50.3,2,5,0.386,0
11.02,13,0,1,2,0,1,1,0,13.9,1,3,0.956,0
35.31,17,0,1,1,0,0,0,0,54.7,1,3,1.043,0
29.98,14,0,2,1,0,0,0,0,6.2,3,1,1.482,0
25.52,11,0,2,1,0,1,1,0,84.3,1,1,3.565,0
34.27,13,0,0,0,0,1,0,0,54.9,1,1,0.240,0
4.44,10,0,2,1,0,0,0,0,25.4,3,1,0.524,0
24.61,17,0,4,4,0,1,0,0,73.6,1,2,0.158,0
15.32,16,0,3,2,0,0,0,1,13.1,2,1,0.356,0
65.92,15,0,3,2,0,0,0,0,26.8,2,1,3.164,0
20.53,15,0,0,0,0,0,0,0,50.3,1,2,1.189,0
19.40,12,0,2,1,0,1,0,1,14.3,3,1,0.036,0
31.90,12,0,4,2,0,1,0,0,1.3,2,1,1.699,0
13.62,8,0,2,2,0,0,0,0,130.2,3,2,0.789,0
183.56,13,0,2,2,0,0,0,0,59.1,1,2,9.617,0
24.69,8,0,2,1,0,0,0,0,19.7,1,1,3.497,0
42.86,9,0,2,1,0,0,0,0,14.1,1,1,0.701,0
19.66,18,0,0,0,0,0,0,0,40.8,1,1,0.688,0
23.44,12,0,6,3,0,0,1,0,12.2,2,1,0.635,0
97.55,16,0,2,1,0,1,0,0,146.9,1,2,2.028,0
11.23,14,0,1,2,0,0,0,0,2.7,3,2,0.337,0
15.05,12,0,4,2,0,2,0,0,0.4,4,1,0.930,0
150.05,0,1,9,4,0,2,0,1,212.8,1,3,7.454,0
9.14,10,0,5,5,0,0,0,0,12.7,2,3,1.187,0
18.13,18,0,3,1,0,0,0,0,78.9,1,2,0.689,0
8.72,11,0,3,3,1,1,0,0,11.6,1,3,0.711,0
17.81,17,0,2,2,0,0,0,0,2.2,1,1,0.246,0
57.21,16,0,2,1,0,0,1,0,10.2,3,2,2.840,0
12.23,16,0,1,2,0,0,0,0,66.4,1,4,0.704,0
18.72,13,0,0,1,0,0,0,0,3.5,1,1,0.274,0
34.08,12,0,2,3,1,1,0,0,133.8,2,1,0.395,0
105.64,15,0,2,2,0,1,0,0,36.7,1,4,15.178,0
9.28,15,0,3,1,0,1,0,0,103.2,3,4,0.578,0
35.45,16,0,1,1,0,1,0,0,42.9,2,1,0.434,0
6.11,17,0,3,3,0,0,0,0,39.5,1,1,0.946,0
15.07,19,0,4,1,0,0,0,0,19.2,3,2,0.119,0
20.48,10,0,3,3,0,0,0,0,17.2,2,1,0.112,0
61.59,17,0,4,4,0,1,0,0,21.7,1,1,1.557,0
30.12,20,0,0,1,0,0,0,0,155.7,1,2,0.641,0
6.25,17,0,2,1,0,1,0,0,4.0,2,2,0.816,0
19.69,12,0,2,2,0,0,0,0,34.3,2,1,0.477,0
7.43,17,0,3,1,0,0,0,0,33.5,1,2,0.643,0
21.66,12,0,1,1,0,0,0,0,1.3,1,1,0.265,0
25.37,16,0,3,1,0,0,0,0,12.4,5,1,0.705,0
8.09,11,0,1,1,0,1,0,0,4.8,1,1,0.628,0
29.85,17,0,1,1,0,2,0,0,51.1,1,2,4.946,0
12.49,19,0,2,2,0,2,0,0,136.5,1,1,0.887,0
130.40,3,1,11,8,0,3,1,1,494.8,4,4,41.614,1
11.85,17,0,2,2,0,0,0,0,4.8,1,1,0.242,0
83.26,12,0,0,0,0,0,0,0,116.0,1,2,1.686,0
7.97,13,0,4,4,0,0,0,0,11.3,1,1,0.910,0
19.83,14,0,3,3,0,2,0,1,21.9,1,1,0.296,0
82.14,9,0,2,2,0,0,0,0,3.0,1,2,0.303,0
9.81,19,0,2,2,0,0,0,0,5.7,3,2,0.430,0
8.23,15,0,0,1,0,0,0,0,77.8,1,1,0.827,0
10.57,15,0,3,3,0,0,0,0,54.8,1,1,0.912,0
41.66,17,0,1,1,1,0,0,0,115.9,1,2,0.439,0
49.48,11,0,6,6,0,0,0,0,8.1,1,1,2.562,0
13.43,12,0,1,4,0,0,0,0,70.3,1,1,0.519,0
33.41,19,0,6,1,0,0,0,0,16.7,1,1,0.068,0
22.98,9,0,5,5,0,0,0,0,30.9,1,1,0.978,0
13.73,10,0,2,2,0,0,0,0,0.8,1,1,0.082,0
20.31,9,0,0,0,0,0,0,0,15.0,1,2,0.349,0
15.27,20,0,1,2,0,0,1,0,32.9,1,1,0.483,0
175.75,12,0,4,4,0,0,0,0,126.0,1,1,27.764,0
11.11,11,0,8,5,2,3,0,0,115.7,1,1,2.418,0
23.02,12,0,3,3,0,0,0,0,35.2,1,1,0.384,0
71.78,10,0,8,3,1,1,0,0,75.9,1,1,0.590,0
57.52,16,0,3,5,0,1,1,0,91.3,3,2,0.037,0
15.17,10,0,2,1,0,0,0,0,36.2,1,1,0.145,0
221.41,15,0,4,3,0,0,0,0,51.2,2,1,36.783,0
11.56,18,0,1,1,0,0,0,0,65.4,1,1,0.095,0
10.69,17,0,1,3,0,0,0,1,2.6,1,1,0.061,0
54.51,14,0,1,1,0,0,0,0,46.3,1,5,0.515,0
342.92,5,1,6,6,0,2,0,0,131.5,4,4,27.201,0
9.79,8,0,2,2,0,0,0,0,126.5,1,3,0.449,0
7.78,14,0,2,2,0,1,0,0,54.6,1,1,0.772,0
163.94,9,0,1,3,0,0,0,0,64.3,1,1,8.093,0
24.20,12,0,0,1,0,1,0,0,31.9,3,1,0.165,0
4.02,12,0,1,1,0,0,0,0,14.4,4,1,0.851,0
7.28,10,0,5,3,0,0,0,0,6.3,1,2,0.291,0
40.89,14,0,1,1,0,0,0,0,136.8,1,3,0.105,0
12.31,17,0,3,1,0,0,0,0,76.2,1,1,0.359,0
49.41,21,0,2,2,0,0,0,0,14.8,1,1,5.018,0
3.73,12,0,0,2,0,0,0,0,3.8,3,2,0.810,0
29.90,19,0,3,3,0,0,0,0,1.3,2,1,1.392,0
11.37,21,0,0,0,0,0,0,0,61.5,2,1,0.247,0
22.11,16,0,5,5,0,0,0,0,41.4,2,3,0.683,0
132.35,15,0,1,1,0,0,0,0,135.6,2,1,6.482,0
30.11,12,0,0,1,0,0,0,0,36.2,2,4,0.011,0
12.46,18,0,2,2,0,0,0,0,114.1,1,3,0.818,0
49.39,20,0,1,2,0,0,0,0,4.2,1,1,1.247,0
112.81,8,0,1,1,1,2,0,0,33.9,1,3,1.735,0
12.51,19,0,2,2,0,0,0,0,2.5,1,3,0.007,0
10.54,9,0,0,1,0,0,0,0,6.3,2,5,0.247,0
213.65,16,0,6,7,0,2,0,1,106.1,5,2,2.825,0
33.35,15,0,4,1,0,0,0,0,40.2,3,4,0.096,0
108.00,1,1,3,1,0,2,0,0,41.4,3,1,1.993,0
88.01,10,0,2,2,0,0,0,0,23.2,1,1,3.111,0
15.00,13,0,2,1,0,0,0,0,22.3,1,1,0.551,0
51.41,8,0,2,1,0,0,1,0,5.8,2,1,1.466,0
12.86,19,0,1,1,0,0,0,0,51.7,2,2,0.414,0
12.17,18,0,1,1,0,1,0,0,37.7,3,3,0.813,0
58.47,12,0,2,1,0,1,0,0,65.0,1,2,0.611,0
12.55,12,0,1,3,0,1,0,0,21.1,1,1,0.206,0
14.63,12,0,1,1,0,0,0,0,4.6,2,2,0.943,0
56.43,8,0,3,1,0,0,1,0,16.9,1,2,8.266,0
53.43,14,0,2,1,0,0,1,0,5.1,3,4,4.187,0
9.32,12,0,3,3,0,0,0,0,19.1,1,2,0.102,0
6.85,9,0,1,1,0,0,0,0,10.9,1,1,0.350,0
28.60,19,0,2,1,0,1,0,0,408.6,1,1,0.092,0
31.75,20,0,0,2,0,0,0,0,8.4,1,1,3.045,0
32.07,12,0,4,4,0,1,0,0,86.8,2,1,1.743,0
35.60,9,0,0,2,0,0,0,0,205.6,1,2,0.446,0
53.16,9,0,4,4,0,1,0,0,39.3,1,3,0.655,0
27.22,19,0,2,2,0,0,0,0,73.9,3,1,0.242,0
44.26,14,0,1,1,0,0,0,0,9.3,1,1,0.652,0
15.18,20,0,1,1,0,0,0,0,6.9,3,2,0.156,0
22.64,11,0,4,1,0,0,0,0,39.4,4,2,3.922,0
42.42,11,0,1,1,0,0,0,0,116.3,1,1,0.571,0
65.89,9,0,1,4,1,1,0,0,66.8,2,4,5.485,0
71.55,13,0,1,1,0,0,0,0,36.3,1,1,6.008,0
48.10,15,0,4,1,0,1,0,0,157.3,1,1,0.356,0
182.12,20,0,0,1,0,0,1,0,91.3,1,1,19.982,0
928.07,8,0,4,4,0,3,0,1,47.1,2,2,25.569,0
7.36,18,0,1,1,0,0,0,0,48.0,2,3,0.781,0
12.22,10,0,1,1,0,0,0,0,75.1,1,2,0.880,0
7.34,14,0,2,1,0,0,0,0,18.3,4,3,0.690,0
33.26,14,0,2,1,0,2,0,0,61.4,1,1,0.633,0
80.02,18,0,2,2,0,0,0,0,13.2,2,1,3.601,0
13.98,21,0,5,1,0,0,0,0,3.1,1,1,0.534,0
28.89,16,0,1,2,0,0,0,0,9.1,1,2,0.535,0
124.43,17,0,1,1,0,1,0,0,18.3,1,2,37.523,0
59.17,17,0,2,2,0,0,0,1,118.6,1,2,0.246,0
54.51,16,0,0,1,0,0,0,0,4.2,1,1,1.528,0
62.03,13,0,1,1,0,0,0,0,14.8,2,1,4.380,0
50.13,20,0,2,2,0,0,0,0,70.1,1,1,4.620,0
31.69,11,0,4,1,0,0,0,1,3.4,1,1,0.425,0
4.97,16,0,3,3,0,0,0,0,16.6,2,3,0.930,0
41.42,15,0,1,1,1,0,0,0,4.6,1,2,0.120,0
22.96,13,0,3,3,0,0,0,0,60.6,1,1,0.377,0
81.17,0,1,8,5,1,0,0,1,1167.1,3,1,3.421,0
41.91,13,0,1,1,0,0,0,0,49.1,1,1,0.561,0
77.76,20,0,9,5,2,5,1,1,109.2,5,5,7.747,1
9.52,13,0,2,2,0,0,0,0,7.1,1,3,0.184,0
37.63,13,0,4,1,0,0,0,0,9.1,1,1,2.601,0
9.47,8,0,3,3,0,1,0,0,302.6,2,1,0.163,0
7.88,18,0,2,1,0,0,0,0,2.5,1,1,0.027,0
34.26,16,0,2,2,1,1,0,0,11.6,1,2,0.487,0
16.17,10,0,4,1,0,0,0,0,40.5,2,1,0.584,0
13.83,8,0,1,1,0,1,0,0,86.0,2,2,0.077,0
38.56,10,0,2,2,0,0,0,0,78.5,1,5,0.620,0
23.54,18,0,1,1,0,0,0,0,57.0,1,1,0.705,0
40.69,14,0,3,3,0,0,0,0,10.4,1,2,0.543,0
52.40,18,0,1,1,1,1,0,0,88.6,2,1,3.967,0
14.85,15,0,0,0,0,0,0,0,17.5,1,1,0.739,0
26.66,20,0,4,1,0,0,0,0,64.8,1,1,0.040,0
52.05,19,0,0,1,0,0,0,0,94.0,2,1,2.653,0
38.47,18,0,2,2,0,0,0,0,16.4,2,2,4.641,0
55.56,15,0,1,2,0,0,0,0,26.1,1,3,0.642,0
14.97,9,0,3,1,0,0,0,0,4.0,1,2,0.483,0
5.00,16,0,3,3,0,0,0,0,4.4,2,1,0.735,0
14.69,8,0,1,1,0,0,0,0,98.2,1,1,0.214,0
20.59,17,0,1,2,0,0,0,0,37.0,3,3,0.438,0
12.01,9,0,2,2,0,2,0,0,22.4,2,2,0.609,0
18.62,14,0,2,3,0,0,0,1,23.9,1,1,0.495,0
12.73,9,0,2,1,0,0,0,0,91.8,1,1,0.631,0
11.60,14,0,2,1,0,0,0,0,7.5,1,2,0.702,0
19.95,12,0,3,3,0,0,0,1,31.0,3,5,0.039,0
31.83,10,0,2,2,0,0,0,0,11.1,2,2,0.109,0
11.27,17,0,2,2,0,0,0,0,14.6,3,1,0.525,0
9.15,16,0,2,3,0,1,0,0,202.2,1,1,0.552,0
13.84,14,0,2,2,0,0,0,0,181.3,3,3,0.111,0
272.17,22,0,4,5,1,2,0,1,68.2,2,1,8.372,0
7.87,13,0,5,5,0,1,0,0,10.8,3,1,0.589,0
8.67,14,0,3,4,0,0,0,0,47.5,1,1,0.513,0
15.26,21,0,1,1,0,0,0,0,31.5,1,1,0.690,0
51.65,14,0,1,3,0,1,0,1,115.5,2,1,2.806,0
53.36,12,0,2,1,0,0,0,0,61.6,1,1,1.721,0
16.63,18,0,0,1,0,1,0,0,137.4,2,1,0.173,0
44.35,20,0,1,1,0,0,0,0,56.2,3,1,0.929,0
49.39,1,1,5,4,0,1,0,0,737.7,3,3,1.373,0
21.34,18,0,0,1,0,1,0,0,9.2,3,2,0.195,0
80.04,13,0,2,1,0,0,0,0,45.1,3,1,1.276,0
18.69,18,0,0,2,0,0,0,0,184.1,1,1,13.377,0
17.30,12,0,3,2,0,0,0,0,19.4,1,3,0.481,0
68.68,18,0,1,1,1,0,0,0,209.1,2,2,0.350,0
26.92,17,0,0,0,0,1,0,0,73.9,3,2,1.101,0
51.36,15,0,4,4,0,0,0,0,41.2,1,1,0.352,0
25.91,13,0,2,2,0,0,0,0,52.1,4,1,0.175,0
256.04,2,1,4,7,0,3,0,0,545.4,3,4,14.008,1
40.58,8,0,6,3,0,1,0,0,10.2,2,1,0.742,0
33.57,12,0,4,2,0,0,0,0,49.6,1,1,2.152,0
25.99,18,0,6,6,0,1,0,0,27.3,3,2,0.250,0
22.02,13,0,3,3,0,0,0,0,2.3,1,1,0.410,0
113.90,0,1,7,3,0,5,0,1,178.9,1,2,4.505,0
45.23,17,0,3,3,0,0,0,0,129.5,1,1,0.982,0
34.34,14,0,4,3,0,0,0,1,52.3,1,4,0.397,0
20.75,17,0,1,1,0,0,0,1,64.2,2,2,0.725,0
10.09,15,0,1,1,0,1,0,0,28.2,1,2,0.206,0
18.53,12,0,5,1,0,0,0,0,51.6,1,1,0.053,0
16.57,10,0,4,1,0,0,0,0,5.7,1,4,0.672,0
25.20,11,0,0,1,0,0,0,0,17.5,1,1,0.137,0
9.31,21,0,2,1,0,0,0,0,58.4,1,1,0.116,0
15.59,19,0,2,2,0,0,0,0,61.1,1,1,0.120,0
5.29,9,0,0,0,0,0,0,1,134.3,1,1,0.257,0
47.57,3,1,3,6,0,3,1,0,511.2,1,3,0.677,0
24.19,15,0,1,1,0,1,0,0,69.8,1,2,1.407,0
6.85,15,0,1,1,0,0,0,0,49.4,1,2,0.561,0
82.43,17,0,2,2,0,0,0,0,151.8,1,2,16.920,0
151.88,6,0,3,4,1,1,0,1,94.2,2,3,3.049,0
22.86,9,0,0,2,0,0,0,0,7.2,1,3,0.857,0
9.57,11,0,1,2,0,0,0,0,231.5,1,2,0.856,0
14.55,18,0,1,2,0,0,0,0,48.5,1,2,0.639,0
56.98,20,0,1,2,0,2,0,0,29.2,1,1,0.509,0
22.68,10,0,2,2,2,2,1,0,467.7,1,5,1.096,0
3.85,18,0,1,1,0,0,0,0,107.1,1,1,0.883,0
19.05,15,0,2,2,0,0,0,0,79.8,3,1,2.445,0
209.83,12,0,4,1,0,1,0,0,10.4,2,1,37.220,0
18.86,15,0,4,2,0,1,0,0,11.1,1,2,1.314,0
451.13,8,0,1,4,0,0,0,0,18.0,1,2,51.154,0
36.73,13,0,3,3,0,0,0,0,21.1,2,1,0.508,0
229.51,10,0,3,3,0,0,0,0,6.8,1,1,22.539,0
197.97,15,0,2,3,1,2,0,0,969.5,2,6,4.493,0
20.53,18,0,1,2,0,2,0,0,112.7,1,1,0.756,0
71.08,11,0,3,3,0,0,0,0,24.0,1,1,0.841,0
15.04,17,0,2,2,0,0,0,0,18.4,1,2,0.764,0
24.42,12,0,2,1,0,0,0,0,15.7,1,1,0.341,0
21.82,18,0,2,2,0,1,0,0,8.5,2,2,0.075,0
19.61,15,0,3,1,0,1,1,0,19.6,1,2,0.134,0
62.09,8,0,2,2,0,0,1,0,8.9,1,2,2.047,0
15.37,17,0,3,2,0,0,0,0,50.8,1,2,0.387,0
27.30,15,0,3,1,0,0,0,0,88.3,1,2,0.597,0
18.22,19,0,0,2,0,1,0,0,17.4,1,1,0.176,0
3.96,16,0,2,1,1,0,0,0,16.0,1,7,0.945,0
58.50,16,0,2,2,0,1,0,0,15.2,1,1,5.709,0
19.39,17,0,0,1,0,0,0,0,0.6,1,1,5.378,0
31.83,17,0,2,2,0,0,0,0,35.1,1,4,0.307,0
10.96,1,1,6,2,0,0,0,0,75.1,4,1,0.614,0
154.98,20,0,4,4,1,0,0,0,20.8,1,2,0.243,0
32.74,15,0,1,2,0,0,0,0,43.8,1,1,0.226,0
116.08,13,0,2,2,0,0,0,0,8.0,1,2,1.248,0
130.13,3,1,5,3,0,3,0,0,78.4,4,2,5.118,0
84.49,15,0,4,2,0,0,0,0,3.1,1,2,0.713,0
43.83,16,0,3,1,0,2,0,0,19.2,1,2,0.114,0
25.27,19,0,1,3,0,0,0,0,3.7,3,1,0.513,0
9.71,20,0,2,2,0,0,0,0,31.7,1,1,0.823,0
97.81,11,0,0,0,0,0,0,0,23.4,1,1,21.747,0
97.23,14,0,1,3,0,0,0,0,8.6,1,1,6.322,0
24.94,9,0,2,1,0,0,0,0,1.5,1,2,0.290,0
11.35,10,0,3,3,0,0,0,0,31.9,1,2,0.903,0
3.73,12,0,5,5,1,0,0,0,2.2,3,1,0.888,0
134.02,11,0,4,3,1,2,0,0,311.2,1,6,1.059,0
148.76,0,1,6,8,3,6,0,1,1431.5,4,4,15.240,1
10.54,8,0,2,1,0,0,0,0,29.7,1,1,0.385,0
123.21,8,0,1,1,1,0,0,0,119.7,2,3,4.918,0
15.14,14,0,1,1,0,2,0,0,88.4,1,1,0.700,0
21.06,19,0,3,2,1,0,0,1,39.1,1,1,0.747,0
31.52,18,0,0,0,0,0,0,0,74.7,2,1,1.128,0
5.77,17,0,0,2,0,0,0,1,46.8,1,1,0.709,0
37.13,16,0,0,0,0,0,0,0,98.5,1,3,5.927,0
10.79,20,0,0,1,1,1,0,0,42.5,1,1,0.534,0
7.84,14,0,1,1,0,1,0,0,4.5,1,1,0.588,0
121.37,3,1,7,3,2,3,1,1,316.6,1,7,2.794,1
65.84,17,0,0,0,0,1,0,0,57.1,2,1,3.995,0
14.31,14,0,3,2,0,0,0,0,17.0,1,1,0.634,0
36.40,21,0,5,1,0,1,0,0,92.3,1,1,1.502,0
36.50,21,0,6,3,0,4,0,0,410.8,5,5,0.201,0
12.89,11,0,0,1,0,1,0,0,12.0,1,3,0.436,0
58.40,8,0,2,3,0,1,0,0,50.2,1,2,0.264,0
72.59,12,0,3,1,1,0,0,0,10.4,1,2,9.124,0
13.05,12,0,4,2,0,1,0,0,100.6,2,3,0.918,0
26.21,19,0,2,2,0,1,0,0,57.3,1,4,0.556,0
91.93,13,0,10,5,0,1,0,0,222.3,2,3,1.853,0
28.38,9,0,3,1,0,0,0,0,78.9,1,1,0.477,0
10.76,21,0,2,3,0,0,0,0,2.4,1,1,0.515,0
49.46,19,0,1,5,0,0,0,0,122.4,1,1,3.679,0
116.73,4,1,5,5,0,4,1,0,206.1,3,2,0.880,0
17.92,11,0,2,3,0,1,0,0,13.1,1,2,0.098,0
65.44,19,0,3,2,0,1,0,1,15.5,2,1,0.388,0
1.81,12,0,4,4,0,0,0,0,13.8,1,3,0.870,0
57.98,9,0,1,1,0,0,0,0,66.7,1,2,0.535,0
36.42,17,0,1,1,0,1,0,0,165.2,4,1,0.105,0
44.56,11,0,0,2,0,1,0,0,67.8,1,1,3.007,0
12.01,10,0,1,1,0,0,0,0,66.6,2,1,0.750,0
123.53,10,0,3,3,0,0,0,0,82.6,1,4,8.554,0
79.31,21,0,1,2,0,0,0,0,59.7,1,2,0.826,0
51.20,13,0,0,1,0,0,0,0,19.2,2,1,4.733,0
16.38,9,0,1,1,0,0,0,0,155.6,1,1,0.765,0
74.75,15,0,5,2,0,0,0,0,70.1,1,1,2.410,0
78.76,16,0,2,2,0,0,0,0,22.8,1,1,3.493,0
43.73,9,0,0,0,0,0,0,0,104.1,4,2,5.865,0
86.88,4,1,6,10,3,4,1,1,225.2,6,8,0.591,1
5.32,13,0,1,1,0,0,0,0,22.2,1,2,0.677,0
155.60,18,0,1,1,1,0,0,1,224.7,1,3,16.885,0
41.82,11,0,3,1,2,0,0,0,2.7,4,2,1.908,0
11.42,12,0,4,1,0,0,0,0,70.4,1,2,0.113,0
9.09,12,0,5,5,0,0,0,0,208.0,1,2,0.359,0
17.51,18,0,2,2,0,0,0,0,175.3,3,2,0.321,0
30.16,21,0,5,1,0,1,0,0,23.7,1,1,2.289,0
31.86,20,0,2,1,0,0,0,0,135.5,1,3,2.078,0
78.31,5,1,9,3,0,0,1,0,21.2,2,2,1.257,0
22.61,19,0,2,2,0,0,0,0,99.4,3,3,0.098,0
9.16,15,0,0,1,0,0,0,0,42.1,4,3,0.859,0
37.77,10,0,4,4,0,0,0,0,83.2,1,1,0.851,0
72.46,18,0,3,3,0,0,0,0,17.8,1,3,1.526,0
26.38,8,0,3,1,0,1,0,0,38.0,5,1,0.076,0
57.35,17,0,4,4,1,0,0,0,69.3,2,1,0.240,0
30.23,13,0,1,3,0,0,0,0,10.8,1,2,0.478,0
29.27,18,0,0,2,0,0,0,0,50.3,1,2,0.068,0
14.08,9,0,2,2,0,1,0,0,5.5,2,2,1.996,0
17.40,12,0,2,1,0,2,0,0,9.0,1,1,0.190,0
42.21,8,0,8,6,2,5,1,1,86.1,3,4,0.620,1
27.99,18,0,1,1,0,0,0,0,62.5,2,1,0.245,0
25.51,8,0,2,2,0,0,0,0,22.0,1,2,0.568,0
17.75,9,0,2,2,0,0,0,0,38.5,1,1,0.214,0
19.35,16,0,3,1,1,0,0,0,91.6,1,1,0.699,0
21.09,17,0,0,0,0,0,0,0,35.9,2,1,0.179,0
107.32,20,0,5,1,1,2,1,0,84.9,5,3,1.640,0
13.11,13,0,1,1,0,0,0,0,61.4,2,1,1.606,0
17.36,9,0,1,1,0,0,0,0,40.8,2,5,0.018,0
63.47,15,0,3,1,0,1,0,0,25.6,1,1,0.945,0
17.20,9,0,1,1,0,0,0,0,10.3,1,2,0.024,0
21.21,16,0,1,1,0,0,0,0,9.7,3,2,0.779,0
8.42,19,0,1,1,0,1,0,0,55.4,1,1,0.426,0
13.83,12,0,3,3,0,0,0,0,33.7,2,2,0.483,0
35.19,5,1,12,10,0,7,0,1,50.0,8,3,1.595,1
29.68,20,0,4,1,0,0,0,0,20.8,1,2,1.346,0
8.58,13,0,1,1,0,0,0,0,4.1,4,1,0.892,0
11.14,18,0,3,1,0,0,0,0,19.3,1,1,0.869,0
17.12,8,0,5,5,0,0,0,0,53.6,4,1,0.477,0
25.09,20,0,3,2,0,0,1,0,53.5,1,1,2.642,0
107.04,20,0,6,6,1,0,0,0,27.4,1,1,7.363,0
18.69,12,0,2,1,0,1,0,0,3.6,1,3,0.225,0
14.39,13,0,1,1,0,0,0,0,40.0,1,5,0.692,0
178.72,18,0,2,1,0,0,1,0,17.9,1,1,9.884,0
13.19,9,0,2,1,0,0,0,0,84.5,1,1,0.826,0
44.39,12,0,2,2,0,0,0,0,5.1,1,1,0.577,0
18.28,20,0,1,1,0,1,0,0,29.3,1,1,0.022,0
28.16,17,0,1,2,0,1,0,0,9.6,1,1,2.081,0
57.66,9,0,3,1,0,0,0,0,156.8,2,1,0.883,0
15.49,15,0,0,1,1,0,0,1,0.6,1,1,0.415,0
25.06,19,0,4,4,1,0,1,1,143.7,3,1,0.660,1
13.90,9,0,2,2,0,0,0,0,22.5,1,2,0.846,0
36.01,18,0,0,2,0,0,0,0,57.7,4,1,0.399,0
18.48,13,0,1,1,0,1,1,0,52.5,1,1,0.607,0
3.19,18,0,3,2,0,0,0,0,52.0,2,1,0.777,0
29.30,13,0,1,1,0,2,0,0,22.0,2,1,2.024,0
27.78,15,0,1,2,0,0,0,0,11.2,1,2,0.513,0
4.54,16,0,2,1,0,0,0,0,29.7,1,3,0.802,0
13.26,19,0,2,2,0,0,0,0,150.7,1,2,0.760,0
13.38,9,0,0,0,0,0,0,0,83.0,4,1,1.389,0
8.02,17,0,3,4,0,0,1,0,82.6,1,1,0.687,0
13.00,17,0,1,3,0,0,0,0,38.3,1,1,0.121,0
21.06,18,0,8,4,2,2,1,0,124.0,3,3,0.662,0
7.86,13,0,3,3,0,0,0,0,5.1,1,1,0.490,0
61.54,23,1,2,5,1,4,0,1,119.8,1,1,0.758,0
9.70,11,0,2,2,0,1,0,0,168.6,1,1,0.100,0
20.54,10,0,0,1,0,0,0,0,60.6,1,1,0.672,0
26.81,14,0,3,3,0,1,0,0,27.2,3,3,0.481,0
17.17,13,0,2,2,0,0,1,0,231.4,3,2,0.550,0
27.95,12,0,3,3,0,0,0,0,36.1,1,1,0.166,0
20.19,19,0,3,3,0,0,0,0,11.2,1,3,0.793,0
62.17,19,0,3,1,0,0,0,0,33.0,1,2,5.350,0
24.71,14,0,3,2,0,0,0,0,3.2,1,1,0.021,0
1185.87,14,0,10,4,1,4,1,1,108.7,6,2,7.531,1
83.13,18,0,1,1,0,0,0,0,10.1,2,1,3.583,0
13.85,18,0,1,1,0,1,0,0,70.6,1,2,0.824,0
290.81,23,1,4,4,0,4,0,1,205.7,2,2,21.031,0
52.75,17,0,0,1,0,0,0,0,6.7,1,1,1.408,0
83.02,15,0,4,1,0,0,0,1,111.1,1,1,0.458,0
68.29,8,0,1,3,0,0,0,1,47.0,1,3,2.830,0
31.68,20,0,1,1,0,0,0,0,5.1,3,1,1.158,0
13.71,21,0,3,3,0,2,0,0,53.0,1,2,0.128,0
11.98,15,0,3,2,0,0,0,0,55.5,2,1,0.911,0
30.67,11,0,1,2,0,2,0,0,25.4,1,3,0.240,0
135.91,10,0,1,1,0,1,0,0,44.0,1,2,1.230,0
21.52,15,0,2,2,0,0,0,0,21.4,1,3,1.511,0
15.06,12,0,3,2,1,0,0,0,170.5,1,3,0.190,0
11.10,21,0,0,1,0,1,0,0,7.0,2,1,0.233,0
44.75,13,0,3,2,0,0,0,0,15.4,1,2,0.518,0
36.06,15,0,2,1,0,0,0,0,17.2,1,4,4.464,0
49.70,18,0,3,1,0,0,0,0,46.6,1,1,0.106,0
34.13,16,0,2,2,0,1,0,0,31.5,1,1,3.760,0
139.12,11,0,2,1,0,1,0,0,76.8,1,1,2.650,0
34.70,19,0,4,4,0,0,0,0,3.2,1,1,0.292,0
49.30,12,0,2,2,0,0,0,0,7.4,1,3,1.305,0
25.99,17,0,0,1,0,0,0,0,176.3,1,2,0.404,0
53.03,14,0,2,2,0,0,0,0,18.5,1,2,2.531,0
13.53,15,0,4,2,0,0,0,0,9.1,1,1,0.354,0
27.98,16,0,2,2,0,0,0,0,44.5,3,2,0.031,0
144.65,19,0,1,1,0,0,0,0,119.9,2,3,4.389,0
23.72,12,0,4,4,0,0,0,0,110.6,5,1,0.572,0
58.57,20,0,0,1,0,1,0,0,78.2,2,3,1.406,0
17.02,13,0,3,1,0,0,0,0,46.5,2,1,0.245,0
120.75,15,0,3,3,0,0,0,0,66.9,3,1,55.958,0
11.74,19,0,1,1,0,0,0,0,103.4,1,1,0.781,0
21.69,15,0,3,1,0,0,1,0,112.2,1,4,0.259,0
210.87,10,0,2,3,1,1,0,0,10.0,2,4,3.032,0
25.40,15,0,4,4,0,1,0,0,195.9,1,1,0.195,0
46.22,11,0,2,2,1,0,0,0,5.3,1,1,0.377,0
12.02,9,0,1,1,0,0,0,1,23.5,1,2,0.118,0
74.24,1,1,5,10,1,8,1,0,50.0,5,3,0.751,1
4.98,10,0,6,3,0,0,0,0,237.1,1,3,0.062,0
74.73,8,0,3,2,0,1,0,0,20.0,2,3,15.831,0
10.05,10,0,9,3,0,2,1,0,191.6,3,5,1.590,0
74.25,11,0,5,5,0,1,0,0,86.2,2,1,2.879,0
23.69,11,0,1,1,0,1,0,0,10.2,1,1,0.725,0
13.03,16,0,3,2,0,0,0,1,64.6,3,1,0.003,0
137.96,13,0,1,1,0,0,0,0,64.2,1,4,3.977,0
5.23,13,0,1,1,0,0,0,0,13.4,1,2,0.687,0
37.96,19,0,2,2,0,1,0,0,44.9,2,3,5.902,0
25.29,20,0,2,3,0,2,0,0,58.2,1,2,0.461,0
39.35,8,0,3,3,0,1,0,0,89.9,1,1,0.781,0
10.93,14,0,3,1,0,0,0,0,8.0,3,1,0.143,0
38.81,19,0,4,2,0,0,0,0,4.2,1,1,1.179,0
9.38,18,0,1,1,0,0,0,1,22.3,1,3,0.907,0
16.77,10,0,2,1,0,0,0,0,7.4,1,3,0.836,0
36.80,11,0,2,2,0,0,0,0,20.2,2,3,0.449,0
41.00,10,0,3,3,0,0,0,0,22.9,2,5,0.611,0
50.07,12,0,3,3,0,0,0,0,40.8,2,1,4.863,0
594.93,1,1,5,3,0,1,0,0,593.6,2,5,5.078,0
33.34,21,0,2,1,0,0,0,0,5.9,1,1,4.145,0
388.80,8,0,5,5,1,3,0,0,37.1,3,1,34.217,0
30.92,18,0,3,1,0,0,1,0,6.7,1,1,0.525,0
93.68,11,0,3,3,0,0,0,0,48.1,1,3,0.518,0
40.61,6,0,9,3,1,2,1,1,67.2,1,4,0.656,0
1.94,12,0,4,4,0,1,0,0,21.1,1,2,0.926,0
39.72,10,0,1,1,0,0,0,0,14.3,1,2,0.337,0
30.85,19,0,1,1,0,0,0,0,121.2,1,3,0.112,0
35.26,10,0,2,2,0,1,0,0,80.7,1,3,1.207,0
70.46,10,0,1,1,0,0,0,1,14.3,1,1,2.250,0
16.69,19,0,3,3,0,1,0,0,24.2,2,1,0.177,0
8.98,14,0,0,0,0,1,0,0,13.2,1,2,0.822,0
25.54,18,0,2,1,0,1,0,0,105.8,2,2,0.320,0
115.78,22,0,13,7,3,3,0,1,108.4,7,7,2.930,1
28.69,8,0,3,1,0,0,0,1,198.4,1,4,0.105,0
18.34,21,0,6,1,1,0,0,0,11.2,2,1,0.330,0
10.71,17,0,3,3,0,0,0,0,27.2,1,1,0.344,0
19.76,19,0,3,1,0,0,1,0,49.6,1,1,0.648,0
16.93,9,0,1,3,0,0,0,0,19.2,1,1,0.120,0
167.27,15,0,1,1,0,0,0,0,30.7,1,2,7.252,0
13.15,14,0,3,2,0,0,0,0,26.8,1,2,0.350,0
37.11,19,0,2,1,0,0,0,0,20.8,1,1,0.405,0
33.16,11,0,3,3,1,0,0,0,8.8,1,1,0.057,0
43.20,20,0,0,1,0,1,1,0,50.6,2,3,4.281,0
18.26,10,0,3,1,0,0,0,0,7.8,1,1,0.651,0
19.37,18,0,4,1,0,1,0,0,61.4,2,2,0.180,0
9.92,13,0,3,1,0,0,0,0,40.0,1,3,0.498,0
18.60,17,0,1,2,0,1,0,0,102.7,1,2,2.105,0
25.80,15,0,0,2,0,0,1,0,66.8,1,2,0.588,0
43.80,9,0,3,1,0,0,0,0,53.6,1,1,0.549,0
2.25,15,0,0,1,0,0,0,0,17.0,3,5,0.954,0
28.15,11,0,1,1,0,1,0,0,98.2,1,1,0.184,0
21.76,10,0,0,1,0,1,0,0,146.6,1,2,0.384,0
30.36,11,0,2,2,0,1,0,0,88.9,1,2,0.171,0
66.83,14,0,5,5,0,1,0,0,4.9,2,1,1.594,0
28.04,17,0,3,1,0,0,0,0,53.2,1,1,2.884,0
43.83,8,0,0,1,0,0,0,0,105.4,1,2,0.667,0
18.60,20,0,1,1,0,0,0,0,18.9,1,4,0.556,0
112.46,14,0,0,3,0,0,0,0,11.3,1,1,0.613,0
74.48,15,0,3,3,0,2,0,0,29.8,1,3,0.026,0
49.68,14,0,3,2,0,0,0,0,11.5,1,1,0.070,0
9.91,10,0,4,4,0,0,0,0,183.4,1,3,0.806,0
38.55,17,0,2,2,0,0,0,0,10.9,1,1,0.973,0
15.73,16,0,2,3,0,0,0,0,12.6,2,1,0.387,0
11.38,11,0,3,1,0,0,0,0,16.7,1,3,0.518,0
194.26,8,0,8,6,0,2,0,0,67.8,1,3,6.322,0
47.72,11,0,3,2,0,1,0,0,22.4,1,2,0.088,0
9.24,19,0,2,1,0,0,0,0,94.4,1,2,0.926,0
77.08,9,0,2,1,0,1,0,0,12.5,2,2,9.346,0
26.28,16,0,0,1,0,0,0,0,26.6,1,2,0.679,0
84.67,13,0,1,1,0,0,0,0,14.0,1,3,0.637,0
10.25,21,0,5,3,0,2,1,1,140.5,5,4,0.908,0
19.00,20,0,1,1,0,0,0,0,33.4,1,1,0.293,0
84.46,22,0,5,3,0,5,1,0,351.6,4,3,5.671,0
36.38,12,0,4,2,0,0,0,0,90.4,1,2,0.075,0
18.51,19,0,4,3,0,0,1,0,36.3,3,2,0.178,0
44.66,18,0,1,3,0,0,0,0,48.2,1,3,0.341,0
9.78,10,0,6,6,1,0,1,0,95.7,1,1,0.554,0
22.70,20,0,1,1,0,0,0,0,46.2,1,1,0.383,0
8.31,20,0,1,1,1,0,0,0,59.8,1,2,0.790,0
31.37,3,1,8,8,0,3,1,1,228.9,9,5,0.658,1
8.86,14,0,0,1,0,0,0,0,28.7,2,2,0.657,0
294.34,19,0,3,5,1,3,0,1,148.2,6,5,1.713,0
13.43,20,0,2,2,0,0,0,0,21.6,1,2,0.536,0
7.06,11,0,2,2,0,0,0,0,27.0,2,2,0.366,0
21.73,9,0,0,2,0,0,0,0,26.3,1,3,0.016,0
70.51,18,0,0,1,0,0,0,0,14.2,1,1,0.701,0
24.41,10,0,3,2,0,0,0,0,44.8,2,1,0.614,0
56.08,11,0,4,1,0,0,0,0,87.4,2,1,8.603,0
11.31,21,0,0,0,0,0,0,0,42.6,1,1,0.561,0
31.58,16,0,1,1,0,0,0,0,7.8,1,3,0.099,0
14.44,8,0,2,3,0,0,0,0,0.3,1,1,0.232,0
44.26,19,0,2,2,0,1,0,1,42.8,2,2,0.478,0
9.71,9,0,1,1,0,0,0,0,19.9,1,1,0.856,0
33.28,9,0,0,0,0,1,1,0,8.8,2,1,0.665,0
19.23,20,0,4,2,0,0,0,1,150.9,2,2,0.604,0
12.66,20,0,1,1,0,0,0,0,78.8,1,1,4.105,0
8.38,17,0,2,1,0,1,0,0,25.7,1,3,0.416,0
29.65,13,0,3,2,0,0,0,0,119.7,1,1,0.227,0
27.68,16,0,0,0,0,1,0,0,18.3,4,1,0.227,0
47.25,16,0,7,5,1,2,0,0,248.2,5,7,0.692,1
14.90,20,0,2,3,0,0,0,0,14.0,4,2,0.708,0
45.48,9,0,2,2,0,0,0,0,69.7,2,1,0.197,0
54.16,15,0,9,3,0,4,0,0,433.0,1,2,0.172,0
47.30,19,0,1,2,0,0,0,0,60.0,2,2,1.283,0
237.14,8,0,1,1,0,0,0,0,23.1,1,1,13.277,0
36.50,12,0,2,1,0,1,0,0,111.1,3,3,0.366,0
14.06,9,0,2,2,0,2,0,0,9.5,1,1,0.285,0
15.77,19,0,1,2,0,0,0,0,94.4,1,1,0.771,0
48.62,17,0,4,4,0,1,0,0,278.0,1,4,0.530,0
54.29,11,0,1,3,0,1,0,0,76.2,3,2,0.195,0
49.36,19,0,1,1,0,0,0,0,9.8,1,1,1.438,0
23.27,8,0,0,2,0,0,0,0,25.0,1,1,2.694,0
25.30,9,0,1,2,0,0,0,0,0.9,2,3,3.114,0
6.14,17,0,2,1,0,0,0,0,216.8,1,2,0.889,0
69.46,12,0,2,1,0,0,0,0,43.7,1,1,0.200,0
114.77,17,0,1,1,0,0,0,0,13.4,1,1,1.264,0
16.34,12,0,2,1,0,1,0,0,237.1,1,2,0.681,0
10.34,21,0,1,2,0,0,0,0,53.0,2,1,0.788,0
20.67,13,0,4,2,0,0,0,0,51.3,1,1,0.411,0
29.00,10,0,0,2,0,0,0,0,11.8,1,4,0.873,0
21.83,16,0,3,2,0,1,0,0,202.1,1,1,0.425,0
33.44,16,0,2,2,0,0,0,0,19.4,2,1,3.868,0
27.44,13,0,6,1,0,0,0,0,20.3,2,1,6.862,0
30.05,8,0,3,2,0,0,0,0,38.4,1,1,4.042,0
21.58,18,0,3,1,1,0,0,0,145.6,1,2,1.503,0
29.34,19,0,3,1,0,1,0,0,6.5,1,1,0.982,0
280.74,0,1,12,4,2,2,0,1,96.4,6,8,9.242,1
12.54,13,0,3,3,0,0,0,0,100.0,1,2,0.514,0
6.90,20,0,0,0,0,1,0,0,43.7,1,1,0.181,0
49.80,13,0,1,1,0,0,0,0,76.4,1,2,0.035,0
30.87,17,0,3,1,0,1,0,0,19.1,1,2,0.121,0
23.29,14,0,6,4,0,5,0,1,41.7,2,2,0.458,0
27.50,10,0,7,1,0,1,0,0,108.0,1,1,1.572,0
69.23,13,0,0,2,0,0,0,0,40.2,2,2,7.515,0
7.59,9,0,1,1,0,0,0,0,18.8,2,6,0.607,0
10.67,13,0,1,1,0,1,0,0,58.6,3,4,0.699,0
42.90,15,0,2,2,0,0,0,0,20.5,1,1,3.097,0
23.51,12,0,2,1,0,0,0,0,15.4,2,1,0.588,0
32.24,18,0,0,0,1,1,0,0,18.2,2,1,0.269,0
32.74,17,0,3,1,0,0,1,0,21.4,1,1,0.419,0
9.27,15,0,1,4,0,0,0,0,55.7,4,1,0.718,0
72.99,14,0,2,1,0,0,0,0,24.3,1,3,6.882,0
68.32,20,0,6,1,0,1,0,0,55.9,1,1,1.735,0
19.00,19,0,4,4,0,0,0,0,102.1,1,1,0.382,0
19.76,19,0,3,1,0,1,0,0,16.0,3,2,0.228,0
36.78,8,0,1,1,0,1,0,0,30.1,4,3,1.616,0
22.37,14,0,2,2,0,0,0,0,63.3,2,1,0.269,0
50.13,20,0,2,2,0,0,0,0,119.8,1,1,5.394,0
15.83,14,0,1,1,0,2,0,0,3.9,4,1,0.338,0
130.48,10,0,3,3,0,0,0,0,25.4,2,1,2.635,0
7.70,20,0,1,1,0,0,0,0,95.4,2,1,0.352,0
63.37,18,0,3,3,0,0,0,0,35.0,2,4,0.013,0
67.91,11,0,2,2,0,0,0,0,64.1,2,1,6.806,0
37.26,18,0,4,1,0,1,0,0,59.8,1,1,1.310,0
7.75,20,0,3,3,0,0,0,0,8.3,1,1,0.135,0
41.64,17,0,2,2,0,0,0,0,29.4,1,1,3.721,0
13.29,18,0,2,2,0,1,0,0,72.7,1,1,0.117,0
25.05,18,0,3,1,0,1,0,0,4.4,2,2,0.555,0
25.86,20,0,0,2,0,0,0,1,9.0,1,1,0.895,0
91.04,12,0,1,1,0,1,0,0,101.8,2,2,0.967,0
33.94,15,0,2,2,0,0,0,0,19.5,2,1,0.274,0
12.22,18,0,1,1,0,1,0,0,75.7,2,2,4.932,0
8.55,19,0,2,1,0,0,0,0,7.8,1,3,0.532,0
32.22,12,0,1,1,0,0,0,0,53.4,1,1,0.017,0
14.81,21,0,2,2,0,0,0,0,25.5,2,1,0.324,0
20.80,21,0,2,3,0,1,0,0,65.5,3,1,0.310,0
43.72,11,0,3,3,0,0,0,0,16.1,2,1,0.943,0
16.37,16,0,1,1,0,0,0,0,81.4,2,3,0.905,0
8.67,17,0,1,1,0,0,0,1,67.1,1,1,0.418,0
104.99,17,0,4,6,0,4,0,1,59.4,2,5,0.746,0
52.62,3,1,5,6,0,2,0,0,168.0,1,3,0.820,0
172.09,13,0,2,2,0,0,0,0,179.3,2,1,2.291,0
18.08,11,0,0,0,0,1,0,0,11.1,1,2,0.056,0
31.47,10,0,2,2,0,0,0,0,6.6,3,3,0.095,0
28.43,16,0,2,3,0,0,0,1,35.4,1,1,1.008,0
30.31,11,0,0,2,0,0,0,0,30.6,1,1,0.485,0
12.80,12,0,2,1,0,0,0,0,30.6,1,1,0.914,0
126.11,6,0,4,6,0,4,0,0,472.5,1,5,0.027,0
27.83,20,0,3,3,0,0,0,0,65.2,4,1,0.714,0
7.53,19,0,1,1,0,0,0,0,3.1,2,1,0.753,0
1.41,15,0,1,3,1,0,0,0,84.2,1,1,0.972,0
29.95,8,0,1,1,0,0,0,0,23.2,1,1,0.874,0
128.33,9,0,3,1,0,0,0,0,73.7,3,1,5.278,0
20.65,19,0,1,2,0,0,0,0,20.1,1,1,4.492,0
78.59,18,0,2,1,0,0,0,0,1.4,1,1,6.421,0
26.52,15,0,3,3,0,0,0,0,47.0,1,1,0.615,0
125.80,9,0,1,2,0,0,0,0,121.8,1,1,8.574,0
2.78,8,0,2,2,0,0,0,0,45.5,1,1,0.963,0
21.02,20,0,2,2,0,0,0,0,14.6,1,3,0.504,0
33.39,21,0,2,2,0,0,0,0,12.1,2,2,0.317,0
41.11,21,0,3,2,0,1,0,0,1.8,1,3,2.469,0
9.90,17,0,4,2,0,1,0,0,4.0,3,3,0.420,0
8.34,14,0,3,1,0,0,0,0,30.5,1,4,0.866,0
17.01,10,0,2,1,0,0,0,0,71.7,1,1,0.656,0
151.82,9,0,0,1,0,1,0,0,46.5,1,1,20.971,0
8.69,11,0,2,1,0,0,0,0,105.7,1,1,0.671,0
74.81,16,0,3,3,0,0,0,0,16.2,2,4,4.928,0
99.90,17,0,0,2,0,0,0,0,76.5,2,1,1.636,0
9.43,18,0,2,1,0,0,0,0,61.3,1,2,0.546,0
284.93,4,1,6,4,1,5,1,0,1722.6,2,5,6.623,1
15.84,18,0,4,4,0,0,0,0,11.1,1,1,0.045,0
43.49,14,0,4,2,0,0,0,0,12.0,1,5,0.102,0
9.60,12,0,0,1,1,0,0,0,45.3,1,3,0.526,0
48.71,22,0,1,3,0,2,0,0,101.4,5,3,1.074,0
63.65,19,0,1,1,0,2,0,0,27.9,3,2,5.728,0
13.01,17,0,1,2,0,0,0,0,40.8,3,1,0.796,0
60.32,11,0,1,1,0,0,0,1,41.6,1,3,0.027,0
441.04,10,0,3,1,0,1,1,1,172.0,2,3,27.308,0
228.23,11,0,2,1,0,0,0,0,102.4,2,4,2.165,0
9.91,20,0,2,2,0,0,0,0,156.0,1,1,0.326,0
15.20,9,0,3,2,0,2,0,0,24.6,1,1,0.302,0
5.02,9,0,2,1,0,0,0,0,18.9,1,4,0.716,0
88.91,11,0,1,1,0,0,0,0,23.1,2,1,9.423,0
14.20,10,0,4,4,0,1,0,1,30.6,1,3,0.631,0
36.82,12,0,3,2,0,0,0,0,96.6,1,4,0.072,0
3.00,20,0,0,0,0,0,0,0,16.0,1,2,0.892,0
23.58,8,0,0,2,0,0,0,0,11.5,2,1,0.438,0
13.20,8,0,0,3,0,0,0,0,42.4,1,1,0.711,0
32.80,17,0,3,1,0,0,0,0,41.4,3,1,2.585,0
77.98,9,0,1,1,0,1,0,0,96.6,2,1,3.675,0
12.88,18,0,2,2,0,1,0,0,9.5,1,2,0.437,0
145.61,11,0,1,1,0,0,0,0,0.6,2,1,6.212,0
87.64,9,0,5,1,0,0,0,0,41.2,1,1,12.978,0
9.48,19,0,1,4,0,0,0,0,76.3,1,2,0.687,0
7.35,17,0,1,1,0,0,0,0,77.4,1,1,0.893,0
42.91,15,0,4,2,0,1,0,0,48.8,1,2,3.018,0
8.24,14,0,1,3,0,2,0,0,91.5,2,1,0.737,0
8.90,17,0,1,1,0,0,0,0,8.4,1,1,0.741,0
14.56,10,0,4,1,0,1,1,0,16.4,1,2,0.314,0
48.80,16,0,0,0,0,0,0,0,31.1,1,1,2.225,0
93.37,5,1,12,5,0,1,0,1,10.0,2,1,0.578,0
50.82,13,0,2,1,0,2,0,0,71.4,1,3,1.076,0
28.91,12,0,2,1,0,0,0,0,25.1,1,2,0.582,0
12.83,17,0,0,2,0,0,0,0,14.5,1,1,0.573,0
26.05,16,0,1,1,0,0,0,0,81.7,1,1,0.774,0
183.74,12,0,2,1,0,0,0,0,29.6,1,1,68.598,0
5.29,16,0,5,5,0,1,0,0,113.6,2,1,0.971,0
99.80,20,0,2,2,0,0,0,0,9.5,5,2,0.567,0
32.55,9,0,1,1,0,0,0,0,35.2,2,4,1.256,0
31.63,9,0,1,1,0,0,0,0,25.5,1,1,0.373,0
54.36,12,0,1,2,0,0,0,0,74.6,2,1,1.418,0
18.01,19,0,2,2,0,0,0,0,143.3,1,4,0.640,0
39.91,17,0,1,1,0,0,0,0,22.2,1,1,0.276,0
13.22,19,0,3,1,0,0,0,0,32.3,2,1,0.623,0
2.20,9,0,2,2,0,1,0,0,13.7,2,1,0.964,0
7.54,19,0,3,3,0,0,0,0,148.2,2,3,0.532,0
13.22,14,0,1,1,0,1,0,0,81.9,1,2,0.013,0
3.96,11,0,0,0,0,0,0,0,14.0,1,1,0.816,0
15.49,20,0,2,2,0,1,0,0,14.9,1,2,0.956,0
18.32,10,0,4,4,0,0,0,0,14.2,1,1,3.603,0
11.96,11,0,2,2,0,1,0,0,1.3,1,3,0.520,0
16.14,19,0,1,3,0,1,0,0,1.5,1,3,0.625,0
238.47,14,0,1,1,1,1,0,0,83.8,1,2,7.315,0
27.44,11,0,1,1,0,0,0,0,31.2,1,1,2.859,0
67.10,11,0,0,1,0,0,0,1,39.6,1,1,25.314,0
5.21,18,0,2,2,0,0,0,0,0.3,1,1,0.809,0
70.76,19,0,5,8,1,1,1,0,109.9,4,3,0.377,0
15.78,10,0,3,3,0,0,0,0,38.0,1,2,0.587,0
19.93,14,0,2,2,0,0,0,0,4.1,2,2,0.758,0
83.56,11,0,3,2,0,0,0,0,48.7,1,2,7.423,0
20.10,19,0,2,2,0,0,0,0,103.8,2,1,0.298,0
24.26,19,0,0,1,0,1,0,0,68.0,2,1,0.019,0
63.99,16,0,1,1,0,1,1,0,8.7,1,2,0.092,0
126.36,21,0,1,1,0,0,0,0,18.7,1,1,26.771,0
18.22,13,0,2,2,1,0,0,0,49.9,3,3,0.778,0
11.59,18,0,8,2,0,2,0,0,14.7,1,2,0.515,0
75.01,1,1,7,7,0,2,0,0,13.0,7,2,7.092,0
51.70,12,0,0,2,0,1,0,0,12.9,1,1,19.039,0
20.80,8,0,2,1,0,0,0,0,8.2,1,1,0.056,0
53.59,18,0,3,1,0,1,0,0,107.4,1,1,2.322,0
20.91,12,0,1,2,0,0,0,0,172.2,1,2,1.492,0
20.74,19,0,0,0,0,1,0,0,37.9,1,1,0.034,0
65.57,18,0,3,2,0,0,0,0,92.7,1,1,2.292,0
111.19,6,0,6,2,0,3,0,1,21.5,2,6,0.106,0
19.83,10,0,2,1,0,1,0,0,7.4,2,1,0.618,0
6.88,10,0,3,1,0,1,0,0,106.0,1,1,0.717,0
32.83,18,0,1,1,0,0,0,0,11.1,2,1,0.476,0
108.75,21,0,2,1,0,0,0,0,5.9,2,1,0.378,0
67.91,17,0,3,1,0,0,0,0,33.1,6,2,3.205,0
24.50,17,0,1,1,0,2,0,0,4.3,1,1,0.965,0
47.48,19,0,1,3,0,0,0,0,9.8,2,2,2.873,0
195.63,11,0,2,1,1,0,0,0,9.0,1,1,2.723,0
6.34,18,0,5,5,0,0,0,0,25.8,1,1,0.951,0
70.31,16,0,1,1,0,1,0,0,169.1,1,4,0.702,0
30.76,8,0,2,2,0,1,0,0,75.2,1,1,3.185,0
38.69,13,0,2,2,0,0,0,0,44.2,1,1,3.463,0
17.61,15,0,0,0,0,0,0,0,121.8,1,1,0.057,0
17.91,9,0,3,1,0,0,0,0,1.0,2,2,0.148,0
19.15,21,0,4,2,0,0,0,0,13.1,1,2,0.518,0
33.11,18,0,7,3,1,3,0,0,328.6,2,1,0.315,0
32.25,15,0,2,1,0,1,0,0,45.9,1,1,0.497,0
10.31,15,0,3,1,0,1,0,0,47.6,1,2,0.207,0
33.50,17,0,1,1,0,0,0,0,19.9,1,3,0.674,0
79.42,11,0,1,1,0,0,0,0,21.0,3,1,1.114,0
179.24,15,0,5,2,0,0,0,0,50.8,4,1,2.263,0
5.18,12,0,0,1,0,0,0,0,21.7,2,1,0.948,0
16.79,12,0,2,1,0,1,0,0,90.1,3,2,0.490,0
27.60,15,0,1,2,0,0,0,0,17.0,1,1,0.523,0
21.91,16,0,4,2,0,0,0,0,74.9,1,1,0.042,0
59.51,15,0,1,1,0,0,0,0,146.6,1,1,7.020,0
3.41,16,0,1,1,0,0,0,0,17.0,1,2,0.791,0
66.73,13,0,6,6,0,0,0,0,49.7,1,2,3.839,0
23.56,16,0,4,1,1,1,0,0,13.4,1,2,0.282,0
46.74,10,0,2,2,0,1,0,0,37.1,1,4,1.626,0
30.90,13,0,3,2,0,0,0,0,101.0,1,2,0.435,0
41.72,21,0,1,1,0,0,1,0,16.9,3,4,0.784,0
38.11,16,0,1,1,0,1,0,0,40.1,2,4,0.321,0
31.16,15,0,3,1,0,1,1,0,27.7,1,3,0.640,0
10.38,15,0,1,1,0,0,0,0,44.0,1,1,0.645,0
131.81,10,0,1,1,0,0,0,0,60.9,1,1,0.720,0
7.45,13,0,1,2,0,1,0,0,12.3,2,1,0.812,0
9.83,15,0,2,1,0,0,0,1,72.8,1,1,0.757,0
27.01,9,0,0,1,0,0,0,0,32.8,1,1,0.590,0
23.84,14,0,0,2,0,0,0,0,17.6,1,1,0.492,0
82.18,18,0,3,3,0,0,0,0,2.5,1,1,0.964,0
7.32,19,0,2,3,0,0,0,0,29.7,1,1,0.417,0
19.81,12,0,2,2,0,1,0,0,87.6,1,1,0.777,0
11.99,20,0,4,4,0,0,0,0,17.8,1,3,0.375,0
11.58,9,0,5,2,0,0,0,0,102.1,2,2,0.799,0
23.34,16,0,5,5,0,3,0,0,34.0,3,4,3.914,0
6.89,9,0,5,2,0,0,1,0,90.6,3,2,0.001,0
11.31,12,0,2,2,0,1,0,0,44.0,1,2,0.832,0
69.97,18,0,3,1,0,0,0,0,13.6,1,1,9.899,0
10.97,0,1,5,6,0,3,0,0,112.6,2,3,0.670,0
53.53,15,0,0,1,0,1,0,0,57.3,1,1,0.692,0
63.61,14,0,3,3,1,1,0,0,27.7,2,1,0.915,0
8.06,8,0,2,2,0,0,0,0,97.9,2,1,0.667,0
8.95,9,0,1,3,0,0,1,0,88.9,1,2,0.879,0
400.84,18,0,7,2,1,1,0,0,211.4,1,4,30.049,0
11.38,14,0,2,1,0,1,0,0,44.1,1,2,2.567,0
10.55,21,0,6,6,0,0,0,1,24.4,1,3,0.795,0
27.75,21,0,3,1,0,2,0,0,35.0,1,1,5.236,0
41.02,18,0,2,2,0,0,0,1,11.7,3,1,0.641,0
11.09,17,0,1,1,0,0,0,0,30.3,1,2,0.619,0
11.12,9,0,0,0,0,0,0,0,31.5,1,1,0.820,0
110.08,15,0,3,2,0,1,0,0,9.0,1,2,3.131,0
24.64,10,0,3,3,0,0,0,0,60.0,1,2,0.001,0
16.70,14,0,1,1,0,1,0,0,20.0,1,2,3.855,0
58.90,22,0,4,7,1,5,0,1,395.6,2,4,0.649,0
21.33,13,0,1,1,0,1,0,0,0.5,2,1,0.522,0
30.18,17,0,2,1,0,0,1,0,59.6,2,1,7.223,0
18.48,10,0,2,2,0,0,0,0,6.0,1,1,0.001,0
72.43,16,0,4,2,0,1,0,0,18.8,1,2,7.811,0
9.75,18,0,1,3,0,0,0,0,7.0,1,1,0.875,0
47.41,13,0,5,5,0,1,0,1,426.3,2,7,0.791,0
4.38,11,0,0,2,0,0,0,0,7.6,1,2,0.841,0
35.79,18,0,4,1,0,2,0,0,0.7,3,1,0.464,0
39.40,13,0,1,2,0,0,0,0,105.8,1,1,0.491,0
83.81,8,0,2,1,0,0,0,0,64.5,3,2,0.600,0
37.62,15,0,2,2,0,1,0,0,25.4,2,1,1.429,0
7.02,13,0,3,2,0,0,0,0,123.1,2,2,0.014,0
9.92,14,0,1,1,0,1,0,0,24.5,3,1,0.618,0
16.98,21,0,5,1,0,1,0,0,19.4,1,2,3.639,0
17.20,19,0,1,2,0,0,1,0,10.2,2,1,0.786,0
88.62,13,0,4,1,0,0,0,0,17.6,3,2,2.499,0
21.50,10,0,0,1,0,0,0,0,18.1,2,1,0.059,0
18.94,9,0,1,1,0,0,0,0,48.8,2,4,0.398,0
44.67,14,0,6,8,0,4,0,1,289.0,2,4,0.505,1
12.23,15,0,4,2,0,1,0,0,56.8,3,2,0.482,0
19.12,17,0,1,1,0,0,0,0,125.0,2,2,0.301,0
68.66,10,0,3,1,0,0,0,0,74.2,1,2,6.028,0
11.91,10,0,2,3,0,0,0,0,76.2,1,1,0.686,0
59.19,16,0,3,3,0,0,0,0,28.1,1,1,0.535,0
14.37,12,0,4,1,1,1,0,0,21.2,2,2,0.939,0
22.72,12,0,3,1,0,0,1,0,76.6,3,1,0.223,0
5.63,16,0,3,2,0,0,0,0,11.8,1,1,0.918,0
1297.19,4,1,7,1,2,0,1,1,198.4,3,1,55.770,0
24.04,11,0,2,3,0,0,0,0,18.2,1,2,1.383,0
17.86,18,0,4,1,0,1,0,0,8.5,1,1,0.828,0
40.94,15,0,1,4,0,0,0,0,81.8,1,1,0.085,0
42.57,12,0,0,0,0,0,0,0,161.4,1,1,1.132,0
19.96,11,0,0,0,0,0,0,0,3.4,2,1,0.077,0
33.16,14,0,1,1,0,0,0,0,58.2,4,2,0.769,0
10.79,9,0,0,1,0,1,0,0,0.1,1,1,0.709,0
210.80,15,0,0,2,0,0,0,0,10.8,2,3,3.008,0
3.97,15,0,0,5,0,0,1,0,21.1,2,1,0.696,0
28.30,13,0,2,2,0,0,0,0,47.6,2,1,0.041,0
11.97,17,0,0,2,0,1,0,0,42.6,2,3,0.447,0
18.88,14,0,3,2,0,0,0,1,12.7,3,2,0.694,0
48.15,11,0,1,1,0,0,0,0,67.8,2,2,1.397,0
32.72,18,0,1,3,0,0,0,0,61.4,1,2,2.881,0
24.42,14,0,1,1,0,0,0,0,46.6,1,1,0.317,0
14.41,9,0,2,2,1,1,0,0,64.4,1,1,0.466,0
4.61,9,0,1,1,0,0,0,0,127.7,1,1,0.869,0
27.46,15,0,3,1,0,0,0,0,59.5,1,1,1.055,0
21.80,10,0,1,1,0,0,0,0,12.2,2,2,0.989,0
18.88,15,0,3,3,0,0,0,0,6.5,2,1,0.413,0
133.40,11,0,2,2,0,0,0,0,91.1,1,1,0.909,0
97.55,13,0,5,1,0,0,1,0,44.0,1,2,5.988,0
27.08,13,0,2,1,0,0,0,0,114.8,2,1,0.693,0
21.43,16,0,1,1,0,0,0,0,35.7,1,3,0.593,0
25.57,8,0,1,1,0,1,0,0,102.1,1,3,5.837,0
58.02,13,0,0,1,1,0,0,0,8.8,3,1,0.789,0
9.43,11,0,1,2,0,0,0,0,29.1,2,1,0.123,0
333.61,9,0,3,7,1,4,0,1,78.5,3,3,46.795,0
20.81,16,0,1,1,0,0,1,0,46.8,1,4,0.409,0
13.22,9,0,1,1,0,0,0,0,148.4,1,1,0.120,0
122.02,12,0,4,4,1,0,0,0,97.7,1,2,2.169,0
15.19,12,0,2,3,0,0,0,0,74.5,1,2,0.809,0
43.03,14,0,3,1,0,0,0,0,60.7,1,1,0.652,0
12.55,12,0,1,1,0,0,0,0,15.7,3,1,0.370,0
72.52,14,0,1,1,0,1,0,0,39.9,1,1,5.446,0
4.01,18,0,3,2,1,0,0,0,2.2,1,1,0.915,0
84.16,18,0,3,1,0,0,0,0,20.8,1,4,2.699,0
60.30,14,0,1,2,0,1,0,0,41.9,1,1,2.558,0
17.61,18,0,2,2,0,1,0,0,33.1,1,1,0.650,0
23.16,13,0,3,3,0,0,0,0,1.4,1,2,0.841,0
3.60,13,0,3,1,0,0,0,0,60.4,1,2,0.878,0
30.33,12,0,2,2,0,0,0,0,14.6,3,5,0.420,0
251.32,13,0,7,6,0,5,0,0,440.5,1,3,118.676,0
76.09,18,0,5,2,0,1,0,0,25.3,1,4,2.446,0
14.10,13,0,3,3,0,0,0,0,4.3,1,1,0.070,0
27.78,19,0,3,3,0,0,0,0,81.0,3,1,0.507,0
9.90,20,0,2,2,0,0,0,0,3.9,1,1,0.343,0
9.75,13,0,3,3,0,1,0,0,144.4,3,3,0.620,0
129.35,18,0,2,2,0,0,0,0,34.3,1,1,2.956,0
8.78,11,0,4,1,0,0,0,0,183.7,1,2,0.950,0
15.52,19,0,1,2,0,0,1,0,34.3,1,1,0.393,0
51.49,14,0,2,1,0,1,0,0,65.3,2,5,6.861,0
3.83,20,0,0,1,0,0,0,0,2.5,1,2,0.918,0
5.89,11,0,1,1,0,0,0,0,15.6,1,3,0.900,0
37.35,17,0,0,0,0,1,0,0,120.6,1,1,2.067,0
31.84,12,0,1,1,0,0,1,0,18.7,1,4,1.049,0
12.71,5,1,5,4,0,0,0,1,140.0,3,3,0.747,0
10.93,9,0,5,1,0,0,0,0,17.9,1,1,1.732,0
17.92,20,0,4,4,0,0,0,0,220.9,2,1,0.579,0
38.69,9,0,2,2,0,0,0,0,35.2,1,2,0.509,0
181.99,13,0,3,2,0,3,0,0,10.0,1,2,17.383,0
26.73,16,0,4,2,0,0,0,0,136.0,5,3,0.457,0
37.62,14,0,1,1,0,0,0,0,244.6,2,1,3.892,0
10.68,14,0,3,1,1,2,0,0,67.9,3,1,0.047,0
41.11,9,0,0,1,0,0,0,0,57.7,1,1,0.301,0
12.38,13,0,4,1,0,0,0,0,86.6,1,1,0.374,0
55.01,9,0,2,2,0,1,0,0,7.6,4,4,11.704,0
23.96,18,0,2,6,0,0,1,1,1068.7,2,2,0.693,0
41.97,17,0,3,2,0,1,0,0,188.8,1,1,0.482,0
46.20,14,0,1,1,0,0,1,0,22.8,1,1,3.310,0
13.38,15,0,1,1,2,0,0,0,93.7,1,3,0.688,0
37.61,20,0,1,2,0,0,1,0,13.0,1,3,0.811,0
14.19,11,0,0,3,0,3,0,0,79.9,2,1,0.125,0
42.37,11,0,3,1,0,0,0,0,44.1,1,1,2.694,0
224.50,0,1,3,5,0,2,0,0,110.8,3,7,2.720,0
20.86,19,0,2,2,0,0,0,0,59.4,1,2,1.014,0
21.03,8,0,2,2,0,0,0,0,61.9,3,1,0.264,0
31.79,11,0,0,1,0,0,0,0,9.5,3,2,0.604,0
45.67,9,0,3,3,0,0,0,0,11.4,1,2,1.979,0
51.19,13,0,2,1,0,0,0,0,103.2,1,1,0.570,0
6.52,18,0,2,2,0,0,0,0,50.3,1,1,0.596,0
8.87,19,0,3,3,0,0,0,0,33.4,1,4,0.506,0
23.56,15,0,3,2,0,1,0,0,9.3,1,1,0.346,0
13.66,12,0,0,0,0,0,0,0,26.5,2,1,0.402,0
58.32,12,0,1,2,0,0,0,0,31.8,1,4,7.055,0
8.15,14,0,3,3,0,0,0,0,134.3,2,2,0.759,0
8.00,15,0,1,1,0,0,0,0,38.3,1,2,0.253,0
132.26,22,0,5,5,0,6,0,0,405.7,4,1,6.372,0
35.58,13,0,6,6,0,1,0,0,54.4,1,1,0.171,0
21.14,12,0,1,1,0,0,0,0,5.9,1,2,0.654,0
6.23,13,0,4,3,0,0,0,0,9.6,3,3,0.806,0
55.68,12,0,2,2,0,1,0,0,11.6,2,1,2.028,0
4.53,14,0,1,1,0,0,0,0,49.0,1,3,0.919,0
13.20,10,0,2,4,0,0,0,0,25.6,1,1,0.143,0
16.72,11,0,3,2,1,0,0,0,5.0,3,4,0.779,0
57.97,20,0,5,3,0,2,0,0,347.2,3,1,2.995,0
25.02,9,0,4,2,0,0,0,0,17.8,2,1,0.304,0
43.63,14,0,3,3,0,0,0,0,23.2,2,3,0.056,0
54.87,15,0,1,1,0,1,0,0,53.0,1,2,0.063,0
6.27,19,0,2,2,0,0,0,0,30.6,1,2,0.818,0
12.95,14,0,2,6,0,0,0,0,25.4,4,1,2.120,0
9.63,21,0,1,1,0,0,1,0,0.4,1,2,0.246,0
26.16,9,0,2,3,0,0,0,0,183.7,1,1,0.151,0
74.31,20,0,3,3,1,0,0,0,16.8,1,2,1.422,0
4.47,10,0,3,2,0,1,0,0,50.3,1,1,0.616,0
17.32,10,0,3,3,0,1,0,0,13.9,1,3,0.712,0
2.96,9,0,4,4,0,0,0,0,62.9,1,2,0.712,0
19.03,12,0,3,3,1,0,0,0,15.6,1,7,0.463,0
76.59,7,0,6,6,0,2,0,0,94.7,1,3,0.521,0
14.84,11,0,0,0,0,1,0,0,24.5,2,2,0.628,0
11.73,16,0,2,2,1,1,1,0,56.0,1,2,0.844,0
14.47,8,0,1,3,0,1,0,0,28.8,1,3,0.797,0
16.86,17,0,1,1,0,0,0,0,221.3,1,2,0.833,0
72.91,11,0,0,0,0,0,0,1,102.0,1,1,0.876,0
59.79,3,1,6,4,0,1,1,0,10.0,1,4,1.138,0
31.79,16,0,5,5,0,0,0,0,87.5,3,3,0.422,0
32.45,19,0,1,1,0,1,0,0,143.8,2,5,2.281,0
18.63,11,0,3,3,0,0,0,0,68.9,1,2,4.293,0
118.56,17,0,5,13,3,4,0,0,50.0,6,4,1.728,1
293.10,21,0,4,4,1,1,1,1,20.7,5,4,11.771,0
36.77,10,0,0,0,0,0,0,0,16.0,3,4,0.751,0
4.52,16,0,1,1,0,0,0,0,34.5,4,5,0.859,0
8.69,19,0,3,4,1,0,0,0,3.7,2,2,0.382,0
31.14,8,0,2,1,0,1,0,0,118.4,5,2,4.181,0
1720.39,19,0,9,3,0,2,1,0,644.8,1,5,126.060,0
13.46,8,0,2,2,0,1,0,0,1.3,3,1,0.859,0
121.83,16,0,3,3,0,0,0,0,7.5,1,2,12.271,0
170.43,11,0,2,2,0,0,0,0,114.0,1,1,18.389,0
39.63,21,0,2,2,0,0,0,1,52.8,1,2,1.452,0
3.47,11,0,3,3,0,1,0,0,27.1,2,2,0.801,0
18.34,15,0,3,2,0,0,0,0,113.6,1,1,0.461,0
40.73,19,0,1,1,0,0,0,0,26.5,1,1,1.708,0
10.06,9,0,1,1,0,0,0,0,33.9,2,2,0.898,0
57.23,15,0,7,3,0,3,1,1,300.9,2,2,0.046,0
12.01,15,0,3,3,0,1,0,0,15.0,3,1,0.707,0
34.91,18,0,1,2,0,0,0,0,212.9,3,1,0.633,0
197.42,11,0,2,2,0,1,0,0,12.0,1,1,0.214,0
135.33,15,0,2,1,0,0,0,0,65.4,1,1,3.918,0
19.55,11,0,1,1,0,0,1,0,8.0,1,1,2.200,0
10.00,4,1,3,4,0,2,0,0,413.8,4,1,0.441,0
30.03,14,0,1,1,0,1,0,0,78.3,1,1,0.044,0
113.18,21,0,3,3,0,1,0,0,33.2,2,1,22.678,0
24.85,21,0,4,1,0,0,0,0,85.4,1,1,0.507,0
13.14,9,0,0,1,0,0,0,0,36.8,1,1,0.275,0
62.70,15,0,1,2,0,0,0,0,116.1,1,2,1.434,0
844.79,10,0,2,4,1,3,0,0,35.0,2,5,4.733,0
16.49,13,0,2,2,0,0,0,0,16.0,1,2,0.895,0
39.39,19,0,2,1,0,0,0,0,46.1,1,2,0.233,0
58.69,12,0,0,0,1,0,0,0,104.2,1,1,1.471,0
34.32,17,0,0,1,0,1,0,0,70.8,1,1,1.283,0
44.14,12,0,2,2,0,0,0,0,176.1,1,1,2.122,0
300.78,10,0,9,7,0,1,1,1,189.4,2,3,2.404,0
69.40,20,0,1,1,0,0,0,0,58.5,1,1,6.024,0
25.91,20,0,2,2,0,0,0,0,5.9,1,1,0.578,0
16.50,16,0,3,3,0,0,0,0,10.4,1,1,0.611,0
19.59,12,0,4,2,0,0,0,1,113.3,2,1,0.469,0
7.73,17,0,2,2,0,1,0,0,127.8,2,3,0.525,0
15.29,11,0,1,1,0,0,0,0,33.8,1,1,0.728,0
4.66,18,0,2,1,0,0,0,0,18.3,2,2,0.917,0
29.07,18,0,0,0,0,2,0,0,101.9,1,3,8.888,0
19.55,13,0,2,2,0,0,0,0,121.1,1,2,0.543,0
50.12,13,0,0,0,0,1,0,0,21.1,1,1,0.315,0
86.88,21,0,2,2,1,1,0,0,54.0,2,2,2.467,0
25.53,9,0,1,2,0,0,0,0,47.6,1,1,0.054,0
54.69,18,0,3,1,0,0,0,0,74.0,1,2,0.208,0
79.35,8,0,4,2,0,3,0,0,654.6,5,5,3.483,0
11.58,16,0,5,1,0,0,0,0,8.8,1,3,3.035,0
66.94,17,0,2,2,0,0,0,0,5.4,1,1,2.215,0
5.08,20,0,3,1,0,0,0,1,29.4,4,2,0.881,0
22.55,14,0,4,2,0,2,0,0,63.0,1,1,0.365,0
13.03,14,0,1,1,0,0,0,0,20.3,1,1,0.848,0
22.57,17,0,2,1,0,0,0,0,336.3,1,1,0.671,0
25.20,18,0,0,1,0,0,0,0,33.9,1,1,0.061,0
36.06,0,1,6,4,0,1,0,1,225.8,1,8,12.018,0
13.91,21,0,1,2,0,0,0,0,23.1,3,1,0.734,0
3.83,16,0,0,2,0,1,0,0,36.6,1,1,0.761,0
21.79,12,0,1,2,0,0,0,0,73.7,1,1,0.305,0
28.34,15,0,1,1,0,0,0,0,8.6,1,1,0.375,0
13.60,10,0,2,2,0,1,0,0,9.3,1,1,0.937,0
6.99,9,0,8,1,0,0,0,0,11.8,1,2,0.656,0
16.76,12,0,1,1,0,2,0,0,180.6,2,1,0.698,0
51.36,14,0,2,1,0,0,0,0,17.7,1,4,1.078,0
12.69,9,0,0,2,0,0,0,0,22.4,2,3,0.397,0
39.74,19,0,1,2,0,0,0,0,7.2,1,1,1.711,0
50.34,14,0,1,1,0,0,0,0,5.7,2,1,1.120,0
7.65,10,0,3,3,0,0,0,0,63.3,1,3,0.843,0
15.02,8,0,2,1,0,0,0,0,55.0,1,2,0.761,0
29.30,19,0,0,1,0,0,0,0,50.9,2,1,0.558,0
72.31,20,0,2,2,0,0,0,0,29.9,1,3,2.004,0
9.89,13,0,3,2,0,0,0,0,85.8,1,1,0.649,0
51.69,9,0,0,0,0,0,0,0,17.1,1,1,0.767,0
10.66,8,0,3,3,0,0,0,0,15.7,1,1,0.637,0
110.46,10,0,2,2,0,0,0,0,88.2,1,4,4.154,0
92.64,20,0,1,1,0,1,0,0,75.3,1,1,2.263,0
42.73,12,0,1,1,0,0,0,0,97.4,1,1,0.816,0
69.42,18,0,5,5,0,1,1,0,60.1,5,4,1.079,0
29.02,15,0,3,3,0,0,0,0,65.4,1,1,0.459,0
48.52,15,0,0,0,0,0,0,1,31.0,1,1,3.324,0
156.76,14,0,3,3,0,0,1,0,28.3,1,2,2.065,0
47.23,15,0,3,2,0,0,0,0,15.4,1,1,2.837,0
29.12,20,0,1,1,0,0,0,0,112.2,2,2,0.746,0
32.40,21,0,2,2,0,1,0,0,14.1,1,3,0.668,0
289.21,15,0,5,7,0,1,0,0,209.2,3,4,8.123,0
22.85,17,0,1,1,0,0,0,0,98.6,1,1,0.479,0
10.34,18,0,1,1,0,0,0,0,75.1,1,1,0.838,0
323.63,21,0,9,5,2,2,0,0,18.1,4,3,12.108,0
501.05,5,1,10,6,1,3,1,1,195.0,5,6,14.299,1
34.28,10,0,3,3,0,0,0,0,43.3,3,1,0.495,0
56.94,19,0,1,1,0,0,0,0,6.7,2,2,0.292,0
11.16,15,0,2,1,0,1,0,0,1.2,1,1,0.788,0
20.88,10,0,6,6,0,0,1,0,6.0,2,1,0.636,0
49.69,19,0,1,5,0,0,0,0,45.1,2,2,2.088,0
34.81,15,0,4,1,0,0,0,0,7.4,3,2,3.568,0
9.72,13,0,1,1,0,0,0,0,34.3,3,2,0.903,0
58.48,18,0,0,0,0,2,0,0,173.4,1,1,0.649,0
91.21,9,0,2,1,0,0,0,0,18.2,3,1,3.182,0
21.68,16,0,5,5,1,5,1,0,196.8,2,2,0.047,0
150.84,18,0,1,1,0,0,1,0,170.1,1,5,8.386,0
43.53,19,0,1,1,0,2,0,0,5.2,1,1,0.545,0
580.28,11,0,5,8,0,4,0,0,67.8,2,5,7.265,1
105.96,13,0,4,2,0,0,0,0,14.7,1,3,2.818,0
2.21,21,0,0,0,0,0,0,0,123.0,1,1,0.982,0
48.94,14,0,1,1,1,1,0,0,13.3,1,3,0.628,0
9.26,14,0,2,2,0,0,0,0,16.6,2,2,0.563,0
58.70,21,0,1,2,0,0,0,0,107.2,1,1,0.401,0
99.08,9,0,0,1,0,0,0,0,2.1,1,1,3.137,0
28.04,21,0,2,2,0,0,0,0,40.3,1,1,4.781,0
87.87,19,0,14,5,0,4,1,1,50.0,10,5,6.202,1
11.41,15,0,2,2,0,1,0,0,39.8,2,2,0.503,0
11.66,12,0,2,2,0,0,0,0,198.1,1,2,0.354,0
66.56,9,0,1,3,0,1,0,0,50.9,1,3,2.492,0
29.74,12,0,3,3,0,0,0,0,23.6,1,1,2.254,0
97.51,11,0,0,1,0,1,0,0,18.9,1,1,2.432,0
34.64,20,0,2,2,0,1,0,0,63.2,1,1,1.427,0
28.82,17,0,1,1,0,0,0,0,19.7,2,1,0.554,0
4.71,11,0,1,1,0,0,0,0,45.7,1,1,0.923,0
17.69,11,0,3,2,0,0,0,0,5.6,1,1,0.135,0
29.44,13,0,1,1,0,0,0,0,8.8,1,1,0.293,0
41.53,19,0,2,2,0,0,0,0,41.7,1,1,0.099,0
11.66,19,0,0,0,0,1,0,0,10.1,1,3,0.846,0
461.05,0,1,7,6,0,3,1,0,773.8,5,4,25.436,1
20.01,9,0,2,1,0,0,0,0,101.7,2,1,0.792,0
11.03,20,0,1,1,0,0,0,0,42.3,3,1,0.254,0
15.37,13,0,0,0,0,0,0,0,20.5,1,1,0.480,0
83.17,15,0,0,0,0,0,0,0,174.3,3,1,1.028,0
19.87,9,0,3,3,0,0,0,0,7.1,1,1,4.030,0
80.75,20,0,3,1,0,0,0,0,53.9,3,3,1.522,0
153.07,13,0,2,1,0,0,0,0,119.9,1,1,5.714,0
11.02,15,0,2,2,0,0,0,0,25.2,2,1,0.320,0
26.63,19,0,2,1,0,0,0,0,96.8,3,1,0.593,0
15.65,15,0,1,4,0,2,0,0,82.3,1,3,0.191,0
92.42,13,0,1,1,0,0,0,0,141.8,1,3,10.803,0
119.84,17,0,3,3,0,0,0,0,62.6,1,1,5.883,0
28.31,14,0,0,1,0,0,0,0,124.0,1,2,0.090,0
27.27,9,0,1,2,0,0,0,0,36.0,1,2,0.571,0
60.24,18,0,2,2,0,1,0,0,60.9,1,1,0.317,0
10.70,14,0,1,2,0,0,1,0,115.3,1,3,0.244,0
7.41,8,0,4,2,0,1,0,0,17.9,1,1,0.869,0
4.58,8,0,2,1,0,1,0,0,48.5,1,1,0.803,0
18.92,17,0,4,2,0,1,0,0,5.7,2,2,0.042,0
3.71,10,0,2,2,0,0,0,0,71.6,1,1,0.924,0
133.55,5,1,8,3,1,5,1,1,195.3,2,7,14.315,1
127.10,18,0,1,1,0,0,0,0,23.0,3,1,6.485,0
29.57,19,0,2,2,0,0,0,0,25.3,2,1,0.640,0
19.73,19,0,2,1,0,0,0,0,44.1,5,3,0.269,0
13.66,16,0,2,1,0,1,0,0,27.6,3,1,0.252,0
22.25,16,0,2,1,0,0,0,0,13.5,1,1,3.098,0
60.32,8,0,3,3,0,0,0,0,62.8,2,1,10.735,0
26.90,14,0,1,1,0,1,0,0,8.1,3,1,0.677,0
18.22,13,0,3,2,0,0,0,0,55.9,1,1,0.373,0
463.19,12,0,4,1,0,1,0,0,126.5,1,1,14.083,0
29.57,12,0,5,5,0,0,0,1,77.4,1,2,2.815,0
43.98,18,0,2,2,0,0,0,1,13.4,2,1,0.207,0
124.50,12,0,3,2,0,4,1,1,105.2,1,2,5.053,0
23.30,22,0,3,3,0,3,0,1,459.1,2,1,0.311,0
53.60,13,0,1,2,0,0,0,0,43.9,1,1,3.485,0
22.40,16,0,0,0,0,1,0,1,35.5,2,1,0.646,0
18.96,8,0,3,1,0,1,0,0,23.0,1,2,0.526,0
32.74,18,0,4,1,0,1,0,0,4.0,1,1,7.571,0
42.58,13,0,2,2,0,0,0,0,40.2,3,2,0.283,0
9.50,13,0,1,1,0,1,0,0,117.0,1,1,0.722,0
17.20,15,0,2,2,0,1,0,0,35.7,1,4,0.087,0
71.33,6,0,7,3,0,0,0,1,451.2,4,1,0.783,0
17.36,20,0,1,1,0,0,0,1,10.0,3,4,0.070,0
59.30,19,0,1,1,0,0,0,0,116.0,1,3,3.706,0
56.70,1,1,9,2,1,0,1,1,193.9,1,3,0.205,0
48.98,14,0,1,1,0,0,0,0,19.8,3,4,2.785,0
15.37,15,0,0,1,0,0,1,0,79.6,2,3,0.457,0
162.17,21,0,9,1,0,7,0,0,10.0,2,3,2.338,0
6.08,12,0,1,3,0,0,0,0,17.2,2,2,0.578,0
22.02,14,0,2,2,0,0,0,1,13.4,1,1,0.601,0
45.17,18,0,3,3,0,1,0,0,33.0,2,4,0.093,0
7.90,12,0,3,3,0,0,0,1,16.0,2,1,0.619,0
7.12,19,0,5,5,0,0,0,1,12.0,1,2,1.906,0
13.94,10,0,0,0,1,0,0,0,43.5,2,1,0.827,0
75.70,20,0,5,2,0,1,0,0,10.4,2,4,6.371,0
16.75,15,0,0,0,0,0,0,0,60.2,1,3,1.136,0
9.91,18,0,5,5,0,0,0,0,1.6,3,1,0.757,0
15.27,13,0,2,1,0,2,0,0,25.5,1,2,2.215,0
5.69,10,0,1,1,0,1,0,0,197.1,1,3,0.488,0
5.92,14,0,2,2,0,1,0,0,8.4,1,4,0.236,0
253.03,5,1,8,7,2,6,0,0,446.8,6,6,18.301,1
25.37,17,0,1,1,0,1,0,0,12.6,1,1,0.863,0
11.87,19,0,2,2,0,0,0,0,57.1,1,2,0.862,0
5.46,16,0,2,2,0,1,0,0,41.5,1,2,0.574,0
20.13,21,0,3,3,0,0,0,0,9.2,1,1,0.213,0
17.11,15,0,1,1,0,0,0,0,39.6,2,1,4.047,0
49.21,18,0,4,1,0,1,0,0,38.4,2,3,2.292,0
13.70,18,0,2,1,0,1,0,0,36.3,1,5,0.578,0
67.09,22,0,5,6,0,3,0,0,278.2,3,1,1.618,0
16.99,18,0,0,2,0,1,0,0,16.2,2,1,0.215,0
17.50,17,0,1,1,0,0,0,0,3.2,1,1,0.650,0
11.51,10,0,3,3,0,0,0,1,101.0,1,2,0.836,0
9.86,13,0,0,1,0,0,0,0,15.9,2,1,0.521,0
12.49,15,0,0,1,0,0,0,0,73.4,1,1,0.095,0
28.05,12,0,1,1,0,0,0,0,43.5,1,1,0.362,0
36.41,11,0,4,5,0,0,0,0,42.9,4,1,0.411,0
17.68,8,0,2,2,0,0,0,0,36.7,1,1,0.455,0
46.11,20,0,1,1,0,0,0,0,48.2,1,2,0.569,0
9.00,12,0,0,1,0,1,0,0,93.6,1,1,0.853,0
21.67,11,0,1,1,1,0,0,0,129.4,1,1,0.759,0
20.65,13,0,3,1,0,1,0,0,16.7,1,1,0.766,0
39.52,10,0,3,3,0,0,0,0,129.3,1,1,0.754,0
33.01,17,0,0,1,0,0,0,0,1.6,1,1,0.044,0
63.17,11,0,4,1,0,1,0,0,42.2,1,1,0.187,0
10.75,18,0,1,1,0,1,0,0,33.5,1,1,0.807,0
59.41,10,0,0,0,0,0,0,0,1.2,1,1,0.232,0
27.60,15,0,3,1,0,1,0,0,27.8,2,4,0.056,0
24.25,16,0,2,1,1,0,0,0,31.2,1,3,0.898,0
19.90,14,0,1,2,0,0,0,0,26.2,2,1,2.988,0
97.62,11,0,1,2,0,0,0,0,135.1,2,2,5.439,0
14.05,14,0,2,1,0,0,0,0,50.7,2,1,0.805,0
21.64,18,0,3,1,0,1,0,0,188.8,1,1,0.040,0
70.41,14,0,2,2,0,2,0,0,3.5,1,1,0.445,0
18.45,12,0,0,0,0,1,0,0,97.4,3,1,0.598,0
105.55,10,0,0,0,0,0,0,0,30.2,1,1,9.298,0
18.89,13,0,1,1,0,1,0,0,13.1,2,1,0.252,0
8.56,18,0,2,1,0,1,0,0,25.8,1,2,0.914,0
48.89,9,0,3,3,0,0,0,0,12.4,3,1,6.148,0
52.07,17,0,4,1,0,0,0,0,10.1,1,5,1.105,0
23.16,9,0,2,2,0,1,0,0,109.9,1,2,0.704,0
15.54,6,0,8,1,0,2,0,0,121.2,1,7,0.573,0
25.47,15,0,4,4,0,0,0,0,16.1,4,5,1.299,0
188.77,2,1,5,5,1,2,0,1,267.3,3,1,3.702,0
35.87,19,0,4,2,0,1,0,0,27.9,1,1,0.368,0
14.30,17,0,2,1,0,0,0,0,14.6,1,2,0.215,0
25.20,10,0,4,1,0,0,0,0,54.9,3,1,0.096,0
22.63,20,0,2,1,0,0,0,0,18.4,1,4,0.005,0
95.03,12,0,2,1,0,0,0,0,117.9,1,3,1.948,0
38.07,9,0,3,2,0,0,0,0,3.4,2,3,0.665,0
74.70,19,0,0,0,0,0,0,0,62.7,2,1,5.163,0
5.54,17,0,0,2,0,1,0,0,24.6,1,2,0.176,0
43.96,17,0,2,2,0,1,0,0,29.9,1,1,4.461,0
14.08,19,0,2,1,0,1,0,0,71.9,1,3,0.908,0
41.36,9,0,5,1,0,0,0,0,93.1,1,2,1.350,0
29.76,13,0,3,1,0,0,0,0,181.8,2,4,0.327,0
5.17,20,0,2,1,0,1,0,0,54.7,1,1,0.773,0
5.32,21,0,3,3,0,0,0,0,3.6,1,3,0.687,0
56.48,8,0,1,1,0,2,0,0,94.7,2,2,0.135,0
4.42,14,0,0,3,0,0,0,1,109.4,1,1,0.911,0
24.77,13,0,2,2,0,2,0,0,98.9,3,1,0.724,0
42.26,13,0,0,1,0,0,0,0,55.7,2,2,3.863,0
10.01,9,0,2,2,1,0,0,0,18.2,1,2,0.558,0
23.37,13,0,2,2,1,0,0,0,32.9,1,2,0.798,0
29.07,15,0,2,2,0,0,0,1,35.9,1,1,6.773,0
19.08,11,0,3,2,0,0,1,0,18.0,2,3,0.133,0
39.58,9,0,1,1,0,0,0,0,102.9,1,1,0.161,0
56.12,3,1,4,2,2,1,0,0,113.5,1,2,0.030,0
19.75,12,0,4,1,0,0,0,0,44.8,1,1,0.639,0
32.66,14,0,2,1,0,0,0,0,25.4,1,1,0.614,0
25.22,8,0,1,2,0,0,0,0,1.0,1,1,0.801,0
23.94,11,0,1,2,0,0,0,0,74.7,1,4,1.608,0
55.10,15,0,2,3,0,1,0,0,56.5,1,2,0.363,0
49.59,17,0,0,0,0,0,0,0,33.0,1,1,0.059,0
17.89,17,0,2,2,0,0,1,0,11.7,1,5,0.602,0
21.41,10,0,0,3,0,1,0,0,67.2,2,1,0.446,0
49.05,9,0,2,2,0,1,0,0,37.9,1,1,1.720,0
27.30,8,0,3,1,0,1,0,0,14.5,1,5,0.204,0
40.93,18,0,2,2,0,0,0,0,11.5,1,4,0.146,0
12.29,12,0,2,2,0,0,0,0,36.3,1,1,0.093,0
17.73,9,0,2,1,0,0,0,0,24.9,1,1,0.340,0
91.78,20,0,3,3,0,1,0,0,1.8,1,2,1.243,0
1630.89,6,0,4,2,1,3,1,0,49.3,3,4,166.271,0
11.73,18,0,3,1,0,0,0,0,7.2,1,1,0.063,0
11.33,15,0,0,0,0,0,0,0,70.9,2,1,0.800,0
9.95,15,0,3,1,0,1,0,0,52.1,1,2,0.323,0
51.72,13,0,1,2,0,0,0,0,7.6,1,3,12.539,0
12.98,21,0,4,4,0,0,0,0,39.4,4,2,0.873,0
228.20,14,0,2,1,0,1,0,0,81.8,1,1,3.107,0
65.71,19,0,5,2,0,0,0,0,143.2,3,1,3.135,0
58.74,11,0,2,1,0,0,0,0,99.4,3,2,0.483,0
249.49,19,0,2,1,0,0,0,0,84.8,3,1,4.520,0
20.36,10,0,1,1,0,0,0,0,3.8,1,3,0.153,0
10.74,11,0,2,2,0,1,1,0,85.8,1,2,0.783,0
258.85,12,0,1,2,0,1,0,0,193.4,1,1,3.286,0
25.12,9,0,2,2,0,1,0,0,84.3,1,2,5.882,0
38.54,19,0,0,1,0,0,0,0,3.8,1,1,2.897,0
17.96,17,0,3,3,0,0,0,0,39.2,1,1,0.346,0
17.77,21,0,4,1,0,0,0,0,23.0,1,3,0.700,0
181.56,10,0,3,2,0,0,0,0,100.3,1,2,5.677,0
45.55,10,0,3,3,0,0,0,0,23.5,1,2,2.226,0
130.32,2,1,5,1,0,2,1,1,631.7,5,2,24.909,0
18.15,13,0,4,1,0,0,0,0,37.6,1,3,0.105,0
90.03,15,0,5,2,0,0,0,0,63.9,1,2,0.266,0
45.94,16,0,0,1,1,0,0,0,29.3,1,1,0.380,0
37.78,14,0,0,0,0,0,0,0,20.8,2,1,0.646,0
13.89,16,0,3,2,0,0,0,0,4.4,1,1,0.524,0
102.36,9,0,2,1,0,0,0,0,70.5,1,2,0.914,0
2.08,9,0,4,1,0,0,0,0,124.9,1,2,0.875,0
372.88,13,0,5,2,1,0,0,1,210.1,2,4,47.301,0
29.43,18,0,2,2,0,1,0,0,280.3,1,3,0.460,0
124.04,15,0,1,1,0,1,0,1,70.0,1,1,21.760,0
57.32,18,0,2,2,0,0,1,1,226.0,1,1,0.120,0
50.22,9,0,3,1,0,0,0,0,27.1,2,2,4.555,0
20.91,15,0,2,1,0,0,0,0,9.3,2,3,0.825,0
31.74,19,0,3,1,0,1,0,0,149.5,1,1,4.900,0
58.15,17,0,2,2,0,1,0,0,11.6,1,1,1.664,0
28.11,13,0,2,1,0,0,0,0,56.3,1,1,0.246,0
6.24,18,0,1,1,0,0,0,1,19.3,1,2,0.771,0
29.17,9,0,1,1,0,0,0,0,89.9,1,2,0.461,0
20.95,19,0,4,4,1,0,0,0,163.7,1,1,0.462,0
109.52,19,0,2,1,0,0,0,0,59.4,2,2,0.328,0
21.50,19,0,0,2,0,0,0,0,3.2,1,1,0.261,0
224.38,20,0,3,1,0,0,0,0,117.1,1,1,1.310,0
4.00,12,0,2,1,0,1,0,0,0.9,4,4,0.622,0
16.75,15,0,1,1,0,2,0,0,39.4,1,1,0.213,0
8.64,8,0,0,1,0,0,0,0,76.3,1,1,0.778,0
15.65,12,0,2,2,0,2,0,0,2.3,1,1,0.554,0
29.40,12,0,1,2,0,0,0,0,15.8,2,2,0.630,0
45.35,11,0,2,1,0,0,0,0,13.4,1,1,2.827,0
57.97,14,0,2,2,0,0,0,0,11.5,1,1,2.277,0
70.27,9,0,2,2,0,0,0,0,25.7,1,1,1.804,0
33.24,12,0,2,3,0,0,0,0,37.1,1,1,0.629,0
35.48,16,0,5,2,0,2,1,0,551.6,3,1,0.371,0
22.08,17,0,2,2,0,2,0,0,54.8,1,1,0.179,0
9.73,14,0,6,1,0,0,0,0,130.6,1,1,0.347,0
93.03,5,1,3,2,1,3,1,1,167.1,2,3,3.962,0
27.22,10,0,3,3,0,0,0,0,10.9,3,1,0.464,0
47.54,9,0,1,1,0,0,0,0,125.4,3,1,1.777,0
21.81,15,0,4,4,1,0,0,0,32.9,1,2,2.335,0
44.31,19,0,1,1,0,1,0,0,68.7,1,1,0.808,0
9.66,16,0,1,1,0,0,0,0,38.9,1,1,0.736,0
8.00,12,0,0,2,0,1,0,0,13.7,1,3,0.419,0
4.71,9,0,3,3,0,0,0,0,241.2,2,2,0.896,0
20.97,16,0,0,3,0,0,0,0,101.0,1,3,0.679,0
13.67,9,0,0,1,0,0,0,0,8.3,1,1,0.442,0
9.07,14,0,1,1,0,1,0,0,14.9,5,1,0.864,0
23.36,11,0,5,5,0,1,0,0,30.0,2,1,0.215,0
12.45,11,0,0,1,0,0,0,0,6.0,1,2,0.850,0
22.11,13,0,2,1,0,1,0,0,25.1,1,2,0.877,0
16.50,3,1,5,7,0,5,1,0,40.3,3,1,0.697,0
12.54,9,0,1,5,0,0,0,0,18.4,1,1,0.768,0
25.40,13,0,5,1,0,1,1,0,8.4,3,1,1.773,1
24.22,9,0,2,1,0,0,0,0,8.0,1,1,0.389,0
9.25,21,0,4,4,0,1,0,0,34.6,1,1,0.366,0
16.59,19,0,3,3,0,0,0,0,126.8,1,1,0.193,0
90.08,12,0,0,1,0,1,0,0,90.5,1,1,6.032,0
17.72,11,0,0,2,0,0,0,0,56.7,3,2,6.841,0
7.61,13,0,1,1,0,0,0,0,70.1,3,3,0.698,0
105.11,10,0,6,2,1,1,1,0,137.2,3,3,20.064,0
25.39,14,0,0,3,0,0,0,0,59.1,2,1,0.745,0
21.19,9,0,1,2,0,0,0,1,8.6,2,3,0.221,0
50.89,13,0,1,4,0,1,0,0,63.9,1,1,0.680,0
39.68,9,0,0,1,0,0,0,0,179.0,1,1,0.960,0
268.79,10,0,13,6,5,4,1,0,137.8,4,3,19.565,1
8.15,21,0,1,3,0,0,0,0,52.2,1,1,0.272,0
10.89,8,0,5,1,0,0,0,0,0.7,1,1,0.772,0
10.35,9,0,2,2,0,0,1,0,38.7,1,2,0.722,0
19.65,10,0,3,2,0,0,0,0,16.2,1,1,0.339,0
15.08,18,0,0,1,0,0,0,0,29.4,1,4,0.822,0
35.91,19,0,3,3,0,0,0,0,17.5,1,1,0.009,0
47.54,11,0,3,2,0,0,0,0,7.9,1,2,4.106,0
19.01,11,0,2,3,0,0,0,0,13.6,1,1,0.640,0
80.37,15,0,3,1,0,0,0,0,110.8,1,3,0.662,0
24.04,19,0,4,3,0,0,0,0,48.4,2,3,0.402,0
5.90,19,0,2,1,0,0,0,0,57.4,1,1,0.669,0
21.58,10,0,2,2,0,0,0,0,55.0,3,3,0.042,0
14.69,9,0,5,2,0,0,0,0,11.8,1,3,0.667,0
13.03,17,0,1,1,0,0,0,0,33.3,3,2,0.561,0
37.49,20,0,3,2,0,0,0,0,52.2,1,1,0.696,0
10.28,14,0,3,3,0,0,0,0,89.7,1,2,0.501,0
17.43,17,0,0,3,0,0,0,0,32.6,2,2,0.875,0
60.17,17,0,3,3,0,0,0,0,75.1,1,1,3.920,0
29.16,15,0,3,3,0,0,0,0,90.9,3,2,0.378,0
30.27,17,0,3,3,0,0,0,0,88.1,3,1,1.979,0
8.77,16,0,3,3,0,0,0,0,32.5,1,1,0.281,0
54.97,13,0,3,1,0,0,0,0,41.6,1,2,1.779,0
11.37,10,0,1,1,0,1,0,0,181.6,1,2,0.210,1
57.32,18,0,1,1,1,1,0,0,155.8,2,2,3.233,0
35.52,20,0,12,8,0,4,0,1,157.8,2,3,0.680,1
14.65,13,0,2,1,0,0,0,0,50.5,2,2,0.525,0
16.78,21,0,2,1,0,0,0,0,32.1,2,1,0.501,0
9.53,18,0,1,1,0,1,0,0,38.7,1,1,0.612,0
3.95,15,0,2,1,0,1,0,0,1.3,1,1,0.400,0
3.49,15,0,2,3,0,0,0,0,122.7,2,2,0.697,0
50.10,12,0,2,2,0,0,0,0,116.4,2,1,0.254,0
27.65,10,0,0,2,0,0,0,0,14.9,2,1,0.187,0
100.97,13,0,8,8,0,1,0,0,214.4,4,2,8.784,0
195.62,8,0,4,4,0,0,0,0,151.5,1,6,15.677,0
83.62,18,0,2,1,0,0,0,0,25.0,4,1,2.317,0
54.82,13,0,1,1,1,0,0,0,5.6,1,1,3.531,0
73.41,9,0,0,0,0,1,0,0,6.2,2,1,0.343,0
5.96,12,0,2,2,1,0,0,0,18.1,1,2,0.877,0
14.74,13,0,2,2,0,1,0,0,67.0,1,5,0.570,0
20.98,21,0,1,1,0,0,0,0,35.7,1,3,0.104,0
57.27,17,0,2,3,0,1,0,0,63.9,1,1,1.300,0
23.29,21,0,3,3,0,0,0,0,133.5,3,1,0.923,0
18.23,17,0,3,1,0,0,0,0,175.0,2,2,0.125,0
15.39,12,0,3,2,0,1,0,0,24.8,2,2,0.269,0
12.83,12,0,0,1,0,2,0,0,30.3,1,3,0.742,0
14.67,16,0,2,1,0,2,0,0,74.7,2,1,0.451,0
22.36,19,0,4,3,1,0,0,0,35.7,3,3,0.125,0
205.33,2,1,2,4,1,1,0,1,255.5,3,1,11.865,0
22.13,19,0,1,3,0,0,0,0,11.1,1,1,0.756,0
5.51,13,0,3,3,0,0,0,1,9.6,2,1,0.499,0
88.84,14,0,3,1,0,1,0,0,111.3,1,1,1.583,0
60.38,6,0,5,2,1,4,0,0,376.7,6,1,0.630,0
1001.03,5,1,4,5,0,4,0,0,35.5,8,1,83.475,0
59.83,17,0,4,4,0,0,0,0,16.3,1,1,1.021,0
66.61,15,0,4,1,0,1,0,0,23.1,1,1,7.507,0
24.54,12,0,1,1,0,0,0,0,49.6,2,1,0.729,0
22.28,13,0,5,1,0,0,0,0,97.2,3,1,0.167,0
43.78,17,0,2,1,0,0,0,0,19.4,1,1,0.283,0
10.63,12,0,2,2,1,0,0,0,16.0,1,2,0.574,0
52.20,11,0,4,1,0,1,0,0,104.4,3,2,1.337,0
28.23,18,0,3,1,0,1,0,0,62.0,1,1,1.442,0
717.88,9,0,7,7,0,3,0,1,143.5,2,8,56.020,1
162.87,11,0,4,4,0,0,0,0,119.8,1,2,0.683,0
25.65,16,0,2,2,0,2,1,0,5.6,1,2,0.800,0
6.74,18,0,3,2,0,0,0,0,13.8,1,1,0.762,0
48.68,18,0,3,2,0,0,0,0,4.4,1,3,6.583,0
22.55,11,0,2,2,0,2,0,0,18.3,1,1,0.330,0
37.52,21,0,3,1,0,0,0,0,3.3,1,3,2.226,0
26.22,8,0,1,1,0,0,1,0,57.5,1,2,0.460,0
35.10,20,0,3,3,1,0,0,0,25.4,1,1,0.008,0
22.03,16,0,3,1,0,2,0,0,23.1,1,2,0.413,0
125.10,19,0,4,4,0,2,0,0,2.8,2,2,1.568,0
35.40,20,0,2,4,0,0,0,0,35.7,1,1,0.474,0
5.98,17,0,0,0,0,2,0,0,26.5,1,1,0.645,0
7.46,15,0,1,1,0,0,0,0,197.5,1,2,0.710,0
37.36,15,0,2,2,1,0,0,0,97.4,1,1,0.417,0
29.55,2,1,9,3,0,0,0,0,208.7,2,1,0.443,0
13.20,14,0,3,1,0,0,1,0,0.9,1,1,0.452,0
15.84,20,0,1,2,0,0,0,0,116.4,1,1,0.453,0
9.61,17,0,3,1,0,1,0,0,26.4,3,1,0.738,0
13.15,20,0,1,1,0,0,0,0,51.8,1,4,0.367,0
11.20,17,0,2,1,0,0,0,0,1.1,1,3,0.682,0
7.55,17,0,2,3,0,1,0,0,126.5,2,2,0.338,0
34.94,18,0,1,1,0,1,0,0,150.5,2,1,0.702,0
69.35,18,0,5,5,0,3,1,0,19.1,1,3,1.103,0
8.63,15,0,0,1,0,2,0,1,13.1,1,2,0.859,0
71.27,12,0,0,0,0,0,0,0,47.5,2,1,3.153,0
53.75,14,0,3,2,0,1,0,0,11.1,1,1,0.978,0
74.66,18,0,2,1,0,0,0,0,220.7,1,1,3.093,0
179.82,20,0,1,1,0,0,1,0,16.8,2,1,1.480,0
432.89,9,0,7,3,1,2,0,0,57.4,4,7,37.651,0
21.80,9,0,1,1,0,0,0,0,2.5,1,1,0.533,0
2.29,15,0,4,1,0,0,0,0,228.4,2,1,0.590,0
37.49,17,0,2,1,0,0,0,0,40.8,1,2,20.671,0
9.53,11,0,6,1,0,0,0,0,13.5,2,1,0.223,0
28.59,15,0,5,1,0,1,0,0,12.6,3,3,0.683,0
78.16,20,0,2,1,0,0,0,0,16.8,3,2,0.344,0
96.73,11,0,2,2,0,0,0,0,35.5,2,3,0.180,0
35.59,14,0,0,1,0,0,0,0,13.7,1,1,0.743,0
214.41,14,0,0,0,0,0,1,0,77.7,1,2,9.454,0
166.76,12,0,4,4,0,1,1,1,350.6,1,1,3.621,0
12.59,16,0,1,1,0,0,0,0,107.5,2,3,0.492,0
21.33,17,0,1,1,0,0,0,0,26.4,1,1,0.579,0
7.14,18,0,2,2,0,0,0,0,73.8,1,1,0.302,0
75.68,12,0,0,1,0,0,0,0,19.2,2,1,0.385,0
10.04,9,0,2,1,0,0,0,0,4.2,2,1,0.901,0
33.68,14,0,3,1,0,0,0,0,25.3,1,1,0.491,0
373.63,23,1,4,2,0,4,1,0,242.6,4,5,3.193,0
26.98,14,0,2,2,1,0,0,0,9.2,3,1,0.429,0
10.47,18,0,1,1,0,1,1,0,28.8,3,1,0.805,0
16.23,19,0,3,2,0,0,0,0,43.9,1,1,0.592,0
7.34,18,0,1,1,0,1,0,0,63.0,1,1,0.678,0
25.27,21,0,3,1,0,1,0,0,86.8,1,4,0.506,0
29.90,13,0,2,1,0,0,0,0,80.7,1,2,1.122,0
20.12,18,0,3,3,0,0,0,0,94.9,1,3,0.575,0
2.33,16,0,1,1,0,0,0,0,58.5,2,2,0.723,0
16.68,8,0,1,1,0,0,0,0,36.9,1,1,0.416,0
7.23,11,0,6,3,0,3,0,0,35.1,1,3,0.836,0
50.61,12,0,2,2,0,0,0,0,56.3,3,2,3.282,0
22.11,11,0,1,2,0,1,0,0,59.1,2,1,0.462,0
287.32,15,0,4,3,0,2,1,0,134.1,5,4,8.717,0
33.74,12,0,2,1,0,0,0,0,86.9,1,2,0.582,0
101.98,13,0,1,1,0,1,1,0,0.2,1,2,6.379,0
22.62,17,0,1,1,0,0,0,0,214.7,1,1,0.900,0
206.70,4,1,3,5,1,4,0,1,129.7,3,4,9.263,1
101.22,21,0,2,2,0,0,0,0,32.6,1,2,1.497,0
13.29,11,0,4,4,0,0,0,0,32.4,3,2,0.562,0
41.94,16,0,2,1,0,0,0,0,8.0,2,3,4.890,0
24.70,21,0,4,5,0,1,0,1,50.2,4,3,0.802,0
36.86,17,0,0,1,0,0,0,1,176.1,1,1,0.295,0
93.79,12,0,2,2,0,1,0,0,47.8,1,3,6.796,0
8.66,14,0,0,1,0,1,0,0,46.7,4,1,0.823,0
103.76,10,0,3,2,0,0,0,0,133.1,1,1,4.755,0
11.85,12,0,2,1,0,1,0,0,69.1,1,1,0.574,0
4.02,11,0,2,2,0,1,0,0,4.0,1,1,0.917,0
63.13,17,0,5,1,0,0,0,0,68.3,3,2,2.541,0
14.34,18,0,3,1,0,0,0,0,181.4,1,3,0.118,0
19.06,20,0,2,1,0,0,0,0,55.7,1,3,0.604,0
39.31,17,0,2,2,1,0,0,0,43.0,1,1,1.404,0
111.30,11,0,1,1,0,0,0,0,2.8,2,2,2.045,0
51.04,15,0,5,5,0,2,0,1,545.1,2,1,2.090,0
13.23,14,0,4,3,0,0,0,0,6.3,1,4,0.337,0
60.46,16,0,4,1,0,1,0,0,189.8,2,1,0.641,0
13.52,14,0,1,1,0,0,0,0,78.9,1,1,0.485,0
129.31,9,0,1,1,0,1,0,0,75.8,2,1,4.377,0
28.46,15,0,2,1,0,0,0,0,8.1,2,3,0.547,0
17.46,17,0,0,0,0,0,0,0,59.2,1,1,1.637,0
654.28,16,0,5,4,0,1,0,0,116.3,1,3,30.932,0
140.56,19,0,3,1,0,0,0,0,7.8,4,4,21.671,0
27.21,16,0,4,1,0,0,1,0,9.0,1,1,3.031,0
44.53,12,0,2,1,0,1,0,0,30.0,2,1,0.300,0
36.69,11,0,3,3,0,0,0,0,85.9,1,1,0.779,0
140.43,13,0,1,1,0,0,0,1,61.2,1,2,18.316,0
36.00,18,0,0,0,0,0,0,0,53.8,2,1,0.742,0
23.68,12,0,2,1,0,0,0,0,36.9,3,2,0.127,0
68.45,14,0,5,4,0,1,0,0,52.2,1,2,5.415,0
8.69,19,0,0,1,0,0,0,0,104.0,1,1,0.730,0
18.75,18,0,4,4,0,0,0,0,73.7,2,1,2.422,0
49.11,18,0,7,7,0,0,0,0,16.2,1,4,2.855,0
13.81,9,0,3,2,0,0,0,0,32.0,3,1,0.622,0
33.01,14,0,0,0,0,0,0,0,7.6,1,1,4.207,0
96.75,12,0,3,1,0,0,0,0,107.4,1,2,1.392,0
41.92,10,0,2,2,0,0,0,0,72.7,2,1,6.290,0
20.85,14,0,0,5,0,0,0,0,95.8,4,1,0.650,0
82.73,9,0,0,2,0,0,0,0,20.9,1,2,3.725,0
93.31,10,0,0,1,0,0,0,0,125.6,4,1,7.737,0
75.93,14,0,1,5,0,2,0,1,29.9,2,2,2.267,0
99.41,20,0,5,5,1,2,0,0,371.1,4,2,3.782,0
5.50,18,0,3,2,0,0,0,0,135.6,2,4,0.802,0
312.99,5,1,9,10,2,2,1,1,244.8,6,5,8.815,1
2.24,10,0,1,1,0,1,0,0,31.2,2,5,0.421,0
11.17,15,0,2,1,0,0,0,0,89.3,1,3,0.564,0
17.08,15,0,2,2,0,0,0,0,140.6,2,1,0.876,0
28.25,17,0,2,2,0,0,0,0,40.3,1,1,3.991,0
23.86,11,0,1,2,0,0,0,0,10.5,1,1,0.997,0
97.83,4,1,10,2,0,2,1,0,21.6,1,7,1.452,0
182.21,2,1,1,7,1,2,0,0,346.6,3,2,0.930,0
35.60,8,0,0,0,0,0,0,0,49.5,2,2,1.422,0
25.39,10,0,0,0,0,0,0,0,35.5,3,1,0.117,0
25.70,10,0,3,2,0,1,0,0,3.8,1,1,0.310,0
6.75,13,0,2,2,0,0,0,0,131.5,2,1,0.690,0
105.40,20,0,0,2,0,1,0,0,71.7,4,2,3.939,0
40.71,16,0,3,3,0,0,0,0,58.8,1,2,0.840,0
12.91,10,0,0,1,0,0,0,0,35.2,3,4,0.877,0
11.64,10,0,1,3,0,0,0,0,16.5,1,2,0.697,0
107.41,16,0,3,3,0,1,0,0,171.4,1,1,8.134,0
16.82,16,0,1,1,0,0,0,0,70.6,1,1,1.196,0
51.75,14,0,3,3,0,2,0,0,103.5,3,3,0.207,0
14.28,9,0,3,1,0,0,0,0,16.4,2,1,0.277,0
8.09,11,0,2,2,0,0,0,0,2.5,1,1,0.793,0
6.16,19,0,3,1,0,0,0,0,3.8,1,1,0.813,0
40.12,21,0,1,3,0,0,0,0,31.6,3,1,1.495,0
51.07,12,0,0,1,0,0,0,0,24.6,1,2,3.024,0
23.44,16,0,0,0,1,0,0,0,0.7,1,1,0.485,0
19.70,20,0,0,1,0,0,0,0,7.7,2,1,0.090,0
4.16,13,0,2,2,0,0,0,0,81.1,1,1,0.847,0
3.56,16,0,0,0,0,0,0,0,33.8,1,3,0.518,0
19.61,10,0,1,4,0,0,0,0,13.9,1,5,0.789,0
11.28,14,0,1,1,0,0,0,0,5.9,1,4,0.317,0
217.51,15,0,1,1,0,0,0,0,50.7,1,2,8.629,0
20.66,16,0,3,3,0,0,0,0,38.6,3,3,0.334,0
59.88,16,0,7,7,0,0,1,0,133.3,2,2,2.932,0
25.25,15,0,1,1,0,0,0,0,30.1,1,1,0.180,0
38.24,11,0,1,1,0,0,0,0,68.0,1,1,0.436,0
54.55,20,0,4,2,0,2,0,0,6.6,1,1,1.058,0
25.59,9,0,0,3,0,0,0,0,78.3,1,1,0.796,0
21.35,15,0,1,1,0,0,0,0,16.6,1,1,0.526,0
20.89,12,0,1,1,0,0,0,0,26.3,2,1,0.293,0
9.47,17,0,1,1,1,2,0,0,16.6,1,2,0.256,0
18.81,17,0,2,3,0,0,0,0,181.7,1,1,0.017,0
9.99,14,0,7,3,0,0,0,0,85.8,1,1,0.447,0
4.45,20,0,1,2,0,1,0,0,136.3,1,2,0.772,0
72.24,12,0,1,1,0,0,0,0,191.8,1,2,0.415,0
16.71,20,0,3,3,0,0,0,0,138.3,1,2,0.251,0
15.23,10,0,1,1,0,0,0,0,28.0,4,1,0.538,0
42.34,15,0,5,1,0,0,0,0,89.5,1,2,0.838,0
29.31,19,0,2,2,0,1,0,0,0.6,1,2,0.469,0
39.97,15,0,2,1,0,1,0,0,57.4,1,1,10.586,0
103.45,10,0,2,2,0,0,0,0,63.7,6,2,1.911,0
17.18,12,0,1,1,0,0,1,0,119.5,1,1,0.464,0
34.34,19,0,2,2,0,0,0,0,13.6,3,1,1.948,0
246.47,5,1,8,3,3,3,1,0,354.4,6,5,12.996,1
10.93,9,0,1,1,0,0,0,0,4.9,1,4,0.768,0
41.05,5,1,7,4,0,2,0,1,45.1,3,3,0.354,0
24.83,14,0,1,1,0,0,0,0,45.1,2,3,0.188,0
32.17,0,1,7,5,3,3,1,1,400.7,4,5,6.499,1
24.01,13,0,0,1,0,0,0,0,15.0,1,2,0.181,0
14.57,19,0,2,2,0,0,0,0,29.9,1,1,0.408,0
97.89,10,0,2,2,0,0,0,0,56.9,1,1,0.535,0
10.58,10,0,1,1,0,0,0,0,151.2,1,1,0.927,0
61.02,10,0,2,1,0,0,0,0,1.0,2,2,0.377,0
19.48,8,0,2,2,0,1,0,0,5.3,1,1,0.070,0
15.98,12,0,1,1,0,0,1,0,21.9,2,1,0.016,0
31.10,16,0,1,1,0,0,0,0,30.0,2,4,0.347,0
17.17,9,0,0,1,0,0,0,0,20.2,2,1,0.627,0
190.90,13,0,3,1,0,0,0,0,23.2,1,1,9.665,0
27.82,17,0,3,3,0,0,0,0,167.8,1,1,0.431,0
1681.52,6,0,5,5,0,2,0,1,29.7,1,7,132.348,0
5.88,10,0,2,2,1,0,0,0,15.0,1,1,0.490,0
14.42,14,0,6,1,0,3,1,1,499.1,5,7,0.836,0
21.34,14,0,1,1,0,0,0,0,41.2,2,1,0.306,0
32.67,14,0,1,1,0,0,0,0,48.3,1,2,6.228,0
14.58,10,0,4,1,1,0,0,0,76.5,1,2,0.346,0
15.03,16,0,1,2,1,0,0,0,39.0,2,1,0.604,0
21.08,13,0,2,1,0,0,0,0,8.0,1,3,0.664,0
68.29,2,1,12,8,2,3,1,0,566.6,5,5,0.145,1
9.75,13,0,3,3,0,0,0,0,32.0,1,1,0.701,0
27.43,14,0,2,1,0,0,0,0,35.2,2,1,0.181,0
29.05,14,0,3,1,0,1,0,1,37.9,1,2,0.222,0
93.29,11,0,1,1,0,0,0,0,95.8,2,1,5.598,0
140.40,14,0,5,7,1,5,0,1,43.3,3,1,18.233,0
20.79,9,0,1,2,0,0,0,0,45.2,1,1,0.665,0
113.34,9,0,3,3,0,1,0,1,6.7,2,2,3.172,0
33.71,13,0,1,1,0,0,0,0,9.9,1,2,0.189,0
27.63,15,0,1,2,0,0,0,0,16.9,1,4,0.147,0
42.97,8,0,1,1,0,0,1,0,35.6,1,3,1.699,0
29.98,19,0,4,2,1,0,0,0,256.2,1,3,0.857,0
29.71,9,0,5,3,0,1,0,0,131.2,3,3,0.430,0
34.15,11,0,1,3,0,0,0,0,2.2,1,1,11.329,0
83.76,9,0,6,3,0,4,0,1,457.1,2,2,0.199,0
92.78,11,0,2,1,0,0,0,0,36.2,1,1,2.246,0
10.00,23,1,5,3,0,1,1,0,10.0,2,2,0.722,0
28.23,11,0,1,1,0,0,0,0,80.7,1,1,0.610,0
43.56,16,0,1,1,0,0,1,0,66.9,1,2,2.468,0
110.32,23,1,4,4,0,1,0,1,561.2,3,6,0.286,0
73.78,13,0,3,2,0,1,0,0,38.8,1,1,0.680,0
9.97,19,0,3,1,0,0,0,0,77.1,3,2,0.750,0
15.71,17,0,4,4,0,0,0,0,54.2,1,2,0.183,0
92.08,2,1,5,4,0,0,1,1,399.9,2,1,0.293,0
36.13,20,0,4,1,0,0,0,0,8.0,1,1,0.112,0
22.30,19,0,2,1,0,0,0,0,48.6,1,2,2.284,0
22.65,21,0,3,1,0,0,0,0,3.5,1,1,0.653,0
15.24,17,0,2,1,0,1,0,0,9.2,2,3,0.416,0
46.07,18,0,1,1,0,0,0,0,81.1,3,1,0.306,0
19.12,20,0,0,2,0,0,0,0,33.9,2,1,0.721,0
239.24,16,0,2,1,0,0,0,0,15.3,3,1,25.204,0
58.64,9,0,0,0,0,0,1,0,1.5,1,2,1.192,0
23.20,8,0,2,2,0,1,0,0,85.3,1,1,0.593,0
17.59,18,0,0,0,0,1,0,0,23.0,1,2,0.389,0
18.20,12,0,4,4,0,0,0,0,17.6,1,1,0.300,0
3.61,14,0,0,2,0,0,0,0,20.7,1,3,0.897,0
281.22,2,1,3,4,0,1,0,0,40.0,4,2,7.407,0
11.77,14,0,2,2,0,0,0,0,25.8,2,1,0.299,0
25.02,16,0,5,5,0,1,0,0,29.7,1,3,0.309,0
4.47,9,0,2,2,0,1,0,0,5.9,1,1,0.918,0
129.84,11,0,3,3,0,1,0,0,59.4,2,3,1.519,0
3.87,16,0,1,3,0,2,0,0,2.3,1,1,0.863,0
29.12,21,0,1,1,0,0,0,0,34.8,1,1,0.517,0
8.63,12,0,0,0,0,0,0,0,43.8,3,1,0.894,0
200.90,2,1,7,3,0,2,0,0,227.0,2,5,1.340,0
12.07,14,0,1,2,0,0,0,0,77.3,1,1,0.240,0
31.97,12,0,3,1,0,1,0,0,18.3,1,2,8.267,0
13.08,11,0,1,1,0,1,0,0,120.6,1,1,1.807,0
23.09,16,0,3,1,0,0,0,0,62.8,1,1,0.492,0
16.64,16,0,4,2,0,0,0,0,7.3,2,3,0.402,0
41.01,20,0,1,1,0,1,1,0,8.3,2,1,0.846,0
12.40,9,0,2,1,0,2,0,0,47.2,2,1,0.363,0
29.06,13,0,2,2,0,0,0,0,53.4,1,2,1.422,0
46.10,10,0,2,2,0,0,0,0,31.3,1,2,0.146,0
18.92,8,0,1,1,0,0,0,0,119.0,2,1,0.436,0
73.08,0,1,5,5,0,2,1,0,44.5,5,3,2.798,0
14.90,9,0,2,1,0,2,0,0,9.3,1,2,0.251,0
31.63,9,0,3,3,0,0,0,0,104.2,1,2,0.145,0
83.22,15,0,2,2,0,2,1,0,7.0,1,1,6.358,0
68.66,14,0,6,7,1,0,1,1,233.3,4,7,0.932,1
14.52,10,0,1,1,0,0,0,0,101.9,1,1,0.192,0
17.48,19,0,3,1,0,0,0,0,44.5,2,1,0.740,0
34.01,12,0,4,2,0,0,0,0,16.7,1,1,2.381,0
17.64,15,0,1,2,0,0,0,0,72.6,1,3,1.270,0
15.18,18,0,5,1,0,0,0,0,54.7,2,1,0.853,0
21.13,14,0,2,2,0,0,0,0,64.4,2,1,0.301,0
41.04,7,0,2,3,0,5,1,0,794.9,5,1,0.094,0
42.38,14,0,2,2,0,0,0,0,58.2,1,1,0.460,0
34.86,8,0,1,3,0,1,0,0,46.3,1,1,1.464,0
31.31,13,0,3,1,0,0,0,0,44.7,2,2,0.583,0
36.47,19,0,2,1,0,1,0,0,32.0,1,4,0.719,0
12.19,15,0,1,1,0,1,0,0,29.6,1,1,0.693,0
905.61,12,0,5,3,0,3,0,0,44.3,4,5,127.455,0
31.70,16,0,0,1,0,0,0,0,24.6,2,3,0.638,0
29.39,9,0,2,2,0,0,0,0,98.6,1,2,0.478,0
21.88,12,0,2,1,0,1,0,0,6.2,2,4,2.261,0
22.44,15,0,1,1,0,0,0,0,35.1,1,2,0.538,0
81.11,21,0,3,4,0,0,0,0,7.6,3,1,3.624,0
48.25,11,0,0,2,0,0,0,0,22.5,1,1,0.239,0
22.48,15,0,4,4,0,0,0,0,11.4,1,2,0.405,0
62.54,23,1,5,4,1,3,1,1,1133.0,5,1,0.895,1
21.31,10,0,4,1,1,0,0,0,117.6,3,3,0.223,0
23.84,20,0,2,1,0,0,1,0,146.5,1,2,0.951,0
4.18,16,0,0,0,1,0,0,0,9.9,3,1,0.749,0
11.59,12,0,2,2,0,0,0,0,28.3,1,1,0.784,0
166.75,14,0,0,1,0,0,1,0,140.1,1,2,6.975,0
20.47,10,0,1,1,0,0,0,0,20.1,2,1,0.387,0
114.58,12,0,1,2,0,0,0,0,25.9,2,1,5.740,0
51.64,15,0,3,1,0,0,0,0,67.8,2,2,5.822,0
6.90,17,0,1,2,0,0,0,0,22.9,1,1,0.571,0
13.67,19,0,2,1,0,1,0,0,50.6,2,1,0.901,0
86.97,16,0,1,1,0,2,1,0,8.0,4,2,2.340,0
14.41,11,0,2,2,0,0,0,0,23.3,1,2,0.617,0
15.45,11,0,0,1,0,1,0,0,56.8,1,2,1.352,0
13.03,12,0,3,1,0,0,1,0,254.0,2,4,0.377,0
28.04,10,0,2,2,0,1,0,0,29.1,2,2,1.314,0
24.98,8,0,4,1,0,0,0,0,90.2,1,2,4.248,0
18.89,20,0,4,6,0,2,1,1,303.8,2,10,3.574,0
84.13,15,0,1,1,0,0,0,0,52.9,1,1,0.360,0
10.38,21,0,1,1,0,0,0,0,18.9,1,1,0.355,0
46.33,2,1,6,3,1,2,0,0,574.4,1,4,1.553,0
38.09,13,0,1,1,0,0,0,0,69.4,1,3,1.130,0
17.53,16,0,1,1,0,0,0,1,16.6,1,1,0.960,0
12.70,18,0,2,2,1,0,0,1,3.3,1,2,0.462,0
49.44,13,0,3,2,0,0,0,0,22.8,1,1,3.106,0
36.64,13,0,0,2,0,0,0,0,41.5,1,2,2.526,0
34.76,13,0,3,3,0,0,0,0,22.5,1,2,0.449,0
24.16,14,0,5,3,0,1,0,0,23.2,3,2,0.455,0
50.89,17,0,0,0,0,0,0,0,7.5,1,1,4.592,0
128.99,16,0,3,2,0,0,0,0,28.4,1,1,5.571,0
12.15,14,0,1,1,0,0,0,0,6.0,2,1,0.425,0
16.80,20,0,1,4,0,0,0,0,15.6,1,1,0.770,0
11.88,12,0,4,1,0,0,0,1,73.7,1,2,0.322,0
38.98,14,0,4,4,0,0,0,0,41.6,2,1,4.835,0
13.25,12,0,5,5,0,0,0,1,13.5,1,1,0.558,0
31.66,18,0,0,1,0,1,0,1,74.5,2,1,0.014,0
12.38,11,0,2,1,0,1,0,0,38.2,1,1,0.431,0
76.29,2,1,6,2,0,3,0,0,144.2,4,7,1.006,0
4.59,10,0,6,6,0,2,0,0,56.1,1,2,0.821,0
20.27,21,0,3,1,0,0,0,0,5.0,1,2,0.805,0
23.23,12,0,1,1,0,0,0,1,244.7,1,3,0.392,0
88.26,20,0,2,2,0,1,0,0,45.4,2,3,0.492,0
21.48,11,0,0,0,0,0,1,0,36.0,1,1,1.951,0
9.85,9,0,2,1,1,0,1,0,31.1,3,2,0.544,0
161.19,16,0,2,2,0,1,0,0,164.9,3,1,11.352,0
109.82,17,0,4,11,3,5,0,1,637.3,6,3,9.370,1
7.01,16,0,3,1,1,0,0,0,24.6,1,1,0.855,0
12.48,9,0,3,3,0,2,0,0,23.9,1,1,0.022,0
12.99,15,0,2,2,0,1,0,0,202.5,1,2,0.530,0
14.36,8,0,2,1,0,0,0,0,71.6,1,1,0.024,0
33.48,13,0,2,3,0,0,0,0,91.7,1,2,0.520,0
29.50,20,0,6,6,0,0,0,0,24.6,2,1,0.357,0
177.89,15,0,5,5,0,3,1,0,571.8,1,4,4.482,0
23.71,18,0,3,3,0,1,0,0,8.0,3,5,0.571,0
48.68,12,0,0,1,1,0,0,0,42.2,1,1,3.312,0
15.26,21,0,2,1,0,0,0,0,30.4,1,2,0.061,0
272.30,4,1,6,7,3,2,1,0,170.9,3,1,17.651,0
14.77,14,0,3,3,0,1,0,0,152.4,3,2,0.492,0
110.69,9,0,0,1,0,0,0,0,26.6,1,2,6.046,0
120.87,9,0,1,2,1,0,0,0,1.4,1,1,26.915,0
19.09,10,0,1,1,0,0,0,0,39.3,1,2,0.501,0
69.50,19,0,4,4,0,0,0,0,89.5,1,2,1.801,0
106.69,13,0,3,1,0,1,0,0,65.3,1,2,2.656,0
27.27,13,0,0,1,0,0,0,0,0.8,2,1,0.247,0
13.78,11,0,0,0,0,2,0,0,1.7,1,1,0.390,0
4.36,21,0,1,1,0,0,0,0,16.9,1,4,0.166,0
12.74,9,0,3,3,0,0,0,0,54.0,3,2,0.467,0
144.06,19,0,1,1,0,0,0,0,4.8,1,1,9.232,0
73.57,19,0,0,0,0,0,0,0,37.6,2,2,0.898,0
8.20,16,0,4,1,0,0,0,0,104.4,1,2,7.200,0
149.61,12,0,9,7,1,2,1,1,232.2,3,3,1.401,1
26.34,22,0,9,3,0,4,0,1,684.2,2,2,0.115,0
16.24,14,0,4,1,0,0,0,0,37.2,3,3,0.572,0
44.27,11,0,1,1,0,0,0,0,12.2,3,1,1.091,0
43.94,13,0,5,2,0,0,0,0,26.1,1,1,3.521,0
14.87,17,0,2,1,0,0,0,1,32.6,1,1,0.226,0
84.72,18,0,7,1,1,0,0,0,32.5,2,1,2.594,0
108.71,11,0,1,1,0,1,0,0,75.9,1,1,0.137,0
72.66,18,0,0,0,0,0,0,0,108.1,3,1,0.120,0
35.57,9,0,1,1,0,0,0,0,41.9,2,1,3.131,0
40.37,11,0,3,3,0,0,0,0,0.4,1,1,1.255,0
3.39,12,0,1,1,0,0,0,0,13.0,2,1,0.671,0
68.30,15,0,7,1,1,1,1,1,229.9,3,3,2.226,0
49.06,14,0,5,5,0,1,0,0,16.9,1,1,2.370,0
15.11,18,0,0,2,0,0,0,0,3.4,1,1,0.140,0
71.12,11,0,3,3,0,0,0,0,52.9,1,1,0.610,0
15.89,10,0,2,2,0,1,0,0,13.4,3,4,0.108,0
37.80,11,0,0,0,0,0,0,0,26.3,1,3,0.462,0
6.46,15,0,2,1,0,0,0,0,61.0,2,1,0.410,0
14.09,16,0,0,3,0,0,0,0,9.3,2,1,0.217,0
19.28,16,0,1,4,0,0,0,1,9.4,1,4,0.903,0
20.45,10,0,2,2,0,1,1,0,30.5,2,2,0.250,0
10.64,16,0,1,1,0,0,0,0,26.7,1,2,0.756,0
53.88,10,0,2,2,1,0,0,0,52.6,2,2,1.690,0
224.07,12,0,3,3,0,1,0,0,78.4,1,1,61.765,0
42.99,18,0,4,2,0,0,0,0,20.9,1,1,0.409,0
20.22,16,0,0,1,0,0,0,0,27.8,1,1,0.494,0
104.67,9,0,6,6,0,1,1,0,162.8,4,3,0.204,0
52.78,19,0,3,2,0,0,0,0,98.2,1,1,0.017,0
8.74,18,0,3,3,0,0,0,0,43.1,1,1,0.919,0
8.22,10,0,1,1,0,0,0,0,8.4,3,1,0.702,0
142.80,6,0,9,2,0,4,1,0,176.4,2,2,0.514,0
48.11,10,0,1,2,0,0,0,0,61.1,2,2,0.102,0
17.68,14,0,3,1,0,0,0,0,9.3,1,1,0.716,0
6.17,13,0,0,0,0,1,0,0,13.3,1,2,0.759,0
76.97,15,0,1,1,0,0,0,0,44.8,3,1,0.974,0
16.77,14,0,0,0,0,0,1,0,27.4,4,2,0.289,0
23.79,19,0,3,1,0,0,0,0,45.1,1,1,0.838,0
68.09,16,0,1,1,0,0,0,0,14.3,1,2,0.205,0
28.95,16,0,2,2,0,0,0,0,2.6,1,1,0.042,0
26.12,9,0,3,1,0,1,0,0,9.4,2,1,0.776,0
25.37,14,0,1,2,0,1,0,0,73.9,1,1,1.170,0
11.83,8,0,4,2,0,0,0,0,19.1,1,2,0.086,0
21.81,21,0,2,2,0,0,0,0,5.0,1,2,0.106,0
82.20,10,0,3,1,0,0,0,0,48.2,1,1,7.726,0
8.49,12,0,1,1,0,0,0,0,240.7,1,2,0.606,0
40.95,9,0,1,1,0,0,0,0,16.2,3,1,0.460,0
27.77,16,0,2,2,0,0,0,0,46.1,1,1,2.310,0
36.73,15,0,3,1,1,0,0,0,59.8,3,1,5.152,0
19.62,17,0,1,1,0,0,0,0,10.6,2,1,0.775,0
18.36,21,0,2,2,0,0,0,0,59.1,1,1,0.179,0
27.22,16,0,1,1,0,0,0,0,23.6,1,2,0.229,0
45.02,12,0,2,2,0,1,0,0,77.8,2,1,1.732,0
126.32,19,0,0,0,1,1,0,0,18.8,3,4,6.022,0
34.87,10,0,2,1,0,1,0,0,4.2,4,6,0.046,0
63.75,12,0,3,1,0,0,0,0,66.1,1,2,1.854,0
77.92,17,0,3,3,0,0,0,0,15.9,3,1,5.397,0
6.09,14,0,3,3,0,1,0,0,138.9,1,1,0.899,0
6.81,18,0,3,1,0,2,0,0,2.1,1,1,0.810,0
124.72,22,0,9,6,1,5,0,0,660.7,2,6,2.957,0
492.73,4,1,9,4,2,2,1,1,522.7,7,3,34.835,1
33.46,12,0,1,3,0,0,0,0,11.2,1,3,0.388,0
14.51,11,0,5,5,0,1,0,0,7.5,1,3,0.906,0
36.98,16,0,4,1,0,0,0,0,18.5,1,1,1.045,0
107.59,17,0,2,2,0,1,0,0,59.6,3,4,0.233,0
23.38,18,0,3,6,0,0,0,0,44.0,3,1,0.315,0
129.80,16,0,0,3,0,0,0,0,188.6,2,1,7.511,0
17.67,13,0,1,2,0,0,0,0,223.5,1,1,0.661,0
12.16,17,0,0,1,0,0,0,0,61.4,3,2,0.363,0
93.43,11,0,1,2,0,0,0,0,29.3,1,1,3.405,0
15.59,12,0,5,1,0,1,0,0,20.4,1,1,0.666,0
18.48,20,0,1,1,0,0,0,1,4.3,1,1,0.714,0
14.26,14,0,5,1,0,0,0,0,23.8,4,1,0.449,0
38.50,18,0,3,3,0,0,1,0,89.3,2,2,1.048,0
62.51,19,0,3,1,0,0,1,0,40.8,1,2,5.884,0
4.22,17,0,0,3,0,0,0,0,84.7,1,1,0.548,0
22.36,19,0,1,2,0,0,0,0,11.1,2,1,0.604,0
30.81,20,0,2,2,0,0,0,0,18.8,3,2,0.625,0
9.24,18,0,2,2,0,0,0,0,97.5,1,1,0.674,0
55.10,20,0,3,2,0,2,0,0,59.7,1,1,3.693,0
96.48,10,0,0,0,0,0,0,0,36.8,4,1,10.882,0
35.55,15,0,1,1,0,0,0,0,7.3,1,2,1.289,0
17.54,9,0,3,1,0,1,0,0,129.7,1,1,0.267,0
16.78,11,0,1,1,1,0,0,0,92.4,2,2,1.746,0
45.32,16,0,3,3,0,1,0,0,36.9,1,3,0.098,0
60.81,20,0,3,3,0,0,0,0,8.3,2,1,0.871,0
19.94,17,0,1,1,0,0,0,0,61.0,1,2,0.299,0
11.28,16,0,1,1,0,0,0,0,20.1,1,2,0.600,0
30.54,15,0,1,1,0,0,0,0,24.9,1,2,1.208,0
9.01,14,0,1,2,1,0,0,0,56.5,2,1,0.896,0
65.46,16,0,1,1,0,0,0,0,58.6,1,1,0.479,0
16.45,17,0,3,4,0,1,0,0,155.6,3,2,1.996,0
63.20,15,0,0,1,0,1,0,0,51.8,1,1,2.519,0
48.39,12,0,1,1,0,1,0,0,27.6,1,4,0.466,0
31.50,19,0,1,1,0,0,0,0,88.4,1,3,0.130,0
98.04,9,0,6,4,0,4,0,0,53.3,2,1,22.399,0
11.97,13,0,3,3,0,0,0,0,53.7,1,5,0.240,0
131.04,16,0,1,1,0,0,0,0,27.9,5,1,1.851,0
17.00,20,0,3,1,0,0,0,0,9.3,3,1,0.527,0
10.16,15,0,1,1,0,0,0,0,98.3,1,1,0.708,0
57.84,12,0,0,1,0,0,1,0,2.8,3,2,2.900,0
8.58,9,0,7,4,0,0,0,0,77.0,1,2,0.418,0
28.81,19,0,2,2,0,2,0,0,4.9,1,1,0.079,0
111.05,13,0,1,1,0,0,0,0,5.5,1,1,1.433,0
9.61,20,0,2,2,1,0,0,0,29.0,1,1,0.553,0
80.68,14,0,2,2,0,0,0,0,11.1,1,1,0.365,0
3.67,21,0,3,2,0,0,0,0,14.0,2,2,0.769,0
244.81,15,0,7,7,1,4,1,1,391.2,6,5,6.715,1
7.68,20,0,3,3,0,0,0,0,126.9,1,4,0.824,0
15.24,18,0,3,1,0,1,0,0,18.5,3,2,0.673,0
61.08,9,0,2,2,0,0,0,0,108.9,2,1,0.016,0
74.39,8,0,3,1,0,0,0,0,30.1,1,1,1.724,0
92.57,19,0,4,4,0,0,0,0,59.4,1,1,6.045,0
3.54,15,0,3,4,0,0,1,0,0.1,3,2,0.590,0
12.27,17,0,1,1,0,1,1,1,40.6,1,1,0.038,0
65.11,12,0,3,1,0,0,0,0,8.7,1,2,0.705,0
9.13,9,0,2,3,0,0,0,0,2.9,1,3,0.369,0
12.28,20,0,2,2,0,0,0,0,155.8,1,1,0.766,0
14.40,19,0,3,3,0,0,0,0,140.2,1,2,0.518,0
41.90,14,0,2,3,0,1,0,0,8.7,4,3,2.597,0
19.36,10,0,3,2,0,1,0,0,2.9,1,1,0.770,0
18.79,14,0,5,2,0,0,0,1,105.2,1,1,0.299,0
54.59,14,0,2,1,0,0,0,0,97.5,3,1,1.937,0
15.32,16,0,4,4,0,0,0,0,31.1,1,1,0.387,0
29.65,17,0,2,1,0,0,0,0,4.3,1,3,1.031,0
49.50,18,0,4,4,0,0,0,0,5.1,2,2,5.314,0
20.49,11,0,2,1,0,0,0,0,19.1,1,3,1.454,0
59.99,14,0,2,2,0,0,0,0,67.9,1,4,0.363,0
29.40,19,0,4,4,0,4,0,0,1.2,1,1,0.326,0
96.71,14,0,1,1,0,0,0,0,17.2,6,2,0.576,0
52.46,3,1,3,3,0,3,0,0,312.2,2,10,4.914,0
8.36,18,0,6,2,0,0,0,1,20.2,1,1,0.873,0
39.31,20,0,5,5,0,4,1,1,358.1,4,3,1.382,0
235.47,15,0,18,7,0,4,0,1,627.1,7,6,28.471,1
5.67,19,0,1,3,0,0,0,0,57.4,3,1,0.503,0
65.06,12,0,1,1,0,0,0,0,3.3,1,1,1.395,0
23.29,16,0,1,2,0,0,0,0,16.6,1,3,0.132,0
43.34,16,0,0,0,1,0,0,0,17.4,1,3,0.286,0
17.44,18,0,0,2,0,0,0,0,73.3,1,1,0.664,0
28.74,9,0,0,0,0,0,0,0,101.0,1,1,0.375,0
171.98,23,1,8,6,1,2,1,0,41.4,1,1,2.847,0
31.01,11,0,0,0,0,1,0,0,83.3,1,3,0.074,0
18.34,21,0,1,1,0,0,0,0,17.0,1,1,0.638,0
34.65,12,0,0,1,0,0,0,0,157.5,3,2,1.931,0
38.02,14,0,5,5,0,0,0,0,51.2,1,1,0.855,0
72.52,14,0,1,3,0,1,0,0,50.5,1,2,3.933,0
124.30,21,0,2,2,0,1,0,0,12.6,2,2,3.546,0
6.83,11,0,3,1,0,0,0,0,21.7,1,2,0.801,0
79.37,12,0,2,1,0,0,0,0,5.2,1,1,10.553,0
6.03,13,0,2,1,1,1,0,0,50.7,1,3,0.288,0
42.09,10,0,2,2,0,1,0,0,59.6,1,1,4.466,0
142.57,10,0,3,3,0,1,0,0,48.0,1,1,0.668,0
35.63,20,0,2,2,0,0,0,0,76.5,1,1,0.441,0
116.62,20,0,2,2,2,1,0,0,30.5,1,3,41.562,0
44.36,18,0,2,2,1,1,0,0,30.1,1,4,0.048,0
26.05,16,0,2,1,0,1,0,0,31.9,1,3,0.298,0
44.50,18,0,2,1,0,0,0,0,68.5,6,3,0.126,0
8.50,13,0,1,3,0,0,0,0,71.0,2,2,0.428,0
705.30,10,0,5,1,0,1,1,0,41.4,2,1,16.562,0
74.72,18,0,3,3,0,0,0,0,12.7,2,4,4.851,0
32.85,12,0,3,3,0,0,0,0,56.4,2,1,0.045,0
73.92,12,0,2,2,0,0,0,0,2.1,1,1,7.556,0
67.72,20,0,0,1,0,1,0,0,61.4,2,2,0.733,0
25.98,15,0,1,2,1,0,0,0,4.1,1,2,0.014,0
19.28,10,0,3,1,0,0,0,0,42.6,1,1,0.810,0
11.34,17,0,1,2,0,0,0,0,19.5,1,5,0.524,0
25.78,11,0,2,1,0,0,0,0,170.6,1,1,0.389,0
45.73,13,0,5,5,0,0,0,0,128.4,1,4,0.226,0
17.51,18,0,0,1,0,1,0,0,30.2,1,1,0.811,0
10.31,9,0,4,1,0,1,0,0,45.2,2,1,0.606,0
28.49,11,0,2,1,0,0,0,0,115.7,1,2,2.267,0
120.74,11,0,5,4,0,2,0,0,673.1,3,5,0.086,0
5.21,14,0,6,1,0,0,0,0,11.8,3,1,0.927,0
122.89,17,0,2,3,0,0,0,0,14.0,2,3,3.432,0
28.65,10,0,0,0,0,1,0,0,71.8,3,1,0.533,0
16.60,9,0,0,1,0,1,0,0,33.3,1,3,0.422,0
9.96,15,0,2,2,0,0,0,1,83.3,1,2,0.658,0
120.97,12,0,3,1,0,0,0,0,6.3,1,2,1.240,0
8.26,13,0,4,3,0,1,0,0,16.1,1,2,0.462,0
85.82,3,1,7,3,1,0,0,1,115.7,6,6,8.979,1
53.68,10,0,0,2,0,1,0,0,21.3,2,1,1.668,0
12.09,15,0,2,2,0,0,0,0,1.6,3,1,0.564,0
16.64,14,0,1,1,0,1,0,0,8.0,3,1,0.596,0
60.56,14,0,2,2,0,1,0,0,27.1,2,1,2.184,0
38.53,9,0,5,5,0,1,0,0,5.4,1,1,1.484,0
100.97,10,0,2,2,0,0,0,0,98.7,1,1,1.051,0
23.46,17,0,3,1,0,0,0,0,14.6,1,2,0.893,0
16.63,11,0,3,1,0,0,0,0,32.4,1,1,0.764,0
41.78,18,0,1,1,0,1,0,0,36.9,1,1,0.746,0
14.44,12,0,1,2,0,0,0,0,60.6,2,3,0.704,0
17.04,13,0,3,1,0,1,0,0,41.5,1,4,0.707,0
6.47,13,0,1,1,0,0,0,0,61.1,1,2,0.231,0
26.57,15,0,4,1,0,0,0,0,43.9,1,1,0.839,0
19.35,16,0,1,2,0,1,0,0,144.5,1,3,0.553,0
3.85,12,0,3,1,0,0,0,0,80.7,1,1,0.847,0
39.73,11,0,0,2,0,0,0,0,184.0,1,1,0.367,0
28.05,14,0,2,1,0,0,0,0,66.4,1,1,1.185,0
11.02,15,0,1,1,0,0,0,0,58.6,1,1,0.036,0
71.56,18,0,0,1,0,0,0,0,27.6,1,2,0.185,0
20.79,21,0,2,2,0,0,0,0,110.2,1,1,0.510,0
38.46,10,0,3,1,0,0,0,0,12.9,2,2,0.157,0
59.92,19,0,5,1,0,1,0,0,63.3,4,1,0.586,0
46.04,10,0,1,2,0,0,0,0,15.5,1,2,0.244,0
16.40,3,1,4,2,0,0,0,0,466.9,4,1,0.098,0
27.32,20,0,2,1,0,0,1,0,21.1,1,1,1.382,0
14.61,19,0,0,1,0,0,0,0,13.2,1,1,0.240,0
29.47,17,0,4,4,0,2,0,0,3.9,1,1,0.584,0
37.25,15,0,0,2,0,0,0,0,1.5,1,3,1.023,0
8.14,11,0,2,1,0,1,0,0,40.3,2,1,0.513,0
60.06,12,0,3,3,0,0,0,0,52.1,2,2,2.691,0
134.81,9,0,0,0,1,0,0,0,32.6,1,1,27.027,0
30.35,20,0,2,2,0,0,0,0,24.6,2,3,0.104,0
41.95,14,0,1,1,0,0,0,0,59.7,2,2,9.593,0
33.04,8,0,2,2,0,1,0,0,28.9,1,3,0.564,0
26.64,11,0,3,1,0,0,0,0,43.9,1,1,0.754,0
13.51,13,0,1,1,0,0,0,0,177.4,1,1,0.824,0
35.34,5,1,1,2,0,0,1,0,293.8,5,4,0.133,0
24.97,16,0,3,3,0,1,0,0,12.7,1,3,0.657,0
2.45,17,0,0,2,0,0,0,0,5.7,1,1,0.929,0
37.60,14,0,3,1,0,0,1,0,195.7,4,2,0.157,0
31.20,16,0,1,1,0,0,0,0,47.5,1,1,2.506,0
31.25,13,0,4,2,0,1,0,0,1.7,1,1,6.135,0
22.62,21,0,1,3,0,0,0,1,11.8,1,3,0.757,0
16.18,16,0,1,1,0,1,0,0,197.1,1,1,0.178,0
14.46,13,0,2,1,0,0,0,0,80.2,1,1,0.423,0
62.61,12,0,2,1,0,0,0,0,1.9,2,2,3.676,0
4.07,8,0,4,2,0,0,1,0,15.9,1,2,0.670,0
76.87,9,0,1,1,0,0,0,0,151.5,3,3,1.626,0
103.60,17,0,2,1,0,0,0,0,5.8,2,5,1.841,0
2.21,16,0,1,1,0,0,0,0,46.5,1,1,0.925,0
20.44,8,0,3,1,0,1,0,0,22.2,1,1,1.333,0
8.35,18,0,1,2,0,0,0,0,57.9,1,2,0.189,0
60.20,17,0,1,1,0,0,0,0,12.9,1,2,1.636,0
51.19,10,0,2,2,0,0,0,0,46.0,2,1,3.645,0
72.54,8,0,4,3,0,0,0,0,29.3,1,2,0.708,0
32.86,21,0,2,2,0,0,0,0,40.3,1,1,1.725,0
11.70,15,0,2,1,0,1,0,0,68.3,2,1,0.674,0
46.49,14,0,2,2,0,1,0,0,41.7,1,2,2.093,0
6.82,15,0,1,1,0,0,0,0,88.0,1,4,0.897,0
22.44,13,0,1,1,0,0,1,0,52.6,1,2,2.534,0
31.28,15,0,1,2,0,1,0,0,8.6,2,3,0.018,0
17.56,9,0,0,0,0,0,0,0,39.4,2,2,0.235,0
7.45,17,0,2,1,0,0,0,1,22.9,2,2,0.948,0
36.26,15,0,2,2,0,0,0,0,17.9,2,2,0.415,0
179.22,15,0,6,6,0,1,0,0,10.2,2,1,6.276,0
44.32,18,0,1,1,0,0,1,0,8.1,1,1,9.189,0
85.34,19,0,4,4,0,0,0,0,26.4,2,2,0.068,0
24.19,12,0,1,1,0,0,0,0,74.5,1,1,0.398,0
55.92,20,0,4,1,0,1,0,0,61.1,2,1,0.088,0
22.12,16,0,0,0,0,0,0,0,116.7,1,3,0.113,0
34.61,17,0,3,1,0,0,0,0,17.6,1,1,0.599,0
25.85,13,0,4,5,1,2,1,0,63.4,1,3,0.713,0
55.68,15,0,3,3,0,1,1,0,55.5,2,3,0.017,0
27.28,19,0,1,1,0,0,0,0,10.7,1,1,0.082,0
21.09,15,0,0,1,0,0,0,0,2.8,1,5,0.402,0
11.00,10,0,2,2,0,0,0,0,5.0,1,1,0.677,0
40.37,12,0,4,3,0,0,0,0,24.1,1,1,0.066,0
41.60,18,0,3,4,0,0,0,0,3.0,1,1,1.262,0
18.24,12,0,2,2,0,0,0,0,58.2,2,1,0.724,0
84.21,14,0,2,2,0,0,0,0,2.4,1,1,4.526,0
21.06,20,0,1,3,0,0,0,0,15.0,1,1,0.492,0
15.01,10,0,5,5,0,0,0,0,7.9,1,1,0.234,0
31.25,13,0,2,2,0,2,0,0,0.8,1,3,0.222,0
10.72,12,0,5,3,0,0,0,0,12.6,1,2,0.591,0
100.41,15,0,4,1,0,0,0,0,10.3,1,5,4.355,0
59.89,17,0,1,1,0,0,0,0,107.6,2,2,3.453,0
17.91,18,0,2,2,0,0,0,0,2.7,1,1,0.407,0
23.07,13,0,2,2,0,1,0,0,1.1,2,3,1.486,0
16.32,17,0,0,1,0,0,0,0,76.1,1,1,0.768,0
28.86,16,0,2,2,0,0,0,1,2.5,1,2,0.755,0
25.41,9,0,2,1,0,2,0,0,0.2,1,1,1.271,0
5.11,20,0,4,4,0,1,0,0,60.9,1,3,0.823,0
61.77,15,0,3,3,1,0,0,0,16.7,1,2,0.366,0
73.71,8,0,0,1,0,0,0,0,53.9,1,1,0.137,0
82.14,11,0,4,2,0,2,0,0,353.9,3,3,5.075,0
150.82,18,0,1,2,0,0,0,0,40.0,1,3,5.925,1
979.32,2,1,2,5,1,0,1,0,190.4,4,6,53.166,0
103.67,19,0,1,2,0,0,0,0,64.4,1,1,4.795,0
44.26,20,0,2,2,0,0,0,0,36.6,1,1,0.142,0
33.76,15,0,4,1,0,1,0,0,70.1,3,1,0.469,0
104.84,17,0,2,2,0,0,1,0,11.8,1,2,3.357,0
12.42,10,0,1,1,0,0,0,0,2.8,1,3,0.762,0
20.49,14,0,2,2,0,1,0,0,28.9,2,1,0.220,0
53.69,12,0,2,1,0,0,0,0,51.5,2,1,0.375,0
47.10,17,0,1,1,0,0,0,0,19.1,1,1,0.114,0
49.35,12,0,0,0,0,1,0,0,66.3,2,1,0.961,0
145.86,18,0,3,7,1,2,0,1,230.8,3,5,18.142,0
87.37,17,0,1,1,0,0,0,0,25.1,2,2,0.153,0
2.61,8,0,2,1,0,1,0,0,19.7,3,2,0.679,0
23.03,9,0,1,1,0,0,1,0,53.7,1,1,2.763,0
39.18,2,1,2,5,0,1,0,0,131.1,1,6,2.389,0
32.65,8,0,1,1,0,0,0,0,44.5,4,1,0.561,0
37.66,18,0,0,0,0,0,0,0,49.9,1,1,0.383,0
18.29,17,0,3,2,1,1,0,0,5.8,1,2,0.509,0
23.11,14,0,3,3,1,0,0,0,54.8,1,2,0.859,0
24.75,17,0,2,3,0,1,0,0,27.9,1,5,0.116,0
16.33,14,0,4,1,0,0,0,1,0.9,1,1,0.089,0
211.09,10,0,0,1,0,0,0,0,50.1,3,1,20.430,0
32.65,13,0,2,1,0,1,0,0,47.2,1,1,0.218,0
88.36,21,0,4,3,1,1,0,0,3.5,2,5,1.336,0
39.41,12,0,0,1,0,1,0,0,124.7,1,2,0.620,0
18.99,19,0,1,3,0,0,0,0,47.7,1,1,0.644,0
31.55,8,0,1,1,0,0,0,0,10.2,1,1,0.297,0
18.03,14,0,0,0,0,0,0,0,69.7,1,1,0.381,0
4.40,14,0,4,4,0,0,0,0,15.2,1,1,0.924,0
66.09,15,0,2,6,0,3,0,1,79.8,3,3,2.851,0
28.73,10,0,3,1,0,0,0,0,222.8,1,2,0.210,0
35.47,11,0,0,0,0,0,0,0,5.1,1,1,2.710,0
56.68,9,0,4,1,0,0,0,0,23.0,1,1,0.156,0
27.07,13,0,0,1,0,3,0,0,2.2,2,2,0.212,0
17.54,15,0,2,1,0,0,0,0,65.4,1,2,0.449,0
13.41,14,0,1,1,0,0,0,0,169.8,1,1,0.468,0
6.86,14,0,3,3,0,1,0,0,74.0,1,1,0.499,0
51.17,11,0,5,3,1,1,0,0,28.9,1,4,3.528,0
55.50,20,0,2,2,0,0,0,0,55.4,1,1,3.090,0
7.94,9,0,1,2,0,0,0,0,46.9,1,1,0.874,0
49.65,15,0,4,4,0,0,0,1,5.1,1,2,0.369,0
54.15,11,0,5,2,1,1,0,0,58.0,4,5,8.086,0
105.89,19,0,3,3,0,1,0,0,127.7,3,1,6.013,0
102.27,0,1,8,4,0,3,1,1,413.6,1,8,1.846,1
22.39,18,0,1,1,0,1,0,0,25.1,1,3,0.652,0
60.39,9,0,3,3,0,0,1,0,136.9,4,3,0.208,0
66.47,17,0,4,4,0,0,1,0,55.3,1,2,0.328,0
21.61,11,0,1,1,0,0,0,0,12.5,2,1,0.149,0
29.48,19,0,3,1,0,0,0,1,17.0,1,1,0.400,0
64.74,18,0,3,2,0,1,0,0,38.4,1,2,0.469,0
62.70,17,0,1,1,0,0,0,0,21.3,2,3,0.751,0
14.22,13,0,0,2,0,0,0,0,29.3,2,1,0.642,0
33.64,18,0,1,1,0,0,0,0,42.5,1,1,0.141,0
13.26,16,0,0,1,0,1,0,0,8.5,1,3,0.549,0
175.64,17,0,9,8,2,2,1,1,401.5,7,8,6.683,1
3.11,12,0,5,1,0,0,0,0,36.1,1,1,0.976,0
49.88,17,0,2,1,0,0,0,0,93.3,2,2,4.868,0
26.97,14,0,1,2,0,1,0,0,27.4,1,2,0.169,0
13.71,13,0,5,2,0,0,0,1,33.5,1,1,0.378,0
6.40,11,0,3,3,0,1,0,0,9.1,3,1,0.426,0
33.77,9,0,2,2,0,1,1,0,106.2,1,2,0.216,0
22.80,18,0,1,1,0,0,0,0,124.9,2,2,0.878,0
32.61,13,0,1,3,0,0,0,0,66.1,1,3,0.543,0
13.26,9,0,1,1,0,0,0,0,5.9,1,2,0.527,0
81.43,19,0,0,1,0,0,0,0,13.1,1,1,0.113,0
33.51,11,0,0,0,0,0,0,0,36.0,2,2,0.529,0
126.48,19,0,1,2,0,0,0,0,13.7,1,1,0.032,0
41.93,11,0,2,2,0,0,0,0,8.7,1,2,1.252,0
15.99,20,0,2,2,0,0,0,0,107.3,2,3,0.040,0
8.66,17,0,0,2,0,0,0,0,45.0,1,1,0.433,0
12.67,10,0,2,2,0,0,0,0,3.8,2,1,0.384,0
6.85,17,0,2,2,0,0,0,0,9.0,1,4,0.497,0
49.70,16,0,2,2,0,0,0,0,7.7,2,3,0.799,0
22.19,10,0,2,1,0,0,0,0,159.6,1,2,0.441,0
4.55,18,0,1,1,0,1,0,0,182.0,1,1,0.918,0
44.24,8,0,2,2,1,0,0,0,29.7,1,1,7.743,0
11.80,9,0,3,3,0,0,0,0,32.3,2,1,0.159,0
80.16,5,1,4,1,0,3,0,0,98.3,4,2,1.065,0
44.90,15,0,0,2,0,0,0,0,149.7,3,3,2.511,0
95.83,14,0,3,3,0,0,0,0,58.6,1,1,6.141,0
30.75,13,0,4,1,1,0,0,0,19.0,2,4,0.522,0
28.59,8,0,2,2,0,0,0,0,8.0,2,2,0.236,0
965.46,23,1,4,3,1,1,1,0,38.2,1,6,32.663,0
10.21,20,0,4,1,1,1,0,0,63.6,1,1,0.647,0
66.94,20,0,0,1,1,1,0,0,22.5,4,1,0.844,0
20.36,21,0,2,2,0,0,0,0,80.5,1,1,0.722,0
7.22,10,0,1,1,0,0,0,0,10.4,1,1,0.848,0
44.65,20,0,1,1,1,1,0,0,105.7,1,1,0.492,0
13.86,10,0,2,2,0,0,0,0,24.4,4,4,0.184,0
7.76,18,0,5,5,0,2,0,0,77.9,2,1,0.425,0
37.50,21,0,4,1,0,0,0,0,38.7,1,1,0.489,0
49.23,13,0,1,1,0,1,0,0,3.3,1,1,5.689,0
9.44,11,0,3,1,0,0,0,0,35.5,1,1,0.764,0
9.28,15,0,3,2,0,0,0,0,15.8,1,1,0.426,0
19.18,19,0,4,1,0,0,0,0,29.1,3,1,0.610,0
34.45,14,0,2,6,0,1,0,0,58.4,1,4,0.051,0
97.11,5,1,4,6,3,0,1,1,50.0,4,3,3.230,1
28.03,12,0,0,2,0,1,0,0,42.7,2,2,2.535,0
50.34,13,0,2,3,0,0,0,0,13.0,3,2,0.282,0
17.74,9,0,1,2,0,0,0,1,5.0,1,2,0.252,0
25.57,14,0,2,1,0,2,0,0,20.6,3,1,0.769,0
8.25,17,0,2,2,0,0,0,0,24.8,1,1,0.488,0
22.38,17,0,1,3,0,2,0,0,17.5,2,3,1.068,0
16.48,10,0,4,1,0,0,0,0,24.3,2,3,0.252,0
209.96,4,1,5,3,0,2,0,0,163.7,5,8,5.216,0
57.14,13,0,5,3,1,0,0,0,120.9,2,3,2.033,1
22.10,10,0,2,1,0,1,0,0,17.4,1,1,0.275,0
11.35,18,0,2,1,0,0,0,0,102.2,1,1,0.248,0
53.76,15,0,1,2,0,0,0,0,36.7,1,2,2.192,0
9.46,14,0,0,1,0,0,0,0,17.9,1,1,0.729,0
16.15,9,0,2,1,0,1,0,0,38.3,1,1,0.248,0
80.66,18,0,2,1,0,0,0,0,1.3,1,1,2.416,0
10.06,19,0,1,1,0,1,0,0,21.4,2,1,0.896,0
73.13,4,1,3,2,1,2,1,0,23.8,1,5,0.243,0
262.15,6,0,1,9,0,2,0,1,346.6,3,1,12.981,0
111.69,9,0,7,5,0,3,1,0,410.2,4,2,2.026,0
53.53,12,0,1,1,0,2,0,0,146.3,1,1,2.641,0
74.19,21,0,1,3,0,0,0,0,43.4,1,1,0.505,0
15.76,14,0,2,1,0,1,0,0,17.1,2,1,0.768,0
53.91,18,0,1,2,0,0,0,0,49.4,1,1,4.651,0
24.02,18,0,2,2,0,0,0,0,41.5,1,1,1.806,0
24.37,12,0,3,3,0,1,0,0,4.5,1,4,0.094,0
15.89,19,0,3,1,0,0,0,0,52.5,1,1,0.245,0
42.47,14,0,4,4,0,1,1,0,153.1,1,1,0.405,0
62.43,14,0,3,3,0,1,0,0,134.1,2,1,3.978,0
33.55,17,0,1,1,0,0,0,0,67.9,1,1,0.843,0
7.14,17,0,6,1,0,0,0,0,7.5,3,1,0.819,0
29.29,20,0,4,4,0,0,0,0,70.6,1,1,1.227,0
166.09,18,0,6,3,0,0,0,1,13.4,5,1,25.574,0
53.23,20,0,6,1,1,0,0,0,73.4,2,2,11.674,0
55.27,16,0,2,2,0,1,0,0,73.7,1,3,5.067,0
8.28,10,0,1,1,0,0,0,0,18.0,1,1,0.712,0
17.25,20,0,3,1,0,0,0,0,25.5,1,2,0.217,0
27.46,18,0,2,2,0,1,0,0,10.3,2,3,0.790,0
56.89,19,0,0,2,0,0,0,0,21.4,1,1,0.520,0
84.03,16,0,0,2,0,0,0,0,6.8,1,1,5.690,0
27.89,19,0,1,1,0,0,0,0,34.5,1,1,0.042,0
37.13,11,0,2,2,0,1,0,0,16.8,1,1,0.036,0
32.41,9,0,2,2,0,1,0,1,22.7,2,1,2.212,0
88.08,14,0,5,7,0,3,1,1,10.0,3,3,3.764,0
2.65,18,0,1,1,0,0,0,0,74.8,1,1,0.890,0
26.37,6,0,6,3,0,2,0,1,541.1,4,3,1.011,0
30.97,15,0,3,3,0,0,0,0,0.6,1,1,0.642,0
14.69,17,0,1,1,0,0,0,0,53.7,1,2,0.710,0
509.24,9,0,2,4,0,0,0,1,10.0,3,1,19.224,0
99.65,15,0,2,1,1,0,0,0,39.6,1,1,15.664,0
18.70,15,0,2,2,0,0,0,1,41.3,1,1,0.109,0
108.32,8,0,3,2,0,4,0,0,99.5,3,3,2.453,0
11.94,21,0,2,2,0,1,0,0,106.9,2,1,0.781,0
29.65,18,0,1,1,0,2,0,0,33.1,1,1,0.215,0
216.16,15,0,0,0,0,1,0,1,30.1,1,1,3.125,0
16.73,17,0,3,1,0,0,0,0,8.2,1,1,0.337,0
30.07,17,0,4,2,0,4,1,0,179.3,4,3,0.404,0
21.73,14,0,4,4,0,1,0,0,7.5,1,3,0.900,0
15.26,16,0,1,1,0,0,0,0,60.3,1,1,0.535,0
18.50,11,0,0,1,1,1,0,0,66.0,1,1,0.703,0
363.01,15,0,4,4,0,4,0,1,27.8,4,2,10.412,0
167.20,9,0,1,1,0,0,0,0,53.9,2,1,3.267,0
153.05,12,0,3,1,0,0,0,0,76.5,1,3,8.083,0
36.98,14,0,0,2,0,1,0,0,90.0,3,1,0.103,0
28.56,9,0,2,1,0,0,0,0,61.3,1,1,8.882,0
259.82,2,1,7,6,0,2,0,0,84.4,6,2,7.097,0
13.27,16,0,2,2,0,0,0,0,165.0,1,4,0.424,0
9.28,19,0,1,1,0,0,0,0,16.8,1,2,2.104,0
20.58,8,0,2,2,0,0,0,0,191.1,1,3,0.845,0
11.13,18,0,1,1,0,0,0,0,1.9,1,2,0.345,0
62.11,18,0,5,5,0,0,0,0,41.2,3,1,0.133,0
37.87,16,0,1,1,0,1,0,0,5.0,2,1,0.458,0
6.16,9,0,1,1,0,0,0,0,78.5,1,1,0.926,0
23.44,21,0,3,1,0,1,1,0,32.0,1,1,1.518,0
56.28,16,0,2,2,0,0,0,0,10.7,3,2,3.706,0
37.42,19,0,0,0,0,0,0,0,23.9,1,1,0.614,0
20.01,17,0,2,1,0,0,0,0,32.0,2,1,0.356,0
25.53,17,0,4,1,0,0,0,0,8.9,2,1,0.705,0
57.67,15,0,2,1,0,1,0,0,136.7,2,4,1.869,0
21.48,16,0,2,2,0,2,0,0,3.3,1,3,0.335,0
73.96,14,0,6,4,1,3,0,0,154.7,4,7,0.207,0
31.05,17,0,2,1,0,0,0,0,7.5,1,3,0.370,0
7.78,15,0,0,0,0,0,0,0,20.7,1,3,0.922,0
49.97,14,0,2,2,0,0,0,0,66.9,1,1,0.632,0
26.75,21,0,0,1,1,0,0,0,9.0,1,1,0.453,0
11.48,18,0,5,5,0,0,0,0,19.7,1,1,0.364,0
21.72,15,0,2,2,0,0,0,0,17.2,1,2,0.611,0
50.57,12,0,3,3,0,1,0,0,16.2,2,1,0.444,0
59.22,15,0,0,4,0,1,0,0,79.7,1,1,2.860,0
5.84,8,0,1,1,0,0,0,0,59.8,1,4,0.425,0
40.14,19,0,1,3,0,0,0,0,28.3,1,2,0.413,0
607.57,15,0,4,3,0,1,0,0,16.2,2,1,13.469,0
30.10,8,0,3,3,0,0,0,0,7.0,1,1,0.593,0
30.43,10,0,2,2,0,0,0,0,20.0,1,2,1.144,0
117.77,6,0,4,5,0,3,1,0,474.6,2,5,0.718,0
63.17,19,0,1,1,0,1,0,0,81.8,2,1,0.229,0
12.72,15,0,0,1,0,0,0,0,139.4,2,2,0.612,0
253.16,12,0,6,9,5,3,1,1,653.4,5,4,5.667,1
17.25,14,0,0,1,0,1,0,0,49.2,1,1,0.283,0
13.89,19,0,1,1,0,2,0,0,95.4,3,1,0.608,0
8.62,9,0,1,1,0,0,0,0,1.4,1,1,0.098,0
14.15,14,0,2,1,0,1,1,0,9.0,1,3,0.612,0
29.57,15,0,2,2,0,1,0,0,0.8,1,2,0.531,0
100.88,19,0,1,1,0,0,0,0,105.9,3,1,3.083,0
19.17,15,0,6,1,0,0,0,0,141.1,2,1,0.040,0
12.32,11,0,3,1,0,0,0,0,48.6,1,1,0.811,0
144.80,1,1,5,5,2,2,1,0,269.2,3,9,11.724,1
3.68,21,0,3,3,0,2,0,0,6.5,1,1,0.916,0
20.43,12,0,1,1,0,0,1,0,10.9,1,1,1.421,0
21.30,22,0,5,3,1,0,0,1,173.1,3,3,0.183,0
163.13,6,0,5,5,0,3,1,1,61.1,1,3,2.776,0
30.73,13,0,0,1,0,1,0,0,81.5,1,1,2.377,0
42.77,21,0,3,4,0,0,0,0,17.7,3,1,2.792,0
40.02,21,0,3,2,0,1,0,0,6.9,1,1,2.159,0
13.81,10,0,1,1,0,0,0,0,7.5,1,1,0.653,0
21.69,20,0,0,0,0,0,0,0,1.4,1,1,0.197,0
116.24,16,0,10,5,4,3,1,1,578.7,2,6,2.223,1
66.79,14,0,4,1,0,0,0,0,12.7,2,1,0.151,0
12.22,11,0,2,1,0,0,0,0,54.3,1,2,0.573,0
36.38,14,0,2,5,0,2,0,0,291.8,2,2,0.592,0
19.37,19,0,2,2,0,0,0,0,58.9,3,2,1.189,0
57.71,20,0,1,1,0,0,0,0,52.5,1,3,0.658,0
184.69,7,0,6,4,0,0,0,0,57.5,3,1,0.846,0
25.82,21,0,2,1,0,0,0,0,31.3,1,1,0.119,0
10.88,11,0,2,2,0,0,0,0,11.1,1,3,0.563,0
62.48,9,0,0,2,0,0,0,0,23.2,4,1,2.467,0
12.12,20,0,0,0,0,1,0,0,15.1,1,3,0.572,0
50.15,20,0,2,1,0,1,0,0,29.1,1,1,1.297,0
42.78,17,0,3,2,0,1,0,0,7.6,2,2,0.668,0
11.11,9,0,4,1,0,0,0,0,72.5,2,3,0.560,0
45.89,11,0,4,1,0,0,0,0,24.1,2,1,0.220,0
18.73,15,0,1,1,0,0,0,0,26.8,1,3,0.649,0
35.76,13,0,6,3,0,1,0,1,139.7,6,3,1.144,0
28.76,18,0,3,3,0,0,0,0,12.7,1,1,1.041,0
8.66,19,0,2,2,0,0,0,0,27.6,1,1,0.751,0
51.72,16,0,0,1,0,0,0,0,41.9,1,1,1.334,0
11.26,17,0,4,2,0,0,1,0,31.4,3,1,1.502,0
13.71,9,0,1,2,0,0,0,0,14.3,1,1,0.617,0
64.30,14,0,1,1,0,0,1,0,104.6,1,3,1.001,0
157.08,14,0,2,1,0,0,0,0,110.2,1,1,7.875,0
36.57,17,0,0,2,0,0,0,0,33.6,1,1,5.836,0
10.63,19,0,2,1,0,1,0,0,56.2,3,2,0.074,0
36.37,14,0,0,1,0,0,0,0,16.2,1,3,2.396,0
39.09,19,0,3,2,0,0,0,0,9.0,1,4,0.343,0
27.80,20,0,2,1,0,0,0,0,146.4,3,1,0.485,0
25.09,14,0,3,1,0,0,0,0,30.5,2,1,1.484,0
1018.50,1,1,6,3,1,1,0,0,679.8,1,5,13.107,0
17.81,20,0,2,2,0,0,0,0,9.0,1,1,0.025,0
4.51,19,0,2,1,0,0,0,1,20.7,4,2,0.376,0
58.27,11,0,3,1,0,0,0,0,3.2,2,1,3.174,0
19.05,15,0,2,2,0,0,0,0,107.0,2,1,0.944,0
11.51,18,0,3,3,0,1,0,0,33.3,2,1,0.144,0
13.35,10,0,1,1,0,0,0,0,13.8,1,2,0.008,0
83.55,11,0,2,1,1,0,1,0,127.0,1,3,4.566,1
38.90,14,0,0,1,0,0,0,0,188.7,1,1,1.038,0
21.94,14,0,1,1,0,0,0,0,35.3,1,2,0.189,0
14.26,19,0,1,2,0,0,0,0,0.5,1,1,0.580,0
8.25,19,0,1,1,0,0,0,0,126.9,1,2,0.792,0
26.00,16,0,5,1,0,0,0,0,37.9,1,3,1.168,0
12.72,15,0,4,1,0,0,0,0,44.9,2,2,1.427,0
113.44,14,0,1,3,0,0,0,0,68.6,1,2,2.766,0
17.25,16,0,1,2,0,0,0,0,8.3,1,1,0.332,0
73.68,15,0,0,1,0,0,0,0,25.7,1,1,0.905,0
97.53,9,0,0,0,0,1,0,1,34.2,2,3,1.414,0
58.17,15,0,5,5,0,0,0,0,279.4,2,1,1.810,0
20.73,20,0,2,1,0,0,0,0,101.0,1,2,1.377,0
11.45,12,0,2,1,0,0,0,0,192.7,1,1,0.831,0
10.47,8,0,2,2,0,0,0,1,28.1,1,1,0.805,0
40.58,9,0,1,2,0,0,1,0,2.1,1,1,0.988,0
12.24,19,0,2,2,0,1,0,0,117.5,1,2,0.545,0
17.69,17,0,2,3,0,0,0,0,82.1,1,3,0.356,0
27.32,13,0,1,1,0,0,0,0,32.1,2,2,0.183,0
51.25,14,0,0,1,0,0,0,0,39.5,1,1,0.161,0
14.07,14,0,1,1,0,1,0,0,54.4,3,2,0.419,0
79.23,1,1,10,6,1,5,0,1,50.0,5,7,4.643,1
7.06,17,0,3,3,0,0,0,0,29.9,2,2,0.186,0
126.19,8,0,0,3,0,0,0,0,49.0,1,3,4.475,0
52.77,1,1,10,6,2,5,0,0,50.0,6,2,0.622,1
16.24,14,0,1,2,0,0,0,0,187.5,1,1,0.382,0
58.35,8,0,5,2,0,3,1,1,77.8,3,1,2.079,0
11.25,9,0,2,2,0,1,0,0,10.4,1,2,0.734,0
27.29,17,0,4,2,0,0,0,0,32.1,1,1,1.396,0
26.56,20,0,2,2,0,0,0,0,4.5,1,1,0.592,0
25.67,19,0,1,1,0,0,0,0,9.0,1,1,0.099,0
42.80,14,0,4,6,0,8,0,0,204.6,4,5,2.122,1
574.73,19,0,1,2,0,0,0,1,140.4,3,2,11.965,0
57.61,16,0,1,2,0,1,0,0,32.0,2,1,0.091,0
16.57,13,0,6,1,0,0,0,0,15.3,2,3,0.568,0
25.61,19,0,2,2,0,0,0,0,23.7,1,1,0.509,0
8.80,14,0,4,4,0,0,0,0,2.6,1,1,0.544,0
21.52,12,0,3,2,0,0,0,0,8.7,1,1,0.755,0
6.58,8,0,3,2,0,1,1,0,65.8,1,1,0.473,0
63.72,19,0,3,3,0,2,0,0,25.5,1,3,1.430,0
70.38,9,0,4,4,0,1,0,0,204.5,1,2,1.515,0
5.27,13,0,1,1,1,1,0,0,23.2,1,2,0.883,0
31.55,18,0,2,2,0,0,0,0,162.4,2,1,0.512,0
13.52,12,0,3,3,1,0,0,0,45.7,1,2,0.524,0
22.75,9,0,0,1,0,0,0,0,129.6,2,1,0.291,0
15.27,20,0,0,1,0,1,0,0,23.1,1,2,1.776,0
5.58,21,0,3,3,0,0,0,0,135.0,2,2,0.925,0
19.82,13,0,2,1,0,1,0,0,72.4,1,2,0.690,0
7.92,14,0,2,1,0,0,0,0,11.6,1,4,0.790,0
52.20,20,0,1,1,0,0,0,0,3.0,1,1,0.107,0
19.93,9,0,0,1,0,0,0,0,52.6,2,1,0.781,0
49.20,9,0,0,0,0,0,0,0,75.3,3,3,2.431,0
21.07,17,0,2,1,0,1,0,0,143.5,1,2,1.660,0
12.41,15,0,4,2,1,2,0,0,36.9,3,1,0.834,0
21.87,12,0,0,2,0,0,0,0,12.4,1,1,1.552,0
54.08,11,0,10,7,2,4,1,1,106.5,1,3,2.596,1
8.78,15,0,2,4,0,0,0,0,129.7,3,1,0.654,0
24.96,11,0,2,2,1,0,0,0,2.4,1,1,0.754,0
39.31,9,0,3,1,0,2,0,0,46.9,1,1,0.118,0
8.41,15,0,1,1,0,0,0,0,7.4,1,1,0.914,0
18.82,15,0,2,2,0,0,0,1,3.3,1,2,0.005,0
61.14,17,0,6,4,0,1,0,1,102.8,1,4,0.568,0
41.62,10,0,2,2,0,0,0,0,183.3,1,3,6.030,0
11.58,8,0,1,2,0,1,0,1,173.7,1,1,2.147,0
42.55,17,0,1,1,0,0,0,0,57.9,1,4,7.865,0
16.89,15,0,2,1,0,0,0,0,115.6,1,1,0.412,0
141.05,8,0,7,4,0,4,1,1,362.9,2,3,14.813,1
4.96,19,0,0,1,0,3,0,0,17.8,2,2,0.643,0
7.46,21,0,1,1,0,0,0,0,67.0,1,4,0.779,0
20.81,15,0,3,1,0,0,0,0,38.3,1,4,0.308,0
18.85,17,0,0,1,0,0,0,0,141.9,1,2,1.233,0
11.80,19,0,4,4,0,1,0,0,26.7,1,2,0.954,0
9.64,14,0,1,1,0,1,0,0,69.5,1,1,0.073,0
30.50,13,0,0,0,0,1,0,0,57.2,1,2,0.203,0
19.59,11,0,4,4,0,0,0,0,284.9,3,2,0.595,0
20.36,18,0,1,3,0,0,0,0,108.7,2,1,0.471,0
13.05,17,0,1,2,0,2,0,0,21.9,2,1,0.612,0
199.60,17,0,4,2,0,1,1,0,10.0,3,3,12.615,0
9.59,20,0,1,1,0,0,0,0,62.7,1,4,2.500,0
661.49,8,0,3,6,0,0,1,1,176.5,1,5,22.633,0
34.24,0,1,7,4,1,1,1,1,54.7,3,5,5.636,0
27.90,12,0,3,2,0,0,0,0,3.8,2,1,0.001,0
57.24,17,0,2,2,0,0,0,0,22.3,1,1,0.259,0
37.07,19,0,5,1,0,0,0,0,80.3,2,1,0.201,0
354.50,15,0,6,4,2,1,0,0,32.5,4,8,25.376,0
78.72,11,0,4,1,0,0,1,0,28.5,1,2,0.082,0
22.87,12,0,3,3,0,0,0,0,2.9,1,1,0.292,0
19.88,9,0,2,2,0,1,0,0,94.6,1,1,0.596,0
24.20,9,0,3,2,0,0,0,0,134.0,2,1,0.394,0
58.51,10,0,3,1,0,0,0,0,73.3,2,3,1.178,0
28.04,18,0,2,1,0,0,1,0,34.2,9,1,0.976,0
22.50,19,0,4,1,0,0,0,0,23.7,1,1,0.792,0
32.05,11,0,1,1,0,0,0,0,13.1,1,3,0.491,0
48.46,10,0,5,2,0,0,0,0,127.4,1,1,2.093,0
42.98,18,0,3,1,0,1,0,0,25.5,1,1,3.539,0
36.10,10,0,3,3,0,0,0,0,21.6,1,1,1.429,0
57.33,19,0,0,2,0,0,0,0,22.0,1,3,2.181,0
30.64,19,0,3,3,0,0,1,0,27.8,2,1,3.628,0
15.94,13,0,2,2,0,1,0,0,69.7,1,1,0.764,0
15.43,14,0,0,0,0,0,0,0,73.1,1,2,0.244,0
4.74,15,0,0,0,0,0,0,0,5.5,1,1,0.869,0
30.99,19,0,0,3,0,1,0,0,43.8,3,5,4.235,0
32.08,14,0,1,1,0,2,0,0,28.8,2,1,0.308,0
34.77,20,0,1,1,0,0,0,0,178.9,4,4,0.766,0
15.24,14,0,2,1,0,1,0,0,44.2,1,2,5.626,0
8.69,14,0,2,1,1,0,0,0,18.6,1,2,0.531,0
26.25,16,0,2,2,0,0,0,0,2.9,1,3,0.386,0
668.62,14,0,12,5,0,1,1,0,109.0,5,3,22.208,0
43.49,16,0,0,1,0,0,0,0,9.1,1,1,0.925,0
19.82,18,0,2,1,0,0,0,0,11.0,4,1,1.354,0
15.18,11,0,2,2,0,0,1,0,21.0,3,1,0.254,0
333.86,9,0,2,4,0,3,0,0,750.6,2,5,6.531,0
14.68,15,0,3,1,0,0,0,0,40.0,1,1,0.879,0
20.72,8,0,3,3,0,0,0,0,2.5,1,1,0.438,0
19.76,15,0,1,2,0,3,0,0,24.5,1,4,0.076,0
30.27,20,0,2,2,0,0,0,0,88.7,1,2,3.288,0
11.86,11,0,4,1,0,0,0,0,9.1,3,1,0.732,0
18.40,12,0,0,1,0,0,0,0,53.1,1,1,0.167,0
30.09,9,0,3,1,0,0,0,0,19.9,1,1,0.256,0
457.24,14,0,11,6,0,5,0,1,202.1,1,5,16.826,1
13.43,21,0,2,2,0,1,0,0,42.8,1,1,0.142,0
6.84,14,0,1,1,0,1,0,0,3.8,1,1,0.885,0
32.71,14,0,3,1,0,0,0,0,57.4,1,1,0.053,0
11.71,16,0,2,2,0,0,0,0,22.9,1,1,0.424,0
48.05,19,0,1,1,0,1,0,0,21.2,3,3,0.646,0
72.06,18,0,0,2,0,0,0,0,17.0,2,1,0.204,0
85.48,14,0,3,1,0,0,0,0,13.3,1,1,0.276,0
66.99,16,0,1,2,0,1,0,0,30.7,1,4,0.812,0
18.25,12,0,1,1,0,2,0,0,46.1,1,1,0.719,0
47.74,8,0,4,2,0,1,0,0,0.6,1,1,0.285,0
29.08,13,0,3,1,0,0,0,0,0.6,1,1,0.528,0
29.15,18,0,2,1,0,0,0,0,176.0,1,1,0.122,0
5.96,18,0,3,1,0,0,1,0,11.8,2,4,0.695,0
16.25,12,0,2,3,0,0,0,0,72.1,1,3,0.313,0
58.16,8,0,1,1,0,0,0,0,145.1,2,2,1.079,0
38.55,15,0,0,3,0,0,0,0,140.5,1,1,0.270,0
13.78,19,0,1,1,0,1,0,0,7.5,1,1,1.320,0
18.04,19,0,0,0,0,0,0,0,129.5,2,2,0.189,0
4.86,18,0,5,5,0,0,0,0,12.2,1,2,0.825,0
12.30,11,0,1,2,0,1,0,0,70.8,2,1,0.637,0
168.68,20,0,4,4,0,0,0,0,118.9,1,4,2.342,0
14.14,20,0,3,3,0,0,1,0,144.3,1,1,0.680,0
88.94,18,0,0,0,0,0,0,0,3.2,1,1,0.344,0
42.66,16,0,2,1,0,0,0,0,53.8,2,1,3.491,0
25.01,20,0,3,1,0,0,0,0,55.7,1,2,0.073,0
49.42,10,0,1,1,0,1,0,0,100.8,1,1,0.600,0
14.15,14,0,16,7,2,3,1,1,907.8,6,5,0.382,1
6.72,18,0,7,1,0,0,0,0,7.6,2,1,0.954,0
17.63,11,0,2,2,0,0,0,0,17.2,1,1,0.552,0
37.17,16,0,0,0,0,2,0,0,81.1,2,2,3.495,0
6.70,9,0,1,3,0,0,0,0,22.6,1,1,0.847,0
20.84,8,0,4,4,0,0,0,0,56.7,2,1,0.358,0
11.95,14,0,3,2,0,0,0,0,14.6,2,1,0.643,0
15.24,21,0,0,2,0,0,0,0,35.9,1,2,0.757,0
8.00,15,0,1,1,0,0,0,0,59.4,2,1,0.787,0
12.97,12,0,2,2,0,1,0,0,35.4,1,1,0.698,0
9.03,20,0,4,4,0,0,0,0,113.2,1,2,0.791,0
14.34,11,0,3,3,0,1,0,0,69.0,2,1,0.806,0
26.11,22,0,12,3,0,2,1,0,174.8,3,3,0.006,0
26.60,15,0,2,2,0,0,0,0,77.0,2,3,0.795,0
27.93,11,0,3,1,0,0,0,0,50.6,1,1,0.681,0
43.95,13,0,2,1,0,0,1,0,1.3,1,2,11.277,0
2.90,14,0,2,1,0,2,0,0,29.8,2,1,0.886,0
122.25,11,0,4,3,0,1,0,0,23.3,1,2,1.833,0
24.24,21,0,3,3,0,0,0,0,158.8,2,1,0.206,0
49.36,20,0,5,2,0,0,0,0,127.4,1,2,2.847,0
23.49,15,0,2,1,0,2,0,0,183.2,1,3,0.089,0
32.65,9,0,3,3,0,0,0,0,23.9,3,3,0.599,0
12.46,16,0,1,1,1,0,0,0,34.9,1,2,1.286,0
11.75,14,0,5,4,0,0,0,0,62.1,1,1,0.484,0
55.37,16,0,0,1,0,0,0,0,7.0,2,2,0.380,0
49.72,13,0,2,2,0,0,0,1,144.7,1,2,0.934,0
34.21,16,0,4,2,0,0,0,0,23.1,5,3,0.387,0
228.65,8,0,3,1,0,0,0,0,124.0,1,1,6.202,0
32.83,9,0,0,3,0,0,0,0,7.2,1,1,0.489,0
23.02,17,0,1,1,0,1,0,0,17.3,1,2,3.046,0
3.97,14,0,1,1,0,0,0,0,7.4,2,1,0.857,0
23.68,8,0,2,2,0,1,0,0,52.2,2,1,6.309,0
13.19,15,0,2,2,0,0,0,0,51.1,2,2,0.338,0
161.37,17,0,5,5,0,0,0,0,51.6,1,1,4.726,0
58.07,20,0,1,1,0,0,0,0,105.0,1,1,0.495,0
19.60,17,0,3,1,0,1,0,0,55.4,3,1,2.657,0
45.69,11,0,2,2,0,0,0,0,153.2,1,2,0.390,0
63.76,19,0,3,1,0,0,0,0,35.4,1,1,0.317,0
105.87,11,0,7,4,0,3,1,0,775.2,4,2,0.375,0
52.24,17,0,2,1,0,0,0,0,10.1,1,1,0.904,0
101.62,19,0,1,1,1,0,0,0,222.1,1,1,3.506,0
50.63,10,0,2,2,0,1,0,0,24.3,3,2,0.107,0
4.65,18,0,4,4,0,0,0,0,55.8,1,1,0.628,0
9.61,10,0,3,1,0,1,0,0,9.0,1,2,0.332,0
96.36,17,0,2,3,0,0,0,0,54.2,1,2,0.980,0
48.19,11,0,3,4,1,0,0,0,54.9,1,1,0.507,0
26.17,11,0,3,1,0,0,0,1,59.1,1,1,0.489,0
38.92,15,0,4,5,0,2,1,0,349.6,3,6,0.180,0
24.27,10,0,1,1,0,1,0,0,21.9,1,1,0.437,0
26.24,21,0,4,2,0,1,0,0,20.8,3,2,0.922,0
66.20,14,0,2,3,0,0,0,0,22.9,1,2,3.769,0
10.44,11,0,2,2,0,0,0,0,143.4,1,4,0.592,0
42.70,20,0,4,4,1,0,0,0,70.4,1,1,3.126,0
18.51,10,0,2,2,0,0,0,0,55.0,1,1,0.513,0
44.54,16,0,2,3,0,0,0,0,49.6,2,4,0.669,0
7.29,19,0,2,2,0,1,0,0,16.6,2,2,0.842,0
4.08,17,0,0,0,0,0,0,0,3.2,1,1,0.923,0
81.15,19,0,0,0,0,0,0,0,133.8,1,2,3.136,0
24.92,18,0,0,0,0,0,0,0,58.8,1,1,0.405,0
5.64,11,0,1,2,1,0,0,0,0.1,1,2,0.314,0
135.32,20,0,3,2,0,0,0,0,101.2,1,2,9.630,0
12.25,16,0,2,2,0,0,0,0,48.9,2,1,0.803,0
106.94,13,0,4,4,0,0,0,0,27.1,1,1,5.638,0
88.38,13,0,2,2,0,1,0,0,77.5,1,2,22.319,0
64.55,9,0,1,1,0,0,0,0,89.9,1,2,1.923,0
22.57,19,0,1,1,0,0,0,0,25.8,2,2,0.185,0
29.26,18,0,1,1,0,0,0,0,18.9,1,3,0.909,0
24.58,18,0,4,2,0,0,0,0,68.5,1,5,1.743,0
22.66,12,0,4,4,0,0,0,0,6.6,2,2,5.972,0
15.19,14,0,3,3,0,0,0,0,0.1,1,2,0.140,0
20.22,21,0,0,1,0,1,0,0,65.2,1,1,0.698,0
578.84,12,0,3,3,0,1,1,1,188.2,1,3,4.873,0
34.63,20,0,2,2,1,0,0,0,46.3,4,2,6.611,0
108.04,5,1,6,12,0,3,1,1,287.3,3,3,3.335,1
14.17,11,0,1,2,0,0,0,0,26.9,1,3,0.125,0
12.85,12,0,1,1,0,0,0,0,14.5,2,1,0.754,0
34.15,13,0,0,2,0,0,0,0,7.0,1,3,0.049,0
318.43,0,1,6,2,0,2,0,0,241.3,3,3,47.467,0
99.66,11,0,0,0,0,0,0,0,52.5,2,1,0.808,0
24.60,9,0,2,2,0,0,0,0,39.9,4,2,0.658,0
27.50,14,0,2,1,0,0,0,0,22.9,1,2,0.040,0
10.83,17,0,3,2,0,0,0,0,78.9,1,3,0.873,0
22.47,11,0,2,2,0,0,0,0,52.0,1,2,0.877,0
37.35,10,0,4,2,0,0,0,0,11.3,1,1,2.773,0
5.96,17,0,2,1,0,0,0,0,100.4,5,3,0.343,0
143.60,17,0,1,1,0,0,0,0,12.8,1,1,3.056,0
34.75,11,0,5,5,0,1,0,0,11.9,1,1,0.439,0
157.49,17,0,3,2,0,1,0,0,171.6,4,5,15.508,0
137.11,8,0,2,2,0,0,0,0,85.5,3,2,2.944,0
40.87,19,0,2,1,0,0,0,0,111.8,1,3,5.812,0
22.93,16,0,2,1,0,0,0,0,39.9,1,1,1.209,0
62.58,22,0,11,6,2,6,1,1,243.1,5,5,0.646,1
3.56,19,0,0,2,0,0,0,0,34.4,1,1,0.941,0
15.67,13,0,1,2,0,0,0,0,164.5,1,1,0.434,0
225.33,20,0,2,1,0,0,0,0,10.1,1,1,6.976,0
41.32,4,1,11,6,2,2,1,1,409.8,7,1,1.164,1
49.68,21,0,1,1,0,0,1,1,48.0,1,2,4.824,0
7.55,17,0,1,1,0,1,0,0,13.8,1,1,0.536,0
16.43,15,0,2,1,0,0,0,0,13.4,1,1,5.085,0
306.88,9,0,0,0,0,0,0,0,111.3,2,1,29.175,0
19.75,14,0,1,1,0,0,0,0,113.4,2,1,0.561,0
15.19,8,0,2,4,0,0,0,0,18.0,1,2,0.688,0
88.89,8,0,7,5,1,2,0,0,96.2,3,1,1.288,0
23.76,20,0,2,2,0,0,0,0,8.4,3,1,0.108,0
8.82,14,0,4,1,0,1,0,0,47.5,1,2,0.441,0
22.36,15,0,3,1,0,0,0,0,105.8,1,1,0.869,0
20.92,10,0,5,5,0,0,0,0,24.8,1,1,0.263,0
41.16,16,0,2,2,0,0,0,0,173.4,1,2,0.800,0
15.64,12,0,2,2,0,0,0,0,49.3,5,3,0.790,0
22.94,15,0,1,1,0,0,0,0,12.2,2,3,1.108,0
27.84,15,0,0,0,0,1,0,0,58.1,1,1,1.429,0
20.76,11,0,1,4,0,1,0,0,33.8,1,1,0.346,0
14.56,8,0,2,3,0,0,0,0,5.1,1,4,0.018,0
18.93,15,0,4,1,0,0,0,0,44.0,1,1,0.434,0
11.19,16,0,2,2,1,0,0,0,25.1,1,1,0.796,0
122.82,13,0,5,10,0,3,0,0,19.5,2,4,8.610,0
15.70,10,0,1,2,0,0,0,0,13.4,3,2,1.774,0
15.94,16,0,4,2,0,1,0,0,15.8,1,1,1.255,0
150.03,13,0,3,3,0,0,0,0,26.1,1,1,18.359,0
45.86,14,0,2,4,0,0,0,0,18.0,1,3,2.397,0
368.88,10,0,8,8,1,5,1,0,271.2,5,7,30.528,1
33.38,18,0,1,1,0,0,0,0,144.8,1,1,0.190,0
49.96,8,0,1,1,0,0,0,0,17.5,1,1,1.381,0
56.65,16,0,1,1,0,0,1,0,78.3,1,1,4.426,0
9.21,18,0,4,4,0,0,0,0,176.2,3,1,0.870,0
43.36,13,0,2,1,0,0,0,0,11.3,4,1,3.137,0
167.58,17,0,2,1,0,1,0,0,78.6,1,2,6.816,0
29.14,12,0,1,1,0,0,0,0,44.3,1,2,0.850,0
321.13,19,0,3,9,0,1,1,1,529.0,1,8,14.559,0
64.94,12,0,3,1,0,0,0,0,13.1,1,1,10.373,0
37.77,20,0,3,1,0,0,0,0,5.5,1,2,1.172,0
14.24,19,0,4,4,0,0,0,0,43.7,2,1,0.809,0
6.31,11,0,2,2,0,1,0,0,74.8,1,1,0.400,0
7.30,21,0,1,2,0,0,0,0,11.9,1,3,0.175,0
20.00,10,0,3,2,0,1,0,0,1.3,1,1,1.043,1
51.51,17,0,2,2,0,0,0,0,56.7,1,1,1.304,0
22.43,20,0,1,1,0,0,0,0,41.4,1,1,0.736,0
26.04,19,0,2,2,1,0,0,0,65.2,1,1,0.522,0
19.56,20,0,1,1,0,0,0,0,28.2,2,1,0.091,0
19.66,11,0,2,2,0,0,0,0,114.5,1,1,0.757,0
7.14,11,0,4,2,0,0,0,0,1.2,3,2,0.771,0
19.53,12,0,1,1,0,0,0,0,15.1,1,1,0.428,0
25.19,9,0,1,1,0,0,0,0,5.4,1,1,0.123,0
14.18,9,0,0,1,0,1,0,0,2.7,1,1,0.337,0
18.55,18,0,3,1,0,0,0,0,83.9,1,1,0.143,0
23.01,12,0,1,2,0,0,0,0,35.6,1,2,0.517,0
15.63,17,0,2,2,0,1,0,0,125.2,1,5,0.597,0
19.30,14,0,1,1,0,0,0,0,0.2,1,2,0.042,0
23.36,13,0,2,2,0,0,0,0,87.3,1,1,0.005,0
10.91,8,0,2,1,0,0,1,0,37.9,2,2,0.637,0
26.95,16,0,0,1,0,0,0,0,28.4,1,3,1.742,0
6.50,12,0,0,1,0,0,0,0,80.1,2,2,0.337,0
85.22,12,0,5,1,0,0,0,0,41.1,2,1,5.710,0
9.27,9,0,0,3,1,0,0,0,100.0,3,1,0.834,0
58.01,11,0,3,1,0,0,0,0,10.0,4,1,1.413,0
143.20,18,0,2,1,0,1,0,0,77.6,1,2,1.849,0
20.95,20,0,1,1,0,1,0,0,130.3,2,1,2.480,0
4.24,20,0,3,3,0,0,0,1,154.5,1,3,0.682,0
35.85,8,0,1,1,0,0,0,0,13.9,1,3,2.233,0
8.47,9,0,1,4,0,1,0,0,26.6,2,1,0.729,0
12.33,14,0,2,1,0,1,1,0,19.6,1,2,0.496,0
4.40,11,0,1,1,0,1,0,0,36.6,2,1,0.021,0
23.58,16,0,2,2,0,1,0,0,51.2,3,1,0.012,0
70.67,17,0,4,4,0,0,0,0,2.3,1,2,3.209,0
24.94,16,0,2,1,0,0,0,0,15.7,3,4,0.255,0
44.66,16,0,3,1,0,1,0,0,13.0,2,1,0.994,0
139.74,20,0,5,3,0,1,0,1,134.6,2,5,4.452,0
47.77,18,0,2,1,0,1,0,0,2.8,2,1,1.498,0
21.99,17,0,4,1,0,0,0,0,51.2,1,1,0.948,0
4.68,10,0,4,4,0,2,0,0,157.6,1,2,0.581,0
8.66,20,0,1,1,0,1,0,0,22.8,1,4,0.364,0
72.43,5,1,10,5,2,3,0,0,304.1,11,2,3.113,1
71.30,20,0,2,2,0,0,0,0,13.1,1,1,0.902,0
117.91,20,0,2,1,0,0,0,0,26.4,1,2,1.716,0
62.49,11,0,1,1,0,0,0,0,47.3,1,3,0.526,0
18.35,19,0,2,2,0,1,0,0,24.9,2,1,0.540,0
7.51,18,0,4,2,0,0,0,0,63.5,2,1,0.707,0
24.10,9,0,4,2,0,0,0,0,121.0,1,2,0.559,0
19.38,5,1,2,4,0,3,0,1,108.2,3,3,0.431,0
16.00,13,0,2,2,0,1,0,0,55.2,3,1,0.394,0
5.19,14,0,3,3,0,0,0,0,3.3,1,1,0.945,0
50.20,19,0,0,1,0,0,0,0,62.1,1,5,2.856,0
10.65,12,0,3,3,0,1,0,0,20.2,1,1,0.173,0
13.11,16,0,3,3,0,0,0,0,67.5,1,3,0.335,0
78.06,16,0,5,4,0,3,1,1,157.7,2,4,10.072,0
49.19,17,0,3,3,0,0,0,0,83.8,1,1,1.136,0
32.30,16,0,0,1,0,0,0,0,66.9,1,4,0.267,0
5.35,15,0,5,5,0,1,0,0,35.0,1,1,0.723,0
16.63,21,0,3,1,0,1,0,0,85.8,4,1,0.487,0
32.74,9,0,0,0,0,0,0,0,16.8,4,1,2.310,0
13.99,21,0,3,1,0,0,0,0,25.2,1,1,0.300,0
81.91,18,0,2,2,0,0,0,0,64.0,1,2,2.612,0
20.02,11,0,2,2,0,2,0,0,115.2,1,1,0.654,0
268.71,5,1,5,4,0,3,0,1,10.0,3,2,2.138,0
6.77,13,0,3,1,0,0,0,0,15.0,1,1,0.526,0
73.44,8,0,0,1,0,0,0,0,23.9,1,2,0.813,0
18.32,14,0,2,2,0,2,0,0,105.1,2,1,0.351,0
8.49,14,0,2,2,0,0,0,0,85.7,2,3,0.484,0
40.12,9,0,2,1,0,0,0,0,2.0,1,1,0.728,0
534.51,9,0,6,2,1,4,0,1,381.0,2,2,55.923,0
73.37,16,0,3,2,0,0,0,0,70.6,1,2,0.691,0
17.70,10,0,3,1,0,2,0,0,33.5,1,2,0.542,0
8.15,19,0,2,1,0,0,0,0,107.4,1,3,0.856,0
4.13,8,0,1,1,0,0,0,0,53.4,2,2,0.869,0
226.92,14,0,2,3,0,0,0,0,195.5,1,2,0.200,0
7.23,8,0,0,1,0,0,0,0,17.3,2,1,0.255,0
25.95,10,0,0,3,0,0,0,0,44.8,1,2,0.283,0
7.37,13,0,1,1,0,0,0,0,47.0,1,2,0.696,0
13.25,20,0,1,3,0,1,0,0,43.3,2,3,0.885,0
66.30,12,0,1,1,0,0,0,0,36.4,2,2,0.216,0
15.38,14,0,3,2,0,0,1,0,38.7,2,1,0.254,0
4.92,19,0,2,1,0,0,0,0,33.6,1,2,0.550,0
4.78,17,0,2,2,0,2,0,0,57.3,1,1,0.894,0
18.70,18,0,2,1,1,0,0,0,6.8,3,1,0.248,0
26.99,9,0,1,1,0,1,0,0,36.1,3,2,0.364,0
36.52,9,0,1,1,0,0,0,0,7.3,1,1,0.570,0
101.30,10,0,2,2,0,0,0,0,13.5,1,2,2.787,0
14.01,13,0,1,1,0,0,0,0,275.6,1,1,0.150,0
20.95,16,0,3,3,0,0,0,0,123.7,3,1,0.167,0
14.36,14,0,0,3,0,0,0,0,70.3,1,2,0.099,0
40.92,18,0,1,3,0,0,0,0,11.3,1,2,2.654,0
15.84,17,0,0,0,0,1,1,0,66.9,2,1,0.632,0
7.40,15,0,0,0,0,0,0,0,11.6,2,1,0.819,0
78.61,17,0,2,2,0,0,0,0,14.5,4,3,1.798,0
20.54,11,0,2,2,0,0,0,0,24.9,4,1,4.835,0
48.71,14,0,3,3,0,0,0,0,12.4,1,1,1.702,0
89.40,9,0,1,3,0,1,0,0,3.6,1,1,2.093,0
29.93,11,0,2,2,0,0,0,0,83.8,1,2,0.537,0
18.50,9,0,1,3,0,0,0,0,88.9,1,1,8.737,0
16.94,13,0,0,0,0,1,0,0,32.2,3,1,0.267,0
113.04,4,1,5,5,0,3,0,0,206.2,2,2,0.295,0
15.36,13,0,0,2,0,0,0,0,30.4,1,2,0.910,0
110.77,13,0,2,5,1,3,0,1,32.5,2,2,2.980,0
38.43,16,0,2,1,0,0,0,0,85.5,2,2,0.076,0
15.71,9,0,2,3,0,1,0,0,9.2,2,1,0.601,0
37.02,8,0,3,3,0,1,0,0,19.9,2,1,0.635,0
11.63,13,0,3,3,0,1,0,0,10.3,1,1,0.818,0
22.91,17,0,1,1,0,1,0,0,83.4,1,3,3.970,0
55.13,13,0,2,2,0,3,0,0,9.4,1,1,0.097,0
65.52,19,0,1,1,0,1,0,0,5.8,1,1,2.553,0
121.12,7,0,8,1,0,5,0,0,374.6,2,3,2.897,0
29.55,17,0,3,1,0,0,0,0,9.2,1,1,0.254,0
7.74,8,0,3,3,0,0,0,0,43.9,1,2,0.591,0
57.82,20,0,3,4,0,0,0,0,24.7,1,2,15.106,0
77.48,16,0,6,6,2,5,0,1,387.5,4,3,0.669,1
18.73,13,0,2,3,0,0,0,0,11.2,1,3,0.028,0
22.64,10,0,2,2,0,1,0,0,75.2,1,2,0.652,0
110.30,20,0,1,1,0,1,0,0,83.9,1,1,3.325,0
14.98,16,0,1,1,0,0,0,0,90.7,2,1,0.662,0
27.94,13,0,3,2,0,0,0,0,8.5,1,1,0.726,0
71.91,9,0,4,4,0,1,0,0,26.8,3,2,0.240,0
5.45,10,0,2,2,0,0,0,0,10.4,3,1,0.892,0
59.85,17,0,1,1,0,1,0,0,6.7,2,2,0.602,0
76.47,9,0,1,2,0,0,0,0,2.1,1,1,3.070,0
9.43,21,0,2,1,0,0,0,0,7.7,1,1,0.737,0
194.87,18,0,9,1,0,1,1,0,77.8,4,3,5.498,0
64.42,19,0,5,7,1,2,0,0,75.7,3,2,0.466,0
581.86,15,0,2,2,0,0,0,0,3.8,1,1,39.407,0
46.20,18,0,1,1,0,0,0,0,176.6,1,2,0.007,0
57.04,15,0,3,3,0,0,0,0,2.9,1,1,0.292,0
17.46,10,0,4,1,0,1,0,0,32.8,1,2,0.267,0
31.15,20,0,2,3,0,0,0,0,38.3,1,1,0.200,0
39.90,21,0,3,2,0,0,0,0,1.4,1,2,3.209,0
82.79,21,0,4,1,0,1,0,0,4.5,3,1,1.570,0
19.58,12,0,3,2,0,0,0,1,164.2,2,1,0.246,0
708.59,1,1,13,7,0,7,1,0,661.4,3,4,28.329,1
48.48,14,0,1,1,0,0,0,0,18.3,1,1,0.334,0
8.41,9,0,1,1,0,0,0,0,12.8,3,1,0.721,0
44.17,16,0,1,1,0,0,0,1,84.9,2,2,1.430,0
16.59,20,0,4,3,0,1,0,0,70.9,1,2,0.866,0
53.61,8,0,1,1,0,0,0,0,56.9,1,2,3.555,0
54.28,13,0,2,2,0,0,0,0,1.3,2,1,1.544,0
49.15,14,0,3,1,0,0,0,0,48.2,2,2,2.763,0
30.40,21,0,2,1,0,0,0,0,12.7,1,1,1.132,0
53.52,13,0,2,1,0,0,0,0,123.0,1,2,0.086,0
73.05,20,0,2,1,0,1,1,0,113.3,1,1,0.667,0
38.24,16,0,2,1,1,0,0,0,73.7,1,1,1.663,0
18.64,11,0,3,3,0,1,0,0,111.8,2,2,2.225,0
23.13,11,0,1,1,1,1,0,0,22.5,1,1,0.920,0
223.76,6,0,4,4,0,1,0,0,29.1,2,3,3.430,0
24.34,8,0,2,2,0,1,0,0,3.7,1,3,0.557,0
52.45,21,0,4,6,0,3,1,1,255.7,3,2,1.725,0
14.67,16,0,3,1,0,0,0,0,0.8,1,3,0.702,0
70.07,6,0,2,2,0,2,0,0,486.3,3,3,16.650,0
36.51,12,0,1,2,0,0,0,0,94.3,1,1,0.434,0
5.12,19,0,2,1,0,1,0,0,34.7,3,1,0.928,0
12.61,15,0,3,3,0,0,0,0,9.4,1,2,0.229,0
24.85,17,0,3,2,0,0,0,0,20.0,2,1,0.264,0
4.16,16,0,3,1,0,1,0,0,1.1,2,1,0.967,0
90.59,10,0,1,1,0,1,0,0,14.2,1,2,1.351,0
22.38,15,0,3,3,0,0,0,0,23.2,2,1,0.482,0
3.04,21,0,3,3,0,0,0,0,38.2,2,2,0.251,0
9.80,20,0,2,3,0,0,0,0,0.4,1,2,1.042,0
22.64,14,0,5,5,0,1,0,0,96.4,1,6,0.428,0
202.10,11,0,2,9,1,0,0,0,233.1,4,1,35.745,0
4.63,16,0,0,1,0,0,0,0,28.2,1,1,0.780,0
21.24,13,0,3,3,0,0,1,1,49.1,2,1,0.682,0
65.17,11,0,6,3,0,0,0,0,503.2,4,7,15.541,0
48.64,20,0,3,2,0,0,0,0,25.0,1,2,12.663,0
5.68,18,0,1,1,0,0,0,0,4.3,1,1,0.889,0
74.78,19,0,1,1,0,0,0,0,67.6,2,1,1.002,0
25.74,18,0,1,1,0,1,0,0,13.6,2,2,0.291,0
30.03,18,0,2,1,0,1,1,0,33.6,1,2,0.525,0
55.29,11,0,0,0,0,0,0,0,18.6,2,4,1.807,0
52.33,21,0,0,0,0,1,0,0,98.6,1,2,2.597,0
13.25,17,0,2,2,0,0,0,0,78.1,1,2,0.748,0
17.90,19,0,3,1,0,0,0,0,131.5,1,1,0.634,0
16.03,16,0,2,2,0,1,0,0,24.6,1,1,0.557,0
9.93,18,0,2,2,0,0,0,0,12.6,1,2,1.212,0
46.90,17,0,6,9,0,5,0,0,101.0,2,1,0.953,0
116.68,11,0,1,1,0,1,0,0,39.2,5,1,0.279,0
21.69,7,0,3,6,0,4,0,0,145.2,2,2,0.224,0
33.78,10,0,0,1,0,0,0,0,31.7,2,1,0.359,0
2.18,14,0,3,2,0,1,0,1,192.1,2,1,0.964,0
48.37,18,0,2,2,0,0,0,0,28.5,1,2,0.426,0
84.95,17,0,5,1,0,1,0,0,11.5,1,2,1.388,0
8.14,10,0,3,4,0,0,0,0,56.2,2,3,0.907,0
27.62,10,0,4,2,0,0,0,0,77.4,1,1,1.453,0
139.87,17,0,2,3,0,1,0,0,30.8,1,4,3.439,0
20.84,16,0,4,4,0,0,0,0,44.9,1,1,0.801,0
14.13,20,0,0,1,0,2,0,0,9.0,2,1,2.850,0
93.27,12,0,4,2,0,4,0,1,579.2,3,3,0.259,0
134.95,19,0,2,2,0,0,0,0,74.9,2,1,0.615,0
1.00,13,0,3,1,0,0,1,0,3.2,1,1,0.981,0
50.95,21,0,2,2,0,1,0,0,72.2,1,1,1.075,0
36.41,10,0,3,3,0,1,0,0,73.7,2,2,2.949,0
33.88,16,0,7,1,1,2,0,0,22.6,2,1,2.790,0
19.76,13,0,1,1,0,0,0,0,110.1,2,3,0.564,0
10.11,18,0,2,4,0,0,0,0,17.6,2,1,0.098,0
52.43,13,0,6,2,0,0,0,0,42.9,3,1,0.120,0
15.42,1,1,3,6,0,1,0,0,191.7,3,3,0.120,0
71.95,13,0,4,1,0,1,0,0,22.9,1,1,2.493,0
38.51,11,0,2,2,0,0,0,0,15.2,1,3,0.415,0
276.08,17,0,2,3,0,9,1,1,363.5,3,3,1.212,0
6.85,14,0,4,1,0,1,0,0,8.0,3,2,0.223,0
39.37,17,0,1,1,0,0,0,0,29.1,1,1,0.925,0
28.80,17,0,1,2,0,1,0,0,42.1,1,1,0.963,0
9.80,10,0,3,1,1,1,0,0,55.0,1,1,0.788,0
52.21,14,0,2,2,0,0,0,0,0.7,1,2,0.040,0
47.94,14,0,0,0,1,0,0,0,30.2,2,3,3.147,0
12.34,10,0,2,2,0,1,0,0,0.6,1,1,2.418,0
21.50,17,0,4,4,0,0,0,0,12.0,2,2,0.808,0
44.51,17,0,0,1,0,0,0,0,4.3,1,1,1.219,0
57.04,15,0,1,2,0,0,0,0,34.8,1,1,1.061,0
13.63,11,0,2,4,1,0,0,0,6.1,1,1,0.377,0
76.04,17,0,2,2,0,0,0,1,291.1,1,1,0.187,0
45.56,11,0,5,5,0,0,0,0,77.8,2,2,0.687,0
50.61,13,0,3,3,0,0,0,0,56.8,4,3,7.189,0
9.74,9,0,5,5,0,0,0,0,76.8,1,2,0.625,0
18.18,11,0,2,1,0,2,0,0,51.4,1,2,0.480,0
120.47,8,0,2,2,0,0,0,0,51.3,1,4,1.809,0
21.98,16,0,0,2,0,0,0,0,44.6,1,1,0.595,0
39.04,10,0,3,1,0,1,0,1,122.5,1,1,1.103,0
42.36,19,0,1,1,0,0,0,0,241.8,2,2,4.178,0
16.95,15,0,4,4,0,1,0,1,81.8,2,1,0.172,0
54.45,12,0,0,1,0,0,0,0,57.0,2,1,0.208,0
37.93,16,0,1,1,0,1,0,0,12.1,1,2,10.026,0
9.67,17,0,4,1,0,0,0,0,51.3,2,2,0.509,0
441.13,9,0,3,1,1,1,1,1,175.4,5,4,9.673,0
48.18,17,0,1,1,0,0,0,0,37.1,1,2,17.319,0
8.69,18,0,2,2,0,0,0,0,65.6,1,1,0.870,0
119.95,15,0,0,0,1,1,0,0,108.5,1,2,2.435,0
10.24,10,0,4,2,0,0,0,0,9.2,2,2,0.215,0
107.60,11,0,1,1,0,0,0,0,38.2,1,3,19.379,0
5.72,16,0,3,2,0,1,0,0,135.2,1,1,0.899,0
177.86,10,0,2,2,0,0,0,0,6.4,5,4,30.204,0
28.93,21,0,2,2,0,0,0,0,30.9,1,2,0.479,0
16.92,16,0,0,2,0,0,1,0,37.6,1,4,0.489,0
37.63,9,0,3,3,0,0,1,1,32.3,2,2,0.657,1
9.94,10,0,1,1,0,0,0,0,22.1,2,1,0.355,0
58.16,15,0,0,1,0,0,0,0,52.7,1,1,2.566,0
8.12,8,0,1,1,0,1,0,0,34.0,1,2,0.822,0
11.03,18,0,0,0,0,1,0,0,4.5,2,1,0.444,0
92.69,17,0,9,4,0,1,0,0,403.6,4,3,2.961,0
15.12,23,1,7,4,0,2,1,1,300.3,2,4,1.057,0
6.45,17,0,0,1,0,0,0,0,100.4,2,1,0.677,0
18.91,21,0,2,2,0,2,0,0,102.4,1,1,0.057,0
8.52,14,0,2,2,0,1,1,0,45.9,1,2,0.853,0
131.55,21,0,3,2,0,2,1,1,295.2,1,3,0.840,0
18.74,10,0,1,1,0,0,1,0,178.6,2,4,0.300,0
52.88,14,0,1,2,0,0,0,0,8.6,1,1,2.566,0
11.11,19,0,1,2,0,0,0,0,16.5,1,1,0.314,0
455.49,3,1,6,1,0,2,1,1,110.1,3,1,48.030,0
12.77,17,0,2,1,0,0,0,0,47.0,1,1,0.289,0
21.80,16,0,1,1,0,0,0,0,35.4,2,4,3.599,0
61.00,11,0,6,1,1,0,1,0,64.5,3,1,3.335,0
21.16,18,0,3,1,0,0,0,0,7.3,1,3,0.697,0
10.00,13,0,7,4,0,6,0,0,645.3,1,2,0.524,0
19.07,19,0,2,1,0,2,0,0,17.0,1,2,6.063,0
35.24,17,0,2,2,0,0,0,0,6.5,2,1,1.010,0
46.91,13,0,2,2,0,1,1,0,12.0,3,1,7.785,0
6.89,19,0,1,1,0,0,0,0,22.3,1,1,0.930,0
81.08,11,0,5,5,0,0,0,0,6.0,1,1,0.658,0
45.43,17,0,3,1,0,0,0,0,4.4,1,1,0.037,0
81.44,11,0,2,2,0,1,0,0,57.2,1,1,20.375,0
8.65,16,0,2,1,0,0,0,0,1.0,2,1,0.477,0
16.02,9,0,2,1,0,0,0,0,60.7,2,1,0.464,0
68.80,12,0,9,9,1,3,1,1,369.8,3,10,0.688,1
19.65,19,0,1,1,0,1,0,0,55.3,1,3,2.221,0
13.02,20,0,3,1,0,0,0,0,51.6,1,2,0.077,0
71.05,16,0,4,3,0,0,0,0,6.6,2,1,1.462,0
25.96,15,0,2,1,0,0,0,0,134.9,1,2,2.485,0
34.19,20,0,3,2,0,0,1,0,56.3,1,4,1.071,0
8.86,14,0,1,1,0,0,0,0,21.8,1,3,0.899,0
87.22,15,0,1,1,0,0,0,0,105.3,1,1,2.169,0
9.07,21,0,2,1,0,0,0,0,88.6,2,1,0.702,0
8.22,13,0,0,2,0,1,0,0,56.7,1,3,0.806,0
12.53,19,0,3,3,0,0,0,1,9.1,2,2,0.438,0
13.95,12,0,1,1,0,1,0,0,19.4,1,1,0.155,0
198.47,8,0,0,1,0,0,0,0,1.4,2,1,4.992,0
98.14,15,0,1,1,0,0,0,0,59.9,1,1,1.067,0
10.39,4,1,8,7,0,2,1,0,19.1,3,1,0.720,0
5.38,9,0,3,3,0,0,0,0,86.2,1,1,0.454,0
16.98,18,0,0,1,0,0,0,1,5.5,1,3,0.193,0
32.72,11,0,4,1,0,1,1,0,17.7,1,1,1.649,0
13.52,17,0,2,2,0,1,0,0,1.2,1,1,0.631,0
13.59,10,0,0,0,0,0,0,0,82.5,1,1,0.446,0
44.85,10,0,1,1,0,1,0,0,3.1,1,1,0.259,0
22.49,13,0,4,4,0,0,0,0,92.2,2,2,0.592,0
45.41,18,0,1,1,0,1,0,0,87.4,3,2,0.437,0
29.79,17,0,1,1,0,1,0,0,64.8,1,2,0.129,0
63.38,8,0,2,2,0,1,0,0,59.4,1,2,0.229,0
19.32,12,0,2,1,0,1,0,0,45.4,1,1,0.017,0
3.71,11,0,2,1,0,1,0,0,117.1,1,1,0.915,0
9.98,16,0,4,1,0,1,0,0,33.1,1,2,0.391,0
220.65,14,0,0,1,0,1,0,0,13.4,3,1,1.715,0
36.99,10,0,2,2,0,0,0,0,65.7,1,5,0.344,0
294.46,5,1,3,3,0,2,1,1,133.8,1,3,23.682,0
66.79,9,0,2,2,0,0,0,0,9.7,1,1,0.253,0
46.74,12,0,1,1,0,0,0,0,30.7,3,2,1.083,0
32.43,2,1,9,4,3,4,0,1,636.9,5,2,0.061,1
25.12,14,0,1,1,0,0,0,0,18.0,2,2,0.742,0
105.88,11,0,3,3,0,0,0,0,4.1,3,1,2.308,0
86.92,11,0,0,2,0,0,0,0,21.7,1,2,0.995,0
3.41,11,0,3,1,0,0,0,0,32.4,1,2,0.845,0
8.01,13,0,2,2,0,0,0,0,1.0,1,1,0.643,0
35.93,20,0,1,1,0,0,0,0,177.8,2,3,0.561,0
14.65,17,0,1,1,0,0,0,0,61.2,2,1,0.740,0
3.86,12,0,2,1,0,1,0,0,73.3,1,1,0.751,0
101.27,7,0,2,3,1,3,1,1,37.9,4,1,4.632,0
61.26,10,0,0,0,0,0,0,0,15.5,1,1,0.322,0
9.68,13,0,1,1,0,0,0,1,37.5,1,1,0.881,0
9.68,13,0,1,1,0,0,0,0,14.8,1,2,0.370,0
15.84,9,0,1,1,0,0,0,0,17.4,1,1,0.574,0
29.55,13,0,7,1,0,0,0,0,7.0,1,1,0.473,0
25.82,15,0,3,1,0,0,0,0,11.4,1,4,0.182,0
114.22,16,0,2,1,0,0,0,0,120.7,1,1,2.547,0
15.61,18,0,2,1,0,0,0,1,111.2,1,1,0.161,0
10.63,14,0,3,2,0,0,0,0,5.1,1,1,0.790,0
17.59,18,0,1,1,0,0,0,1,72.4,2,1,0.232,0
48.39,19,0,1,1,0,0,0,0,43.5,1,2,8.488,0
37.41,11,0,1,1,0,0,0,0,5.0,2,1,3.147,0
89.44,19,0,3,1,0,1,0,0,175.9,1,1,8.680,0
22.91,13,0,3,3,0,0,1,0,71.1,1,2,0.842,0
14.29,13,0,3,3,0,0,0,0,9.0,2,2,0.760,0
37.31,19,0,0,0,0,1,0,0,194.1,2,1,0.705,0
37.08,17,0,1,1,0,0,0,0,50.7,1,1,0.527,0
32.54,9,0,3,3,0,0,0,0,19.4,2,1,1.002,0
16.74,10,0,0,0,1,0,0,0,29.5,2,1,0.281,0
243.79,16,0,2,2,0,0,0,0,57.6,1,1,4.071,0
5.74,14,0,2,2,0,0,0,1,129.0,1,1,0.372,0
61.62,18,0,3,1,0,0,0,0,16.3,1,1,2.034,0
89.98,10,0,3,4,0,0,0,0,19.2,1,2,3.949,0
2.38,19,0,1,1,0,1,0,0,65.0,2,4,0.934,0
6.47,13,0,5,5,0,0,0,0,34.3,2,3,0.931,0
27.27,14,0,2,2,0,0,0,0,88.9,1,3,0.096,0
36.21,19,0,2,1,0,0,0,0,5.8,1,1,0.408,0
28.30,20,0,0,0,0,0,0,0,90.8,2,1,0.181,0
20.86,0,1,6,6,2,4,1,1,271.5,4,4,0.806,1
49.98,14,0,3,3,0,1,0,0,124.6,3,4,0.019,1
100.57,15,0,3,1,0,1,1,0,28.4,1,1,2.129,0
17.26,15,0,0,2,0,1,0,0,3.6,1,1,1.216,0
14.26,13,0,0,4,0,0,0,0,134.0,3,1,0.216,0
37.48,9,0,1,1,0,0,0,0,61.6,1,3,12.059,0
10.18,21,0,2,1,0,0,0,0,100.2,1,1,0.932,0
7.53,20,0,2,2,0,0,0,0,85.6,1,2,0.491,0
5.35,14,0,3,1,0,0,0,0,365.4,1,3,0.734,0
49.92,19,0,3,3,0,0,0,0,0.8,2,1,0.217,0
11.00,16,0,3,1,0,0,0,0,3.9,2,1,0.938,0
6.30,13,0,3,3,0,0,0,0,21.9,2,1,0.397,0
46.96,19,0,4,1,0,0,0,1,81.1,2,2,7.745,0
4.56,20,0,1,1,0,0,0,0,72.1,1,2,0.887,0
33.61,17,0,2,1,0,0,0,0,17.2,1,1,1.409,0
7.11,9,0,2,1,0,1,0,0,32.3,2,2,0.702,0
47.54,11,0,3,2,0,1,0,0,80.4,2,2,1.596,0
15.43,16,0,3,3,0,0,0,0,8.8,1,1,0.703,0
9.19,9,0,1,2,0,1,1,0,49.7,1,1,2.521,0
10.06,16,0,4,3,0,1,0,0,15.5,2,3,0.702,0
5.56,14,0,2,1,0,0,0,0,26.7,1,1,0.161,0
59.77,10,0,1,1,0,0,0,0,12.3,3,2,0.564,0
29.50,21,0,4,1,0,0,0,0,14.6,3,2,0.735,0
3.96,13,0,0,1,1,0,0,0,47.1,1,1,0.946,0
30.77,18,0,5,5,0,0,0,0,33.9,2,1,3.907,0
18.80,9,0,2,1,0,0,0,0,168.4,1,1,0.418,0
13.04,14,0,0,0,0,0,1,0,46.3,2,1,0.477,0
240.68,10,0,7,4,1,0,0,0,39.3,4,2,7.794,0
112.50,15,0,1,1,0,0,0,0,66.2,1,2,8.058,0
21.09,19,0,3,3,0,0,0,0,26.6,3,1,0.648,0
40.59,18,0,0,2,0,0,0,0,1.8,1,3,1.364,0
11.54,19,0,4,4,1,0,0,0,68.8,1,1,0.756,0
26.72,13,0,2,2,0,1,0,0,79.8,1,2,0.079,0
20.58,12,0,2,1,0,1,0,0,68.6,1,1,3.091,0
11.56,18,0,2,1,0,0,0,0,82.8,1,4,0.348,0
82.36,12,0,2,2,0,0,1,0,17.5,2,3,4.090,0
18.23,19,0,1,1,0,0,0,0,122.0,3,2,0.871,0
13.40,20,0,3,2,0,0,0,0,54.6,1,2,0.413,0
42.82,13,0,1,1,0,0,0,0,4.5,2,4,1.802,0
18.54,16,0,1,1,0,1,0,0,136.8,1,2,0.701,0
20.96,17,0,2,1,0,0,0,0,21.2,1,1,0.164,0
3.41,12,0,4,2,0,2,1,0,35.7,1,2,0.890,0
8.78,21,0,1,1,0,0,0,0,8.3,1,1,0.571,0
114.97,0,1,3,6,0,3,0,0,10.0,1,6,1.058,0
305.20,12,0,5,1,0,0,0,0,59.3,4,2,21.691,0
13.96,16,0,0,2,0,0,0,0,8.2,2,1,0.494,0
5.51,11,0,2,1,0,0,0,0,37.6,1,1,0.074,0
4.26,10,0,3,2,0,0,0,0,56.9,2,2,0.923,0
3.71,18,0,2,3,0,0,0,0,20.1,1,2,0.806,0
58.26,12,0,2,2,0,0,0,0,30.8,2,3,1.129,0
19.43,11,0,0,3,0,0,0,0,18.3,1,1,0.897,0
4.26,17,0,1,1,0,0,0,0,19.8,1,1,0.838,0
70.00,3,1,2,4,0,2,0,0,192.1,3,5,1.856,0
136.38,14,0,2,2,0,1,0,0,34.2,2,1,7.250,0
38.92,17,0,1,3,0,0,0,0,25.5,1,1,3.552,0
13.32,9,0,3,3,0,0,0,0,60.4,2,1,0.445,0
224.23,4,1,5,2,0,2,1,0,299.8,2,1,27.896,0
35.44,13,0,3,3,0,0,0,0,6.0,2,2,0.039,0
11.90,11,0,1,1,0,0,0,1,6.9,1,1,0.099,0
25.22,10,0,1,2,0,1,0,0,32.7,1,2,0.257,0
37.36,16,0,2,1,0,0,1,0,162.2,1,3,0.065,0
38.41,20,0,1,2,0,1,0,0,110.5,1,2,0.490,0
111.13,3,1,7,6,1,3,1,1,665.5,4,4,0.425,1
14.65,9,0,2,3,0,0,0,0,3.7,1,1,0.143,0
54.80,18,0,2,1,0,0,0,0,12.0,2,2,12.909,0
17.49,11,0,3,1,0,0,0,0,38.4,1,1,0.432,0
18.47,10,0,3,1,0,0,0,0,28.4,2,1,0.281,0
27.81,10,0,6,6,0,4,1,0,0.3,3,2,0.495,0
67.52,15,0,1,2,0,1,0,0,20.1,1,1,0.638,0
27.75,16,0,3,3,0,0,0,0,5.8,4,1,0.072,0
17.71,13,0,2,2,0,0,0,0,92.9,1,2,0.475,0
39.96,19,0,2,1,0,0,0,0,3.1,1,1,0.526,0
4.81,19,0,2,2,0,1,0,0,214.8,1,2,0.747,0
53.46,10,0,1,1,0,1,0,1,150.4,1,1,4.346,0
31.29,11,0,4,5,0,0,0,0,7.9,1,1,0.611,0
1.74,16,0,0,0,0,0,1,0,16.7,1,1,0.793,0
12.26,14,0,0,1,0,0,0,0,176.0,1,1,0.543,0
49.83,10,0,1,1,0,1,0,0,60.1,3,3,0.029,0
14.79,19,0,2,2,0,0,0,0,18.0,1,2,0.593,0
51.41,21,0,2,1,0,0,0,0,5.0,2,1,3.498,0
10.67,13,0,2,4,0,1,0,0,24.6,1,1,0.954,0
52.13,11,0,2,2,0,0,1,0,37.8,4,2,0.158,0
25.91,19,0,3,1,0,2,0,0,51.5,1,1,0.056,0
19.87,19,0,3,2,0,0,0,0,108.6,2,1,0.512,0
9.05,19,0,1,1,0,0,0,0,57.8,1,2,0.027,0
28.40,18,0,2,2,0,0,0,0,2.5,1,1,3.356,0
167.25,5,1,7,6,0,4,0,1,96.7,4,6,3.336,0
13.19,20,0,3,1,0,0,0,0,107.0,1,1,1.355,0
1.82,9,0,2,1,0,1,0,0,3.7,1,1,0.937,0
5.04,19,0,2,1,0,0,0,0,70.7,1,2,0.658,0
6.75,10,0,5,1,0,0,0,0,55.6,1,2,0.812,0
33.26,17,0,1,1,0,0,0,0,43.9,1,1,0.571,0
4.74,9,0,3,3,0,0,0,0,34.7,3,2,0.937,0
36.28,13,0,4,1,0,1,0,0,1.4,2,1,2.695,0
66.62,17,0,2,1,0,0,0,0,21.3,1,3,15.781,0
10.99,13,0,0,1,0,0,0,0,1.4,1,5,0.892,0
19.70,13,0,3,3,0,1,0,0,34.8,1,1,0.016,0
39.21,10,0,3,2,0,1,0,0,12.2,1,1,1.752,0
48.86,13,0,1,1,0,0,0,0,29.9,1,1,7.868,0
110.83,9,0,11,4,1,4,1,1,402.3,1,4,7.259,1
23.51,11,0,4,4,0,0,1,1,5.5,1,1,0.584,0
8.19,17,0,0,4,0,0,0,0,38.8,1,1,0.911,0
17.72,15,0,2,2,0,0,0,0,43.3,1,2,0.204,0
13.49,18,0,0,3,0,1,0,0,61.0,1,2,0.255,0
9.46,9,0,2,2,0,1,0,0,13.9,1,1,0.164,0
15.21,15,0,2,1,0,1,0,0,276.7,1,1,0.578,0
10.34,17,0,5,1,0,1,0,0,6.0,3,4,0.392,0
30.75,18,0,0,2,0,0,0,0,88.1,1,2,0.389,0
38.83,17,0,4,4,0,0,0,0,38.8,2,1,1.265,0
16.72,20,0,2,1,0,0,0,0,31.4,1,2,0.339,0
48.55,14,0,5,5,0,0,0,0,45.2,1,1,4.606,0
23.91,14,0,0,2,0,0,1,0,122.0,2,2,0.187,0
30.26,17,0,1,1,0,0,0,0,75.3,2,3,0.063,0
6.90,20,0,2,2,0,1,0,0,24.5,2,2,0.593,0
10.75,15,0,6,6,0,0,0,0,3.3,1,2,0.821,0
5.21,11,0,2,2,0,0,0,0,2.9,1,1,0.819,0
124.33,14,0,3,4,0,0,0,0,31.5,1,2,5.724,0
47.56,14,0,0,0,0,1,0,0,44.6,1,4,10.572,0
27.84,15,0,3,2,0,0,0,0,13.9,2,1,4.579,0
28.69,18,0,7,4,0,2,0,0,120.8,4,1,0.199,0
11.26,16,0,1,2,0,0,0,1,8.0,2,1,1.153,0
12.54,14,0,2,1,0,1,0,0,5.2,1,1,0.695,0
26.37,19,0,2,2,0,0,0,0,61.4,1,1,0.810,0
36.86,16,0,2,1,0,0,0,0,75.2,1,1,1.944,0
1.67,19,0,0,2,0,0,0,0,63.1,1,1,0.901,0
14.72,12,0,2,2,0,0,0,0,29.6,1,1,0.795,0
70.74,17,0,3,1,0,0,0,0,73.8,1,2,0.163,0
24.18,14,0,6,6,0,0,0,0,24.4,1,1,0.984,0
12.74,10,0,4,1,0,0,0,0,55.8,1,1,0.764,0
13.34,11,0,3,3,0,0,0,0,12.4,3,1,0.239,0
4.94,10,0,3,2,0,0,0,0,5.9,1,1,0.943,0
23.14,20,0,2,2,0,0,0,0,15.3,1,1,0.442,0
17.09,16,0,1,1,0,0,0,0,228.2,2,3,0.901,0
60.10,9,0,2,4,0,0,0,0,100.2,1,1,11.521,0
36.00,9,0,2,2,0,0,1,0,81.7,2,1,1.018,0
30.45,8,0,1,1,0,1,0,0,6.2,1,1,1.436,0
62.51,14,0,1,2,0,2,1,0,64.7,1,1,0.200,0
27.12,16,0,2,2,0,1,0,0,80.7,3,1,0.669,0
261.93,17,0,1,1,0,0,0,0,0.8,1,2,23.827,0
25.63,15,0,1,1,0,0,0,0,4.3,2,1,0.138,0
52.32,19,0,3,1,0,0,0,0,8.1,1,1,1.246,0
28.09,15,0,2,2,0,0,0,0,26.8,1,1,0.632,0
12.77,20,0,5,1,0,0,0,0,20.6,2,3,0.682,0
53.25,16,0,3,2,0,0,0,0,1.9,1,1,1.653,0
15.99,14,0,3,1,0,0,0,0,59.6,1,2,0.881,0
36.65,19,0,3,3,0,0,0,0,28.1,1,4,1.066,0
36.78,12,0,1,1,0,0,0,1,128.0,1,2,0.057,0
61.59,9,0,2,1,0,0,0,0,7.7,1,2,0.732,0
15.03,13,0,1,1,0,0,0,0,4.4,1,1,0.613,0
129.58,9,0,3,2,0,0,1,0,63.2,2,1,2.866,0
58.47,12,0,3,3,0,0,0,0,15.6,2,2,0.797,0
11.07,15,0,2,1,0,1,0,0,18.4,2,7,0.276,0
5.71,16,0,1,1,0,0,1,0,63.9,3,1,0.844,0
4.63,9,0,3,1,0,0,0,1,2.5,1,1,0.795,0
6.49,16,0,3,3,0,0,0,0,20.1,1,1,0.330,0
8.37,18,0,1,1,0,0,0,0,3.6,1,2,0.728,0
186.46,20,0,5,1,0,0,0,0,26.4,1,2,9.009,0
12.64,10,0,1,4,0,0,0,0,41.1,1,1,0.456,0
20.46,13,0,2,1,0,0,0,0,105.6,5,1,0.631,0
22.46,9,0,1,1,0,0,0,0,4.5,1,2,0.310,0
32.33,12,0,2,2,0,0,0,0,81.7,1,2,0.100,0
40.71,15,0,3,4,0,1,1,1,610.8,1,4,0.161,0
18.72,13,0,3,4,0,0,0,0,87.2,1,3,0.220,0
30.92,15,0,1,1,0,0,0,0,19.0,1,2,0.782,0
23.47,19,0,1,1,0,2,0,0,130.4,1,2,10.284,0
3.78,18,0,2,1,0,0,0,0,0.4,1,1,0.757,0
72.04,18,0,3,3,1,2,0,0,434.5,2,1,0.606,0
66.56,14,0,4,4,0,1,0,0,49.0,1,3,0.174,0
40.62,13,0,3,1,0,3,0,0,38.1,1,2,4.282,0
22.32,18,0,5,5,1,0,0,0,5.7,5,3,0.077,0
21.06,18,0,3,1,0,0,0,0,5.9,1,1,0.829,0
356.28,9,0,8,3,0,2,0,1,134.3,2,4,4.485,0
111.54,10,0,2,2,0,0,0,0,38.5,1,2,1.784,0
14.92,20,0,0,0,0,0,0,0,11.0,1,2,0.743,0
802.79,22,0,7,5,3,6,1,1,154.6,3,3,26.140,1
31.54,19,0,2,2,0,0,0,0,3.2,1,2,0.146,0
19.00,10,0,2,1,0,0,0,0,34.3,1,1,0.618,0
67.28,15,0,3,3,0,0,0,0,1.7,1,1,1.037,0
9.19,14,0,2,3,0,0,0,0,40.3,2,1,0.885,0
12.81,16,0,3,1,0,0,0,0,46.0,1,2,0.272,0
10.53,12,0,3,3,0,0,1,0,68.4,2,1,0.584,0
11.15,10,0,0,2,0,0,0,0,56.6,1,1,0.657,0
38.67,23,1,6,6,2,4,0,1,384.3,8,5,2.283,1
17.11,20,0,3,3,0,2,0,0,43.7,1,1,0.839,0
5.47,17,0,1,1,0,0,0,0,9.5,1,1,0.610,0
24.71,17,0,1,1,0,0,0,0,18.9,1,2,0.181,0
695.67,7,0,3,5,0,1,0,1,235.3,2,3,10.716,0
8.75,17,0,2,2,1,0,0,0,44.7,1,1,0.958,0
26.30,13,0,2,2,0,2,0,0,47.1,2,1,0.234,0
24.15,8,0,2,1,0,0,0,0,69.3,1,4,0.634,0
8.20,16,0,1,1,0,0,0,0,33.4,2,2,0.444,0
33.16,16,0,2,1,0,1,0,0,24.1,1,1,0.631,0
13.55,18,0,2,1,0,0,0,1,72.1,4,1,0.874,0
8.01,9,0,1,1,0,0,0,0,12.3,1,1,0.744,0
28.21,19,0,4,1,0,0,0,0,69.9,1,1,1.517,0
7.08,11,0,2,2,0,0,0,0,96.8,1,3,0.666,0
31.50,11,0,5,3,0,0,0,0,3.6,1,4,0.520,0
35.05,11,0,2,2,0,0,0,0,60.8,1,1,1.690,0
4.10,20,0,5,1,0,0,0,0,4.6,1,1,0.968,0
58.73,15,0,3,3,0,0,0,0,2.0,1,1,1.277,0
26.23,19,0,2,2,0,0,0,0,28.9,1,1,0.458,0
113.91,20,0,4,1,0,0,0,0,50.7,1,3,0.274,0
6.76,8,0,1,1,0,0,0,0,79.8,1,1,0.276,0
969.53,22,0,12,4,3,4,1,1,541.4,1,7,12.988,1
7.09,13,0,1,1,0,1,0,0,10.5,2,2,0.855,0
191.91,3,1,1,3,0,1,0,0,10.0,2,4,10.659,0
9.23,18,0,2,2,0,1,0,0,26.0,1,2,0.528,0
254.64,22,0,3,3,2,3,0,0,213.8,2,3,0.282,0
88.95,17,0,2,2,0,1,0,0,16.6,2,2,1.541,0
56.77,2,1,9,6,2,3,1,0,50.0,2,5,2.018,1
4.83,19,0,1,3,0,0,0,0,166.8,2,3,0.524,0
22.42,18,0,3,3,0,0,0,0,88.8,1,4,0.700,0
11.17,11,0,2,1,0,0,0,0,125.8,1,4,0.797,0
17.01,18,0,3,2,1,1,0,0,26.4,4,1,0.285,0
15.28,20,0,0,3,0,0,0,1,144.9,1,1,0.222,0
19.53,20,0,6,1,0,0,0,0,79.3,1,1,0.192,0
7.12,12,0,3,3,0,1,0,0,28.5,1,2,0.586,0
4.22,21,0,3,1,0,0,0,0,48.2,2,2,0.779,0
6.23,8,0,1,1,0,1,0,0,199.7,2,2,0.873,0
9.43,10,0,2,1,0,1,0,0,6.5,1,1,0.614,0
11.28,19,0,3,3,0,0,0,0,7.3,1,2,0.129,0
33.91,12,0,4,1,0,0,0,0,191.2,1,1,0.051,0
42.15,16,0,2,1,0,0,0,0,7.1,1,1,1.488,0
10.00,5,1,3,6,0,2,0,0,137.7,4,3,0.827,0
73.58,10,0,10,6,0,3,1,0,12.5,3,2,2.053,0
11.44,19,0,1,2,0,0,0,0,3.2,1,1,0.894,0
54.40,17,0,4,2,0,1,0,0,84.5,2,1,2.636,0
55.22,11,0,2,1,0,0,0,0,241.8,2,2,2.168,0
40.76,23,1,3,2,0,3,1,0,31.0,1,5,0.633,0
17.85,19,0,4,2,0,0,0,0,24.3,1,1,0.375,0
10.32,15,0,0,2,0,1,0,0,77.5,3,1,0.091,0
48.89,19,0,3,3,0,0,0,0,4.4,1,1,0.113,0
36.64,16,0,0,0,0,0,0,1,11.5,1,2,0.411,0
128.70,6,0,5,2,0,3,1,1,651.4,4,5,6.838,0
76.59,12,0,5,4,0,4,0,0,74.8,2,1,1.029,0
9.63,8,0,1,1,0,0,1,0,28.5,1,1,0.031,0
36.36,9,0,1,1,0,0,0,0,2.3,1,3,1.900,0
34.78,12,0,4,1,0,0,0,0,11.4,1,2,0.287,0
74.80,0,1,3,3,0,1,0,1,163.2,3,3,0.778,0
67.38,13,0,4,1,0,1,0,0,34.7,2,2,0.405,0
173.03,15,0,0,3,0,1,0,0,43.8,1,1,1.962,0
36.90,17,0,2,1,0,0,0,0,90.1,1,1,0.052,0
63.81,12,0,4,4,0,0,0,0,3.7,1,3,0.265,0
4.34,16,0,1,1,0,0,0,0,131.4,4,1,0.401,0
35.46,12,0,1,1,0,0,0,0,37.9,1,1,2.671,0
10.93,19,0,4,2,0,0,0,0,18.5,1,1,0.563,0
31.97,20,0,1,1,0,0,0,0,11.3,1,2,0.504,0
40.37,9,0,1,2,0,0,0,0,42.4,1,3,2.724,0
11.74,10,0,1,1,0,0,0,0,10.7,1,1,0.947,0
10.91,18,0,4,1,0,1,0,1,61.4,2,1,1.579,0
11.20,18,0,0,0,0,0,0,0,62.4,3,1,0.436,0
26.25,15,0,12,3,1,2,1,0,478.6,1,7,3.180,0
9.69,12,0,0,0,0,1,0,0,9.5,1,2,0.536,0
7.19,10,0,3,1,0,0,0,0,90.2,1,1,0.859,0
92.15,18,0,3,3,0,0,0,0,14.0,1,1,7.485,0
7.03,14,0,2,1,0,0,0,0,132.9,1,1,0.455,0
27.59,9,0,1,1,0,0,0,0,4.0,1,1,0.219,0
27.94,10,0,1,1,0,0,0,0,8.2,1,1,4.089,0
57.10,9,0,2,2,0,0,0,0,136.9,1,1,0.806,0
25.15,14,0,1,1,0,0,0,0,140.1,3,2,1.079,0
26.79,13,0,5,1,0,0,0,0,137.2,1,2,0.733,0
25.14,11,0,2,2,0,1,0,0,21.0,1,3,0.261,0
16.84,11,0,6,2,0,0,0,0,37.8,2,3,0.425,0
25.61,20,0,2,1,0,0,0,0,58.3,2,2,0.017,0
75.98,19,0,3,4,0,0,0,1,20.0,3,2,6.271,0
10.83,9,0,0,0,0,0,0,0,50.2,1,1,0.574,0
37.90,14,0,1,1,0,1,0,0,81.4,1,2,0.482,0
9.23,19,0,0,1,0,0,0,0,6.7,1,1,0.809,0
2.92,19,0,1,2,0,1,0,0,52.8,1,3,0.924,0
17.08,13,0,1,1,0,0,0,0,9.8,1,2,0.753,0
12.14,16,0,3,3,0,1,0,0,34.0,4,1,7.315,0
22.45,8,0,2,2,0,0,0,0,9.7,1,1,0.507,0
18.27,17,0,1,1,0,0,0,0,130.1,2,1,0.731,0
142.03,10,0,9,2,0,2,1,1,252.5,4,2,0.530,0
279.08,6,0,4,7,0,1,0,1,26.3,3,3,14.217,0
9.11,9,0,2,2,0,2,0,0,55.0,3,1,0.191,0
19.70,9,0,2,1,0,0,0,0,26.7,1,2,0.323,0
34.93,18,0,3,3,0,0,0,0,0.1,1,1,8.895,0
34.76,11,0,1,2,0,0,0,0,100.5,2,1,0.275,0
84.27,18,0,2,2,0,1,1,0,13.2,1,2,5.467,0
19.65,21,0,1,1,0,0,1,0,62.9,1,2,0.775,0
65.62,20,0,1,1,0,1,0,1,18.6,1,1,2.185,0
8.30,14,0,4,4,0,0,0,0,84.2,1,2,0.734,0
6.94,9,0,2,2,0,0,0,0,0.1,1,1,0.697,0
519.27,15,0,3,3,0,2,0,0,258.3,1,4,52.866,0
18.80,19,0,3,1,0,1,0,0,159.9,2,2,0.214,0
21.77,19,0,1,1,0,0,0,0,55.1,1,1,0.676,0
330.92,8,0,7,3,1,3,1,0,37.8,2,4,13.893,0
8.39,16,0,3,1,0,0,0,1,76.0,1,1,0.167,0
7.14,11,0,4,4,0,0,0,0,24.5,2,1,0.683,0
17.27,16,0,3,3,0,1,0,0,100.0,1,1,0.873,0
89.10,20,0,4,4,0,0,0,0,12.6,1,1,0.025,0
14.98,12,0,1,2,0,0,0,0,18.2,1,2,0.540,0
18.99,16,0,1,1,0,1,0,0,16.1,2,1,0.869,0
12.87,17,0,2,1,0,1,0,0,54.2,2,1,0.434,0
9.40,19,0,3,3,0,0,0,0,5.3,1,1,0.472,0
22.81,10,0,2,3,1,0,0,0,6.4,1,3,0.094,0
28.35,20,0,4,4,0,0,1,0,49.1,1,1,0.540,1
32.11,17,0,9,5,0,0,0,1,84.9,2,2,0.695,0
2.93,15,0,5,1,0,0,0,0,20.8,1,2,0.894,0
29.28,18,0,2,1,0,2,0,0,3.3,1,2,2.225,0
90.94,20,0,3,3,1,0,0,0,36.3,1,3,1.312,0
31.17,11,0,2,1,0,0,0,0,117.5,1,1,0.186,0
25.42,17,0,2,1,0,0,0,0,23.9,1,2,0.567,0
22.58,14,0,3,3,0,1,0,0,50.7,2,2,0.972,0
106.73,18,0,1,1,0,0,0,0,22.0,2,2,0.541,0
23.83,19,0,4,4,1,0,0,0,32.1,1,1,2.489,0
23.92,9,0,2,3,0,0,0,0,71.9,2,1,6.498,0
36.71,11,0,0,1,0,0,0,0,69.1,2,1,0.852,0
44.94,11,0,1,1,0,0,0,0,19.9,1,1,0.279,0
20.12,15,0,2,1,0,0,0,1,23.6,1,3,0.330,0
82.70,15,0,3,2,0,1,0,0,17.6,1,3,5.863,0
25.07,15,0,2,2,0,1,0,0,253.4,1,1,0.306,0
56.02,17,0,1,1,0,0,0,0,4.9,2,6,1.930,0
16.02,9,0,0,0,0,0,0,0,183.2,1,1,0.154,0
40.01,13,0,0,0,0,0,0,0,2.5,1,4,1.620,0
5.47,10,0,1,1,0,0,0,0,83.5,1,1,0.751,0
51.38,20,0,3,4,0,0,0,0,50.6,2,2,0.478,0
20.27,13,0,1,1,0,0,0,0,1.5,2,4,0.381,0
9.62,19,0,3,4,0,0,0,0,212.8,1,1,0.906,0
267.31,17,0,1,1,0,0,0,0,46.8,1,1,33.716,0
15.06,14,0,3,1,0,0,0,0,141.6,1,1,0.468,0
91.53,8,0,0,0,0,0,0,0,28.7,1,1,1.484,0
151.67,8,0,2,2,0,0,0,0,143.2,1,2,2.982,0
53.30,17,0,1,1,0,0,0,0,44.8,2,2,0.718,0
20.61,11,0,2,1,0,0,0,0,5.3,1,1,0.421,0
34.14,11,0,2,2,0,0,0,0,34.4,1,1,0.579,0
363.23,23,1,5,1,0,3,1,0,574.5,3,2,60.879,0
14.30,20,0,2,1,0,0,0,0,101.4,1,1,0.068,0
37.72,17,0,2,2,0,1,0,0,263.3,2,2,0.671,0
16.20,11,0,2,3,0,0,0,0,93.7,1,1,0.835,0
12.23,14,0,1,2,0,0,0,0,108.8,1,1,0.481,0
63.03,15,0,6,3,0,0,0,0,392.7,5,3,1.331,0
11.15,11,0,3,1,0,1,0,0,55.5,1,1,0.939,0
35.65,13,0,3,1,0,0,0,0,39.9,1,3,0.054,0
72.46,12,0,2,2,0,0,0,0,21.8,2,1,1.606,0
9.99,20,0,3,3,0,0,0,1,168.2,2,1,0.095,0
32.30,18,0,3,3,0,1,1,0,82.0,1,1,0.463,0
5.67,13,0,1,1,0,0,0,1,42.4,1,1,0.534,0
15.56,14,0,1,1,0,1,0,0,21.2,1,1,0.900,0
47.07,9,0,0,0,0,0,0,0,24.3,1,2,2.021,0
10.14,9,0,1,1,1,0,0,0,10.2,1,3,0.604,0
88.32,11,0,1,1,0,2,0,0,62.3,1,2,6.978,0
51.08,18,0,0,0,0,0,0,0,63.5,1,1,12.268,0
61.37,8,0,0,2,0,1,0,0,140.7,1,2,1.836,0
233.19,13,0,2,2,1,0,0,0,2.5,1,3,1.957,0
26.18,15,0,0,1,0,1,0,0,4.0,2,1,0.655,0
31.16,19,0,5,1,0,0,0,0,217.3,1,1,0.164,0
18.21,14,0,2,2,0,0,0,0,7.3,2,2,1.415,0
38.33,17,0,0,1,0,0,0,0,20.2,1,3,1.607,0
5.71,20,0,2,2,0,0,0,0,36.7,1,1,0.282,0
33.19,20,0,0,0,0,0,0,0,6.4,1,1,3.728,0
10.60,10,0,3,3,0,0,0,0,75.7,1,2,0.534,0
51.04,13,0,2,2,0,1,0,0,67.6,1,1,0.350,0
5.61,17,0,3,2,0,0,0,0,2.4,1,3,0.837,0
25.08,11,0,3,5,0,1,0,1,65.6,5,3,0.350,0
12.85,14,0,1,3,0,1,0,0,71.4,1,1,0.610,0
15.55,21,0,2,1,0,1,0,0,1.2,1,1,0.348,0
75.05,17,0,3,1,1,0,0,0,8.1,1,2,1.912,0
20.05,11,0,1,1,0,2,0,0,1.7,2,2,0.512,0
118.01,8,0,3,3,0,1,0,0,52.4,1,2,10.981,0
37.60,18,0,1,1,0,0,0,0,3.7,1,2,0.359,0
13.40,15,0,3,1,0,0,0,0,14.6,1,5,0.641,0
15.54,14,0,2,1,0,0,0,0,8.4,1,4,0.538,0
14.81,21,0,1,2,0,0,0,0,29.7,1,1,0.240,0
116.49,17,0,2,2,0,0,0,0,75.7,1,1,1.552,0
8.04,16,0,2,2,1,0,0,0,100.8,1,1,0.707,0
8.34,16,0,6,1,0,0,0,0,18.3,1,1,0.075,0
56.20,21,0,1,3,0,0,0,0,69.4,1,1,0.041,0
24.98,11,0,1,1,0,0,0,0,76.4,2,1,0.426,0
4.52,20,0,1,1,0,1,0,0,79.6,1,1,0.934,0
32.32,14,0,1,2,1,0,0,0,16.2,2,3,0.848,0
17.64,20,0,2,2,0,0,0,0,1.8,2,1,0.551,0
657.64,5,1,7,3,0,2,1,1,85.5,4,4,18.549,0
4.52,11,0,0,1,0,0,0,0,1.5,1,1,0.703,0
7.12,19,0,1,1,0,1,0,0,36.3,1,1,0.082,0
21.41,14,0,1,2,0,1,0,0,3.7,1,1,4.353,0
34.22,9,0,2,1,0,0,0,0,69.8,2,3,0.432,0
53.75,18,0,3,1,0,0,0,0,55.7,1,1,0.128,0
134.09,14,0,5,5,0,1,0,0,21.3,1,1,9.651,0
26.78,11,0,1,1,0,0,0,0,51.9,1,1,0.597,0
14.12,11,0,3,1,0,0,0,0,119.9,1,1,0.787,0
34.32,0,1,5,5,0,6,1,1,50.0,5,7,0.074,1
56.09,19,0,1,1,0,1,0,0,73.2,2,2,6.055,0
7.62,19,0,0,0,0,1,0,0,15.4,1,1,0.764,0
28.29,22,0,9,5,1,3,0,0,1014.7,1,4,0.879,0
82.14,18,0,1,3,0,0,1,0,148.1,2,1,0.612,0
47.29,16,0,1,1,0,0,0,0,9.7,2,1,0.031,0
36.46,10,0,1,2,0,1,0,0,10.4,1,2,0.109,0
51.83,19,0,4,1,0,0,0,1,26.8,1,1,1.766,0
66.79,12,0,0,1,1,0,0,0,89.3,1,1,1.382,0
20.79,10,0,1,1,0,1,0,0,29.6,1,3,0.096,0
18.51,12,0,2,4,0,0,0,0,15.2,1,1,0.566,0
25.77,19,0,4,4,0,1,0,0,5.5,3,3,0.072,0
18.98,16,0,6,1,0,1,0,0,137.7,1,1,0.327,0
6.09,14,0,1,3,0,2,0,0,0.9,3,1,0.794,0
4.44,19,0,3,1,0,1,0,0,45.4,2,1,0.752,0
27.54,20,0,0,0,0,0,0,0,9.9,1,2,4.128,0
7.49,10,0,3,1,0,0,0,0,0.1,2,2,0.846,0
13.37,13,0,1,2,0,0,0,0,21.1,1,1,0.888,0
143.38,11,0,4,1,0,0,0,0,4.0,2,1,16.254,0
27.69,14,0,2,2,0,0,0,0,144.2,1,1,0.241,0
63.27,12,0,1,1,0,0,0,0,65.6,1,4,2.266,0
11.23,18,0,2,2,0,0,0,0,2.0,1,2,0.657,0
6.65,8,0,0,3,0,0,0,0,78.6,1,2,0.497,0
29.14,14,0,1,1,0,0,0,0,29.7,1,2,0.331,0
66.01,18,0,2,1,0,1,0,0,42.1,1,1,0.403,0
7.58,16,0,3,1,0,0,0,0,34.8,3,3,0.801,0
38.23,13,0,1,1,0,0,0,0,35.3,1,4,1.093,0
12.82,14,0,3,3,0,0,0,1,6.6,2,3,0.878,0
97.72,9,0,3,3,0,0,0,0,124.3,1,1,5.300,0
38.19,17,0,1,1,0,3,0,0,22.3,1,2,0.159,0
60.06,15,0,4,3,0,0,0,0,191.3,1,1,0.144,0
48.60,9,0,0,1,0,0,1,0,26.1,1,1,3.193,0
71.78,21,0,4,1,0,1,0,0,65.7,1,2,0.316,0
39.58,8,0,5,1,0,0,0,0,53.9,3,1,2.835,0
21.36,14,0,2,2,0,0,0,0,22.4,3,1,3.643,0
158.68,8,0,6,3,0,4,0,0,11.7,4,4,2.580,0
51.48,16,0,2,1,0,0,0,0,2.3,1,2,0.509,0
47.45,15,0,2,2,0,0,0,0,2.5,1,3,0.105,0
14.83,19,0,1,1,0,0,1,0,18.0,1,1,0.285,0
44.28,20,0,2,1,0,1,0,0,123.2,1,2,1.866,0
21.89,14,0,1,2,0,0,0,0,4.8,2,1,0.749,0
70.85,9,0,0,0,0,0,0,0,35.8,1,2,2.093,0
8.51,20,0,6,1,0,1,0,0,100.0,2,3,0.635,0
20.29,13,0,9,4,1,5,1,1,565.5,3,6,0.875,1
8.66,18,0,3,1,0,0,0,0,48.5,1,2,0.449,0
13.33,21,0,5,5,0,0,0,0,11.4,1,1,0.047,0
5.69,13,0,0,0,0,0,0,0,83.6,1,1,0.402,0
42.86,12,0,0,2,0,0,0,0,5.6,1,1,0.300,0
10.15,10,0,4,2,0,1,0,1,110.3,1,7,0.908,0
9.04,17,0,1,1,0,1,0,0,18.4,1,1,0.735,0
64.40,11,0,3,1,0,0,0,0,51.6,1,1,9.575,0
8.93,10,0,1,2,0,0,0,0,19.5,1,1,0.579,0
16.05,20,0,2,1,0,0,0,0,33.7,1,2,0.185,0
41.77,21,0,1,1,0,1,0,0,72.9,1,3,1.219,0
97.14,19,0,0,2,0,0,0,1,65.9,1,1,2.374,0
43.48,14,0,2,1,0,1,0,0,0.7,1,1,0.938,0
41.23,17,0,0,2,0,0,0,0,86.4,1,1,0.921,0
39.17,15,0,3,3,0,0,0,0,102.4,3,5,1.045,0
17.10,8,0,2,2,0,0,0,0,7.6,2,2,0.540,0
59.16,23,1,3,3,1,2,1,0,72.0,2,2,3.066,0
10.69,17,0,7,5,0,0,1,0,97.3,4,4,0.892,0
49.19,18,0,4,1,0,0,0,0,158.4,2,4,0.237,0
2.69,15,0,1,1,0,0,0,0,42.8,2,1,0.819,0
5.27,12,0,5,5,0,0,0,0,25.5,1,1,0.673,0
17.91,20,0,1,3,0,0,0,1,91.1,1,4,0.434,0
13.14,18,0,1,1,0,1,0,0,33.0,1,3,2.970,0
15.71,13,0,3,2,0,0,0,0,47.6,1,1,0.911,0
219.76,16,0,6,7,0,5,0,1,275.7,1,1,1.590,0
30.95,17,0,1,2,0,0,0,1,61.4,2,2,0.428,0
4.92,12,0,4,2,0,0,1,0,51.1,3,1,0.466,0
225.29,17,0,0,2,0,0,0,0,28.1,1,1,4.570,0
53.63,20,0,2,2,0,2,0,1,74.2,1,1,2.360,1
12.68,19,0,2,2,0,0,0,0,16.1,1,4,0.592,0
18.95,14,0,2,2,0,0,0,0,74.0,1,1,3.871,0
22.80,20,0,4,2,0,1,0,0,12.5,1,1,0.170,0
34.14,13,0,3,5,0,2,0,0,10.0,4,5,0.199,0
27.99,10,0,2,2,0,0,0,0,38.7,1,1,0.032,0
28.63,16,0,2,2,1,0,0,0,67.7,3,1,0.372,0
241.77,2,1,6,7,2,4,1,1,162.1,4,4,10.136,1
22.02,20,0,3,1,0,0,0,0,69.5,1,1,1.917,0
11.97,11,0,0,1,0,1,0,0,22.7,1,2,0.870,0
50.47,21,0,2,2,0,2,0,1,10.0,1,3,0.715,0
29.15,12,0,4,4,0,1,0,0,15.7,4,2,0.261,0
124.25,13,0,3,2,0,1,0,0,13.2,1,2,3.307,0
46.97,11,0,6,1,0,1,0,0,102.3,1,1,3.852,0
61.24,4,1,6,3,0,3,0,1,130.6,4,1,0.014,0
59.88,11,0,1,1,0,1,0,0,38.7,2,1,0.089,0
29.81,13,0,3,1,0,0,0,0,127.0,1,1,0.021,0
76.90,0,1,8,4,0,2,1,1,242.5,5,4,1.915,0
5.67,8,0,3,3,0,0,0,0,68.6,1,1,0.731,0
84.97,12,0,1,1,0,0,0,0,6.9,2,7,36.105,0
11.35,8,0,3,3,0,0,0,0,6.7,1,2,0.297,0
60.84,15,0,5,1,0,0,0,0,66.1,1,1,5.836,0
30.69,18,0,1,2,0,0,0,0,2.8,1,1,3.594,0
19.21,17,0,5,1,0,1,0,0,8.7,1,3,0.686,0
66.82,13,0,4,1,0,0,0,0,76.9,1,1,0.295,0
37.82,19,0,2,2,0,0,0,0,20.8,1,3,5.742,0
25.66,17,0,1,1,0,0,0,0,8.7,1,1,1.994,0
31.84,21,0,3,3,0,0,0,0,51.3,1,1,3.422,0
33.75,21,0,1,1,0,0,0,0,27.9,1,1,0.370,0
27.41,10,0,2,1,0,1,0,0,23.4,1,2,0.634,0
10.03,17,0,2,1,0,2,0,0,74.3,1,1,0.701,0
18.08,13,0,0,1,0,0,0,1,37.1,2,2,0.292,0
13.11,16,0,1,1,0,0,0,0,46.1,1,2,0.707,0
36.96,16,0,0,1,0,0,0,0,11.9,3,1,0.148,0
12.43,8,0,3,3,0,0,0,0,8.5,3,1,0.675,0
27.11,12,0,2,1,0,0,0,0,1.4,1,2,3.595,0
31.25,13,0,5,1,0,0,0,0,7.6,5,1,0.825,0
190.44,1,1,7,4,0,1,0,1,134.9,1,2,2.366,0
22.36,15,0,4,3,0,1,0,0,128.0,1,4,0.695,0
490.70,18,0,3,3,0,0,0,0,63.5,1,1,10.007,0
8.77,17,0,2,1,0,0,0,0,134.5,1,1,0.031,0
29.52,11,0,2,2,0,0,0,0,13.8,1,1,0.058,0
42.13,19,0,2,2,0,0,0,0,9.6,1,3,0.747,0
14.06,12,0,2,1,0,0,0,0,98.4,1,1,0.180,0
7.02,12,0,2,2,0,0,0,0,6.2,1,1,0.693,0
9.94,11,0,2,2,0,0,0,0,56.7,3,2,0.743,0
46.15,11,0,1,1,0,0,0,0,97.9,1,2,0.004,0
27.93,10,0,3,4,0,0,0,0,8.1,1,2,0.053,0
27.82,21,0,5,5,0,0,0,0,19.4,1,1,0.035,0
7.31,14,0,1,2,0,1,0,0,83.4,1,1,0.465,0
15.99,20,0,2,2,0,0,0,0,34.3,1,1,3.018,0
27.56,17,0,2,2,0,0,0,0,149.8,1,1,0.823,0
29.83,15,0,2,2,0,1,0,0,43.5,1,2,0.650,0
102.40,17,0,1,1,0,0,0,0,10.3,1,2,6.865,0
18.37,15,0,2,2,0,1,0,0,57.4,2,1,0.001,0
25.97,17,0,1,1,0,1,1,0,22.4,3,2,0.689,0
18.17,12,0,1,1,0,0,0,0,42.5,1,4,0.571,0
35.39,17,0,3,1,0,2,0,0,12.2,1,1,0.394,0
14.87,16,0,0,1,0,0,1,0,118.3,2,1,0.770,0
79.58,20,0,2,1,0,1,0,0,16.5,1,3,4.288,0
14.11,12,0,0,0,0,0,0,0,98.2,1,4,0.104,0
80.40,18,0,7,5,0,1,0,1,10.0,1,7,5.396,0
9.90,10,0,1,2,0,0,0,0,17.1,1,3,0.345,0
15.26,10,0,2,2,1,1,0,0,33.1,3,1,0.893,0
50.96,16,0,3,1,0,0,0,0,303.7,3,2,0.103,0
66.08,18,0,2,2,0,0,0,0,24.2,4,2,2.553,0
312.20,5,1,7,6,0,4,1,1,50.0,4,7,13.165,1
16.58,21,0,4,4,0,2,0,0,78.5,2,2,0.786,0
20.38,16,0,4,1,0,0,0,0,50.7,1,1,1.557,0
22.74,18,0,0,0,0,0,1,0,7.1,2,3,0.783,0
9.47,20,0,1,1,0,0,0,0,61.3,2,2,0.250,0
18.30,17,0,3,1,0,1,1,0,16.0,1,1,0.631,0
43.35,21,0,3,1,0,0,0,0,84.7,1,1,0.874,0
151.64,13,0,5,5,0,2,0,0,233.8,4,1,3.004,0
32.98,10,0,3,3,0,1,0,1,142.3,1,1,0.780,0
110.18,10,0,2,1,1,1,0,0,101.9,2,4,1.956,0
11.45,14,0,0,0,0,0,0,0,223.5,1,2,0.853,0
26.65,12,0,1,1,0,0,0,0,32.2,1,3,0.854,0
99.67,15,0,1,1,0,0,0,1,51.5,1,1,9.977,0
99.42,18,0,3,1,0,1,0,1,101.0,2,3,13.142,0
231.86,13,0,5,5,0,3,0,0,195.3,5,3,6.203,0
21.91,17,0,1,1,0,0,1,1,62.5,2,4,0.242,0
16.19,13,0,1,1,0,0,0,0,97.3,1,1,0.076,0
29.97,14,0,1,2,0,0,0,0,116.5,1,1,0.754,0
25.40,12,0,5,1,0,1,0,0,9.4,1,2,1.758,0
63.08,20,0,5,2,0,0,0,0,47.0,2,3,11.979,0
27.47,13,0,1,1,0,0,0,0,1.4,2,1,0.341,0
61.81,13,0,2,2,0,0,0,0,42.7,2,1,2.325,0
14.34,18,0,2,4,0,0,0,0,102.4,2,3,0.073,0
559.44,16,0,6,5,0,1,0,0,66.0,2,4,32.803,0
3.68,10,0,0,2,0,0,0,0,133.6,2,1,0.855,0
12.61,13,0,4,2,0,0,0,0,1.8,1,4,0.762,0
47.55,20,0,2,2,0,0,0,0,21.8,2,1,2.677,0
29.12,12,0,3,2,1,1,1,0,144.5,1,3,0.701,0
9.64,18,0,3,3,0,1,0,0,100.4,1,1,0.675,0
71.70,19,0,1,1,0,0,1,0,74.3,1,2,0.597,0
42.82,11,0,4,4,0,0,0,1,167.4,2,1,0.040,0
20.49,9,0,3,3,0,0,0,0,73.0,1,1,0.357,0
10.50,9,0,1,2,0,0,0,1,80.7,4,2,0.462,0
32.53,19,0,2,3,0,1,0,0,39.2,1,1,0.289,0
14.24,15,0,0,1,0,0,0,0,22.9,1,1,0.813,0
35.14,13,0,1,1,0,1,0,0,18.2,1,1,0.038,0
41.68,21,0,0,2,0,0,0,0,46.4,1,1,1.253,0
218.44,2,1,5,4,0,3,0,1,102.7,2,5,7.212,0
41.15,13,0,2,1,0,0,0,0,90.8,2,1,22.118,0
30.47,18,0,5,3,0,0,0,0,42.0,1,3,1.074,0
33.10,15,0,2,1,1,0,0,0,4.3,2,1,4.180,0
47.92,20,0,3,1,0,0,0,0,11.7,2,4,2.418,0
82.21,20,0,3,1,0,0,0,0,23.9,1,2,3.952,0
143.33,9,0,1,2,0,0,0,0,97.8,1,1,12.222,0
8.84,18,0,0,2,0,0,0,0,19.8,1,1,0.790,0
8.53,18,0,4,2,0,0,0,0,12.8,2,1,0.585,0
8.92,8,0,3,1,0,0,0,0,56.5,1,2,0.618,0
62.98,8,0,2,2,0,1,0,0,39.3,2,1,0.523,0
77.24,19,0,0,1,0,0,0,0,32.4,2,3,0.601,0
12.38,18,0,1,1,0,0,0,0,21.5,2,5,0.741,0
57.20,11,0,1,1,0,1,0,1,92.2,1,1,2.172,0
32.11,15,0,3,1,0,1,0,0,40.2,1,3,0.296,0
10.97,9,0,2,1,0,0,0,0,46.9,2,1,0.532,0
37.81,3,1,5,4,0,4,0,0,204.9,3,1,0.508,0
44.86,10,0,2,1,0,0,0,0,47.6,1,2,3.208,0
11.92,20,0,1,1,0,0,0,0,60.2,1,4,0.547,0
11.57,15,0,1,1,0,1,0,0,46.5,1,1,2.037,0
16.82,13,0,1,1,0,0,0,0,8.6,1,1,0.816,0
19.26,19,0,2,2,0,0,0,0,87.1,1,3,0.474,0
42.92,15,0,2,2,0,0,0,0,7.2,1,1,0.379,0
322.88,19,0,9,3,2,2,1,1,305.7,9,8,13.617,1
17.17,14,0,5,4,0,0,0,0,8.4,2,3,0.682,0
26.40,18,0,2,3,0,1,0,0,5.4,1,2,0.039,0
130.05,21,0,6,6,1,1,0,1,251.5,8,3,5.676,1
50.96,15,0,4,1,0,0,0,0,51.5,1,3,4.168,0
15.25,19,0,1,1,0,0,0,0,179.2,1,1,0.505,0
16.10,11,0,1,1,0,2,1,0,122.8,1,1,0.160,0
25.23,14,0,3,3,0,0,0,0,63.6,1,1,1.085,0
27.34,16,0,2,1,0,0,0,0,101.2,1,1,2.270,0
14.25,20,0,5,3,0,0,0,1,3.3,1,1,0.520,0
53.21,16,0,2,2,0,0,0,0,27.8,1,4,0.248,0
70.81,14,0,3,3,0,1,0,0,79.3,2,1,3.778,0
1011.03,11,0,4,5,0,2,0,0,462.6,3,2,29.252,0
20.59,14,0,1,2,1,0,0,0,85.4,1,1,0.552,0
37.76,11,0,2,1,0,0,0,0,86.6,1,1,0.153,0
25.55,10,0,1,1,0,1,0,0,41.2,1,1,0.421,0
25.97,14,0,0,1,0,1,0,0,26.6,1,1,0.065,0
45.81,19,0,0,0,0,0,1,0,264.0,4,1,0.697,0
24.33,11,0,0,0,0,0,0,0,91.8,3,1,0.403,0
17.14,15,0,1,1,0,0,0,0,27.0,2,2,0.527,0
14.46,11,0,0,1,0,0,0,0,18.8,1,1,0.798,0
61.13,18,0,2,2,0,0,0,0,60.1,1,3,2.969,0
29.05,12,0,2,1,0,0,0,0,11.2,3,1,0.413,0
19.37,15,0,1,1,0,0,0,0,3.0,1,1,0.767,0
95.41,9,0,3,1,0,1,0,0,78.2,1,2,2.122,0
33.25,19,0,4,4,0,0,0,0,4.6,1,2,0.122,0
19.07,16,0,0,0,0,0,0,0,12.6,1,1,0.104,0
43.85,12,0,1,1,0,0,0,0,133.7,1,1,1.221,0
17.45,13,0,2,2,0,0,0,0,9.2,1,1,0.461,0
25.15,19,0,3,3,0,0,0,0,75.6,3,2,0.678,0
21.79,9,0,1,1,0,1,0,1,46.8,1,1,0.316,0
49.47,10,0,2,2,0,0,0,0,20.3,1,1,0.083,0
1.00,14,0,2,2,0,0,0,0,12.4,1,1,0.975,0
22.99,19,0,0,0,0,0,0,0,1.9,2,1,0.407,0
17.90,13,0,1,2,0,1,0,0,91.1,1,1,0.313,0
13.76,6,0,7,4,0,2,1,0,277.1,2,6,0.952,0
18.29,17,0,0,3,0,2,0,0,19.4,1,1,0.256,0
6.04,21,0,2,1,1,1,0,0,113.0,1,3,0.699,0
69.96,12,0,1,2,0,0,0,0,56.0,3,3,7.368,0
10.95,16,0,4,2,0,0,0,0,116.5,1,2,0.296,0
9.96,9,0,1,1,0,1,1,0,0.3,3,1,0.738,0
6.96,10,0,2,2,0,0,0,0,155.5,1,1,0.465,0
11.56,20,0,3,3,0,1,0,0,22.9,3,1,0.673,0
6.09,20,0,1,1,0,0,0,0,123.0,1,1,0.817,0
16.41,12,0,2,2,0,0,0,0,7.3,3,1,0.545,0
9.79,9,0,0,4,1,0,0,0,10.0,1,2,0.923,0
28.93,11,0,2,2,1,0,0,0,25.9,1,1,0.213,0
18.63,9,0,3,3,0,1,0,0,80.1,1,2,0.880,0
59.24,9,0,2,3,0,0,0,0,78.5,3,1,0.653,1
55.08,16,0,1,1,0,0,0,0,55.8,1,3,2.340,0
7.20,13,0,0,0,0,0,0,0,110.8,1,3,0.764,0
94.64,14,0,1,1,0,0,0,0,46.6,2,2,3.271,0
52.62,23,1,2,5,0,3,1,0,858.5,3,2,0.016,0
19.43,13,0,1,2,0,1,0,0,31.9,1,1,0.746,0
72.15,16,0,4,2,0,0,0,0,7.6,1,1,0.840,0
32.60,17,0,1,1,0,2,0,0,20.5,1,1,9.124,0
3.27,9,0,1,1,0,0,0,0,1.1,1,1,0.830,0
163.48,11,0,5,4,0,3,0,0,18.6,4,4,1.155,0
26.99,18,0,0,0,0,1,0,0,39.8,4,3,0.387,0
15.15,11,0,1,1,1,0,0,0,34.6,2,1,0.639,0
27.87,9,0,2,1,0,1,0,0,29.9,1,3,0.159,0
8.32,8,0,2,1,0,0,0,0,56.8,3,1,0.023,0
4.37,13,0,4,4,0,0,0,0,105.3,2,1,0.881,0
5.17,10,0,2,1,0,0,0,0,50.4,2,1,0.688,0
1144.15,3,1,7,6,0,0,0,0,188.8,2,3,37.498,0
97.59,12,0,3,3,0,0,0,0,12.0,3,1,0.319,0
21.42,17,0,0,0,0,0,0,0,87.1,2,1,0.573,0
12.47,11,0,2,3,1,0,0,1,20.7,2,3,2.087,0
3.28,20,0,3,1,0,0,0,0,46.5,1,2,0.795,0
84.14,18,0,2,1,1,3,0,0,26.8,2,1,0.720,1
23.91,21,0,5,1,0,1,0,0,67.4,2,1,0.670,0
12.86,15,0,2,2,0,0,0,0,10.2,1,1,0.190,0
148.35,10,0,0,1,1,1,0,0,120.8,3,1,6.139,0
54.33,10,0,0,1,0,0,0,0,34.5,1,3,4.925,0
8.44,18,0,3,2,0,0,0,1,46.7,1,2,0.856,0
27.72,20,0,4,4,0,0,0,0,79.0,3,1,0.358,0
11.28,12,0,0,0,0,0,0,0,19.8,1,2,0.459,0
13.44,15,0,2,1,0,2,0,0,52.7,1,3,0.678,0
29.70,17,0,1,2,0,0,0,0,16.7,1,1,2.540,0
9.55,10,0,2,1,0,0,0,0,29.5,1,2,0.367,0
18.81,21,0,4,2,0,0,0,0,43.7,5,1,0.177,0
58.73,20,0,1,1,0,0,0,0,42.4,1,1,5.950,0
82.90,17,0,1,1,1,0,0,0,117.3,1,1,0.046,0
46.42,10,0,3,1,0,0,0,0,223.1,3,1,0.301,0
49.03,12,0,3,1,0,1,0,0,36.9,1,3,2.342,0
35.78,16,0,6,2,0,2,0,0,121.9,5,2,0.411,0
41.68,16,0,4,4,0,0,0,0,172.4,1,1,0.764,0
25.89,14,0,3,3,0,0,0,0,83.1,1,5,0.644,0
3.80,8,0,1,1,0,1,0,0,20.2,2,1,0.891,0
4.58,11,0,1,2,0,0,0,0,37.6,3,4,0.703,0
9.63,13,0,1,1,0,1,0,0,72.9,3,1,0.745,0
91.22,8,0,4,2,0,0,0,0,10.5,2,2,0.983,0
20.25,16,0,0,1,0,1,0,0,36.6,2,2,0.108,0
44.70,12,0,2,2,0,0,0,0,35.4,1,1,0.666,0
12.89,11,0,1,1,1,1,0,0,73.6,3,1,0.261,0
2.67,14,0,1,1,0,0,0,0,29.2,1,1,0.833,0
127.99,8,0,4,1,1,2,0,0,130.7,1,5,1.062,0
58.11,11,0,3,2,0,0,0,0,30.4,4,1,1.263,0
18.02,18,0,0,1,0,2,0,0,74.9,1,1,0.727,0
85.09,8,0,5,3,0,0,0,0,10.5,1,1,4.107,0
25.04,14,0,2,1,0,1,0,0,56.9,1,6,0.664,0
18.51,10,0,2,2,0,0,0,0,11.2,1,2,0.263,0
12.38,18,0,7,7,0,1,0,0,172.3,1,2,0.017,0
26.28,12,0,7,1,0,1,0,0,26.8,1,1,0.502,0
42.82,17,0,1,3,0,1,0,0,36.9,2,1,1.733,0
40.23,20,0,4,2,0,0,1,0,39.8,1,1,0.260,0
10.81,9,0,0,1,0,1,1,0,4.7,1,1,0.093,0
33.66,15,0,1,2,0,0,0,0,101.0,2,2,0.262,0
41.76,14,0,0,0,0,0,0,0,3.6,1,2,0.261,0
18.36,18,0,3,4,0,0,0,0,34.6,3,3,0.451,0
8.85,9,0,1,1,0,1,0,0,106.7,2,1,0.497,0
28.98,11,0,4,4,0,0,0,0,29.5,1,2,0.055,0
16.63,15,0,4,2,0,0,0,0,65.5,1,1,0.203,0
59.47,10,0,5,2,0,1,0,0,216.9,1,4,0.428,0
6.37,20,0,2,2,0,0,0,0,18.6,2,1,0.861,0
100.12,12,0,4,1,0,1,0,0,4.5,1,1,1.042,0
6.38,14,0,0,2,0,0,0,0,129.3,2,2,0.452,0
86.81,11,0,5,5,0,0,1,0,60.2,1,1,1.140,0
161.68,4,1,6,4,0,4,0,0,247.4,2,3,3.067,0
21.51,14,0,3,1,0,0,0,0,137.8,1,1,2.382,0
89.56,13,0,2,3,0,0,0,1,57.9,1,1,6.030,0
181.16,15,0,1,1,0,0,0,0,133.2,1,3,8.233,0
31.47,18,0,0,3,0,1,0,0,2.0,1,1,3.669,0
29.23,8,0,3,1,0,0,0,1,27.2,1,1,0.199,0
36.12,17,0,3,1,0,1,0,0,22.9,2,2,8.736,0
15.33,13,0,2,1,0,1,0,0,36.2,2,1,1.156,0
50.38,18,0,3,1,0,0,0,0,43.2,1,1,0.190,0
46.51,11,0,4,1,0,0,0,0,5.9,1,3,1.577,0
88.51,15,0,2,1,0,0,0,0,17.4,1,5,0.919,0
36.64,12,0,2,2,0,0,0,0,3.4,1,1,0.668,0
46.95,19,0,3,3,0,0,0,0,40.3,4,1,0.756,0
10.57,17,0,0,0,0,1,0,0,1.3,1,1,0.282,0
38.53,14,0,2,2,0,0,0,0,0.6,2,3,23.699,0
23.58,18,0,3,3,0,0,0,0,80.1,4,1,0.657,0
49.49,16,0,4,3,0,2,0,0,462.8,1,3,0.041,0
27.37,10,0,0,2,0,0,0,0,32.6,1,1,2.128,0
87.84,8,0,2,2,0,1,0,0,10.1,1,1,1.476,0
42.72,16,0,2,1,0,1,0,0,19.1,1,1,0.437,0
466.82,3,1,7,1,0,1,1,0,696.9,6,1,25.813,0
21.82,11,0,4,2,0,0,0,0,98.1,1,2,0.869,0
6.42,15,0,1,2,0,0,0,0,26.7,1,5,0.172,0
9.82,19,0,4,2,0,0,0,0,3.5,1,4,0.565,0
55.13,13,0,5,3,1,1,0,1,340.1,5,1,0.438,0
52.05,19,0,2,2,0,0,0,0,7.1,2,1,0.277,0
14.79,9,0,2,2,0,0,0,0,16.6,1,1,1.872,0
43.27,11,0,1,1,0,0,0,0,60.0,1,2,1.447,0
16.97,11,0,3,1,1,0,0,0,65.8,1,1,0.216,0
25.00,15,0,2,2,0,1,0,0,86.2,1,1,0.485,0
53.62,13,0,3,1,0,0,0,0,87.5,1,1,6.406,0
14.39,17,0,0,2,0,0,1,0,41.4,1,1,0.637,0
54.62,9,0,1,1,0,1,0,0,25.3,2,1,3.211,0
23.24,18,0,4,4,0,0,0,0,22.5,1,1,0.205,0
69.68,8,0,7,4,1,1,0,1,552.6,1,3,0.316,0
59.61,13,0,0,0,0,0,0,0,14.9,1,1,2.196,0
14.82,10,0,0,0,0,0,0,0,20.9,2,3,0.750,0
21.70,14,0,2,1,0,1,0,0,39.7,1,1,2.709,0
28.70,16,0,0,1,0,0,0,0,9.6,2,1,0.113,0
144.31,12,0,1,1,0,0,0,0,44.1,2,2,7.213,0
52.73,20,0,2,2,0,0,0,0,22.2,2,1,0.820,0
47.89,21,0,5,5,0,0,1,0,48.1,1,1,3.086,0
7.26,13,0,4,2,0,0,0,0,4.4,3,3,0.975,0
15.48,11,0,3,1,0,0,0,0,162.8,1,1,0.023,0
81.34,8,0,3,3,0,0,0,0,21.3,1,1,0.248,0
18.18,9,0,2,2,0,1,0,0,75.7,3,2,1.750,0
37.45,19,0,2,1,0,1,0,0,59.2,1,1,0.670,0
9.70,10,0,0,1,0,0,0,0,10.7,2,3,0.883,0
38.03,16,0,3,1,0,1,0,0,23.7,1,2,0.677,0
11.21,18,0,4,4,0,1,1,1,325.4,4,4,0.623,0
31.71,10,0,0,0,0,0,0,0,37.6,1,1,0.490,0
72.97,11,0,5,5,0,0,0,0,20.2,1,1,0.616,0
33.53,19,0,2,2,0,0,0,0,7.8,1,1,0.294,0
20.24,14,0,1,3,0,0,1,0,13.0,4,1,0.339,0
30.04,13,0,4,4,0,0,0,0,11.6,1,3,3.437,0
35.16,20,0,5,3,0,0,0,0,5.4,1,2,6.529,0
15.22,14,0,4,1,0,1,0,0,204.6,2,1,0.837,0
23.45,18,0,5,2,0,2,0,0,28.0,1,2,0.385,0
16.78,20,0,1,1,0,1,0,0,25.8,1,1,0.371,0
9.11,13,0,4,2,0,1,0,0,8.0,1,2,0.774,0
8.64,20,0,1,1,0,0,0,0,18.3,2,1,0.567,0
16.32,9,0,4,1,0,0,1,0,49.5,2,2,0.161,0
22.25,15,0,1,1,0,0,0,0,234.9,1,1,3.024,0
5.13,16,0,3,3,0,0,0,0,141.5,1,5,0.606,0
4.65,8,0,2,2,0,0,0,0,48.2,1,2,0.872,0
44.50,16,0,3,1,0,1,0,0,57.4,2,1,0.188,0
11.52,10,0,1,1,0,1,0,0,16.4,3,1,0.883,0
15.96,9,0,7,7,1,0,0,0,34.6,1,1,0.633,0
26.99,19,0,3,2,0,0,0,0,118.9,1,3,0.077,0
255.44,16,0,2,2,0,0,0,0,3.4,2,1,4.155,0
10.38,15,0,3,3,0,0,0,0,51.0,1,2,0.676,0
26.49,10,0,3,3,0,0,0,0,74.2,3,2,0.287,0
51.25,18,0,3,3,0,0,0,0,105.5,1,1,0.987,0
3.33,14,0,3,1,0,0,1,0,50.7,2,2,0.556,0
22.96,20,0,1,2,0,0,0,0,38.4,1,1,0.500,0
11.81,19,0,1,2,0,0,0,0,21.1,1,2,0.425,0
12.85,9,0,4,2,0,0,0,0,73.9,3,1,0.495,0
35.13,10,0,5,2,0,1,0,0,12.2,1,1,0.001,0
456.23,12,0,3,7,0,0,1,0,57.0,1,8,67.400,0
21.84,17,0,3,3,0,0,0,0,50.9,2,1,0.645,0
23.27,15,0,4,2,0,0,0,0,0.9,1,1,0.349,0
49.93,15,0,1,2,0,0,0,0,25.2,2,4,0.898,0
9.87,17,0,0,2,0,0,0,1,6.4,2,1,0.548,0
11.55,13,0,4,1,0,0,0,0,24.9,2,1,0.327,0
21.33,9,0,1,1,1,0,0,0,1.7,2,1,0.489,0
50.41,15,0,0,2,0,0,0,0,69.4,1,1,0.059,0
58.11,14,0,1,2,0,2,0,0,80.2,2,1,1.978,0
26.76,13,0,1,2,0,0,0,0,45.4,2,1,0.188,0
41.53,19,0,3,4,0,0,0,0,43.3,1,1,3.719,0
407.21,15,0,8,4,0,2,0,1,196.9,6,4,8.611,0
10.65,20,0,1,2,0,0,0,0,42.1,2,1,0.838,0
7.24,18,0,1,2,0,0,0,0,37.5,1,2,0.754,0
19.01,20,0,3,1,0,0,0,0,7.7,1,1,0.671,0
45.27,20,0,6,6,0,0,0,0,20.2,1,4,2.231,0
48.59,9,0,3,3,0,0,0,0,40.6,1,3,3.474,0
3.33,16,0,3,3,0,0,0,0,50.0,1,3,0.805,0
5.54,9,0,2,2,0,0,0,0,46.7,3,2,0.868,0
309.93,9,0,3,1,0,0,0,0,86.4,1,1,4.228,0
80.81,10,0,1,1,0,1,1,0,16.4,3,3,9.522,0
17.12,10,0,2,1,0,0,0,0,32.5,1,1,0.772,0
13.88,16,0,3,1,0,0,0,0,22.9,1,1,0.340,0
39.12,14,0,0,0,0,0,0,0,6.5,1,2,9.718,0
34.25,13,0,4,2,0,2,0,0,75.7,1,1,0.724,0
66.13,13,0,2,1,0,1,0,0,55.8,1,1,0.353,0
22.58,16,0,2,2,0,0,0,0,7.1,1,2,0.245,0
26.90,14,0,3,5,1,1,0,1,42.0,1,2,0.207,0
38.77,13,0,7,4,1,1,0,0,156.3,1,1,0.721,0
21.61,18,0,2,1,0,1,0,0,62.1,1,2,0.368,0
3.37,21,0,0,0,0,1,0,0,53.9,1,1,0.908,0
29.45,15,0,6,2,0,0,0,0,111.9,1,1,0.623,0
20.63,13,0,1,1,0,0,1,0,1.9,3,2,0.772,0
52.57,11,0,0,2,0,0,0,0,153.5,1,1,2.785,0
15.38,17,0,0,1,0,0,0,0,15.2,1,2,0.185,0
21.44,20,0,3,1,0,0,0,0,13.9,4,1,0.203,0
57.22,17,0,5,9,1,2,1,1,169.5,4,9,3.408,1
44.24,20,0,1,1,0,0,0,0,12.2,2,1,0.016,0
55.89,16,0,0,1,0,0,0,0,73.3,1,1,3.709,0
104.06,10,0,4,2,0,1,0,1,56.1,1,1,2.745,0
57.69,8,0,2,6,0,0,0,0,209.9,1,3,0.847,0
23.47,10,0,2,1,0,0,0,0,85.4,2,3,0.852,0
51.27,18,0,0,1,0,0,0,0,34.4,1,3,0.783,0
9.21,8,0,6,6,0,0,0,0,1.1,1,1,0.788,0
24.57,11,0,2,2,0,1,0,0,113.2,1,3,0.568,0
41.68,17,0,5,1,0,1,0,0,10.0,2,5,1.305,0
5.29,13,0,1,1,0,0,0,0,33.8,1,1,0.828,0
4.90,14,0,0,0,0,0,0,0,100.0,1,2,0.861,0
179.10,17,0,1,7,2,1,0,0,539.6,7,6,4.870,1
6.09,12,0,3,2,0,0,0,0,27.2,1,4,0.727,0
52.02,12,0,0,2,0,0,0,0,3.6,1,1,3.725,0
69.94,11,0,3,2,0,0,0,0,112.8,1,3,0.862,0
49.74,14,0,2,1,0,1,0,0,116.6,2,1,8.584,0
42.29,9,0,0,2,0,0,0,0,33.4,1,1,4.492,0
89.03,16,0,2,2,0,1,0,0,33.1,1,3,1.110,0
158.69,12,0,2,2,0,0,0,0,35.0,1,5,10.287,0
84.02,3,1,6,5,1,3,1,1,128.6,1,1,1.752,0
57.33,13,0,0,1,0,0,0,0,17.5,1,1,1.296,0
10.64,8,0,3,2,0,0,0,0,2.4,2,1,0.665,0
12.06,10,0,2,2,0,0,0,0,67.2,1,1,0.896,0
20.85,20,0,2,2,0,0,0,1,32.7,2,2,0.664,0
30.19,9,0,2,2,0,1,1,0,57.6,2,3,0.255,0
182.65,19,0,3,3,0,1,0,1,25.4,2,1,8.498,0
61.31,14,0,4,4,0,0,0,0,6.8,1,1,0.487,0
69.65,20,0,3,3,0,0,0,0,53.1,1,3,5.742,0
41.79,17,0,1,1,0,0,0,0,99.9,3,3,0.055,0
43.02,17,0,1,2,0,0,0,0,17.0,1,2,0.221,0
7.84,17,0,3,3,0,2,0,0,8.8,1,1,0.759,0
235.54,19,0,2,2,0,0,0,0,69.1,1,1,10.390,0
26.18,12,0,2,2,0,0,0,0,5.4,1,1,0.162,0
6.56,16,0,2,1,1,0,0,0,9.1,1,2,0.918,0
18.96,9,0,0,0,0,1,0,0,7.1,1,3,0.569,0
31.73,10,0,0,1,0,0,0,0,118.6,1,1,2.514,0
17.51,8,0,2,2,0,0,0,0,66.5,1,1,0.437,0
23.66,9,0,0,0,0,0,0,1,17.0,1,1,0.843,0
40.78,16,0,2,1,0,0,0,0,5.4,1,1,0.562,0
66.21,15,0,4,4,0,0,0,0,32.0,2,3,0.385,0
32.96,18,0,4,4,0,0,0,0,21.6,1,3,1.011,0
62.04,14,0,1,1,0,0,1,0,56.0,1,5,7.026,0
66.33,13,0,2,1,0,1,1,0,82.0,1,1,2.318,0
51.39,16,0,6,1,1,0,0,0,34.9,1,2,2.801,0
25.19,11,0,3,1,0,0,0,0,57.4,1,3,0.658,0
57.54,12,0,3,2,0,1,0,0,24.7,1,2,3.447,0
63.71,19,0,3,2,0,0,0,0,16.5,1,2,3.279,0
8.72,14,0,1,1,0,0,0,0,37.2,1,2,1.158,0
7.17,15,0,3,1,0,1,0,0,160.0,1,3,0.787,0
40.23,14,0,4,6,0,2,0,0,70.2,1,3,0.233,0
12.21,15,0,2,1,0,0,0,0,40.2,1,3,0.679,0
47.55,12,0,4,2,0,0,0,0,30.3,1,1,0.045,0
14.69,10,0,4,1,0,0,0,0,8.3,1,1,0.704,0
4.39,10,0,0,0,0,0,0,0,14.8,1,3,1.240,0
42.85,15,0,1,1,0,0,0,0,5.2,1,1,2.063,0
37.14,16,0,1,1,0,0,0,1,12.9,1,2,0.311,0
86.15,19,0,1,2,0,1,0,0,156.8,1,1,2.666,1
56.11,15,0,0,2,0,2,0,0,46.7,1,1,1.569,0
20.85,11,0,1,1,1,0,0,0,12.7,1,2,0.692,0
17.70,13,0,1,1,0,1,1,0,96.6,1,1,0.579,0
4.34,16,0,1,2,0,1,0,0,128.3,1,1,0.912,0
14.37,14,0,2,1,0,0,0,0,14.6,1,2,0.292,0
4.02,10,0,1,1,0,0,0,0,71.1,1,1,0.945,0
62.19,13,0,1,1,0,0,0,0,87.6,1,1,2.329,0
20.65,15,0,1,1,0,0,0,0,52.2,3,2,0.237,0
145.16,20,0,1,1,0,1,0,0,52.9,1,1,4.162,0
13.52,14,0,0,0,0,0,1,0,21.5,1,1,0.873,0
876.55,13,0,7,5,1,5,0,0,305.4,1,1,70.555,0
32.48,9,0,0,2,0,0,0,0,41.7,1,1,0.745,0
13.06,17,0,2,2,0,0,0,0,24.7,2,2,0.586,0
69.39,16,0,2,2,0,0,0,0,15.5,2,1,6.609,0
81.58,17,0,2,2,0,0,0,0,101.7,1,5,0.049,0
8.78,10,0,2,1,0,0,1,0,19.2,1,1,0.793,0
64.67,8,0,4,1,0,1,0,0,293.0,1,2,0.455,0
11.54,9,0,3,3,0,1,0,0,20.9,1,2,0.754,0
7.02,13,0,2,2,0,0,0,0,18.0,1,1,0.772,0
40.16,13,0,1,1,0,0,0,0,93.0,2,1,0.108,0
7.84,10,0,1,1,0,0,0,0,31.6,1,3,0.904,0
36.26,16,0,3,4,0,1,0,0,61.7,2,4,0.751,0
80.90,12,0,1,2,0,0,0,0,30.1,1,3,0.350,0
21.06,9,0,5,5,0,0,0,0,77.7,1,1,0.800,0
28.52,13,0,5,5,0,0,0,0,13.4,1,3,0.617,0
18.79,11,0,2,2,0,0,0,0,37.7,1,1,0.238,0
105.11,8,0,1,1,0,0,0,0,33.5,1,3,6.274,0
8.66,11,0,2,1,0,0,0,0,23.5,1,4,0.211,0
23.01,17,0,0,0,0,0,0,0,16.1,1,1,1.135,0
44.88,19,0,4,4,0,0,0,0,42.5,3,1,1.964,0
148.70,10,0,3,1,0,0,0,0,23.8,3,1,9.034,0
113.81,12,0,4,1,0,0,1,0,1.6,2,2,2.837,0
38.40,12,0,1,1,0,0,0,0,21.0,2,1,0.168,0
52.44,10,0,3,2,0,0,0,0,9.7,1,1,0.170,0
28.84,19,0,4,4,0,1,0,0,39.9,1,1,1.444,0
9.04,17,0,1,1,0,1,0,0,62.8,1,1,0.626,0
92.78,18,0,3,1,0,1,0,1,86.9,2,1,1.929,0
89.18,16,0,2,1,0,2,0,0,7.8,2,1,3.855,0
36.93,12,0,1,1,0,0,0,0,30.6,1,2,0.651,0
14.31,16,0,2,2,0,0,0,0,38.1,1,1,0.798,0
13.24,20,0,1,1,0,0,0,0,119.1,1,2,0.575,0
124.32,15,0,1,1,0,1,0,0,38.9,1,1,1.248,0
8.79,9,0,4,4,0,0,0,0,50.4,1,2,0.664,0
3.83,21,0,2,1,0,0,0,0,9.8,1,1,0.931,0
14.26,17,0,0,1,0,1,0,0,12.7,1,2,0.075,0
72.83,15,0,4,1,0,1,0,0,77.4,3,1,2.632,0
40.24,15,0,1,1,0,0,0,0,25.9,2,1,1.023,0
303.23,22,0,7,12,0,4,1,1,1054.5,1,3,35.228,1
17.82,16,0,2,4,0,0,1,0,49.5,2,1,0.268,0
5.96,14,0,1,1,0,0,0,1,40.9,1,1,0.782,0
42.84,10,0,3,1,0,0,0,0,10.5,2,1,1.168,0
42.07,12,0,4,4,0,0,0,0,14.2,1,1,0.115,0
23.06,21,0,7,1,1,0,0,0,11.0,1,2,0.653,0
9.53,17,0,1,1,0,0,0,0,25.7,1,1,0.720,0
9.72,14,0,1,2,0,0,0,0,76.1,1,3,0.584,0
20.71,12,0,2,2,0,0,0,0,66.7,1,1,1.592,0
20.71,18,0,0,0,0,0,0,0,60.1,1,1,0.441,0
41.33,8,0,1,1,0,1,0,0,65.6,1,1,0.274,0
15.00,12,0,4,1,0,0,0,0,149.9,1,2,0.859,0
12.35,9,0,1,2,0,0,0,0,55.8,3,1,0.201,0
26.21,13,0,0,2,0,0,0,0,69.4,1,1,1.244,0
44.19,16,0,1,1,0,1,0,0,63.8,2,1,3.819,0
17.50,11,0,0,0,1,0,0,0,66.8,2,1,0.306,0
24.41,20,0,3,3,0,1,0,0,3.3,2,3,0.742,0
60.95,13,0,2,2,0,0,0,0,76.8,1,1,2.145,0
40.95,13,0,1,1,1,1,0,0,1.2,2,1,0.497,0
3.75,17,0,0,2,0,0,0,0,42.6,1,3,0.783,0
12.62,15,0,0,0,0,0,0,0,11.8,2,1,0.754,0
32.21,20,0,5,1,0,0,0,0,39.7,1,2,2.324,0
71.00,8,0,1,2,0,0,0,0,88.7,1,2,4.367,0
63.14,17,0,4,2,3,1,0,0,246.3,2,3,5.264,0
26.95,17,0,1,1,0,0,0,0,110.7,3,1,0.140,0
12.71,12,0,3,1,0,0,0,0,5.5,2,1,0.399,0
19.65,10,0,2,3,0,0,0,0,84.0,1,2,0.728,0
40.87,15,0,1,1,0,0,0,0,15.5,1,2,0.850,0
17.29,11,0,4,1,0,0,0,0,9.9,1,2,0.125,0
21.90,13,0,5,5,0,1,0,0,128.5,1,3,3.345,0
34.56,10,0,0,2,0,0,0,0,42.0,1,1,0.360,0
4.31,20,0,2,3,0,0,0,0,61.2,2,1,0.491,0
20.36,14,0,0,0,0,0,0,0,61.7,3,1,0.192,0
5.23,19,0,0,0,0,0,0,0,30.3,4,2,0.845,0
57.14,8,0,2,2,0,0,0,0,27.9,1,3,7.025,0
11.28,10,0,3,1,0,0,0,1,130.6,1,3,1.496,0
73.12,19,0,3,3,0,0,0,0,12.5,3,1,6.593,0
174.07,17,0,2,1,0,0,0,0,5.9,1,2,3.382,0
12.92,10,0,3,1,0,1,0,0,34.5,3,3,0.642,0
41.27,12,0,3,1,1,0,0,0,41.5,2,1,0.460,0
12.21,19,0,3,3,0,0,0,0,62.5,1,3,0.839,0
50.92,15,0,1,1,1,0,0,0,29.0,1,2,0.422,0
65.08,11,0,2,2,0,2,0,0,5.0,1,1,10.621,0
79.53,14,0,3,1,0,0,0,0,29.8,3,1,5.362,0
35.43,13,0,1,1,0,0,0,0,27.0,2,1,9.835,0
142.23,11,0,2,1,1,0,0,0,311.1,2,1,7.780,0
20.66,14,0,0,0,0,0,0,0,86.0,2,1,2.311,0
12.04,16,0,1,1,0,0,0,0,11.5,1,1,1.289,0
26.89,8,0,3,2,0,0,0,0,4.7,1,5,0.667,0
61.46,14,0,4,2,0,2,0,0,31.5,1,4,2.630,0
240.39,11,0,6,5,0,3,0,0,302.4,1,1,0.888,0
92.48,19,0,1,1,0,1,0,0,68.7,2,1,2.620,0
12.34,14,0,1,1,0,0,0,0,26.0,1,2,0.742,0
51.48,13,0,1,1,0,0,0,0,18.9,1,1,0.859,0
5.22,14,0,2,2,0,0,0,0,84.4,2,3,0.970,0
86.29,14,0,2,2,0,0,0,0,79.7,1,1,1.693,0
20.94,12,0,3,1,0,1,0,0,22.1,1,2,0.804,0
4.96,10,0,0,1,0,0,0,0,135.0,1,1,0.963,0
12.03,15,0,1,1,0,0,0,0,2.7,1,3,0.669,0
6.35,14,0,4,4,0,1,0,0,18.8,1,2,0.915,0
55.54,11,0,4,4,0,0,0,0,34.4,4,2,6.148,0
22.47,17,0,4,1,0,0,0,0,69.8,1,2,0.357,0
6.14,19,0,2,3,0,0,0,0,2.1,1,1,0.443,0
77.44,11,0,2,7,0,1,0,1,18.6,3,1,2.357,0
158.15,10,0,2,1,0,0,0,0,182.4,2,1,7.114,0
33.53,16,0,0,1,0,0,0,0,41.8,1,2,4.935,0
107.06,7,0,4,8,1,0,0,1,179.9,6,1,2.271,0
13.57,11,0,3,2,1,0,0,0,44.3,1,2,0.435,0
42.31,16,0,0,3,0,0,0,0,25.7,1,1,4.128,0
183.22,22,0,3,6,0,2,1,1,278.8,3,3,15.157,0
25.11,12,0,1,1,0,0,0,0,35.8,2,1,0.895,0
31.16,13,0,2,2,0,0,0,0,37.3,2,2,1.996,0
29.38,14,0,2,1,0,0,0,0,14.9,3,1,3.398,0
24.72,20,0,1,6,0,0,1,1,235.7,4,1,0.543,0
47.07,19,0,4,4,0,0,0,0,53.0,1,2,0.795,0
37.59,18,0,1,3,0,1,0,0,52.8,4,1,1.427,0
28.44,13,0,5,6,1,1,0,0,231.2,1,2,0.640,0
635.46,23,1,5,5,2,9,1,1,412.2,7,2,26.761,1
25.73,12,0,1,1,0,1,0,0,1.4,1,1,0.679,0
62.78,19,0,0,1,0,0,0,0,172.5,2,3,0.704,0
47.40,13,0,1,1,0,0,0,0,41.7,4,5,0.752,0
5.41,14,0,4,4,0,0,0,0,37.3,1,2,0.865,0
12.87,15,0,3,4,0,1,0,0,109.1,1,1,0.750,0
95.27,15,0,5,1,0,0,0,0,5.0,4,1,1.069,0
29.34,15,0,4,4,0,1,0,0,84.5,2,1,0.578,0
19.81,9,0,1,1,0,0,0,0,86.3,1,1,0.579,0
79.70,15,0,1,1,0,0,0,0,129.0,1,2,0.134,0
13.34,20,0,5,5,0,0,0,0,22.8,1,2,0.857,0
156.08,13,0,6,5,2,1,1,1,234.0,4,3,1.850,0
92.06,18,0,4,2,0,1,0,0,9.5,1,1,11.876,0
59.78,11,0,1,1,0,0,1,0,23.5,2,2,0.993,0
31.80,18,0,3,2,0,0,0,0,11.6,1,2,0.725,0
26.12,19,0,1,1,1,1,0,0,22.2,4,1,0.159,0
51.64,9,0,2,2,0,0,0,0,115.3,1,2,3.965,0
15.71,17,0,0,2,0,1,0,0,25.5,1,1,0.328,0
1.71,9,0,3,1,0,0,0,0,6.7,1,1,0.957,0
88.95,15,0,4,1,0,0,0,0,58.4,1,1,3.358,0
38.26,17,0,2,2,0,0,0,0,20.1,1,3,6.046,0
31.01,10,0,2,1,0,0,0,0,1.0,2,1,0.635,0
6.38,20,0,1,1,0,1,0,0,21.2,2,1,0.981,0
64.22,23,1,5,5,1,3,0,1,78.3,1,1,4.069,0
66.22,19,0,1,1,0,0,0,0,190.8,2,3,2.745,0
6.16,20,0,2,2,0,0,0,0,19.8,6,3,0.052,0
11.72,18,0,1,1,0,0,0,0,34.9,2,2,0.829,0
7.58,10,0,2,2,0,0,0,0,25.4,1,1,0.796,0
68.39,23,1,4,1,0,1,0,1,237.7,1,3,8.280,0
37.92,12,0,2,1,0,1,0,0,100.4,1,1,2.881,0
31.16,12,0,2,1,1,0,0,0,184.0,2,4,0.510,0
15.75,18,0,2,2,0,0,0,0,121.8,3,1,0.496,0
13.36,17,0,2,1,0,0,0,0,1.2,1,1,0.437,0
111.74,13,0,3,1,0,0,0,0,76.4,1,4,3.977,0
6.85,12,0,1,2,0,0,0,0,15.7,1,1,0.666,0
8.95,10,0,4,1,0,0,0,0,41.2,1,2,0.580,0
24.88,13,0,1,1,0,0,0,0,226.5,2,1,1.215,0
55.22,15,0,1,1,0,1,0,0,95.6,2,2,0.981,0
110.18,11,0,5,5,0,0,0,0,4.7,1,1,8.707,0
103.79,8,0,0,0,0,1,0,0,20.9,1,2,14.445,0
27.68,20,0,0,0,0,0,0,0,3.1,2,3,2.710,0
73.29,10,0,4,4,0,0,0,0,12.5,1,2,6.396,0
17.49,21,0,0,1,0,1,0,0,56.0,2,1,0.779,0
28.62,15,0,4,4,0,0,0,0,16.6,1,1,0.695,0
36.79,11,0,5,5,0,1,0,0,177.3,2,1,1.705,0
15.51,15,0,0,2,0,1,0,0,29.9,1,1,0.032,0
49.17,13,0,4,2,0,0,0,0,31.3,1,1,0.061,0
27.83,9,0,1,1,0,0,0,0,27.3,2,2,0.335,0
57.38,9,0,3,2,0,2,0,1,129.5,4,3,0.901,0
60.17,12,0,5,3,0,0,0,0,60.5,3,1,2.852,0
9.39,11,0,3,1,0,0,0,0,3.5,1,2,0.738,0
63.10,18,0,1,1,0,0,0,0,33.3,1,3,16.240,0
161.11,16,0,0,5,0,2,1,1,167.8,6,2,3.583,0
51.50,20,0,3,7,0,0,0,0,67.9,2,3,5.941,0
19.85,13,0,2,2,0,0,0,0,29.0,1,1,0.659,0
66.98,11,0,2,1,0,0,0,0,6.3,1,3,0.492,0
19.11,10,0,1,1,0,0,0,0,111.7,2,1,0.099,0
207.07,23,1,10,7,4,1,1,1,386.1,7,4,2.292,1
19.28,10,0,5,1,0,1,0,0,0.6,1,1,1.966,0
13.83,19,0,5,2,1,1,0,0,25.2,1,1,0.733,0
4.80,11,0,2,2,0,0,0,0,9.7,2,2,0.802,0
49.73,19,0,3,2,0,0,0,0,18.2,3,2,1.814,0
25.13,14,0,0,1,0,0,0,0,123.7,3,1,0.426,0
11.33,15,0,2,1,0,1,0,0,156.4,1,1,0.595,0
37.92,11,0,1,1,0,0,0,0,9.0,2,2,0.342,0
44.30,20,0,3,3,0,1,0,0,7.6,3,4,2.735,0
13.77,16,0,3,3,0,0,0,0,57.6,1,2,0.494,0
12.84,11,0,5,5,0,1,0,0,7.9,2,2,0.793,0
12.37,12,0,2,1,0,0,0,0,112.8,1,1,0.136,0
25.46,11,0,3,1,0,1,0,0,21.8,2,2,0.667,0
17.52,16,0,4,2,0,0,0,1,61.1,1,1,0.665,0
69.17,14,0,0,1,0,0,0,0,5.3,1,1,2.063,0
5.39,9,0,0,2,0,0,0,0,186.3,1,4,0.858,0
40.41,12,0,3,2,0,0,0,0,3.4,1,1,1.288,0
13.65,11,0,3,3,0,0,0,0,0.4,1,2,1.763,0
119.64,17,0,2,1,0,1,0,0,21.9,1,2,3.673,0
22.18,14,0,0,2,0,1,0,0,5.7,1,1,0.499,0
24.26,9,0,1,1,0,0,0,0,123.0,1,3,0.467,0
60.50,9,0,2,2,0,0,0,0,110.8,1,1,2.941,0
34.78,10,0,3,3,0,0,0,0,20.8,1,1,0.523,0
39.77,14,0,3,1,0,0,0,0,40.5,1,1,0.096,0
38.35,8,0,2,2,0,0,0,0,33.4,2,1,0.373,0
441.39,4,1,6,3,0,0,0,0,55.8,1,2,91.924,0
15.19,14,0,2,2,0,0,0,0,83.3,2,1,0.904,0
25.24,14,0,2,1,0,0,0,0,151.4,2,1,0.713,0
127.54,2,1,9,9,0,0,0,0,92.3,3,4,6.454,0
4.98,13,0,1,1,0,0,0,0,11.4,1,1,0.854,0
7.65,21,0,2,2,0,0,0,0,5.1,2,1,0.177,0
12.75,12,0,1,1,0,1,0,1,12.8,1,1,0.346,0
12.69,11,0,0,1,0,0,0,0,60.6,1,1,0.482,0
20.26,15,0,2,3,0,0,0,0,26.7,1,2,0.479,0
39.19,14,0,1,5,0,0,0,0,19.7,1,1,1.181,0
50.84,20,0,3,1,0,0,0,0,178.1,1,1,1.353,0
21.04,20,0,1,1,0,0,0,0,57.7,1,2,1.302,0
37.77,21,0,2,1,0,0,0,0,15.6,1,3,2.835,0
22.62,19,0,1,2,0,0,0,0,110.1,1,3,0.422,0
34.37,20,0,1,2,0,0,0,0,20.8,1,2,1.222,0
161.90,5,1,5,2,2,1,1,0,237.4,2,1,0.454,0
40.08,14,0,1,1,0,0,0,0,5.3,2,4,8.027,0
1.90,17,0,1,1,0,0,0,0,14.9,2,2,0.984,0
6.21,16,0,0,2,0,0,0,0,91.3,2,3,0.921,0
126.56,18,0,0,0,0,0,0,0,123.6,1,4,5.878,0
44.95,11,0,3,1,0,0,0,0,124.5,1,1,1.073,0
17.79,10,0,2,2,0,0,1,0,19.5,2,2,0.133,0
9.43,15,0,2,2,0,0,0,0,239.9,1,1,0.050,0
16.88,20,0,3,5,1,0,0,0,53.5,1,6,0.089,0
21.34,20,0,3,1,0,0,0,0,152.0,1,1,0.880,0
70.46,20,0,3,3,0,0,0,0,3.9,1,6,0.489,0
11.52,19,0,0,0,0,0,0,0,94.1,1,2,0.629,0
91.55,13,0,1,1,0,0,0,0,28.8,2,1,3.150,0
12.04,11,0,2,1,0,0,0,0,1.7,1,1,0.374,0
36.00,11,0,2,2,0,0,0,0,1.9,6,2,0.640,0
14.53,10,0,3,1,0,0,0,0,95.3,2,2,0.102,0
189.23,20,0,4,6,0,3,0,0,133.7,1,1,7.692,0
22.49,11,0,1,1,0,0,0,0,39.9,2,1,1.416,0
194.14,18,0,0,0,0,1,0,0,4.4,1,1,21.289,0
13.60,18,0,2,2,1,0,0,0,56.4,4,1,1.274,0
525.17,0,1,10,9,1,6,0,1,92.9,3,6,15.139,1
23.43,20,0,0,0,0,0,0,0,3.7,1,1,0.397,0
20.62,17,0,3,3,0,0,0,0,69.2,1,1,0.630,0
27.57,19,0,3,1,0,0,0,0,279.6,1,3,0.603,0
10.81,13,0,0,2,0,0,0,0,30.5,1,2,0.637,0
35.24,11,0,3,1,0,1,0,0,132.6,2,2,0.830,0
13.65,18,0,2,1,0,1,0,0,77.4,1,2,0.333,0
115.97,15,0,3,4,0,1,1,0,49.2,2,6,2.354,0
93.79,11,0,2,2,0,0,0,0,25.9,1,3,3.511,0
160.34,0,1,10,10,0,7,0,1,115.5,6,7,1.607,1
24.68,9,0,3,1,0,1,0,0,64.3,1,1,0.405,0
83.52,5,1,6,4,1,1,0,1,68.9,3,2,7.253,0
31.24,16,0,0,1,0,0,0,0,229.3,2,2,0.883,0
35.20,9,0,5,1,0,0,0,0,87.4,1,1,0.522,0
158.91,16,0,4,3,0,1,0,1,10.0,1,3,19.638,0
11.25,18,0,0,0,0,1,1,0,14.7,1,2,0.308,0
29.30,15,0,2,2,0,0,0,0,54.6,2,1,0.401,0
51.71,13,0,0,1,0,0,0,0,16.9,1,1,0.645,0
4.98,9,0,7,7,0,0,0,0,17.2,1,2,0.653,0
18.99,14,0,0,0,0,0,0,0,14.8,1,3,0.681,0
4.00,13,0,3,1,0,0,0,0,34.7,1,2,0.652,0
70.75,11,0,1,2,0,0,0,0,6.7,1,1,3.280,0
38.27,9,0,1,2,0,0,0,0,72.6,1,1,6.221,0
28.22,19,0,1,2,0,0,0,0,81.6,1,3,0.095,0
51.13,13,0,2,1,0,1,0,0,102.4,1,2,4.332,0
28.45,13,0,2,1,0,0,0,0,122.9,1,2,1.375,0
22.62,13,0,3,1,0,0,0,0,2.5,1,1,0.615,0
23.77,10,0,2,2,2,0,0,0,119.1,1,1,0.573,0
4.56,18,0,4,5,0,0,0,0,215.0,1,1,0.865,0
10.68,19,0,1,1,0,0,0,0,2.7,3,3,0.821,0
22.39,11,0,2,1,0,1,0,0,60.9,1,1,0.073,0
23.51,12,0,2,1,0,0,0,0,2.8,3,2,0.756,0
23.94,18,0,4,4,0,0,0,0,38.9,1,1,1.594,0
33.27,10,0,2,1,0,0,0,0,5.0,1,3,0.476,0
39.88,19,0,1,1,0,0,0,0,10.6,1,2,0.038,0
14.18,16,0,1,1,0,0,1,0,89.8,1,3,0.896,0
9.26,19,0,3,3,0,1,0,0,11.5,1,1,0.377,0
15.27,15,0,3,2,0,3,0,0,808.8,3,1,0.071,0
11.33,12,0,2,2,0,0,0,0,19.2,1,1,0.963,0
2.07,16,0,4,1,0,0,0,0,0.4,2,1,0.983,0
278.78,19,0,3,5,0,4,1,0,281.5,4,2,5.875,0
36.24,9,0,2,1,0,2,0,0,50.8,1,1,4.393,0
48.40,9,0,1,3,0,1,0,0,75.0,1,4,0.931,0
52.58,9,0,3,1,0,0,0,0,55.7,1,2,0.447,0
8.27,15,0,1,1,0,0,0,0,22.2,1,1,0.836,0
55.64,11,0,2,1,0,0,0,0,3.0,1,1,0.041,0
24.04,11,0,2,1,0,0,0,0,42.9,1,3,0.321,0
35.56,10,0,3,2,0,0,0,0,22.2,1,1,0.969,0
11.55,17,0,2,3,0,0,0,0,51.2,3,1,0.452,0
41.48,9,0,1,4,0,0,1,0,154.4,2,4,7.214,0
60.19,20,0,2,2,0,0,0,0,177.2,2,1,0.463,0
44.03,8,0,0,2,0,0,0,0,129.6,3,2,0.318,0
8.68,11,0,1,3,0,0,0,0,58.4,1,1,0.819,0
21.23,8,0,0,2,0,1,0,1,68.0,1,1,0.872,0
8.90,9,0,3,1,0,1,0,0,71.1,3,1,0.935,0
21.95,15,0,1,1,0,0,0,0,2.8,1,1,0.909,0
6.44,11,0,0,0,0,1,0,0,46.1,2,1,0.542,0
34.99,14,0,2,2,0,0,0,0,25.9,1,1,1.271,0
31.59,21,0,2,2,0,0,0,0,22.2,1,1,7.248,0
26.39,15,0,5,1,1,0,0,0,18.6,1,2,0.331,0
103.91,9,0,3,2,0,0,0,0,32.0,1,1,1.680,0
12.51,9,0,1,6,0,0,0,0,30.1,1,1,0.341,0
80.92,14,0,0,1,0,0,0,0,20.2,1,3,3.323,0
149.18,22,0,6,7,1,2,1,0,47.4,4,2,1.906,0
15.05,15,0,2,1,0,0,0,0,26.9,1,1,0.843,0
91.80,11,0,2,1,0,1,0,0,66.4,1,2,11.662,0
16.21,13,0,1,1,0,1,0,0,3.2,1,3,0.626,0
147.88,21,0,8,5,2,2,1,0,1158.0,2,5,0.230,1
72.72,16,0,2,1,0,0,0,0,91.1,2,1,0.307,0
145.32,12,0,6,13,0,8,1,1,643.4,1,3,6.577,1
32.05,15,0,2,1,0,0,0,0,124.1,1,1,1.576,0
10.68,11,0,1,2,0,0,0,0,13.4,1,1,0.517,0
33.34,11,0,0,0,0,0,0,0,23.6,2,1,0.481,0
23.30,18,0,4,1,0,0,0,0,37.3,1,1,0.580,0
10.89,19,0,1,1,0,0,0,0,77.5,1,1,0.691,0
444.64,4,1,4,5,1,5,1,1,350.6,2,1,11.643,1
26.55,16,0,1,1,0,0,1,0,48.4,1,1,1.099,0
104.12,17,0,0,1,0,0,0,0,109.3,2,1,2.319,0
20.21,9,0,5,2,0,0,0,0,47.3,1,1,0.582,0
30.41,17,0,0,1,0,1,0,0,50.6,2,1,0.495,0
6.92,21,0,5,5,0,0,0,0,9.8,1,2,0.415,0
29.48,19,0,5,2,0,1,0,0,57.7,1,1,0.336,0
17.45,9,0,1,1,0,1,0,0,37.5,2,1,3.030,0
18.40,12,0,2,1,0,0,0,0,2.6,1,2,0.163,0
16.44,19,0,0,0,0,1,0,0,97.3,1,2,0.270,0
22.11,17,0,1,1,0,0,0,0,114.4,2,2,0.522,0
25.37,18,0,0,0,0,0,0,0,188.8,1,1,0.369,0
7.57,15,0,1,1,0,0,0,0,269.8,4,3,0.042,0
10.78,21,0,3,1,0,0,0,0,9.4,1,1,0.674,0
85.61,13,0,4,4,0,0,0,0,62.5,4,1,0.708,0
24.62,23,1,3,5,0,3,1,0,209.0,2,2,0.194,0
64.87,8,0,2,2,0,0,0,0,2.7,1,2,5.566,0
377.58,1,1,9,3,4,5,1,1,993.5,2,7,21.529,1
25.83,17,0,1,2,0,0,0,0,65.3,1,1,0.745,0
32.59,19,0,1,1,0,0,0,0,97.7,1,1,1.306,0
15.79,16,0,1,1,0,0,0,0,44.4,1,1,0.041,0
42.70,8,0,3,2,0,2,0,0,82.5,6,5,2.250,0
13.31,14,0,2,2,0,1,0,1,76.6,2,1,0.852,0
18.11,13,0,1,1,1,2,0,0,1.5,1,5,0.510,0
79.93,1,1,9,4,1,2,0,0,438.2,2,6,0.097,0
70.98,12,0,1,1,0,0,0,0,133.1,1,1,0.096,0
14.88,21,0,4,4,0,0,0,1,1.4,3,1,0.736,0
16.94,11,0,4,2,1,0,0,1,402.3,3,3,0.252,0
37.11,10,0,2,2,0,0,0,0,1.4,2,1,0.346,0
43.58,20,0,1,1,0,1,0,0,20.7,1,3,0.624,0
26.25,9,0,1,1,0,0,0,1,6.5,1,1,0.637,0
34.88,15,0,0,1,0,0,0,1,34.9,1,2,0.716,0
30.19,12,0,3,1,0,0,0,0,67.2,1,2,0.676,0
10.68,21,0,0,0,0,1,0,0,21.0,2,2,0.374,0
32.35,8,0,0,2,0,2,1,0,17.3,2,1,1.471,0
2.98,18,0,4,4,0,0,0,0,47.0,2,5,0.534,0
64.57,16,0,0,0,0,0,0,0,6.5,1,3,1.484,0
20.33,16,0,4,1,0,1,0,0,6.9,1,1,0.919,0
21.14,11,0,1,1,0,0,0,1,21.8,1,2,0.489,0
80.24,21,0,0,1,0,0,0,0,64.0,1,1,14.197,0
18.90,15,0,5,5,0,1,0,0,4.4,1,2,0.843,0
24.18,9,0,4,2,0,0,0,0,115.4,1,3,0.209,0
31.19,17,0,2,1,0,0,0,0,41.0,3,2,1.361,0
37.93,9,0,4,1,0,1,0,0,23.1,1,1,0.091,0
111.71,16,0,0,2,0,0,0,0,26.9,2,1,2.199,0
82.98,16,0,2,1,0,0,0,0,26.9,1,2,4.350,0
20.88,20,0,3,3,0,1,0,0,39.1,1,2,0.456,0
5.70,12,0,2,1,0,0,0,0,104.9,1,2,0.107,0
6.73,15,0,2,1,0,0,0,0,4.2,2,1,0.948,0
44.54,9,0,2,2,0,1,0,0,61.9,2,1,0.198,0
28.10,14,0,2,2,0,0,0,0,0.1,1,2,0.391,0
43.10,16,0,1,1,0,1,0,1,4.6,3,2,0.261,0
26.88,11,0,0,1,0,0,0,0,4.9,2,1,1.052,0
6.80,13,0,2,1,0,1,1,0,43.5,4,1,0.871,0
42.54,13,0,6,6,1,3,0,0,39.4,1,2,0.328,0
18.50,12,0,2,2,0,1,0,0,181.8,1,3,0.126,0
13.21,12,0,2,2,0,0,0,0,9.7,1,1,0.353,0
19.04,8,0,7,3,0,1,1,0,91.6,4,4,0.434,0
41.53,13,0,5,1,0,0,0,0,11.8,2,2,0.040,0
14.26,8,0,3,1,0,0,0,0,87.1,3,3,0.605,0
14.13,10,0,0,0,0,1,1,1,15.4,1,1,0.724,0
135.67,11,0,2,2,0,0,0,0,39.7,1,2,2.930,0
217.01,8,0,4,4,0,0,0,0,4.1,1,2,3.254,0
15.59,11,0,2,2,0,0,1,0,15.5,1,2,0.633,0
8.25,15,0,6,3,0,0,1,0,28.1,1,1,0.776,0
41.13,10,0,4,4,0,0,0,0,119.7,1,2,1.976,0
22.94,15,0,3,2,0,1,0,0,210.4,1,1,1.336,0
27.71,10,0,3,3,1,0,0,0,84.8,1,1,0.261,0
9.95,18,0,0,0,0,0,0,0,41.8,1,1,0.013,0
43.07,14,0,0,0,0,0,0,0,15.7,1,1,1.875,0
39.28,10,0,4,2,1,0,0,0,0.9,2,1,1.758,0
37.18,17,0,2,2,0,1,0,0,70.5,6,2,0.880,0
12.22,11,0,6,1,0,0,0,0,9.9,1,1,0.601,0
10.53,10,0,1,2,0,0,0,0,25.1,1,1,0.288,0
82.87,17,0,3,3,0,0,0,0,2.2,1,2,1.694,0
32.37,11,0,0,2,0,0,0,0,18.3,1,2,0.596,0
13.22,11,0,1,2,1,0,0,0,5.0,1,2,0.224,0
52.32,9,0,1,2,0,1,0,0,14.3,2,1,1.582,0
154.85,10,0,0,1,0,0,0,0,20.7,1,1,5.431,0
2.91,19,0,1,3,0,0,0,0,34.4,1,1,0.894,0
33.89,18,0,2,2,0,0,0,0,25.1,1,1,0.920,0
82.16,8,0,6,6,1,2,0,1,1189.0,2,3,3.000,0
270.98,9,0,4,5,0,0,1,0,39.4,4,3,12.563,0
80.61,16,0,0,0,0,0,0,1,14.9,2,1,2.837,0
87.46,16,0,0,0,0,0,0,0,48.0,1,2,11.675,0
37.34,16,0,0,0,0,0,0,0,43.4,2,1,0.256,0
23.49,11,0,1,1,0,2,0,0,56.3,1,1,0.167,0
10.25,10,0,1,1,0,0,0,0,119.2,2,1,0.438,0
5.68,13,0,0,1,0,1,0,0,12.2,4,1,0.274,0
19.11,11,0,0,0,0,0,0,0,8.0,1,1,1.569,0
14.41,18,0,1,1,0,1,0,0,76.7,2,3,0.342,0
8.26,13,0,4,1,0,0,1,0,3.9,1,3,0.517,0
13.70,16,0,4,4,0,0,0,0,78.6,3,3,0.895,0
18.93,21,0,0,1,0,0,0,0,2.0,1,1,0.026,0
25.95,21,0,2,2,0,0,0,0,145.4,1,2,0.015,0
42.58,9,0,4,1,0,0,0,0,3.3,1,1,2.548,0
663.84,22,0,8,6,0,0,0,0,149.9,1,4,13.844,0
37.32,10,0,3,1,0,0,0,0,80.6,1,2,0.262,0
14.40,12,0,1,1,0,1,0,0,17.2,1,4,0.068,0
111.69,5,1,5,1,1,1,1,1,361.0,3,4,0.264,0
17.84,20,0,1,1,0,1,0,0,71.7,2,3,0.882,0
46.95,10,0,3,3,0,0,0,0,86.3,2,4,0.407,0
61.46,17,0,1,1,0,0,0,0,0.8,2,4,0.248,0
9.39,9,0,1,1,0,1,0,0,24.6,1,2,0.722,0
131.25,12,0,6,6,0,1,0,0,32.3,2,3,1.789,0
18.05,19,0,1,3,0,0,0,0,36.3,1,1,0.562,0
5.11,14,0,2,2,0,1,0,0,76.9,1,1,0.841,0
6.39,11,0,3,2,0,0,0,0,24.3,1,3,0.705,0
269.89,4,1,10,6,1,3,0,1,1492.0,4,6,0.917,1
87.29,9,0,3,3,0,1,0,0,36.0,1,1,0.649,0
74.32,13,0,3,3,0,1,0,0,41.8,2,2,16.324,0
21.83,16,0,3,1,0,0,0,0,100.0,1,2,0.070,0
63.87,8,0,0,1,0,1,0,0,4.8,1,2,0.572,0
21.25,14,0,1,1,0,0,0,0,61.5,1,1,0.865,0
18.81,12,0,1,1,0,1,0,0,1.6,1,1,0.065,0
8.67,12,0,2,1,0,0,0,0,13.4,1,1,0.051,0
105.50,11,0,1,4,0,1,0,0,68.4,1,2,2.649,0
14.98,17,0,1,1,0,0,0,0,59.0,2,4,0.863,0
15.93,14,0,0,1,0,0,0,0,15.0,1,1,0.106,0
107.11,10,0,1,2,0,1,0,0,68.2,1,3,3.168,0
7.95,15,0,2,1,0,0,0,0,47.8,2,1,0.713,0
38.71,14,0,2,2,0,1,0,0,35.7,2,2,2.594,0
54.73,18,0,3,3,0,0,0,0,2.4,1,2,0.107,0
61.56,18,0,0,0,0,2,0,0,147.7,2,2,0.097,0
25.58,14,0,2,2,0,0,0,0,1.1,1,3,0.716,0
359.24,12,0,3,1,0,0,0,0,0.3,1,4,32.418,0
15.02,12,0,0,1,0,0,0,0,58.5,1,3,0.669,0
68.30,20,0,0,3,0,1,0,0,1.2,1,1,0.699,0
8.95,17,0,1,1,0,0,0,0,72.1,1,1,0.799,0
22.43,20,0,0,0,0,2,0,0,31.0,1,1,0.326,0
42.07,15,0,1,1,0,0,0,0,73.2,2,1,2.687,0
50.92,11,0,0,1,0,1,0,0,107.5,4,1,10.167,0
116.14,19,0,1,1,0,0,0,0,10.4,3,2,0.191,0
14.91,16,0,2,3,0,1,0,0,25.6,1,1,0.626,0
11.94,17,0,0,1,0,0,0,0,35.9,1,1,0.729,0
11.06,20,0,6,6,0,0,0,0,9.7,1,4,0.584,0
15.35,17,0,1,1,0,1,0,0,23.9,2,3,4.950,0
28.19,12,0,1,1,1,0,0,0,17.3,2,3,0.797,0
18.98,21,0,1,1,0,0,0,0,61.0,1,2,0.133,0
55.96,13,0,0,0,0,0,0,0,72.6,1,4,0.203,0
104.37,23,1,7,2,0,1,0,0,379.0,4,3,23.386,0
98.33,20,0,0,0,0,0,0,0,2.8,2,2,3.140,0
102.30,4,1,5,4,2,4,1,1,710.9,4,3,2.532,1
25.95,16,0,0,1,0,1,0,0,65.1,2,2,0.608,0
15.32,18,0,1,2,0,4,0,0,24.3,1,1,0.847,0
9.84,20,0,1,1,0,1,0,0,54.6,2,2,0.714,0
13.62,11,0,1,1,0,1,0,0,36.7,1,1,0.767,0
144.18,20,0,5,5,0,4,0,0,60.0,3,2,5.989,0
14.88,13,0,2,2,0,0,0,0,33.5,1,3,0.011,0
22.66,20,0,1,1,0,0,0,0,34.7,1,3,0.764,0
4.14,15,0,4,4,0,1,0,0,47.1,1,1,0.925,0
4.55,21,0,4,1,0,2,0,0,179.2,1,2,0.876,0
256.62,11,0,0,1,1,0,0,0,68.0,1,2,7.241,0
29.01,10,0,1,1,0,0,0,0,38.2,2,1,0.385,0
10.52,10,0,1,1,0,0,0,0,18.2,1,1,0.511,0
9.11,12,0,2,2,0,0,0,0,9.2,1,1,0.696,0
46.94,12,0,2,2,0,0,0,0,19.3,1,2,1.015,0
4.97,17,0,2,1,0,0,0,0,310.6,1,2,0.958,0
12.74,16,0,1,1,0,1,0,0,11.6,1,2,0.550,0
54.94,21,0,4,4,0,0,0,0,60.0,1,1,0.195,0
344.01,3,1,5,3,0,5,1,1,50.0,2,5,3.007,1
11.01,11,0,3,3,0,0,0,0,37.8,1,5,0.908,0
24.11,9,0,2,1,0,0,0,0,78.4,3,1,8.922,0
77.61,18,0,1,2,0,0,0,0,23.4,1,1,1.133,0
86.06,13,0,0,2,0,0,0,0,66.9,1,1,6.066,0
33.11,14,0,3,1,0,0,0,0,4.6,1,2,0.070,0
44.70,11,0,1,1,0,1,0,0,39.8,1,2,0.523,0
36.37,21,0,2,2,0,3,0,1,188.2,2,3,0.601,0
26.45,16,0,2,2,0,0,0,0,61.6,5,1,0.907,0
36.40,16,0,0,1,0,0,0,0,100.5,1,3,0.021,0
27.26,10,0,2,3,0,0,0,0,50.9,1,1,0.450,0
28.16,19,0,2,1,0,0,0,0,96.7,1,1,0.623,0
46.95,20,0,2,1,0,0,0,0,24.6,3,4,2.000,0
298.72,9,0,4,5,0,0,0,0,389.7,3,1,3.754,0
75.12,3,1,7,3,0,2,0,0,430.9,2,2,1.274,0
61.78,18,0,2,4,0,0,0,0,29.9,2,1,1.632,0
23.62,15,0,5,3,0,0,0,0,4.6,1,1,0.798,0
16.14,15,0,2,2,0,0,0,1,150.0,1,2,1.764,0
34.95,17,0,0,1,0,1,0,0,84.5,1,3,0.746,0
53.09,10,0,2,1,0,1,0,0,1.3,2,1,7.549,0
6.74,9,0,2,2,0,0,0,0,25.7,1,4,5.740,0
38.12,17,0,1,1,0,0,0,0,46.3,1,1,1.569,0
144.28,9,0,4,4,0,0,0,0,42.6,1,3,7.517,0
17.08,17,0,2,2,0,1,0,0,55.6,1,4,4.239,0
6.77,10,0,2,1,1,0,0,0,54.1,1,3,0.843,0
12.91,20,0,0,3,0,0,0,0,92.5,1,1,0.703,0
34.02,2,1,5,5,2,5,0,1,99.1,4,3,0.390,1
68.80,9,0,3,3,0,0,0,0,35.4,2,2,0.757,0
75.50,16,0,3,3,1,1,0,0,32.1,1,4,3.053,0
47.34,12,0,4,4,0,0,0,0,22.1,1,3,1.106,0
2.38,18,0,3,4,0,2,0,0,4.6,2,1,0.312,0
27.95,8,0,1,1,0,0,0,0,9.7,3,1,0.159,0
20.38,9,0,2,2,0,1,0,0,93.0,3,3,0.821,0
10.61,19,0,2,2,0,0,0,0,50.1,6,1,0.560,0
10.74,13,0,3,3,0,0,0,0,10.5,2,2,0.848,0
5.38,17,0,4,1,0,0,0,0,69.7,1,2,0.746,0
17.68,15,0,1,1,0,0,0,0,13.2,1,4,0.865,0
144.82,3,1,9,5,3,2,0,1,50.0,8,4,14.164,1
60.14,12,0,2,2,0,0,0,0,0.1,2,1,0.168,0
256.68,21,0,2,2,1,1,0,0,21.3,1,1,12.837,0
42.16,9,0,4,4,0,1,0,0,66.3,1,1,0.348,0
53.05,17,0,2,1,0,0,0,0,18.3,1,1,1.481,0
38.71,9,0,1,2,0,1,0,0,7.8,1,2,0.331,0
49.03,9,0,2,1,0,0,0,0,36.7,1,1,2.338,0
40.10,11,0,4,4,1,4,0,0,46.5,3,2,0.719,0
23.09,17,0,3,3,1,1,0,0,42.7,1,3,1.415,0
14.89,11,0,2,2,0,1,0,0,102.9,1,1,0.193,0
19.29,14,0,1,2,0,0,0,0,4.3,1,1,0.754,0
7.83,20,0,0,0,1,1,0,0,20.0,1,4,0.587,0
117.08,13,0,0,2,0,0,0,0,201.4,4,2,1.145,0
22.88,9,0,3,3,0,0,0,0,35.9,1,1,2.751,0
377.63,9,0,5,1,0,0,0,1,16.7,1,2,17.797,0
52.18,21,0,2,2,0,1,0,0,29.8,1,1,1.320,0
22.01,19,0,3,1,0,0,0,0,54.5,1,2,0.397,0
31.08,9,0,4,1,0,0,0,0,17.0,1,1,0.578,0
12.33,21,0,2,2,0,0,0,0,5.4,2,1,0.332,0
2.45,17,0,1,1,0,1,0,0,6.2,4,3,0.958,0
8.68,19,0,4,4,0,0,0,0,43.6,2,2,0.494,0
9.03,10,0,0,1,0,0,0,0,15.5,2,1,0.850,0
34.09,20,0,0,0,0,0,0,0,53.1,3,4,3.277,0
74.55,12,0,1,2,0,0,0,0,35.6,1,2,5.318,0
22.37,18,0,3,1,0,0,0,0,2.9,1,2,0.683,0
14.40,11,0,3,1,0,0,0,0,160.3,1,3,2.000,0
15.03,19,0,4,4,0,1,0,0,22.0,1,4,0.597,0
31.29,21,0,2,2,0,0,0,0,107.9,2,3,1.582,0
56.93,17,0,4,4,0,0,0,0,96.1,2,3,1.773,0
5.51,8,0,2,1,0,0,0,0,51.0,3,2,0.712,0
572.04,5,1,0,3,0,2,0,0,205.6,1,6,44.837,0
89.74,13,0,5,5,0,0,0,0,41.1,4,2,20.888,0
105.14,13,0,1,2,0,0,0,0,56.1,2,2,12.798,0
60.16,14,0,0,0,0,0,0,0,21.3,3,2,1.676,0
200.75,17,0,2,1,0,2,0,1,78.8,2,1,23.815,0
9.00,17,0,3,1,4,3,1,1,29.8,2,1,0.634,1
38.09,18,0,3,1,0,0,0,0,29.4,1,3,0.302,0
48.85,19,0,2,2,0,0,0,0,12.3,1,2,4.386,0
18.21,16,0,1,1,0,0,0,0,29.6,2,1,1.932,0
16.25,18,0,2,2,0,0,1,0,8.1,1,1,2.660,0
208.29,17,0,5,6,0,0,1,0,177.9,2,1,10.675,0
17.05,11,0,3,3,0,0,0,0,53.6,2,1,0.628,0
6.98,13,0,1,1,0,0,0,0,7.2,2,2,0.489,0
28.89,15,0,0,0,0,0,0,0,11.3,1,1,0.299,0
49.89,15,0,3,3,0,0,0,0,28.8,1,2,2.553,0
10.24,14,0,2,5,0,0,0,0,20.3,4,2,0.424,0
188.88,11,0,4,4,0,3,0,0,347.7,4,3,31.398,0
10.43,18,0,2,2,1,0,0,0,43.8,4,2,0.325,0
32.91,14,0,4,2,0,0,0,0,25.4,2,3,1.420,0
32.20,3,1,5,5,0,3,0,1,304.7,1,4,0.743,0
49.27,9,0,2,1,0,0,0,0,320.1,2,2,6.019,0
41.08,10,0,5,5,0,0,0,0,5.9,1,1,0.327,0
18.55,1,1,6,7,1,0,0,0,107.3,2,4,1.470,0
26.96,10,0,0,2,0,0,0,0,14.8,1,1,0.620,0
22.03,16,0,2,2,0,0,0,0,128.7,1,1,1.693,0
50.73,17,0,1,1,0,1,0,0,51.7,2,3,0.294,0
52.84,16,0,3,2,0,1,0,0,11.0,1,1,7.243,0
16.18,20,0,2,1,0,0,0,0,59.1,4,3,0.384,0
15.36,15,0,2,2,0,2,0,0,7.8,1,1,0.284,0
20.85,13,0,2,1,0,0,0,0,2.3,1,1,12.900,0
110.42,15,0,2,1,0,0,1,0,303.3,1,1,3.358,0
87.15,20,0,1,1,0,2,0,0,9.7,2,1,12.470,0
65.11,9,0,4,4,1,1,0,0,5.9,1,1,0.806,0
91.61,18,0,1,1,0,1,0,0,10.6,1,2,19.963,0
27.05,12,0,1,2,0,0,0,0,32.2,1,1,0.137,0
15.55,11,0,1,2,0,0,0,0,23.6,1,1,0.328,0
115.19,12,0,6,1,1,0,1,0,49.2,1,1,8.442,0
12.57,18,0,6,6,0,1,1,0,6.9,3,2,1.341,0
41.88,9,0,1,1,0,0,0,0,7.3,1,1,4.120,0
694.70,3,1,11,4,1,6,0,0,350.0,3,9,10.426,1
32.13,19,0,2,1,0,0,0,0,23.3,1,3,0.278,0
11.04,18,0,3,1,1,0,0,0,32.1,2,1,0.512,0
57.39,15,0,0,2,0,0,0,0,121.1,1,1,0.750,0
149.79,2,1,7,13,0,3,0,0,992.7,7,6,14.652,1
27.96,14,0,2,2,0,1,0,0,85.0,2,1,0.261,0
63.16,19,0,2,2,0,1,1,0,23.8,1,3,7.311,0
88.35,0,1,4,7,0,4,0,0,109.9,4,1,4.481,0
7.80,10,0,2,2,0,0,0,0,2.5,1,2,0.774,0
18.94,18,0,2,2,0,1,0,0,62.4,3,2,0.487,0
62.73,11,0,1,4,0,0,0,0,66.6,1,1,3.037,0
8.17,18,0,0,2,0,0,0,1,24.0,2,2,0.768,0
30.24,9,0,2,2,0,0,0,0,84.0,3,2,2.529,0
187.94,11,0,5,9,1,6,0,1,50.0,8,5,5.298,1
8.16,9,0,7,2,0,0,0,0,27.1,2,2,0.963,0
39.14,10,0,4,2,0,1,1,0,91.1,3,3,0.054,0
26.45,17,0,2,2,1,1,0,0,103.4,2,5,3.690,0
32.69,13,0,2,2,1,0,0,0,6.7,5,4,0.512,0
17.42,14,0,0,1,0,0,0,0,136.2,2,1,0.758,0
81.11,11,0,2,2,0,0,0,0,32.2,3,2,0.187,0
16.95,16,0,4,2,0,0,0,0,63.6,1,1,0.728,0
32.33,19,0,1,3,0,1,0,0,197.3,1,1,4.165,0
306.00,21,0,7,4,1,1,0,0,213.7,1,2,16.278,0
58.77,11,0,1,2,0,0,0,0,55.8,3,1,0.467,0
35.86,14,0,1,2,0,0,0,0,7.2,1,1,0.075,0
8.52,13,0,1,2,0,0,0,0,168.8,1,6,0.853,0
20.75,17,0,3,1,0,0,0,0,52.0,1,2,0.720,0
13.12,20,0,2,1,0,0,0,0,87.2,1,1,0.094,0
16.39,12,0,2,3,0,0,0,0,10.7,1,2,0.103,0
5.61,13,0,3,2,0,0,0,0,191.6,4,1,0.843,0
25.54,18,0,2,2,0,0,0,0,35.3,1,1,2.317,0
82.74,20,0,2,2,1,0,0,0,32.5,2,2,2.370,0
15.69,19,0,1,1,0,0,0,0,35.2,1,2,3.151,0
14.35,20,0,0,0,0,1,0,0,31.5,1,2,0.663,0
50.78,16,0,8,8,0,1,0,0,0.3,1,1,3.102,0
36.75,9,0,2,3,0,1,0,0,62.0,4,1,2.631,0
377.84,3,1,13,6,0,1,1,0,140.7,3,3,38.523,0
7.53,17,0,4,4,2,0,0,0,28.9,1,1,0.637,0
11.10,14,0,2,2,1,0,0,0,40.4,1,2,0.936,0
37.52,18,0,3,3,0,0,0,0,61.1,2,2,0.232,0
177.92,9,0,1,1,0,0,0,0,137.0,1,1,8.364,0
47.84,0,1,9,3,0,3,0,0,66.2,2,1,1.224,0
73.25,11,0,1,1,0,1,0,0,32.9,1,2,1.400,0
16.45,10,0,7,3,0,0,0,0,137.8,1,1,0.703,0
33.68,21,0,3,1,0,2,0,0,82.4,2,3,0.194,0
22.01,19,0,3,1,0,1,0,0,53.3,1,2,0.516,0
21.43,13,0,2,2,0,0,0,0,48.0,1,1,0.780,0
17.52,15,0,1,1,0,0,0,0,81.4,1,2,0.473,0
33.71,18,0,2,1,0,0,0,0,40.8,1,1,0.977,0
19.77,19,0,1,1,0,0,0,0,12.1,1,2,0.035,0
80.28,12,0,0,0,0,0,0,0,8.0,1,1,0.054,0
35.35,23,1,4,4,0,2,1,0,136.0,5,3,0.768,0
54.08,17,0,3,1,0,0,0,0,32.9,1,1,1.934,0
14.75,21,0,2,1,0,0,0,0,39.9,2,3,0.631,0
81.82,15,0,6,4,1,6,1,0,154.6,6,9,9.997,1
58.19,14,0,2,3,0,0,0,0,40.7,2,4,4.118,0
18.06,12,0,2,2,0,0,0,0,10.7,2,4,0.861,0
8.92,9,0,1,1,0,0,0,0,97.8,1,3,0.495,0
204.89,9,0,2,2,0,2,1,1,80.9,6,2,2.556,0
33.29,17,0,5,4,0,2,0,1,106.8,2,4,0.478,0
11.14,18,0,2,2,1,0,0,0,86.6,2,1,0.350,0
33.09,17,0,3,3,0,0,0,0,63.2,1,2,0.616,0
39.31,10,0,0,1,0,0,0,0,3.4,2,2,0.189,0
7.42,20,0,2,2,0,0,0,1,58.9,1,2,0.578,0
66.72,17,0,3,3,0,2,0,0,17.3,1,2,0.037,0
80.71,9,0,3,1,0,0,1,0,4.6,1,1,0.058,0
43.30,18,0,3,3,0,0,0,0,18.6,1,1,9.285,0
56.00,14,0,1,2,0,0,0,0,44.0,1,1,3.239,0
769.83,13,0,8,7,0,1,1,1,213.3,3,7,40.145,1
285.97,9,0,2,3,1,2,0,1,10.0,2,2,1.071,0
8.90,13,0,4,4,0,2,0,0,64.3,1,1,0.865,0
32.14,8,0,2,2,0,0,0,0,63.5,2,1,0.805,0
20.10,16,0,2,1,0,0,0,0,39.4,2,1,0.633,0
42.33,14,0,6,1,0,0,0,0,15.4,2,1,0.233,0
24.57,20,0,1,2,0,1,0,0,10.1,2,3,1.581,0
18.05,9,0,3,3,0,0,0,0,30.2,2,2,1.075,0
17.01,11,0,0,2,0,1,0,0,39.0,1,2,0.129,0
20.31,20,0,1,2,0,0,0,0,0.8,1,1,0.657,0
16.25,9,0,6,1,0,0,1,0,14.3,1,5,0.885,0
21.80,14,0,4,2,0,0,0,0,39.9,1,3,0.556,0
32.42,13,0,1,1,0,0,0,0,24.0,1,1,2.486,0
146.07,18,0,1,2,0,1,0,0,40.5,1,2,1.126,0
18.01,21,0,2,3,0,0,0,0,42.2,1,2,0.556,0
72.74,14,0,5,5,0,0,0,1,56.1,1,1,3.064,0
9.81,15,0,6,1,0,0,0,0,4.4,1,2,0.754,0
17.37,19,0,1,1,0,0,0,0,34.6,3,1,0.500,0
3.81,12,0,0,3,0,0,0,0,109.8,1,2,0.961,0
48.59,9,0,1,1,0,1,0,0,117.5,1,2,5.166,0
5.74,20,0,2,2,0,1,0,0,3.9,1,2,0.891,0
8.19,14,0,0,1,0,0,0,0,172.8,2,1,0.951,0
73.20,19,0,3,1,0,0,0,0,79.4,1,1,5.803,0
4.34,15,0,3,3,0,0,0,0,32.1,1,2,0.917,0
20.37,20,0,2,2,0,0,0,0,4.2,1,3,1.066,0
16.50,9,0,3,2,1,0,0,0,222.0,1,3,0.786,0
4.27,11,0,4,4,0,1,0,0,27.9,1,2,0.968,0
331.59,2,1,12,3,2,3,0,1,72.5,5,3,3.700,1
63.63,10,0,9,6,0,1,0,1,512.0,1,4,6.322,0
31.43,21,0,4,1,0,0,1,0,43.0,1,1,0.590,0
26.21,9,0,4,2,0,0,0,0,6.1,2,2,0.798,0
92.79,11,0,2,4,1,0,0,0,17.4,1,1,5.338,0
23.96,18,0,2,2,1,0,0,1,163.5,2,1,3.479,0
2.17,16,0,2,1,0,0,0,0,165.6,2,1,0.845,0
73.02,18,0,4,2,0,2,0,0,10.0,4,5,13.517,0
833.52,5,1,2,7,0,1,1,0,47.3,4,1,8.967,0
34.59,13,0,0,0,0,0,0,0,10.3,1,3,1.152,0
62.68,9,0,3,3,0,0,0,0,54.9,1,5,1.243,0
46.63,20,0,1,1,0,0,0,0,145.9,1,1,2.979,0
12.55,11,0,3,1,1,0,0,0,132.5,2,2,0.580,0
41.28,14,0,0,0,0,0,0,0,27.0,1,1,1.296,0
2.34,11,0,2,2,0,0,0,1,5.7,4,1,0.620,0
20.55,9,0,3,3,0,0,0,0,53.5,1,2,0.656,0
17.68,10,0,3,3,0,0,0,0,51.3,1,2,0.568,0
24.15,10,0,2,1,0,1,0,0,6.6,3,1,0.266,0
49.18,10,0,2,1,0,0,0,0,87.3,2,2,2.325,0
22.86,8,0,1,1,0,1,0,0,49.1,2,2,0.454,0
7.83,9,0,2,3,0,0,1,0,98.5,1,1,0.858,0
6.08,13,0,1,1,0,1,0,0,35.8,1,2,0.869,0
14.32,15,0,1,1,0,2,0,0,21.5,3,2,0.902,0
162.79,17,0,4,5,0,1,1,0,29.9,1,1,12.680,0
14.99,8,0,2,2,0,0,0,0,25.9,3,1,0.881,0
7.90,14,0,2,1,0,0,0,0,145.1,2,1,0.576,0
34.37,13,0,2,2,0,0,0,0,20.4,1,2,0.802,0
1.99,14,0,0,1,0,0,0,0,18.7,1,1,0.972,0
61.73,6,0,4,3,1,1,1,1,292.4,4,4,4.043,0
138.22,14,0,4,4,0,0,0,0,167.0,2,4,3.306,0
81.71,15,0,3,3,0,1,0,0,27.8,1,1,3.321,0
1341.25,14,0,6,6,1,1,0,1,499.6,1,3,21.656,0
27.39,14,0,1,3,0,0,0,0,3.3,1,6,3.865,0
12.15,12,0,0,2,0,0,1,0,85.5,2,1,0.832,0
18.65,11,0,5,1,0,0,0,0,130.3,1,1,0.856,0
4.81,21,0,0,0,0,0,0,0,61.7,1,1,0.669,0
44.15,14,0,3,3,0,0,0,0,3.6,1,1,0.885,0
12.70,17,0,4,4,0,0,0,0,57.8,1,1,0.856,0
296.73,10,0,2,2,0,1,0,0,14.7,1,1,9.945,0
28.54,10,0,1,1,0,0,0,0,12.2,1,1,1.486,0
20.39,11,0,2,2,0,1,0,0,67.3,1,1,0.321,0
52.26,14,0,3,1,0,0,0,0,119.8,1,1,4.501,0
227.62,9,0,3,1,1,1,0,0,242.1,3,2,20.616,0
26.48,20,0,3,1,0,2,0,0,69.4,1,1,2.929,0
47.06,21,0,2,2,0,0,0,0,194.3,1,2,1.341,0
4.19,10,0,1,2,0,0,0,0,25.8,2,2,0.824,0
66.08,11,0,1,1,0,0,0,0,35.1,3,1,6.083,0
11.77,11,0,0,1,0,0,0,0,17.2,1,1,0.753,0
47.99,23,1,4,9,0,0,1,0,191.0,5,2,3.123,0
120.87,3,1,7,8,3,8,1,1,98.7,4,4,5.987,1
20.52,10,0,4,1,0,1,0,0,94.7,1,2,2.738,0
7.35,18,0,1,1,0,1,0,0,41.8,3,1,0.885,0
37.36,15,0,2,2,0,0,0,0,86.5,1,1,0.798,0
5.89,15,0,4,1,0,0,1,0,17.3,2,1,1.257,0
133.07,12,0,1,1,0,0,0,0,51.6,1,1,1.556,0
54.03,17,0,2,2,0,0,0,0,9.3,2,1,4.779,0
57.11,15,0,4,3,0,0,0,1,45.6,1,1,0.034,0
85.58,13,0,1,1,0,0,0,0,69.5,3,2,0.243,0
14.64,19,0,2,3,0,1,0,0,6.9,3,1,0.819,0
93.26,19,0,0,2,0,0,0,0,140.4,1,1,1.703,0
151.76,13,0,4,2,0,1,0,0,41.0,2,1,5.390,0
4.87,9,0,1,1,0,0,0,0,67.9,3,1,0.627,0
19.13,9,0,1,1,0,1,0,0,5.8,2,1,0.422,0
22.06,13,0,1,2,0,0,0,1,39.1,1,2,0.251,0
33.74,21,0,1,2,0,0,0,0,11.6,1,1,0.130,0
107.75,3,1,8,6,0,1,1,1,208.7,3,7,15.705,1
20.11,13,0,0,2,0,0,0,0,37.4,2,3,1.781,0
54.25,13,0,1,1,0,0,0,0,1.4,2,1,1.895,0
282.84,13,0,2,2,0,2,0,0,297.3,1,1,5.026,0
30.80,12,0,0,1,0,0,0,0,67.4,3,2,4.451,0
21.64,9,0,0,2,0,1,1,0,3.6,1,3,0.140,0
7.11,18,0,2,1,0,1,0,0,11.7,1,4,0.795,0
5.91,14,0,1,1,0,0,0,0,108.6,1,1,0.713,0
10.91,18,0,1,2,0,0,0,0,0.1,1,1,0.608,0
3.75,19,0,1,1,0,0,0,0,70.2,1,1,0.811,0
33.18,17,0,2,1,0,0,0,0,13.1,1,1,0.303,0
18.63,14,0,4,2,0,0,0,0,43.4,1,1,1.692,0
101.98,5,1,2,4,0,4,1,0,477.4,1,3,1.750,0
17.95,14,0,4,4,0,1,0,0,69.6,1,1,0.083,0
15.14,20,0,1,1,0,1,0,0,10.0,1,1,0.592,0
14.02,12,0,1,2,0,0,0,1,4.7,1,1,0.776,0
65.25,12,0,0,1,1,0,0,0,54.1,1,1,0.757,0
9.49,9,0,3,1,0,0,0,0,1.7,2,1,0.776,0
20.77,19,0,2,2,1,0,0,0,6.5,2,2,0.472,0
9.21,15,0,1,2,0,1,0,0,33.9,2,2,0.743,0
31.65,10,0,3,3,0,1,0,0,12.6,1,2,0.274,0
452.72,16,0,4,1,1,3,1,0,17.2,2,1,16.142,0
36.07,11,0,0,2,0,1,0,0,5.1,4,3,0.795,0
48.75,12,0,3,9,0,1,0,1,320.8,2,1,0.131,0
28.26,21,0,2,2,0,0,0,0,191.6,4,3,0.708,1
29.07,10,0,1,1,0,0,0,0,6.9,3,2,0.471,0
12.70,16,0,1,1,0,0,0,0,175.5,1,3,0.630,0
7.86,15,0,3,3,0,0,0,0,17.8,1,1,0.286,0
63.05,18,0,1,3,0,0,0,0,3.1,1,1,0.583,0
109.12,9,0,5,3,0,1,1,1,29.3,2,4,11.372,0
9.80,14,0,1,1,0,0,0,0,20.9,1,1,0.587,0
79.87,16,0,3,1,1,0,0,1,57.6,2,2,1.310,0
19.07,18,0,1,1,0,0,0,1,25.1,3,1,0.702,0
5.07,9,0,2,2,0,0,0,0,54.1,1,1,0.833,0
50.00,11,0,2,2,0,0,0,0,2.7,3,1,5.337,0
17.71,15,0,2,1,0,0,0,0,36.8,1,1,0.036,0
25.45,11,0,2,2,0,1,0,1,43.2,1,2,0.225,0
6.30,14,0,4,2,0,0,0,0,16.2,1,1,0.193,0
44.74,14,0,0,0,0,0,0,0,25.0,1,3,0.871,0
10.50,15,0,2,3,0,1,0,0,96.4,1,1,0.650,0
29.18,16,0,2,4,0,1,0,0,99.0,1,1,0.459,0
36.91,10,0,3,1,0,0,0,1,26.2,1,3,4.357,0
88.55,16,0,1,3,0,1,0,0,109.6,2,2,8.138,0
59.75,20,0,2,2,0,0,0,0,9.9,2,1,8.164,0
56.56,20,0,2,1,1,0,0,0,3.6,1,3,0.845,0
58.27,20,0,2,2,0,0,1,0,60.0,1,1,1.335,0
10.42,10,0,3,3,0,0,0,0,78.0,1,1,0.442,0
61.87,17,0,2,1,0,0,0,0,38.8,1,1,0.655,0
18.90,18,0,4,2,0,0,0,0,65.5,1,1,0.313,0
114.49,17,0,3,1,0,1,0,0,66.0,1,3,1.110,0
59.32,18,0,0,1,0,1,0,0,51.8,1,1,2.435,0
20.91,12,0,6,2,0,0,0,0,112.2,2,1,3.478,0
67.10,15,0,2,2,1,0,0,0,11.4,1,2,4.103,0
8.69,10,0,0,0,0,0,0,0,23.8,2,1,0.638,0
53.27,11,0,5,9,0,0,0,0,139.0,2,4,2.781,0
56.99,17,0,3,1,0,0,0,1,7.2,1,2,0.601,0
4.60,9,0,3,3,0,1,0,0,46.5,1,2,0.015,0
145.70,18,0,2,1,0,0,0,0,8.7,2,1,0.151,0
6.08,20,0,2,2,0,0,0,0,23.8,1,1,0.720,0
107.81,8,0,2,1,0,0,0,0,37.9,1,1,1.961,0
42.68,15,0,2,2,0,1,0,0,306.1,1,2,1.486,0
86.46,21,0,14,4,3,4,0,1,219.1,7,7,6.939,1
61.48,13,0,2,1,0,1,0,0,70.8,2,3,0.540,0
20.23,18,0,2,2,0,0,0,0,22.0,1,3,0.684,0
8.15,8,0,2,2,0,0,0,0,27.2,1,1,0.836,0
14.54,10,0,4,2,0,1,0,0,78.3,3,2,0.432,0
14.47,14,0,3,2,0,0,0,0,30.8,1,1,0.630,0
61.11,10,0,0,2,0,0,0,0,51.2,1,1,1.694,0
88.42,21,0,2,1,0,0,0,0,70.5,1,1,0.162,0
150.35,14,0,3,2,0,1,0,0,56.8,2,1,6.917,0
16.34,16,0,2,2,0,0,0,0,10.0,1,1,0.190,0
21.84,20,0,1,1,0,0,0,0,53.9,1,1,4.460,0
75.22,18,0,1,1,0,0,0,0,24.6,1,3,20.677,0
58.41,14,0,3,1,0,0,0,0,22.6,1,2,1.704,0
23.11,17,0,2,2,0,1,0,0,0.1,1,2,0.561,0
13.17,9,0,3,3,0,0,0,0,0.1,1,4,0.113,0
21.38,14,0,1,1,0,0,0,0,19.5,1,1,0.371,0
46.87,15,0,4,4,0,0,0,0,81.4,1,1,3.126,0
39.84,17,0,2,1,0,0,0,0,10.5,2,2,0.165,0
7.59,17,0,2,2,0,0,0,0,102.6,1,1,0.931,0
24.00,18,0,0,0,0,0,0,0,48.6,3,2,0.078,0
60.28,21,0,6,5,0,1,0,0,40.3,1,2,0.091,0
3.20,9,0,2,1,0,1,0,0,169.8,1,1,0.875,0
10.42,16,0,1,3,0,0,0,0,68.6,1,2,0.626,0
8.61,15,0,0,0,0,0,0,0,11.1,1,2,0.613,0
72.20,11,0,4,4,1,0,0,0,32.3,1,1,5.723,0
20.90,14,0,0,1,0,0,0,0,68.1,1,2,0.383,0
75.04,18,0,1,2,1,1,0,0,47.2,1,3,2.395,0
113.55,4,1,5,7,3,7,1,1,78.0,1,6,3.781,1
139.82,10,0,3,2,0,0,0,0,41.9,2,1,3.994,0
59.35,19,0,1,1,0,1,0,1,95.2,1,1,1.014,0
36.58,17,0,2,1,0,0,0,0,25.7,1,1,1.849,0
96.24,17,0,2,2,0,1,0,0,62.0,2,4,1.329,0
44.64,14,0,1,1,0,0,0,0,41.4,1,1,1.840,0
8.85,21,0,0,1,0,1,0,0,0.1,3,3,0.766,0
14.37,20,0,0,0,0,0,0,0,8.3,1,1,0.185,0
28.07,11,0,1,1,0,1,0,0,22.9,1,1,0.488,0
31.51,18,0,1,1,0,0,0,0,75.4,1,1,3.833,0
5.02,13,0,0,0,0,0,1,0,48.0,1,1,0.893,0
22.18,10,0,2,2,0,0,0,0,3.4,1,2,0.574,0
26.04,5,1,2,5,0,3,0,1,118.2,4,4,0.615,0
5.86,13,0,0,4,0,2,0,0,28.0,1,1,0.993,0
129.90,12,0,6,7,1,3,0,0,222.1,2,3,0.780,0
5.40,12,0,4,1,0,0,0,0,9.9,1,1,0.955,0
51.46,12,0,2,2,0,0,0,0,44.7,1,2,8.709,0
34.61,18,0,2,1,0,0,0,0,69.0,1,1,0.722,0
22.01,15,0,1,1,0,0,0,0,68.9,1,1,0.856,0
3.73,13,0,2,2,0,0,0,0,7.7,1,1,0.674,0
20.13,17,0,4,1,1,0,0,0,16.8,3,1,0.756,0
34.42,19,0,1,1,0,0,0,0,9.5,1,2,3.059,0
120.78,19,0,0,3,0,0,0,0,68.8,1,1,1.656,0
33.85,19,0,2,1,0,0,1,0,9.6,2,2,0.460,0
29.97,12,0,3,3,0,0,0,0,98.3,1,1,2.461,0
10.00,20,0,10,2,0,2,0,1,23.4,2,4,0.605,0
10.97,13,0,1,1,0,0,0,0,7.0,1,1,0.725,0
44.68,14,0,3,1,0,1,0,0,47.1,2,1,1.636,0
70.80,18,0,2,2,0,1,0,0,12.6,1,1,1.486,0
20.55,17,0,1,1,0,0,0,0,2.4,1,1,0.800,0
13.48,13,0,1,1,0,0,1,0,149.8,1,2,0.838,0
18.71,16,0,1,1,0,0,0,0,4.9,1,1,0.554,0
12.52,16,0,2,1,0,0,0,0,14.3,1,1,0.331,0
4.73,13,0,2,2,0,0,0,0,105.4,1,1,0.096,0
53.72,9,0,4,2,0,0,0,0,26.0,1,1,0.220,0
23.59,9,0,1,1,0,2,0,0,85.0,3,3,0.363,0
58.49,8,0,1,1,0,0,0,0,1.3,1,2,0.979,0
40.72,20,0,2,2,0,1,0,0,16.7,1,3,0.401,0
16.93,15,0,0,1,0,0,0,0,4.6,1,2,0.565,0
64.47,20,0,2,2,0,0,1,0,10.4,1,4,1.014,0
7.73,13,0,2,2,0,1,0,0,0.2,2,1,0.313,0
51.49,17,0,1,2,0,0,0,0,143.6,1,2,0.436,0
10.95,18,0,0,5,0,0,0,0,60.6,1,2,0.189,0
11.13,13,0,2,2,0,1,0,0,92.9,3,2,0.837,0
19.20,11,0,3,1,0,0,1,0,11.2,3,3,0.531,0
12.63,20,0,1,1,0,0,0,0,20.9,2,1,0.902,0
53.34,15,0,2,2,1,0,0,0,23.2,2,3,0.599,0
58.79,13,0,1,1,1,0,0,0,85.2,1,2,2.688,0
17.72,12,0,1,1,0,0,0,0,164.1,1,2,0.825,0
21.25,19,0,6,6,0,2,0,0,56.6,1,2,1.468,0
10.84,14,0,1,3,0,0,0,0,8.7,1,1,0.893,0
75.64,10,0,15,7,1,4,1,1,749.4,3,3,2.495,1
39.26,11,0,0,2,0,1,0,0,57.4,1,1,2.046,0
94.04,17,0,1,1,0,1,0,0,19.7,2,2,12.550,0
59.54,14,0,0,0,0,0,0,0,24.0,2,5,0.085,0
24.60,16,0,1,3,0,0,0,0,7.9,2,2,0.622,0
8.28,13,0,0,2,0,1,0,1,50.5,1,1,0.207,0
65.66,9,0,1,2,0,1,0,0,420.1,3,3,3.250,0
3.29,18,0,1,1,0,0,0,0,0.9,1,1,0.975,0
55.61,14,0,0,0,0,0,1,0,28.9,4,1,2.625,0
32.61,14,0,1,1,0,0,0,0,120.2,2,1,0.858,0
3.71,17,0,0,0,0,0,0,0,10.3,3,2,0.955,0
17.89,18,0,2,2,0,0,1,0,59.6,1,1,0.795,0
35.79,14,0,0,0,0,0,0,0,14.8,1,1,0.240,0
24.71,15,0,8,1,0,0,0,0,54.4,1,3,4.202,0
14.28,12,0,3,1,0,1,0,0,103.7,1,7,0.704,0
64.77,20,0,7,7,0,0,0,0,72.7,1,1,6.025,0
17.97,9,0,1,1,0,0,0,1,31.7,1,3,0.534,0
5.71,20,0,2,2,0,1,0,0,21.5,1,1,0.854,0
29.24,9,0,2,3,0,0,0,0,27.2,2,3,0.526,0
108.59,19,0,3,2,0,0,0,0,28.9,3,3,0.284,0
13.12,10,0,2,2,0,1,0,0,90.7,1,2,0.637,0
9.05,15,0,5,1,0,3,0,0,54.6,1,1,0.674,0
51.54,10,0,2,3,1,1,0,0,10.9,3,1,2.875,0
157.95,10,0,0,0,0,1,0,0,3.6,1,1,3.531,0
12.05,20,0,2,2,0,0,0,0,0.5,1,1,0.865,0
52.40,10,0,1,1,0,1,0,0,22.3,1,1,4.677,0
10.20,10,0,5,5,2,2,0,1,129.1,4,3,0.788,0
33.46,13,0,5,1,0,0,0,0,23.5,2,1,1.411,0
10.93,8,0,1,1,0,1,0,0,66.8,2,1,0.693,0
36.11,9,0,1,1,0,1,0,0,66.5,1,1,0.170,0
85.17,7,0,3,5,0,0,0,0,117.4,2,2,5.172,0
19.79,16,0,2,1,0,1,0,0,11.1,2,1,0.240,0
97.76,16,0,1,1,0,0,1,0,101.3,3,2,4.228,0
13.12,9,0,1,2,0,0,0,0,73.6,1,2,0.497,0
149.14,12,0,0,4,0,3,0,0,26.5,1,4,10.015,0
11.84,10,0,2,2,0,1,1,0,4.7,1,1,0.655,0
17.93,18,0,4,4,0,0,0,0,42.8,1,1,0.464,0
25.00,11,0,0,2,0,0,0,0,80.3,2,1,6.003,0
101.48,12,0,4,4,0,0,0,1,118.1,2,4,5.738,0
23.58,10,0,1,1,0,1,0,0,215.2,1,1,0.678,0
18.89,20,0,1,1,0,0,0,0,20.8,1,2,0.293,0
5.40,15,0,3,1,0,0,0,0,54.1,1,1,0.864,0
19.18,14,0,1,4,0,0,0,0,26.8,2,3,0.364,0
32.84,13,0,2,1,0,0,0,0,28.2,1,2,1.211,0
113.94,18,0,2,1,0,1,0,0,75.6,1,6,0.742,0
97.67,18,0,0,0,0,0,0,0,24.9,2,3,0.888,0
29.35,14,0,0,0,0,0,0,0,0.2,1,1,1.247,0
18.27,13,0,5,5,0,0,0,0,67.3,1,5,0.469,0
27.19,9,0,1,2,0,0,0,0,18.4,1,1,0.692,0
57.58,12,0,7,4,0,2,1,0,10.0,5,3,3.089,0
7.48,12,0,1,1,0,1,0,0,1.9,1,2,0.347,0
38.56,11,0,3,3,1,0,0,0,13.6,1,1,0.485,0
67.26,10,0,2,1,0,1,0,0,3.3,1,2,0.235,0
66.03,20,0,1,1,0,1,0,0,15.3,1,1,0.724,0
29.70,21,0,1,1,0,1,0,1,11.4,2,2,25.518,0
24.55,20,0,2,2,0,0,0,0,36.2,2,1,0.755,0
38.86,15,0,0,3,0,1,0,0,16.7,1,1,0.613,0
53.94,18,0,0,0,0,0,1,0,104.6,1,2,1.218,0
8.25,12,0,1,1,0,0,0,0,46.0,1,1,0.697,0
25.19,18,0,2,1,0,0,0,0,42.9,2,2,0.131,0
78.88,10,0,2,1,0,0,0,0,66.9,1,1,0.526,0
36.41,13,0,1,1,0,0,0,0,74.5,1,2,0.814,0
37.60,15,0,0,0,0,0,0,0,87.3,1,1,0.163,0
63.18,8,0,1,1,0,1,0,0,95.0,1,1,7.812,0
36.61,11,0,0,0,0,1,0,0,30.7,1,6,1.974,0
89.00,18,0,2,3,0,0,0,0,33.6,1,1,13.448,0
28.14,19,0,3,2,0,0,0,0,41.6,1,2,0.738,0
18.47,15,0,2,2,0,0,0,0,67.5,1,1,0.775,0
37.70,8,0,1,1,0,0,0,0,127.2,1,1,0.381,0
9.56,9,0,3,1,0,0,0,0,17.7,1,1,0.391,0
13.56,15,0,1,1,1,0,0,0,40.9,3,2,0.261,0
70.92,8,0,1,1,0,0,0,0,12.7,1,2,1.416,0
29.01,13,0,1,1,0,1,0,0,1.9,3,2,5.534,0
12.27,15,0,5,5,0,0,0,0,31.5,1,1,0.416,0
18.22,9,0,1,1,0,0,0,0,0.9,3,3,0.771,0
68.10,13,0,0,2,0,0,0,0,40.8,3,2,0.522,0
30.23,13,0,0,0,0,0,0,0,13.7,2,1,2.199,0
33.39,12,0,2,2,0,0,0,0,43.4,1,1,0.174,0
235.84,18,0,0,4,0,1,0,0,87.0,2,1,18.604,0
6.55,13,0,2,1,0,0,0,0,27.2,2,2,0.133,0
7.80,14,0,4,4,0,1,0,0,37.5,1,1,0.601,0
60.51,17,0,4,4,0,1,0,0,2.6,1,1,2.030,0
84.57,15,0,0,2,1,0,0,0,2.6,2,1,7.283,0
13.34,15,0,1,4,0,1,0,0,240.3,3,1,0.493,0
16.27,13,0,3,1,0,0,0,0,42.0,3,1,0.792,0
54.25,10,0,2,1,0,0,0,0,34.5,1,3,1.030,0
24.62,17,0,1,1,0,0,0,0,0.1,2,1,0.030,0
102.85,18,0,2,2,0,0,0,0,8.6,2,1,2.057,0
27.44,13,0,2,4,0,0,0,0,32.9,3,2,1.004,0
102.86,6,0,7,2,0,2,1,0,63.8,4,3,1.606,0
81.40,10,0,2,2,0,0,0,0,1.2,1,1,1.115,0
21.98,10,0,2,1,0,0,1,0,40.8,1,2,0.684,0
40.68,7,0,3,4,0,2,0,0,36.6,4,2,0.403,0
595.87,4,1,11,2,0,4,1,0,107.1,1,5,78.344,0
43.05,11,0,2,1,0,0,0,0,25.1,1,4,0.102,0
20.12,13,0,1,2,0,0,0,0,9.0,1,1,0.663,0
1.57,21,0,1,1,0,0,0,0,78.8,2,1,0.957,0
23.07,11,0,1,1,0,0,0,0,11.3,1,1,1.257,0
40.02,18,0,0,1,0,0,0,0,64.1,1,3,0.966,0
32.69,14,0,0,1,0,0,0,0,79.9,1,3,0.552,0
117.93,14,0,1,2,0,0,0,0,2.5,2,3,11.246,0
29.77,14,0,2,4,0,0,0,0,0.4,1,1,0.101,0
50.55,14,0,3,1,0,1,0,0,52.1,1,1,27.722,0
741.72,19,0,0,0,0,2,0,1,357.6,2,3,30.738,0
32.04,9,0,2,2,0,0,1,0,96.9,1,1,0.624,0
45.11,18,0,1,1,0,0,0,0,11.1,1,2,0.043,0
49.72,23,1,4,5,0,3,1,1,84.6,2,2,2.155,0
69.34,9,0,1,2,0,0,0,0,80.5,2,2,9.903,0
4.05,11,0,2,1,0,0,0,0,46.4,1,2,0.971,0
85.93,9,0,4,4,0,1,0,0,33.8,1,1,0.944,0
43.37,9,0,0,1,0,0,0,0,1.2,1,1,0.927,0
7.06,12,0,2,2,0,1,0,0,22.6,1,4,0.793,0
6.80,13,0,0,0,0,2,0,1,120.5,1,1,0.216,0
83.35,10,0,1,2,1,0,0,0,24.6,2,2,11.186,0
98.58,22,0,6,2,1,3,1,1,148.5,2,2,16.989,0
30.52,12,0,1,1,0,0,0,0,0.3,2,3,1.386,0
45.26,16,0,3,3,0,0,0,0,1.8,1,2,0.378,0
23.87,15,0,2,1,0,0,0,0,24.8,3,1,0.802,0
20.47,8,0,1,1,0,0,0,0,137.8,1,1,0.613,0
4.28,15,0,1,1,0,1,0,0,2.3,2,2,0.781,0
8.73,19,0,1,1,0,1,0,0,232.2,1,1,0.794,0
24.63,20,0,1,1,0,0,0,0,11.8,1,1,0.639,0
73.54,12,0,2,1,0,0,0,0,27.1,1,1,4.897,0
904.50,5,1,2,5,0,1,1,0,49.6,3,2,30.190,0
31.50,20,0,1,1,0,0,0,0,26.4,2,5,0.312,0
36.29,20,0,0,2,0,0,0,0,41.6,1,3,0.021,0
40.05,20,0,3,4,0,0,0,0,28.6,2,1,1.195,0
7.76,18,0,4,4,0,0,0,0,92.7,2,1,0.946,0
19.60,13,0,1,1,0,0,1,0,110.4,2,1,0.680,0
8.93,15,0,2,2,0,0,0,0,27.2,1,1,0.814,0
51.68,18,0,0,2,0,1,0,0,7.8,1,1,0.381,0
5.66,12,0,1,1,1,0,0,0,37.2,2,3,0.895,0
6.71,9,0,3,1,0,0,0,0,134.5,1,1,0.341,0
8.10,13,0,4,1,0,1,0,0,73.0,1,1,0.867,0
4.34,19,0,1,3,0,1,0,0,0.3,2,1,0.536,0
21.78,9,0,2,2,1,0,0,0,68.6,2,1,0.175,0
28.36,19,0,4,4,0,1,0,0,3.2,1,1,0.452,0
18.87,11,0,0,1,0,0,1,1,56.8,2,3,0.210,0
29.75,14,0,1,1,0,0,0,0,2.3,1,2,0.441,0
109.93,17,0,1,1,0,0,0,0,43.3,1,1,7.360,0
219.18,8,0,3,3,0,1,0,0,353.2,5,4,5.788,0
21.35,13,0,0,1,0,0,0,0,10.6,1,1,0.102,0
156.38,17,0,3,2,0,0,0,0,168.9,1,1,8.725,0
38.59,21,0,1,4,0,1,0,0,32.1,4,1,0.066,0
9.79,20,0,1,2,0,0,0,0,13.3,2,1,0.971,0
91.47,13,0,3,3,0,0,0,0,45.3,1,3,0.547,0
30.07,10,0,6,4,0,0,1,0,219.2,1,2,0.300,0
12.12,21,0,3,3,0,0,0,0,142.5,1,1,0.764,0
25.59,12,0,2,1,0,0,0,0,15.9,1,1,0.528,0
5.20,14,0,0,3,0,0,0,0,135.3,1,3,0.914,0
29.99,15,0,2,3,0,0,0,0,34.6,2,1,1.108,0
2.31,14,0,0,0,0,0,0,0,7.2,1,1,0.892,0
122.08,19,0,0,1,0,0,1,0,48.4,2,1,8.982,0
6.17,14,0,2,2,0,0,0,0,37.0,1,3,0.805,0
6.24,10,0,2,1,0,0,0,0,76.3,1,1,0.288,0
33.31,15,0,1,2,0,0,0,0,17.4,2,2,0.391,0
8.51,11,0,4,1,0,0,0,0,13.3,1,1,0.699,0
11.38,12,0,1,1,0,0,0,0,2.0,1,1,0.134,0
24.54,13,0,2,2,0,0,0,0,23.2,1,1,0.042,0
6.30,10,0,1,4,0,0,0,0,52.2,1,4,0.818,0
150.26,19,0,0,1,0,1,0,0,39.2,1,1,6.913,0
56.14,21,0,1,2,0,1,0,0,98.6,1,1,1.847,0
649.62,1,1,12,8,1,6,1,0,188.6,7,7,90.496,1
43.96,10,0,3,1,0,1,0,0,5.2,4,2,0.418,0
100.83,9,0,1,1,0,0,0,1,3.2,2,3,1.999,0
8.98,18,0,3,1,0,0,0,0,69.2,1,1,0.914,0
26.62,17,0,2,2,0,0,0,0,16.1,1,3,0.668,0
35.82,10,0,4,1,0,1,0,1,6.1,1,4,1.965,0
9.51,17,0,2,2,0,1,0,0,195.0,1,3,0.732,0
25.85,20,0,1,2,0,0,0,0,91.3,3,1,0.469,0
25.97,14,0,1,1,0,0,0,0,30.7,3,2,0.236,0
139.39,7,0,8,2,1,1,0,0,189.0,5,3,23.369,0
45.32,19,0,2,2,0,0,0,0,66.4,1,3,0.106,0
36.30,17,0,0,0,0,0,0,0,78.7,1,4,2.170,0
45.29,12,0,5,1,0,0,0,0,15.7,2,2,0.040,0
41.00,18,0,1,1,0,0,0,0,45.0,1,5,0.128,0
33.33,9,0,2,2,0,0,0,0,89.5,1,3,0.408,0
82.85,13,0,3,3,0,0,0,0,22.5,1,1,1.464,0
22.49,15,0,1,1,0,0,0,0,20.3,1,2,2.587,0
25.99,10,0,3,3,0,0,0,0,9.1,1,3,1.229,0
21.33,18,0,2,2,1,0,0,0,73.4,1,2,0.675,0
17.10,12,0,3,3,0,2,0,0,78.9,1,1,0.560,0
11.89,15,0,3,1,0,0,0,0,12.7,1,1,0.567,0
24.45,12,0,7,2,0,0,0,0,22.4,1,1,0.658,0
46.41,11,0,2,1,0,0,0,0,5.5,1,2,2.710,0
40.83,16,0,3,1,0,0,0,0,20.9,1,1,0.285,0
401.19,15,0,3,7,0,2,0,0,154.1,3,1,21.488,0
51.12,11,0,3,3,0,1,0,0,48.8,4,3,3.978,0
10.10,17,0,1,2,0,1,0,0,81.4,1,1,0.847,0
12.28,13,0,0,1,0,0,0,0,119.9,1,1,0.322,0
64.96,12,0,3,1,0,0,0,0,79.7,1,1,0.493,0
49.70,18,0,3,2,0,0,0,0,43.2,2,4,1.520,0
20.74,16,0,4,4,0,0,0,0,71.3,1,1,0.423,0
23.52,11,0,4,2,1,0,0,0,23.5,1,1,0.870,0
3.22,10,0,2,2,0,1,0,0,61.3,1,2,0.787,0
129.92,13,0,2,1,0,1,0,0,17.3,1,1,0.814,0
5.04,15,0,4,1,0,1,0,0,3.4,1,5,0.048,0
19.97,19,0,1,3,0,0,0,0,14.1,1,3,0.639,0
7.98,10,0,2,1,1,0,0,0,10.0,2,1,0.323,0
67.25,9,0,3,3,0,1,0,0,24.0,1,1,0.057,0
11.40,10,0,0,0,0,1,0,1,35.9,2,6,0.908,0
49.90,12,0,3,3,1,0,0,1,28.5,1,2,14.692,0
199.55,12,0,3,2,0,0,1,0,10.0,1,4,3.492,0
20.47,11,0,5,1,0,0,0,0,73.0,1,2,1.356,0
108.41,18,0,1,1,0,0,0,0,10.0,4,1,0.012,0
30.89,11,0,2,1,0,0,0,0,11.8,2,1,0.049,0
20.41,13,0,1,3,0,0,0,0,193.3,3,1,0.189,0
109.12,15,0,3,3,0,2,1,0,46.0,4,2,12.275,0
21.69,17,0,4,3,0,0,0,0,21.6,1,1,1.658,0
151.31,19,0,4,1,1,0,0,0,6.9,1,1,1.937,0
43.17,23,1,7,2,0,2,0,0,363.9,4,3,0.288,0
44.59,18,0,1,2,0,0,0,0,10.1,1,2,0.692,0
4.72,15,0,0,3,0,1,0,0,27.1,1,1,0.753,0
12.70,12,0,3,1,0,0,0,0,2.1,1,2,0.855,0
40.07,8,0,4,4,0,0,0,0,54.4,1,2,0.738,0
101.12,18,0,2,2,0,0,0,0,89.8,3,1,1.993,0
107.74,12,0,0,1,0,0,0,0,47.7,1,1,2.504,0
63.92,18,0,4,1,0,2,0,0,192.7,2,3,0.036,0
24.69,15,0,2,3,0,0,0,0,61.9,1,1,1.996,0
10.91,20,0,3,3,0,0,0,0,48.7,1,1,0.330,0
14.84,19,0,4,4,0,0,0,0,166.8,1,3,0.145,0
18.55,16,0,2,1,0,0,0,0,44.2,1,2,2.695,0
35.33,10,0,1,3,0,1,0,0,92.3,1,1,0.869,0
98.95,20,0,3,1,0,0,0,0,27.7,2,1,2.460,0
13.47,8,0,2,2,0,1,0,0,3.4,1,1,0.777,0
85.41,20,0,1,1,0,1,0,0,171.1,1,1,8.897,0
10.50,17,0,2,2,0,0,0,0,184.0,1,1,0.075,0
25.05,16,0,2,2,0,0,0,0,162.6,1,1,0.686,0
14.75,9,0,3,1,0,1,0,0,125.9,1,3,0.964,0
6.48,17,0,0,0,0,0,0,1,1.6,1,1,0.965,0
41.11,16,0,3,1,0,0,0,0,114.5,1,1,1.992,0
394.27,7,0,7,4,0,1,0,1,389.8,1,1,12.695,0
60.30,22,0,3,2,0,2,1,0,39.6,3,4,0.603,0
10.72,16,0,0,1,0,0,0,0,12.5,2,2,0.781,0
61.46,13,0,2,1,0,0,0,0,117.1,1,1,0.675,0
101.01,11,0,2,2,0,0,0,0,9.8,1,1,1.529,0
11.90,19,0,2,2,0,0,0,0,36.0,2,1,0.282,0
87.47,18,0,2,2,0,0,0,0,73.2,2,3,1.309,0
36.56,15,0,0,0,0,0,0,0,27.1,1,2,2.267,0
21.02,16,0,3,1,0,0,0,0,163.8,1,4,1.647,0
91.30,13,0,4,4,0,0,0,1,30.2,1,1,1.474,0
50.39,10,0,1,1,0,0,1,0,11.3,2,1,2.977,0
20.87,13,0,4,1,0,1,0,0,65.4,1,3,1.964,0
5.78,12,0,1,1,1,0,0,0,56.6,2,4,0.918,0
16.28,14,0,3,3,0,1,0,0,198.4,1,3,0.573,0
25.70,15,0,2,4,0,0,0,1,129.5,1,2,0.600,0
56.54,15,0,1,1,0,0,0,0,82.1,1,3,4.178,0
35.11,15,0,1,1,0,1,0,0,34.7,3,3,0.551,0
16.87,13,0,3,3,0,0,0,0,0.4,1,1,0.574,0
21.30,19,0,2,2,1,0,0,0,13.8,1,2,0.087,0
15.52,9,0,1,1,0,1,0,0,10.2,1,1,0.691,0
186.09,9,0,2,4,1,1,0,0,108.3,2,2,10.823,0
13.35,16,0,2,1,0,1,0,0,46.1,3,2,0.180,0
16.47,13,0,1,1,0,1,0,0,104.4,1,1,0.850,0
20.96,13,0,2,1,0,0,0,0,32.5,1,3,0.227,0
64.97,16,0,1,1,0,0,0,0,43.0,3,1,1.417,0
100.24,19,0,0,1,0,0,0,0,25.9,1,3,0.715,0
50.58,13,0,0,3,0,1,0,0,49.3,1,3,1.871,0
81.76,2,1,6,3,0,0,1,0,55.5,3,6,1.035,0
9.87,17,0,2,2,0,0,0,0,27.7,2,1,0.564,0
49.51,20,0,1,1,0,0,0,0,34.5,1,2,8.521,0
40.29,0,1,5,6,0,0,1,0,213.6,2,2,1.387,0
7.91,8,0,3,1,0,0,0,0,27.3,1,1,0.872,0
75.33,20,0,2,2,0,0,0,0,75.1,1,2,0.031,0
171.20,11,0,6,5,0,5,1,0,71.3,1,2,0.317,0
64.07,8,0,0,1,0,0,0,0,71.4,1,1,0.107,0
62.65,14,0,3,5,1,2,0,0,105.6,2,1,7.713,0
5.57,14,0,1,1,0,0,0,0,17.9,1,1,1.886,0
29.46,17,0,1,3,0,0,0,0,1.9,3,2,0.488,0
115.11,4,1,10,5,0,1,1,0,209.2,3,2,16.847,0
37.46,8,0,5,3,1,3,1,1,15.2,5,2,0.859,0
32.68,15,0,0,1,0,0,0,0,33.9,2,4,0.311,0
10.76,18,0,1,1,0,0,0,0,11.7,1,1,0.697,0
31.30,17,0,3,3,0,0,0,0,74.7,2,5,5.688,0
12.70,10,0,1,2,0,0,0,0,13.9,1,1,0.600,0
3.53,19,0,1,1,0,1,0,0,20.2,1,1,0.964,0
427.59,20,0,5,3,0,1,0,0,126.5,2,2,4.611,0
67.62,16,0,3,2,0,1,0,0,0.2,1,1,1.577,0
42.40,18,0,2,2,0,0,1,0,87.8,1,4,0.022,0
148.38,16,0,3,1,0,2,0,0,37.9,2,2,7.739,0
54.26,17,0,3,1,0,2,0,0,3.2,2,1,0.219,0
61.06,18,0,4,4,0,1,0,0,35.8,2,2,0.037,0
25.83,10,0,4,4,0,0,0,0,7.2,1,2,2.295,0
20.06,19,0,2,2,0,1,0,0,79.9,2,1,0.339,0
10.00,21,0,3,5,1,2,1,0,86.6,1,1,0.013,0
12.76,18,0,3,3,0,1,0,0,66.3,2,1,0.737,0
36.70,17,0,0,2,1,0,0,0,15.8,3,2,0.418,0
34.44,13,0,10,6,0,3,1,1,72.4,8,6,9.100,1
29.00,10,0,1,1,0,1,0,0,41.9,1,6,0.083,0
28.49,19,0,3,3,0,0,0,0,16.5,1,2,0.528,0
26.28,16,0,1,1,0,2,0,0,2.2,5,3,2.610,0
130.27,9,0,2,2,0,0,0,0,67.8,2,1,2.614,0
31.22,15,0,4,1,0,1,0,0,13.8,1,1,0.123,0
4.68,14,0,1,1,0,0,0,0,88.2,2,1,0.596,0
33.37,17,0,4,2,0,0,1,0,10.0,3,1,0.579,0
26.20,14,0,1,2,0,1,1,0,66.8,1,3,0.507,0
9.40,8,0,1,1,0,0,0,0,165.5,1,3,0.896,0
30.35,13,0,2,2,0,1,0,0,61.5,2,2,2.188,0
16.81,11,0,3,1,0,0,0,0,23.6,1,1,0.034,0
21.12,17,0,1,1,0,0,0,0,35.0,1,1,1.002,0
98.38,10,0,2,2,0,0,0,0,12.3,1,1,0.153,0
6.56,9,0,3,3,0,1,0,0,42.8,2,1,0.954,0
24.18,16,0,2,1,0,0,0,0,14.7,1,4,0.593,0
49.22,20,0,2,1,0,0,0,0,17.7,1,1,1.691,0
18.36,15,0,3,1,0,0,0,1,127.3,2,1,0.602,0
4.84,18,0,0,1,0,1,0,0,55.1,1,3,0.880,0
13.53,9,0,0,1,0,0,0,0,129.0,2,1,0.230,0
46.21,8,0,1,1,0,0,0,0,34.9,1,1,2.956,0
25.80,17,0,4,2,0,0,0,0,7.6,2,1,0.358,0
27.62,10,0,2,2,0,0,0,0,4.9,1,1,1.170,0
11.47,9,0,2,1,0,0,0,0,37.5,1,4,0.646,0
19.89,10,0,3,2,0,1,0,0,31.9,1,4,0.658,0
20.26,17,0,2,2,0,0,0,0,56.5,4,1,0.631,0
14.73,13,0,2,2,0,0,0,0,45.5,1,3,0.578,0
16.62,10,0,1,1,1,1,0,0,73.1,1,1,0.415,0
31.64,18,0,1,1,0,0,0,0,50.5,2,2,1.056,0
6.93,10,0,2,1,0,0,0,0,131.9,1,5,0.808,0
15.83,0,1,5,7,0,2,1,0,10.3,1,1,0.386,0
8.83,12,0,3,2,0,1,0,0,50.3,1,2,0.203,0
64.10,16,0,5,1,0,0,0,0,14.3,1,1,0.689,0
85.33,9,0,1,1,0,0,0,0,1.8,1,3,0.169,0
4.03,20,0,0,0,0,1,0,0,122.3,4,1,0.673,0
30.26,15,0,0,1,0,0,0,0,9.7,1,3,6.819,0
5.20,14,0,3,3,0,0,0,0,77.6,1,1,0.643,0
21.60,14,0,2,1,0,0,0,0,27.1,1,3,0.246,0
7.98,17,0,1,1,0,0,0,0,21.3,2,1,0.058,0
24.20,10,0,2,1,0,0,0,0,14.5,1,2,0.255,0
8.52,17,0,0,0,0,0,1,0,48.3,1,1,0.557,0
43.39,16,0,5,5,0,0,0,0,12.0,1,1,1.036,0
17.39,12,0,0,1,0,0,0,0,75.6,2,3,0.630,0
57.96,4,1,7,6,0,5,1,1,373.0,1,6,0.155,1
16.00,14,0,1,1,0,0,0,0,23.0,1,2,0.638,0
51.94,14,0,0,1,0,0,0,0,6.7,1,4,3.058,0
9.83,9,0,2,2,0,0,0,0,29.8,2,2,0.401,0
6.24,21,0,1,1,0,0,0,0,53.4,2,1,0.462,0
13.79,16,0,1,1,0,0,0,0,47.9,1,1,0.083,0
12.80,14,0,0,1,0,0,0,0,55.3,1,1,0.708,0
20.99,10,0,0,3,0,0,0,0,48.1,3,1,0.860,0
57.34,21,0,4,1,0,0,0,0,48.8,2,2,3.551,0
28.37,15,0,4,3,0,0,0,1,43.3,4,3,0.331,0
51.32,20,0,0,0,0,0,0,0,14.0,4,2,0.309,0
14.18,20,0,1,1,0,0,0,1,59.9,1,1,0.323,0
29.76,9,0,1,1,0,0,0,0,54.2,1,2,1.166,0
11.14,18,0,4,4,0,0,0,1,111.9,2,2,0.735,0
64.36,11,0,1,1,0,0,0,0,4.5,1,2,0.044,0
262.12,11,0,4,4,0,0,0,0,16.6,2,1,8.217,0
59.54,13,0,1,1,0,0,0,0,33.6,1,3,5.972,0
33.44,17,0,4,1,0,0,0,0,237.6,1,4,0.989,0
26.97,21,0,3,1,0,0,0,0,17.0,1,1,0.589,0
5.88,12,0,1,1,0,0,0,0,21.1,1,3,0.760,0
9.23,19,0,0,0,0,0,0,0,10.7,1,1,0.674,0
10.21,17,0,2,2,0,2,0,0,0.8,1,1,0.463,0
39.69,14,0,5,1,0,1,1,0,32.4,1,2,1.335,0
11.02,15,0,3,3,0,1,0,0,4.6,3,1,1.460,0
20.33,12,0,1,1,0,0,0,0,25.2,2,1,1.444,0
61.53,20,0,4,4,0,0,0,0,39.3,1,2,0.128,0
14.12,12,0,0,0,0,0,0,0,43.4,1,1,0.847,0
128.50,1,1,7,9,2,4,0,1,738.3,6,6,6.171,1
47.58,8,0,2,1,0,0,0,0,32.8,2,2,0.251,0
127.64,3,1,12,6,4,3,1,1,575.2,2,6,1.939,1
180.43,16,0,7,6,0,1,1,0,91.6,1,3,19.342,0
27.05,17,0,0,2,0,2,0,0,39.2,3,1,0.283,0
38.75,12,0,1,1,0,0,0,0,67.0,1,1,0.028,0
104.97,23,1,12,7,1,3,0,1,92.1,2,5,2.314,1
34.13,9,0,4,1,0,0,0,0,9.3,2,2,1.289,0
8.49,20,0,1,2,0,0,0,0,23.3,1,2,0.596,0
55.97,10,0,1,1,0,0,0,0,103.1,2,1,0.089,0
24.22,13,0,4,2,1,0,0,0,59.9,1,1,1.243,0
37.44,11,0,0,0,0,0,0,0,9.8,1,3,1.320,0
16.57,14,0,3,1,0,0,0,0,80.7,1,1,0.598,0
31.39,17,0,1,1,0,0,0,0,33.2,1,1,0.643,0
25.27,15,0,3,3,0,1,0,0,3.4,1,1,0.208,0
18.31,19,0,1,1,1,0,0,0,7.5,1,2,0.672,0
18.37,15,0,3,3,1,0,0,0,47.6,1,4,0.193,0
18.99,6,0,6,4,2,0,0,0,25.0,1,1,0.917,0
49.26,16,0,3,2,0,0,0,0,62.6,1,1,1.805,0
6.96,10,0,2,1,0,1,0,0,58.4,1,2,0.618,0
129.37,10,0,1,1,0,0,0,0,2.5,2,2,1.667,0
44.19,19,0,3,2,0,1,0,0,58.3,1,5,7.433,1
136.04,13,0,1,2,0,0,0,1,2.5,1,2,5.052,0
15.09,11,0,2,1,0,1,0,0,1.9,1,1,0.426,0
20.78,17,0,3,1,0,0,1,0,46.0,1,3,0.735,0
38.53,20,0,6,6,0,2,1,0,22.3,1,5,1.114,0
5.28,13,0,2,2,0,0,0,0,22.3,3,4,0.787,0
95.53,19,0,3,1,0,0,0,0,26.4,3,1,8.089,0
206.06,20,0,7,5,0,5,1,0,97.3,7,10,6.452,1
30.05,14,0,1,1,0,0,0,0,32.9,1,1,2.548,0
48.88,16,0,1,1,0,1,0,1,2.7,2,1,1.795,0
11.55,13,0,0,3,0,0,0,0,1.0,4,3,0.669,0
22.29,14,0,2,2,0,0,0,0,99.0,1,2,0.410,0
157.05,23,1,7,6,1,2,1,1,271.8,2,2,6.631,0
6.30,18,0,5,1,0,1,0,0,66.4,1,1,0.770,0
34.42,20,0,1,1,0,0,0,0,1.5,2,2,0.398,0
61.06,17,0,5,5,0,2,0,0,114.4,1,2,4.894,0
15.75,19,0,2,1,0,0,0,0,158.4,2,1,0.475,0
5.17,9,0,2,2,0,1,0,0,151.0,2,1,0.919,0
22.67,21,0,1,1,0,0,0,0,0.6,1,3,0.624,0
25.87,13,0,3,3,0,0,0,0,14.2,2,1,3.241,0
39.11,16,0,0,1,0,2,1,0,2.7,2,4,0.099,0
138.29,16,0,1,2,0,0,0,0,76.8,1,3,0.261,0
18.38,14,0,3,1,0,0,0,0,98.6,1,3,0.606,0
46.56,13,0,1,1,0,0,0,0,34.6,2,1,0.494,0
21.86,20,0,1,1,0,0,0,0,35.9,1,2,0.267,0
554.80,17,0,9,5,1,7,0,0,1150.7,3,4,84.617,1
64.93,11,0,2,2,0,1,0,0,25.1,5,3,1.713,0
27.13,13,0,1,1,0,0,0,1,93.0,4,1,4.129,0
61.83,12,0,0,2,0,0,0,0,23.6,2,1,4.545,0
20.06,19,0,5,2,0,0,0,0,17.8,1,1,0.550,0
1.48,19,0,2,2,0,0,0,0,3.0,2,3,0.930,0
27.41,17,0,1,2,0,0,0,0,183.9,3,5,0.903,0
13.55,12,0,0,3,1,0,0,0,23.6,2,1,0.698,0
47.16,9,0,2,3,0,2,0,0,182.0,2,2,0.518,0
58.61,9,0,1,1,0,0,0,1,87.4,1,2,4.908,0
81.97,21,0,0,2,0,0,0,0,70.4,3,1,6.128,0
32.60,13,0,2,1,0,0,0,0,12.9,2,1,0.236,0
34.74,14,0,2,2,0,0,1,0,15.8,1,2,0.603,0
40.82,9,0,2,2,0,0,0,1,10.4,1,1,20.372,0
16.65,12,0,5,4,0,1,0,0,313.9,6,5,0.030,0
9.90,19,0,0,0,0,1,0,0,53.1,1,1,0.892,0
12.31,15,0,4,4,0,1,0,0,56.6,2,2,0.391,0
38.77,11,0,1,1,0,1,0,0,26.4,1,3,0.980,0
85.20,2,1,3,3,0,3,1,1,494.9,2,6,0.439,1
393.74,2,1,5,2,1,2,1,1,50.0,3,7,143.227,1
9.37,9,0,3,1,0,0,0,0,2.5,1,4,0.994,0
41.09,18,0,0,0,0,0,0,0,14.9,1,3,3.745,0
35.10,14,0,1,1,0,0,0,0,70.3,1,1,0.674,0
19.65,15,0,1,2,0,2,0,1,37.3,1,2,1.641,0
45.85,10,0,1,1,1,1,0,0,62.3,2,2,1.747,0
29.08,10,0,2,2,0,0,0,0,37.9,3,1,1.222,0
38.58,11,0,3,3,0,0,0,0,23.2,5,4,0.016,0
33.91,17,0,5,1,0,0,1,0,165.8,1,1,2.893,0
24.92,18,0,3,1,0,1,0,0,80.5,1,1,0.249,0
8.94,18,0,1,1,0,1,0,0,24.2,1,1,0.658,0
69.62,13,0,2,1,0,1,0,0,43.8,3,2,0.080,0
16.82,14,0,1,1,0,0,0,0,71.4,1,1,0.886,0
57.97,21,0,1,1,0,0,0,0,13.5,1,5,4.606,0
226.65,12,0,2,1,0,0,0,0,8.4,1,3,2.983,0
120.09,8,0,2,6,0,1,0,0,74.4,2,1,1.113,0
7.19,8,0,2,2,0,0,0,0,13.0,1,1,0.771,0
38.27,14,0,0,1,0,0,0,0,14.4,1,1,1.634,0
53.35,21,0,4,3,2,2,0,0,37.0,2,5,1.050,0
46.30,17,0,1,1,0,0,0,0,62.8,2,1,0.491,0
61.74,8,0,0,1,0,0,0,0,90.1,1,1,2.760,0
56.22,13,0,1,1,0,0,0,0,27.1,3,1,2.086,0
53.56,13,0,1,1,0,0,0,0,5.7,1,1,2.425,0
15.24,14,0,2,2,0,1,0,0,18.0,1,1,0.172,0
31.41,9,0,0,0,0,0,0,0,57.5,1,1,0.192,0
14.30,16,0,2,2,0,0,0,0,19.6,1,4,0.217,0
34.12,5,1,11,8,1,5,1,1,80.3,5,5,4.170,1
201.76,20,0,9,8,2,2,0,0,651.7,5,5,3.626,1
10.98,16,0,1,2,0,0,0,0,10.9,1,1,0.781,0
6.87,14,0,0,1,0,0,0,0,6.6,1,1,0.868,0
17.91,20,0,1,4,0,0,0,0,60.2,1,1,0.239,0
39.49,11,0,2,2,0,0,0,0,20.7,2,4,1.827,0
13.05,13,0,4,2,0,0,0,0,10.7,1,2,0.268,0
25.40,8,0,2,2,0,0,0,0,21.5,3,1,0.400,0
10.48,10,0,3,3,0,0,0,1,20.1,1,2,0.680,0
40.32,16,0,2,1,0,1,0,0,16.1,2,1,0.403,0
18.24,11,0,2,2,0,1,0,0,32.6,1,1,0.274,0
35.65,21,0,2,2,0,0,0,0,15.5,1,1,1.287,0
139.79,10,0,1,2,0,0,0,0,57.8,2,1,6.867,0
12.87,13,0,2,3,0,0,0,0,146.8,1,1,0.847,0
23.02,10,0,1,1,0,0,0,0,10.3,1,1,6.857,0
8.65,14,0,2,1,0,2,0,0,20.6,2,1,0.199,0
3.39,14,0,1,2,0,0,0,0,34.5,1,1,0.761,0
135.53,14,0,0,1,0,0,0,0,12.8,1,2,0.321,0
35.94,14,0,3,1,0,4,0,1,417.4,2,5,4.396,0
71.23,8,0,7,9,0,3,1,0,10.0,5,2,1.716,0
10.41,12,0,1,1,0,0,0,0,24.6,1,3,0.882,0
18.42,19,0,2,2,1,0,0,0,2.1,1,2,0.391,0
7.73,9,0,1,3,0,0,0,0,23.6,1,4,0.804,0
46.89,15,0,4,1,0,0,0,0,12.7,1,1,1.305,0
50.27,21,0,4,4,0,1,0,0,50.8,1,2,0.684,0
45.40,11,0,2,2,0,0,0,0,18.9,1,1,1.458,0
216.42,22,0,0,5,1,4,0,1,688.4,3,2,6.740,0
12.73,18,0,4,5,1,1,0,1,107.4,1,1,1.393,1
14.42,8,0,3,3,0,0,0,1,28.1,1,1,2.023,0
36.16,19,0,0,2,0,1,0,0,63.0,1,2,1.037,0
6.04,8,0,3,1,0,1,0,0,26.6,1,1,0.919,0
32.81,9,0,1,1,0,0,0,0,38.5,1,1,0.705,0
117.72,8,0,0,0,0,0,0,0,33.7,3,3,2.353,0
11.22,13,0,0,1,0,0,0,0,54.8,2,1,1.179,0
18.15,14,0,2,1,0,0,0,0,55.3,3,1,0.769,0
99.21,12,0,1,1,0,0,0,0,32.9,2,2,6.556,0
3.93,20,0,1,3,0,1,0,0,142.3,1,1,0.615,0
90.92,17,0,2,2,0,1,0,0,142.9,1,2,11.455,0
26.39,17,0,3,3,1,0,0,0,15.4,1,2,0.683,0
853.55,3,1,4,3,0,1,0,0,51.6,1,1,54.824,0
7.04,21,0,0,0,0,1,0,0,83.4,1,2,0.751,0
46.74,15,0,4,4,0,0,0,0,85.6,2,1,0.022,0
21.27,11,0,1,2,0,0,0,0,7.6,1,1,0.684,0
6.88,21,0,3,1,0,0,0,0,15.2,1,1,0.160,0
35.22,10,0,4,4,0,0,1,0,36.5,1,1,0.371,0
19.19,22,0,3,4,0,2,1,0,341.5,1,2,0.040,0
44.71,14,0,4,4,0,0,0,0,131.6,1,3,1.272,0
115.93,7,0,12,6,2,3,1,1,474.5,1,3,1.009,1
7.50,14,0,3,3,0,0,0,0,18.3,3,1,0.163,0
45.59,8,0,1,1,0,1,0,0,15.5,1,1,0.230,0
8.46,18,0,2,2,1,1,0,0,0.8,3,2,0.700,0
5.98,19,0,3,3,0,1,0,0,8.7,1,1,0.785,0
54.50,19,0,3,3,0,0,0,0,1.1,1,3,0.725,0
3.15,17,0,3,1,0,0,0,0,0.1,1,1,0.963,0
80.15,22,0,8,7,1,7,1,1,158.9,4,8,4.365,1
38.32,17,0,3,1,0,0,0,0,81.8,3,4,0.010,0
18.12,23,1,5,4,1,6,0,1,84.3,2,6,0.146,0
44.00,19,0,5,5,0,0,0,0,118.7,2,1,4.327,0
24.44,9,0,2,2,0,0,0,0,54.0,1,1,0.252,0
10.39,13,0,1,1,0,1,0,0,30.8,1,2,0.775,0
52.11,20,0,4,4,0,1,0,0,49.3,1,1,1.571,0
14.20,9,0,7,1,0,0,0,0,18.4,2,1,0.031,0
21.27,11,0,2,2,0,0,0,0,53.2,1,1,0.026,0
8.21,19,0,4,4,0,2,0,0,43.1,1,1,0.610,0
32.57,13,0,3,3,1,0,1,0,23.7,1,2,0.943,0
10.83,11,0,0,1,0,1,0,0,167.0,1,1,0.765,0
10.79,12,0,2,2,0,0,0,0,81.7,1,2,0.778,0
58.25,10,0,1,1,0,0,0,0,4.1,2,1,3.277,0
4.60,9,0,1,1,0,2,0,0,79.6,2,1,0.927,0
63.71,15,0,4,2,0,1,0,0,28.9,3,1,0.806,0
19.62,9,0,1,1,0,1,0,0,53.7,2,2,0.558,0
18.38,11,0,1,1,0,1,0,0,83.8,1,1,0.752,0
7.88,14,0,3,2,0,2,0,0,78.8,1,2,0.686,0
28.93,12,0,3,3,0,2,0,0,198.0,2,1,3.075,0
58.90,20,0,1,2,0,0,0,0,51.4,1,1,1.291,0
60.98,15,0,3,2,2,0,0,0,163.3,1,8,1.210,0
30.87,13,0,2,2,0,0,0,0,2.0,1,2,0.321,0
95.41,18,0,2,1,0,0,0,0,6.6,5,2,2.798,0
33.87,20,0,1,2,0,0,0,0,34.4,1,2,0.007,0
41.12,18,0,0,0,0,0,0,0,28.3,1,1,0.511,0
24.21,19,0,1,1,0,0,0,0,90.9,1,2,1.917,0
34.84,9,0,1,1,0,0,0,0,40.0,1,1,0.306,0
28.19,19,0,1,1,0,0,0,0,24.0,2,2,0.175,0
13.96,10,0,1,2,0,0,0,0,25.4,1,2,0.861,0
27.97,15,0,3,1,0,0,0,0,23.9,1,1,0.300,0
38.55,17,0,1,1,0,0,0,0,52.8,3,2,1.068,0
9.29,16,0,4,1,0,1,0,0,4.0,2,1,0.921,0
8.50,15,0,0,0,0,1,0,0,12.9,1,3,0.876,0
61.86,18,0,0,0,0,1,0,0,37.9,1,5,2.227,0
25.81,14,0,0,3,0,0,0,0,22.9,1,1,0.332,0
17.44,10,0,2,2,0,1,0,0,50.1,1,1,0.672,0
77.07,18,0,3,4,0,0,0,0,57.9,1,2,0.498,0
5.90,15,0,3,1,0,0,0,0,108.1,2,2,0.401,0
5.35,10,0,2,1,0,0,0,0,21.1,1,3,0.627,0
26.45,10,0,4,1,0,0,0,0,0.3,1,1,0.191,0
608.88,19,0,5,1,0,0,0,0,27.7,3,1,27.994,0
24.91,12,0,2,1,0,1,0,0,7.0,1,1,0.880,0
27.72,13,0,0,0,0,0,0,0,156.9,1,2,0.242,0
32.11,16,0,6,6,1,1,0,0,8.1,2,1,0.349,0
8.17,19,0,1,1,0,0,0,1,60.1,1,2,0.735,0
64.27,11,0,0,0,0,1,0,0,2.6,2,4,0.314,0
9.10,10,0,0,0,0,0,0,0,39.0,1,2,0.747,0
7.85,9,0,3,3,0,0,0,0,166.2,1,1,0.636,0
27.01,14,0,5,1,0,0,0,0,60.3,2,3,0.683,0
13.49,12,0,4,4,0,0,0,0,22.5,1,1,0.296,0
31.68,15,0,3,2,0,0,0,0,48.1,3,2,0.960,0
6.83,13,0,1,3,0,0,0,0,9.8,1,1,0.724,0
22.63,15,0,2,2,0,1,0,0,23.9,1,1,1.767,0
33.26,17,0,2,1,0,1,0,0,0.9,2,1,0.164,0
101.76,9,0,0,1,0,0,0,0,5.0,2,3,1.425,0
9.68,9,0,1,1,0,0,0,0,130.9,1,1,0.719,0
37.50,15,0,3,3,0,0,0,0,36.2,2,1,5.673,0
151.73,11,0,0,2,0,0,0,0,34.8,2,1,0.496,0
18.25,14,0,2,1,0,0,0,0,10.0,1,2,0.494,0
47.43,15,0,7,2,0,3,1,1,40.3,1,1,1.113,0
83.00,10,0,2,4,0,0,0,0,301.9,3,1,1.753,0
16.57,17,0,2,2,0,0,0,1,4.7,3,2,0.421,0
61.05,18,0,4,1,0,0,0,0,91.0,1,1,0.265,0
59.93,18,0,1,3,0,0,0,0,38.7,2,3,0.819,0
9.39,15,0,2,3,0,0,0,1,4.9,2,1,0.837,0
37.92,17,0,5,5,0,1,0,0,56.3,1,1,9.865,0
3.48,13,0,2,2,0,0,0,0,35.9,1,1,0.300,0
57.72,16,0,4,1,0,1,0,0,1.4,1,1,1.148,0
33.43,15,0,3,1,0,0,0,0,6.6,1,2,1.390,0
64.78,10,0,5,2,0,1,0,0,25.3,1,1,0.755,0
9.22,20,0,2,1,0,0,0,0,16.4,3,1,0.905,0
25.56,15,0,2,3,0,1,0,1,192.3,3,1,0.465,0
11.43,13,0,2,1,0,0,0,0,117.4,1,2,0.784,0
24.05,5,1,3,7,0,2,0,1,226.0,4,4,0.477,0
100.74,11,0,5,1,0,0,0,0,9.5,4,1,2.574,0
52.04,18,0,2,4,0,0,0,0,103.6,5,2,0.081,0
36.35,10,0,1,1,0,0,0,0,16.7,1,1,0.445,0
35.29,18,0,6,4,0,0,0,0,50.2,1,4,0.497,0
85.19,19,0,4,4,0,0,0,0,44.8,2,1,3.585,0
9.42,12,0,4,2,0,0,0,0,37.5,3,2,0.310,0
18.90,9,0,4,4,0,1,0,0,182.7,1,1,0.366,1
13.55,10,0,3,1,0,0,0,0,27.5,1,3,0.634,0
91.51,11,0,1,1,0,0,0,0,9.1,1,3,7.388,0
2.40,16,0,1,1,0,1,0,0,1.3,1,1,0.756,0
43.43,17,0,1,1,0,0,0,0,10.5,1,1,1.189,0
24.02,19,0,3,3,0,0,0,0,42.7,1,1,0.023,0
108.93,11,0,2,2,0,1,0,0,14.5,2,1,0.116,0
27.78,11,0,2,3,0,0,0,0,8.1,1,1,0.530,0
71.50,10,0,2,1,0,0,0,0,39.8,1,2,10.626,0
66.19,20,0,1,1,0,0,0,0,1.2,1,2,2.219,0
10.69,16,0,5,1,0,0,0,0,35.5,1,3,0.903,0
23.39,15,0,3,1,0,0,0,0,45.8,1,2,0.380,0
31.16,18,0,0,0,0,0,0,0,24.6,1,1,0.160,0
6.28,16,0,3,3,0,1,0,0,3.2,1,2,0.016,0
12.63,10,0,2,2,0,0,0,0,181.7,2,2,0.845,0
24.27,13,0,1,3,0,0,0,0,42.0,3,1,0.102,0
236.22,2,1,8,11,5,0,1,1,377.2,3,3,6.494,1
29.18,15,0,4,2,0,0,0,0,15.7,1,1,0.195,0
58.52,12,0,1,1,0,0,0,0,181.1,2,2,0.064,0
22.64,11,0,2,1,0,0,0,0,52.9,2,4,0.721,0
75.15,14,0,0,2,0,0,0,0,12.5,2,1,0.728,0
49.57,12,0,0,1,0,0,0,0,44.1,2,1,1.002,0
73.22,12,0,3,3,0,0,0,0,79.6,4,1,0.193,0
151.83,20,0,0,1,0,0,0,0,77.5,1,3,22.835,0
61.97,11,0,0,0,0,0,0,0,9.5,2,1,2.873,0
3.61,16,0,1,1,0,0,0,0,22.5,1,1,0.843,0
122.45,17,0,1,1,0,0,0,0,106.3,2,2,16.695,0
82.81,15,0,3,1,0,0,0,0,59.6,1,1,2.386,0
75.05,11,0,1,1,0,2,0,0,27.0,3,1,1.327,0
28.62,20,0,0,0,0,1,0,0,46.4,1,1,3.383,0
28.82,9,0,1,1,0,1,0,0,37.0,1,5,0.478,0
34.92,19,0,3,3,0,0,0,0,9.3,3,2,0.528,0
38.24,20,0,2,2,0,1,0,0,0.1,1,4,0.386,0
21.47,14,0,0,0,0,0,0,0,8.8,1,3,0.516,0
13.44,11,0,3,3,0,0,0,0,117.5,1,1,0.931,0
10.84,18,0,1,1,0,0,0,0,120.4,1,1,0.717,0
26.71,9,0,1,1,0,0,0,0,6.0,1,1,1.250,0
561.80,7,0,2,4,0,2,0,1,141.4,2,2,25.945,0
57.65,9,0,2,2,0,0,0,0,192.5,2,1,2.140,0
12.69,10,0,1,4,0,2,0,0,110.3,1,1,0.087,0
73.37,15,0,2,2,1,0,0,0,0.4,1,4,0.341,0
36.37,16,0,0,2,0,1,0,0,154.4,1,2,4.648,0
9.16,19,0,1,1,1,0,0,0,8.1,2,4,0.180,0
27.91,11,0,3,3,0,0,0,0,23.3,1,1,1.144,0
12.39,20,0,2,1,0,0,0,0,7.6,4,1,1.647,0
8.23,17,0,2,2,0,0,0,0,31.1,1,1,0.693,0
6.18,12,0,2,3,0,0,0,0,49.9,1,1,0.878,0
229.95,18,0,4,2,1,5,0,1,62.6,1,3,0.390,0
7.15,10,0,3,1,0,0,0,0,6.6,1,1,0.915,0
15.10,11,0,3,3,0,0,0,0,35.6,2,2,0.489,0
53.87,15,0,0,0,0,0,0,0,3.2,1,1,0.700,0
121.29,18,0,4,1,0,0,0,0,18.7,1,1,10.241,0
6.36,9,0,3,1,0,1,0,1,71.8,2,2,0.974,0
324.31,21,0,3,3,0,0,0,0,40.0,2,4,33.612,0
29.49,15,0,5,1,0,0,0,0,53.5,3,3,0.609,0
19.23,16,0,0,1,1,0,0,0,0.3,1,2,0.283,0
18.76,9,0,1,1,0,2,0,0,74.5,1,3,0.727,0
205.63,20,0,3,1,0,0,0,0,68.9,2,1,7.644,0
128.88,20,0,9,3,0,3,0,1,154.0,1,5,1.313,0
5.98,8,0,1,1,0,1,0,0,3.9,1,5,0.843,0
1306.84,7,0,7,5,4,3,1,1,134.4,3,4,125.509,1
16.15,14,0,1,1,0,0,0,0,95.1,1,1,0.982,0
50.75,13,0,2,2,0,1,0,0,10.0,1,2,3.815,0
47.33,14,0,1,1,0,0,0,0,152.9,2,3,0.151,0
10.64,14,0,2,3,0,0,0,0,15.0,1,4,0.612,0
73.77,9,0,0,0,0,0,0,0,16.2,1,1,1.615,0
27.30,14,0,2,1,0,0,0,0,57.0,1,1,0.434,0
14.87,13,0,3,3,0,1,0,0,20.0,1,1,0.899,0
73.44,17,0,4,2,0,0,0,0,60.6,1,1,0.425,0
94.92,16,0,3,3,0,0,0,0,96.4,1,1,15.198,0
11.40,13,0,3,2,0,1,0,0,73.8,1,1,0.588,0
186.74,18,0,3,3,0,0,0,0,3.4,4,1,28.974,0
89.57,13,0,4,1,0,1,0,0,52.2,1,1,0.914,0
5.52,19,0,1,2,0,0,0,0,53.9,1,4,0.108,0
32.96,18,0,1,1,0,0,0,0,63.2,1,3,0.352,0
14.16,14,0,3,3,0,0,0,0,49.7,2,5,0.717,0
22.00,18,0,3,3,0,0,0,0,99.9,1,5,0.195,0
73.40,9,0,0,2,0,1,0,0,60.0,1,1,20.976,0
180.11,11,0,2,2,0,0,0,0,7.5,1,1,9.234,0
10.94,20,0,3,1,0,1,0,0,64.1,2,2,0.655,0
11.09,14,0,3,3,0,1,0,0,18.5,1,4,0.476,0
24.45,15,0,2,3,0,0,0,0,8.3,1,1,0.634,0
26.22,19,0,2,1,0,0,0,0,58.6,1,2,0.571,0
37.59,0,1,4,5,0,3,0,0,10.0,2,3,0.340,0
21.28,21,0,2,2,0,0,0,0,66.3,3,1,0.165,0
18.49,18,0,1,1,0,0,0,0,57.3,1,1,0.375,0
67.96,10,0,2,4,1,3,0,1,58.2,4,6,7.110,0
17.16,12,0,2,1,0,0,0,0,157.7,2,1,0.733,0
41.95,9,0,2,2,0,0,0,0,14.5,1,1,0.293,0
46.90,15,0,4,4,0,0,0,0,65.7,1,1,0.084,0
20.08,20,0,1,1,0,1,0,0,17.8,1,1,0.042,0
36.13,17,0,0,2,0,0,0,0,204.6,2,1,1.003,0
15.03,11,0,0,1,0,0,0,0,8.1,2,4,0.833,0
11.22,10,0,4,1,0,0,0,0,14.2,1,1,0.598,0
54.20,8,0,0,1,0,1,0,0,2.5,1,3,0.215,0
244.20,15,0,6,7,2,8,1,1,694.8,2,4,0.442,1
93.80,16,0,1,1,0,0,0,0,37.4,1,2,0.701,0
19.27,15,0,2,1,0,2,0,0,76.3,1,1,0.369,0
37.32,13,0,2,1,0,1,0,0,7.7,3,1,0.762,0
16.93,12,0,0,0,0,0,0,0,57.3,1,2,0.022,0
8.14,19,0,4,2,0,0,0,0,6.2,2,1,0.936,0
34.42,8,0,5,2,0,2,0,0,54.2,1,1,0.407,0
139.69,12,0,2,1,0,2,0,0,10.8,2,1,16.840,0
60.98,4,1,6,2,0,3,0,1,147.7,3,1,0.887,0
20.90,11,0,1,2,0,0,0,0,39.4,4,4,0.596,0
47.82,17,0,4,4,0,1,0,0,2.5,1,1,5.764,0
15.41,13,0,0,0,0,1,0,0,51.2,2,3,0.048,0
30.86,18,0,3,3,0,1,0,0,2.3,1,2,2.475,0
5.29,19,0,6,6,0,1,0,0,0.8,4,1,0.206,0
23.81,10,0,1,1,0,0,0,0,23.5,3,2,0.032,0
72.78,13,0,4,3,0,0,0,0,26.3,1,1,0.361,0
23.74,19,0,0,0,0,0,0,0,99.3,1,1,0.377,0
52.26,18,0,3,1,0,0,0,0,33.5,1,1,1.411,0
10.26,14,0,2,2,0,0,0,0,40.3,1,3,0.286,0
92.85,10,0,8,8,0,4,0,0,78.5,3,3,7.589,0
22.37,10,0,2,1,0,1,0,0,27.5,2,1,0.259,0
66.41,18,0,3,3,0,0,0,0,18.2,1,3,0.324,0
24.33,12,0,1,1,0,0,0,0,101.7,1,1,0.180,0
91.07,14,0,10,5,2,0,1,1,256.7,5,3,2.669,1
48.08,22,0,4,6,0,6,0,0,373.1,1,4,0.783,0
13.14,20,0,2,1,0,0,0,0,93.8,1,1,0.592,0
12.22,18,0,3,1,0,0,0,0,66.4,5,5,0.617,0
124.65,11,0,2,1,0,0,0,0,27.1,5,2,3.513,0
32.54,13,0,3,1,0,0,0,0,12.5,1,1,4.770,0
85.13,17,0,2,1,0,0,0,0,6.1,3,2,0.283,0
86.81,17,0,1,1,0,0,0,0,170.5,1,2,4.143,0
36.64,20,0,3,4,1,0,0,0,2.8,1,1,0.804,0
5.11,13,0,2,2,0,1,0,0,75.8,3,3,0.954,0
41.56,16,0,1,1,0,0,0,0,0.4,1,3,2.932,0
72.52,8,0,1,2,0,0,0,0,53.9,1,3,0.248,0
18.21,16,0,2,2,0,0,0,0,50.1,2,1,0.870,0
13.59,13,0,2,2,0,1,0,0,29.8,2,1,0.988,0
32.05,11,0,1,1,0,1,0,0,17.7,1,1,0.281,0
9.78,16,0,4,4,0,0,0,0,40.8,1,3,0.932,0
110.46,21,0,3,8,0,1,0,0,64.2,2,4,0.704,0
8.98,11,0,0,0,0,0,0,0,4.3,1,1,0.762,0
4.52,14,0,3,1,0,0,0,0,10.9,1,3,0.163,0
72.36,20,0,2,1,0,0,0,0,2.4,6,2,1.018,0
7.40,10,0,1,1,0,0,0,0,28.4,1,1,0.684,0
27.72,13,0,2,2,0,0,0,0,78.5,1,1,4.763,0
5.34,14,0,2,2,0,0,0,0,19.5,1,3,0.973,0
38.04,12,0,4,4,0,0,0,0,47.6,1,1,0.212,0
7.01,11,0,2,2,0,0,0,0,41.6,3,1,0.917,0
25.70,20,0,1,1,0,0,0,0,82.0,1,5,0.441,0
8.38,19,0,0,0,0,0,1,0,2.0,3,3,0.170,0
36.61,14,0,1,1,0,0,0,0,53.8,2,2,3.542,0
19.86,8,0,2,3,0,0,0,0,121.3,3,2,0.036,0
12.31,13,0,0,2,0,0,0,0,92.5,1,2,0.104,0
17.91,18,0,2,2,0,1,0,0,136.2,2,1,0.395,0
17.91,17,0,2,2,0,0,0,0,27.2,1,1,0.356,0
37.95,13,0,0,1,0,1,0,0,143.8,1,2,0.634,0
35.36,12,0,3,3,1,0,0,0,101.1,1,3,1.478,0
15.80,12,0,7,2,0,1,0,0,47.2,1,1,0.148,0
42.94,18,0,3,3,0,0,0,0,102.6,1,1,2.394,0
100.55,0,1,6,3,3,2,0,0,51.9,1,2,0.454,0
14.09,13,0,1,1,0,0,0,0,46.3,1,1,0.662,0
205.62,21,0,4,4,1,1,0,0,7.7,1,1,4.067,0
198.44,3,1,2,7,0,3,0,0,114.4,4,2,9.444,0
66.84,19,0,5,1,0,0,0,0,49.0,2,1,4.110,0
16.66,17,0,0,2,0,0,0,0,91.4,1,1,0.159,0
152.62,13,0,3,3,0,1,0,1,120.2,2,3,3.690,0
56.90,14,0,2,2,0,0,0,0,3.1,1,1,1.212,0
56.87,15,0,4,4,0,0,0,0,14.0,1,2,20.706,0
4.06,17,0,2,2,0,0,0,0,19.1,1,4,0.816,0
16.96,11,0,5,5,0,0,1,0,22.9,1,1,0.826,0
14.85,8,0,4,4,0,0,0,0,34.6,2,1,0.170,0
22.39,17,0,3,3,0,0,0,0,47.4,1,2,0.523,0
102.80,3,1,5,7,1,1,0,1,291.4,5,1,9.049,0
11.04,18,0,0,0,1,0,0,0,3.6,1,2,0.178,0
17.90,9,0,1,3,0,1,0,1,20.8,3,1,1.096,0
18.60,16,0,5,5,0,1,0,0,106.9,4,1,0.036,0
130.93,14,0,3,3,1,1,0,0,3.0,1,3,4.223,0
46.85,17,0,0,1,0,0,0,0,0.9,1,3,0.249,0
191.52,1,1,8,3,0,3,1,0,54.4,1,1,3.863,0
18.03,10,0,0,1,0,0,0,0,346.6,2,1,1.572,0
71.22,12,0,3,1,0,0,0,0,106.3,1,2,1.086,0
38.56,21,0,2,2,0,0,0,0,44.7,5,1,0.549,0
24.62,17,0,0,1,0,1,0,0,35.2,1,1,0.707,0
4.69,11,0,3,3,0,1,0,1,27.6,3,4,0.656,0
43.52,11,0,1,1,0,0,0,0,49.9,1,1,1.909,0
59.14,19,0,0,1,0,0,0,0,10.0,3,1,3.194,0
4.46,12,0,2,2,0,0,0,0,0.6,1,1,0.904,0
14.27,9,0,0,0,0,0,0,0,22.3,2,1,0.408,0
15.18,14,0,3,2,0,0,0,0,62.6,1,2,0.869,0
29.54,19,0,2,2,0,0,0,0,19.9,1,1,0.719,0
17.67,14,0,1,1,0,0,0,0,60.1,1,3,0.371,0
8.87,16,0,0,1,0,1,0,0,45.1,1,1,0.590,0
146.11,18,0,3,4,0,2,0,0,413.3,1,4,8.519,0
25.08,22,0,4,6,0,0,1,0,184.5,1,1,0.319,0
8.32,20,0,1,1,0,0,0,0,19.8,1,1,0.364,0
13.89,10,0,0,1,0,0,0,0,5.2,1,1,0.393,0
19.83,20,0,4,1,0,0,0,0,41.7,1,4,0.604,0
48.58,7,0,3,2,1,2,1,0,10.0,1,5,2.186,0
56.68,10,0,3,2,0,0,0,0,22.8,1,1,1.075,0
27.42,18,0,3,1,0,0,0,0,3.2,2,1,0.284,0
139.83,8,0,1,1,1,0,0,0,4.2,6,1,7.558,0
21.24,12,0,2,1,0,1,0,0,49.7,1,3,0.211,0
16.20,20,0,1,2,0,0,0,0,84.2,1,3,0.048,0
34.42,15,0,4,1,0,0,0,0,26.3,1,4,0.829,0
53.89,15,0,2,2,0,0,0,0,6.6,3,3,0.087,0
63.07,19,0,1,3,0,0,0,0,46.4,4,2,7.821,0
81.47,13,0,0,1,0,0,0,0,81.5,1,2,0.097,0
71.38,13,0,0,5,0,0,0,0,1.7,1,2,0.507,0
32.03,16,0,2,1,0,0,0,0,124.9,1,1,0.040,0
34.17,18,0,2,2,0,1,0,0,15.1,1,3,2.024,0
59.71,14,0,2,2,0,0,0,0,14.3,1,1,1.854,0
87.21,10,0,1,1,0,0,0,0,122.6,1,4,5.528,0
13.38,17,0,3,3,0,0,0,0,94.9,1,3,1.219,0
25.40,13,0,0,0,0,1,0,0,87.9,2,1,1.337,0
6.04,9,0,1,1,0,1,0,0,15.5,1,4,0.580,0
125.00,19,0,1,1,0,0,0,0,28.2,3,1,4.792,0
26.17,10,0,4,4,0,1,0,0,1.4,2,2,0.218,0
17.39,12,0,2,1,0,2,0,0,69.3,1,1,0.709,0
137.04,7,0,6,5,0,6,0,0,10.0,7,1,1.665,0
203.72,15,0,2,2,0,1,0,0,159.8,2,1,7.425,0
12.54,11,0,2,1,0,0,0,1,29.6,2,1,0.640,0
28.28,14,0,3,2,0,0,1,0,156.5,3,1,2.630,1
17.00,16,0,2,1,0,0,0,0,32.7,2,3,0.532,0
10.83,11,0,1,1,0,0,0,0,81.2,1,1,0.481,0
52.37,15,0,6,2,0,0,0,0,11.7,1,1,13.547,0
12.78,11,0,3,1,0,0,0,0,108.2,1,1,0.687,0
13.26,10,0,0,2,0,0,0,0,41.0,1,2,0.381,0
5.13,16,0,2,1,0,0,0,0,7.7,3,1,0.777,0
100.23,17,0,0,1,0,0,0,0,10.5,4,2,2.407,0
17.47,14,0,3,3,0,0,0,0,31.4,1,2,0.752,0
18.33,17,0,0,2,0,1,0,0,25.5,2,1,0.471,0
36.45,15,0,2,1,0,0,0,0,3.4,1,1,0.949,0
233.13,15,0,5,7,0,1,0,0,26.0,1,2,18.875,0
34.97,16,0,2,2,0,0,0,0,59.5,2,1,0.373,0
12.13,13,0,1,1,0,0,0,0,46.1,2,1,0.861,0
21.12,15,0,1,1,0,0,0,0,36.0,1,1,0.342,0
21.51,19,0,0,2,0,0,0,0,5.0,3,1,0.828,0
26.98,20,0,2,2,1,0,0,0,103.9,1,1,0.475,0
80.15,8,0,3,1,0,1,0,0,31.1,2,5,13.761,0
9.24,18,0,0,1,0,1,0,0,10.0,1,1,0.740,0
60.12,12,0,3,3,0,0,0,0,23.9,1,1,0.469,0
96.44,16,0,3,4,2,2,0,0,212.2,5,1,1.624,0
6.73,17,0,2,3,0,1,0,0,20.7,1,1,0.448,0
30.57,12,0,1,1,0,0,0,0,27.9,2,2,0.338,0
59.97,10,0,1,1,0,0,0,0,48.9,1,4,3.547,0
59.94,18,0,1,1,0,0,0,0,5.8,2,2,0.260,0
9.78,14,0,3,3,0,0,0,0,40.0,1,2,1.046,0
12.47,10,0,1,1,0,0,0,0,115.7,1,2,0.336,0
19.83,11,0,0,1,0,0,0,0,15.7,1,1,0.371,0
7.62,11,0,0,0,0,1,0,0,66.3,1,1,0.736,0
95.14,19,0,3,1,0,0,0,0,18.7,1,1,1.997,0
37.88,16,0,0,4,0,0,0,0,137.1,1,3,0.794,0
42.35,20,0,0,1,0,0,0,0,19.8,2,1,4.409,0
17.02,21,0,2,1,0,0,0,0,92.7,4,1,0.602,0
184.01,5,1,6,9,1,3,0,1,494.4,2,7,4.994,1
34.69,15,0,0,1,0,0,0,0,13.3,3,1,0.429,0
39.21,17,0,2,2,1,0,0,0,181.9,1,2,2.734,0
9.15,16,0,0,1,0,0,0,0,65.1,1,3,0.768,0
205.49,9,0,0,2,0,1,0,0,39.7,1,1,10.837,0
3.67,20,0,2,1,0,1,0,0,78.1,1,1,0.483,0
120.74,10,0,1,1,0,0,0,0,46.8,2,2,0.380,0
29.00,13,0,4,1,0,0,0,1,110.2,2,1,0.565,0
6.11,20,0,0,0,0,1,0,0,159.1,1,1,0.564,0
131.49,6,0,1,2,1,1,0,1,53.8,1,4,0.784,0
30.95,9,0,5,5,0,0,0,0,106.5,1,1,0.024,0
70.83,17,0,2,2,0,0,0,0,23.2,1,2,0.253,0
45.19,16,0,1,1,0,0,0,0,50.6,3,2,2.985,0
9.27,10,0,0,1,0,0,0,0,23.6,2,2,0.728,0
35.94,15,0,3,3,0,0,0,0,11.6,1,1,0.553,0
53.01,10,0,3,1,0,0,0,0,30.2,4,1,2.172,0
15.64,10,0,4,4,0,0,0,0,76.3,1,2,0.765,0
34.03,9,0,4,1,0,0,0,0,17.9,1,3,0.100,0
62.50,18,0,2,2,0,0,0,0,77.3,1,1,3.429,0
37.23,19,0,1,1,0,1,0,0,76.5,1,1,0.714,0
27.96,14,0,1,1,0,2,0,0,7.8,1,1,0.509,0
9.08,18,0,4,4,0,1,0,0,0.3,1,1,0.734,0
11.00,10,0,1,1,0,1,0,0,4.3,1,3,0.678,0
8.84,9,0,2,2,0,1,0,0,67.8,1,1,0.570,0
10.76,10,0,2,1,0,0,0,0,6.5,1,2,0.444,0
14.51,17,0,1,1,0,0,0,0,20.0,3,2,0.833,0
13.25,18,0,3,3,0,0,0,0,77.6,1,1,0.423,0
59.79,18,0,4,1,0,0,0,0,13.8,1,1,6.636,0
23.16,10,0,1,1,1,0,0,0,13.9,1,2,0.513,0
28.22,9,0,2,2,0,0,0,0,12.4,1,4,1.828,0
12.19,18,0,1,1,0,1,0,0,25.5,4,3,0.842,0
75.72,17,0,4,4,0,0,0,1,55.6,1,1,0.022,0
22.39,12,0,0,0,1,1,0,0,97.1,1,1,0.193,0
12.49,17,0,1,1,0,0,0,0,26.4,1,1,0.668,0
17.48,21,0,2,2,0,0,0,0,45.9,1,4,0.392,0
4.59,13,0,3,3,0,0,0,0,30.0,1,4,0.873,0
26.86,15,0,6,3,0,1,1,0,10.9,1,3,2.910,0
10.76,21,0,0,0,0,1,0,0,99.5,1,4,0.582,0
280.98,13,0,5,3,1,2,0,1,499.1,4,2,19.156,1
79.80,20,0,2,2,0,0,0,0,43.1,1,1,0.702,0
12.91,9,0,4,4,0,1,0,0,228.3,1,2,0.138,0
16.80,10,0,0,0,0,0,0,0,31.0,1,2,1.159,0
21.28,10,0,3,3,1,1,0,0,9.5,1,2,0.574,0
46.61,13,0,1,2,0,0,0,0,12.1,2,1,1.394,0
54.31,17,0,1,1,0,0,0,0,45.9,3,1,0.366,0
25.13,0,1,3,3,0,2,0,1,17.1,1,6,0.857,0
56.68,21,0,3,1,0,0,0,1,48.8,3,3,1.274,0
7.31,15,0,1,1,0,0,0,0,11.3,1,3,0.095,0
19.74,20,0,3,3,0,0,0,0,104.9,1,1,0.300,0
26.66,14,0,3,3,0,0,0,0,56.1,3,1,0.502,0
15.43,14,0,1,2,0,0,0,0,46.5,3,1,0.168,0
68.40,12,0,1,3,0,0,0,0,5.9,1,4,7.941,0
8.27,17,0,1,2,0,2,0,0,48.3,1,1,0.232,0
22.78,12,0,1,2,0,0,0,0,15.1,4,2,0.799,0
28.87,9,0,0,1,0,0,0,0,49.0,1,3,0.894,0
15.83,17,0,1,1,0,1,0,0,7.2,1,2,0.885,0
14.60,14,0,1,3,1,0,0,0,2.6,3,1,0.018,0
19.07,11,0,3,1,0,0,0,0,36.1,2,1,0.013,0
9.06,18,0,2,2,0,0,0,0,51.9,1,1,0.282,0
5.07,11,0,1,1,0,0,1,0,111.7,1,1,0.839,0
30.47,10,0,1,1,0,1,0,0,116.2,2,1,0.925,0
21.86,14,0,3,3,0,0,0,0,224.0,2,2,1.686,0
25.86,15,0,0,1,0,1,0,0,13.7,2,4,0.617,0
22.41,19,0,2,1,0,0,0,0,36.0,1,1,0.176,0
15.66,17,0,1,1,0,0,0,0,7.3,1,2,0.860,0
14.17,16,0,5,1,0,0,0,0,0.3,1,2,0.264,0
8.52,20,0,1,1,1,3,0,0,33.1,2,2,0.866,0
366.75,18,0,6,3,0,5,0,0,45.5,5,3,21.322,0
28.29,18,0,2,2,1,1,0,0,18.0,1,1,0.008,0
31.11,19,0,0,1,0,0,1,0,7.9,1,1,1.185,0
4.03,12,0,2,2,0,0,0,0,35.7,1,1,0.954,0
18.30,19,0,1,1,0,0,0,0,20.4,4,2,0.412,0
6.71,11,0,3,2,0,0,0,0,15.1,2,1,0.860,0
91.50,16,0,1,1,0,1,0,1,29.1,3,2,4.617,0
47.51,19,0,3,3,0,0,0,0,21.1,4,2,0.405,0
41.18,16,0,3,1,0,0,0,0,2.7,3,1,0.846,0
13.64,13,0,2,1,0,0,0,0,12.0,1,3,0.927,0
11.36,16,0,3,3,0,1,0,0,25.8,1,4,0.860,0
17.36,12,0,2,2,0,1,0,0,38.2,1,2,0.565,0
45.55,9,0,2,1,0,0,0,0,17.7,3,1,0.264,0
28.87,10,0,1,1,0,0,1,0,46.5,1,2,0.236,0
16.00,17,0,2,2,0,1,0,0,67.4,1,2,0.718,0
25.10,15,0,1,1,1,0,0,0,52.8,1,5,0.447,0
45.96,21,0,1,1,0,0,0,0,176.1,1,1,0.553,0
32.78,16,0,1,1,0,0,0,0,9.1,1,2,0.117,0
31.10,13,0,4,1,0,1,0,0,8.6,1,1,1.757,0
11.00,18,0,4,1,1,0,0,0,99.2,1,5,0.023,0
119.39,12,0,5,5,0,1,0,0,91.4,2,1,3.477,0
15.79,20,0,3,1,0,0,0,0,70.9,1,2,0.667,0
31.81,15,0,4,4,0,0,0,0,5.2,2,1,0.311,0
7.18,13,0,1,1,1,0,0,0,46.4,3,3,0.724,0
33.04,11,0,2,2,0,0,0,0,75.5,3,2,0.233,0
7.94,11,0,2,1,0,0,0,0,22.9,1,2,0.563,0
33.14,8,0,2,1,0,0,0,0,13.3,2,1,0.454,0
12.91,21,0,3,3,0,1,0,0,29.1,1,2,0.774,0
73.94,20,0,1,2,0,1,0,0,4.8,1,1,8.665,0
120.76,4,1,4,8,0,2,1,0,256.9,5,1,11.888,0
9.82,15,0,4,1,0,0,0,0,80.0,2,1,0.827,0
9.53,18,0,1,2,0,0,0,1,67.1,3,1,0.940,0
9.38,20,0,0,1,0,0,0,0,68.3,1,1,0.741,0
19.37,10,0,2,2,0,1,0,0,15.2,1,1,0.693,0
11.93,14,0,1,1,0,0,0,0,41.2,1,1,0.893,0
50.94,9,0,3,1,0,0,0,0,53.5,1,1,0.333,0
15.66,17,0,0,2,0,0,0,0,7.7,1,2,0.603,0
190.83,10,0,5,2,0,1,0,0,123.5,5,3,4.454,0
8.16,21,0,1,1,0,1,0,0,21.1,1,2,0.410,0
44.47,10,0,1,1,0,0,0,0,84.3,1,3,0.045,0
12.53,10,0,4,1,0,1,0,0,86.2,2,1,0.103,0
34.25,18,0,6,1,0,0,0,0,293.9,1,2,0.141,0
23.95,15,0,2,2,0,0,0,0,68.3,3,3,1.521,0
49.97,20,0,4,2,0,0,0,1,2.5,1,1,0.711,0
10.78,9,0,2,2,0,0,0,0,67.6,2,2,0.747,0
18.19,11,0,3,1,0,0,0,0,21.4,1,2,1.194,0
20.80,20,0,0,0,0,0,0,0,7.4,1,1,0.236,0
33.36,12,0,4,1,0,1,0,0,132.0,1,3,0.568,0
22.12,21,0,3,3,0,0,0,0,74.0,1,1,0.659,0
66.49,9,0,1,1,0,0,0,0,178.9,3,1,1.526,0
9.56,9,0,1,3,0,0,0,0,106.1,1,1,0.742,0
19.93,12,0,0,0,0,0,0,0,4.9,1,1,2.011,0
66.62,11,0,2,2,0,0,0,0,12.0,1,4,0.157,0
79.38,20,0,1,2,0,0,0,1,60.2,3,1,4.694,0
33.76,20,0,6,2,0,1,1,0,20.6,2,1,0.133,0
48.64,18,0,3,3,0,0,0,0,112.8,2,1,0.510,0
16.85,11,0,2,2,0,0,0,0,38.2,1,1,0.140,0
6.52,12,0,1,2,0,1,0,0,100.7,2,3,0.883,0
35.39,13,0,2,1,0,0,0,0,53.8,1,3,0.054,0
26.83,17,0,2,3,1,0,0,0,32.0,3,1,7.464,0
64.86,14,0,2,2,0,0,0,0,138.9,1,1,2.006,0
11.00,16,0,1,1,0,0,0,1,28.4,1,2,0.738,0
29.62,9,0,1,1,0,0,0,0,32.1,1,1,1.664,0
34.07,11,0,1,2,0,0,0,0,37.1,2,3,2.263,0
4.74,10,0,1,1,0,1,0,0,49.2,3,3,0.609,0
18.94,17,0,2,1,0,0,0,0,40.1,1,3,0.522,0
13.71,9,0,2,1,0,1,0,0,85.8,1,2,0.527,0
33.95,18,0,2,2,0,1,0,0,22.2,2,1,1.634,0
46.00,9,0,3,2,0,0,0,0,11.4,1,1,0.159,0
5.62,20,0,2,2,0,0,0,0,44.7,1,2,0.945,0
4.78,20,0,5,1,0,0,0,0,59.4,3,2,0.615,0
54.80,9,0,2,1,1,1,0,0,70.8,1,4,0.536,0
41.25,15,0,2,1,0,0,0,0,177.7,4,4,0.017,0
77.25,12,0,0,0,0,1,0,0,58.3,1,2,0.656,0
44.50,12,0,0,1,0,0,0,0,16.3,2,1,1.122,0
38.05,14,0,3,2,0,0,0,0,18.8,1,4,0.272,0
94.80,4,1,3,2,0,4,0,0,94.6,3,1,0.564,0
12.75,10,0,1,1,0,0,0,0,100.3,1,3,0.881,0
7.36,9,0,0,3,0,0,0,0,9.0,1,2,0.742,0
2.79,16,0,4,4,0,1,0,0,111.0,1,3,0.328,0
137.58,10,0,3,1,0,0,0,0,24.6,1,1,12.649,0
33.41,15,0,2,2,0,0,0,0,7.7,1,1,0.558,0
11.22,16,0,4,4,0,0,0,0,123.6,1,1,0.600,0
228.93,12,0,10,8,3,9,0,1,50.0,2,7,12.651,1
19.56,16,0,1,1,0,1,0,0,90.4,1,1,0.848,0
9.95,20,0,4,4,0,1,0,0,68.0,4,1,0.521,0
16.70,16,0,1,1,0,0,0,0,6.8,1,1,1.788,0
89.59,9,0,4,1,0,0,0,0,20.0,1,1,15.652,0
6.15,9,0,3,1,0,0,0,0,1.3,2,1,0.588,0
45.11,10,0,2,1,0,1,0,0,104.0,2,3,9.418,0
33.35,20,0,3,5,0,2,1,1,287.9,1,5,0.636,0
51.09,12,0,8,1,0,0,0,0,0.4,1,1,4.033,0
9.31,11,0,1,1,0,0,0,0,46.1,1,3,0.896,0
19.97,21,0,1,2,0,0,0,0,284.2,3,5,0.194,0
20.01,11,0,3,2,0,0,0,0,21.9,1,4,0.580,0
52.11,19,0,0,1,0,0,0,0,55.0,1,2,27.790,0
15.30,20,0,1,1,0,0,0,0,232.8,1,1,0.139,0
9.07,20,0,3,1,0,0,0,0,48.0,1,1,1.740,0
11.78,18,0,2,1,0,1,0,0,33.1,3,4,0.250,0
73.59,19,0,0,0,0,1,0,0,17.2,1,3,1.341,0
6.56,12,0,4,1,0,0,0,0,38.2,1,1,0.535,0
29.34,21,0,3,1,0,0,0,0,13.1,2,1,0.497,0
33.66,10,0,1,1,0,0,0,0,48.3,1,1,0.173,0
20.60,18,0,0,5,0,1,0,0,32.5,1,2,0.551,0
11.57,10,0,2,2,0,0,0,0,21.2,1,2,0.432,0
122.37,15,0,6,5,0,6,0,0,140.7,3,1,1.817,0
66.55,13,0,11,5,1,2,1,0,110.9,6,3,0.033,0
3.05,20,0,3,3,0,1,0,0,38.1,2,1,0.896,0
27.09,16,0,3,2,0,0,1,0,57.1,1,4,0.402,0
25.04,18,0,0,1,0,0,0,0,1.6,5,3,0.997,0
17.25,20,0,4,1,0,0,0,0,162.2,2,5,0.236,0
28.54,20,0,2,2,0,0,0,0,0.7,1,1,0.694,0
17.38,9,0,0,2,0,0,0,0,4.2,1,1,1.281,0
76.24,11,0,2,2,0,0,0,0,13.2,1,6,3.810,0
14.55,13,0,1,2,0,0,0,0,2.8,1,1,1.922,0
109.77,17,0,0,2,0,0,0,0,43.9,1,1,0.959,0
15.49,15,0,0,1,0,0,0,0,19.7,1,1,0.537,0
127.69,9,0,5,1,1,1,0,0,59.9,1,2,8.173,0
9.44,14,0,3,1,0,0,0,0,23.0,1,1,0.428,0
50.96,20,0,6,1,0,0,0,0,16.3,4,1,4.001,0
18.60,11,0,0,0,0,0,0,0,70.4,4,2,0.224,0
12.51,13,0,1,1,0,0,0,0,103.1,5,1,0.858,0
16.53,13,0,4,4,0,0,0,0,39.4,1,1,0.320,0
41.72,15,0,4,2,0,0,0,0,35.0,1,2,13.742,0
13.97,13,0,2,2,0,0,0,0,8.9,1,1,0.696,0
24.36,17,0,3,1,0,2,0,0,131.9,1,4,0.026,0
35.93,21,0,1,1,0,0,0,0,53.5,1,3,0.091,0
70.94,8,0,6,6,1,3,0,0,457.6,3,1,0.563,0
79.96,8,0,1,1,0,1,0,0,21.4,4,1,0.302,0
22.77,14,0,2,2,0,0,1,0,4.0,1,1,0.366,0
40.28,9,0,1,3,0,0,0,0,21.4,1,3,0.587,0
41.32,14,0,2,2,0,0,0,0,8.8,4,4,0.206,0
13.94,11,0,3,3,0,0,0,0,60.3,1,1,0.435,0
68.97,8,0,2,1,0,1,0,0,13.9,1,1,0.299,0
30.23,10,0,0,0,0,0,0,0,17.3,2,1,0.861,0
39.48,18,0,4,2,0,0,0,0,107.6,4,1,0.237,0
18.68,10,0,1,1,0,0,0,0,79.3,1,1,0.695,0
57.67,8,0,3,2,0,0,1,0,88.0,1,3,1.782,0
23.59,16,0,4,1,0,0,0,0,101.2,1,3,0.253,0
30.94,11,0,3,3,0,1,1,0,14.0,5,3,0.830,0
23.33,12,0,0,1,0,0,0,0,115.1,1,1,0.501,0
76.20,19,0,2,1,0,1,0,0,1.4,1,3,0.470,0
26.71,19,0,2,2,0,0,0,1,21.9,2,1,0.595,0
147.56,18,0,5,1,0,0,0,0,24.8,1,1,52.079,0
39.01,21,0,1,1,0,0,1,0,18.2,1,1,0.567,0
21.83,9,0,0,0,0,0,0,0,113.1,2,1,0.206,0
39.30,11,0,3,3,1,1,0,0,9.2,1,1,1.791,0
46.05,11,0,0,0,0,0,0,0,83.0,1,2,0.116,0
323.90,11,0,8,9,0,3,1,0,1487.6,1,2,22.993,1
10.64,14,0,3,3,0,0,0,0,54.1,1,1,0.589,0
8.14,12,0,0,1,0,0,0,0,60.6,3,1,0.799,0
13.82,21,0,4,4,0,1,0,0,58.3,1,1,0.641,0
52.73,20,0,1,1,0,0,0,0,24.9,1,1,0.187,0
7.71,19,0,0,0,0,0,0,0,44.8,1,2,0.941,0
17.92,19,0,4,4,0,1,0,0,201.9,1,3,0.074,0
61.37,16,0,1,1,0,0,0,0,21.4,1,2,1.068,0
137.68,15,0,6,3,0,0,1,0,416.1,2,1,6.958,0
8.18,13,0,4,4,0,0,0,0,41.4,1,1,0.719,0
74.38,12,0,4,4,0,0,0,0,2.8,1,1,1.310,0
114.78,11,0,2,2,0,0,0,1,72.1,2,1,1.869,0
1339.85,2,1,12,7,1,3,1,1,524.5,3,2,12.370,1
23.78,14,0,0,1,1,0,0,0,9.5,1,1,0.661,0
17.79,15,0,1,2,0,0,0,0,127.7,2,2,0.328,0
140.68,17,0,2,2,0,0,0,0,59.1,1,1,6.588,0
63.36,17,0,1,1,0,0,0,0,23.8,3,1,6.793,0
40.03,19,0,1,2,1,0,0,0,28.5,1,1,1.116,0
24.04,18,0,4,3,0,0,0,0,52.3,1,1,3.597,0
87.79,21,0,3,3,0,0,0,0,3.7,1,2,34.257,0
16.94,11,0,2,2,0,0,0,0,28.2,1,2,0.738,0
16.47,20,0,2,1,0,0,0,0,27.2,1,2,0.821,0
5.06,13,0,1,1,0,0,0,0,2.7,2,1,0.624,0
52.52,10,0,1,1,0,0,0,1,26.1,1,3,0.441,0
44.01,13,0,3,3,0,0,0,0,100.0,2,1,0.037,0
12.72,17,0,2,2,0,0,0,0,193.5,1,2,0.132,0
34.66,15,0,2,2,0,0,0,0,4.0,3,1,2.652,0
108.98,1,1,3,3,1,2,0,1,147.3,3,6,8.551,0
6.19,12,0,2,2,0,0,0,0,19.3,1,1,0.566,0
38.85,18,0,0,5,0,1,0,0,96.7,1,1,0.124,0
9.10,10,0,3,1,0,0,0,0,24.3,1,3,0.282,0
5.00,15,0,3,2,0,0,0,0,25.9,1,2,0.910,0
22.44,12,0,2,2,1,0,0,0,71.6,2,4,1.309,0
19.27,15,0,3,2,0,1,0,0,13.8,1,2,0.246,0
23.36,12,0,1,1,0,1,0,0,0.4,1,3,1.610,0
127.88,5,1,3,1,0,3,0,1,81.7,1,5,3.633,0
18.44,10,0,1,1,0,0,0,0,21.7,1,1,0.667,0
70.74,10,0,2,2,0,0,0,0,14.0,1,1,0.680,0
195.24,13,0,2,2,0,0,0,0,11.0,2,1,14.361,0
144.89,10,0,7,4,0,4,0,1,56.6,2,3,3.408,0
61.88,12,0,2,2,0,0,0,0,89.9,1,2,0.065,0
10.78,12,0,2,1,0,1,0,0,37.1,1,3,0.255,0
24.77,19,0,1,1,0,0,0,0,7.8,2,2,2.246,0
167.29,13,0,7,1,0,0,0,0,19.1,1,1,6.925,0
25.19,9,0,3,3,0,1,0,0,38.5,1,1,0.852,0
35.24,9,0,3,3,0,0,0,0,27.9,1,1,0.252,0
4.88,19,0,1,1,0,0,0,0,84.1,2,4,0.623,0
13.52,20,0,1,2,0,0,0,0,31.3,1,1,1.096,0
88.76,17,0,3,2,0,1,0,0,11.9,3,2,6.348,0
190.67,12,0,0,0,1,0,0,0,1.0,1,2,8.283,0
54.17,19,0,5,6,1,4,0,1,74.1,3,1,0.403,0
17.59,20,0,1,1,0,0,0,0,37.6,2,2,0.550,0
25.66,14,0,5,1,0,1,1,0,8.1,1,1,1.156,0
53.56,15,0,0,0,0,1,0,0,45.5,2,1,0.138,0
47.80,8,0,0,1,0,0,0,0,67.0,2,1,1.215,0
5.09,15,0,1,1,0,0,0,0,50.5,3,5,0.639,0
69.81,19,0,2,1,0,1,0,0,2.7,1,2,1.704,0
32.03,9,0,2,1,0,0,0,0,0.8,1,1,0.437,0
6.61,13,0,2,1,0,0,0,0,21.3,2,2,0.439,0
27.86,20,0,2,1,0,0,0,0,19.4,1,4,0.067,0
358.37,20,0,7,2,0,3,1,0,50.8,3,2,7.825,0
10.19,14,0,1,1,0,0,0,0,36.3,1,4,0.105,0
9.40,12,0,1,2,0,0,1,0,39.1,2,2,0.765,0
32.21,10,0,1,1,0,1,0,0,72.5,1,2,0.277,0
115.37,10,0,1,1,0,0,0,0,11.8,1,1,10.701,0
24.22,13,0,1,1,0,1,0,0,52.9,1,1,1.067,0
41.07,20,0,2,1,0,0,0,0,8.5,2,1,0.131,0
125.43,15,0,3,1,0,0,0,0,96.2,2,1,10.822,0
21.92,22,0,6,8,0,5,1,0,197.5,6,4,0.484,0
31.90,17,0,2,1,0,0,0,0,109.0,1,3,11.461,0
24.16,17,0,2,3,0,0,0,0,115.6,1,1,10.615,0
30.41,11,0,1,1,0,1,0,0,77.9,1,1,0.233,0
5.89,9,0,4,1,1,0,0,0,17.6,3,2,0.116,0
42.51,21,0,1,1,0,0,0,0,38.4,4,1,0.230,0
49.37,21,0,1,8,0,1,0,1,231.2,7,3,0.797,0
12.05,15,0,4,4,0,0,0,0,16.4,1,1,0.738,0
9.35,21,0,3,2,0,1,0,0,12.8,1,3,0.899,0
25.66,18,0,2,2,0,0,0,0,30.7,3,1,0.350,0
94.39,12,0,9,8,6,0,1,0,472.0,7,6,0.737,1
6.63,12,0,0,1,0,0,0,0,16.9,5,3,0.847,0
26.40,13,0,4,4,0,0,0,0,76.6,1,2,1.812,0
78.55,5,1,4,2,0,0,1,0,480.1,1,2,2.579,0
11.01,17,0,2,1,0,0,0,0,39.2,1,1,0.918,0
66.57,15,0,3,3,0,2,0,1,126.3,4,5,1.179,0
57.85,15,0,2,1,0,0,0,0,83.4,1,1,9.654,0
103.56,18,0,1,1,0,0,0,1,46.3,1,3,2.520,0
16.07,19,0,3,2,0,0,0,0,39.7,1,1,0.468,0
4.36,16,0,1,1,0,0,0,0,48.7,1,1,0.950,0
148.68,14,0,2,1,0,2,0,0,125.7,1,1,4.969,0
11.60,19,0,1,1,0,0,0,0,49.3,1,2,0.838,0
38.98,12,0,3,3,0,1,0,0,94.3,1,2,0.195,0
42.70,20,0,3,1,0,0,0,0,42.3,1,2,0.565,0
133.77,19,0,3,1,0,0,0,0,26.7,3,1,0.419,0
17.05,18,0,0,0,0,0,0,0,7.6,1,1,0.811,0
21.30,17,0,2,2,0,0,0,0,20.2,2,7,0.406,0
6.55,15,0,1,2,0,0,0,0,13.9,1,2,0.816,0
8.53,17,0,5,5,0,0,0,0,18.9,1,1,0.604,0
1825.40,10,0,3,4,0,2,0,1,141.5,2,5,43.598,0
10.50,21,0,1,1,0,0,0,0,2.8,3,1,0.637,0
109.82,9,0,4,4,0,0,0,0,15.8,1,2,3.934,0
58.67,13,0,1,1,0,0,0,1,36.8,4,1,0.202,0
36.39,21,0,0,1,0,0,0,0,32.8,1,5,0.245,0
26.50,15,0,1,1,0,0,0,0,78.5,4,5,0.785,0
10.06,19,0,2,4,0,2,1,0,14.3,2,8,0.301,0
21.76,8,0,5,3,0,2,1,0,38.4,4,4,0.340,0
12.10,11,0,3,2,0,0,0,0,53.3,2,1,0.823,0
16.47,16,0,2,2,0,0,0,1,27.9,1,2,1.281,1
32.81,11,0,3,1,0,0,0,0,84.2,1,4,2.948,0
45.98,21,0,2,1,0,2,0,0,78.8,1,3,0.013,0
11.20,13,0,0,1,0,1,0,0,6.1,1,1,0.083,0
22.27,19,0,0,0,1,1,0,0,6.8,1,3,0.897,0
50.79,9,0,4,4,0,0,0,0,1.4,3,3,0.260,0
100.98,14,0,2,2,0,0,0,0,1.3,1,3,20.126,0
47.97,20,0,2,2,1,0,0,0,65.1,3,1,6.700,0
34.78,14,0,4,1,0,1,0,0,28.9,1,1,0.705,0
15.80,18,0,3,3,0,0,0,0,21.9,1,1,2.147,0
19.27,10,0,3,1,0,0,0,0,107.2,3,3,0.836,0
97.76,18,0,3,2,1,0,0,0,55.4,2,3,0.898,0
19.59,11,0,1,1,0,0,0,0,29.1,1,1,0.373,0
31.42,2,1,5,4,0,1,0,1,125.7,3,5,0.020,0
83.18,14,0,2,2,0,1,0,0,270.9,2,3,4.709,0
23.22,18,0,0,0,1,2,0,0,3.6,2,1,0.576,0
21.56,9,0,0,0,0,0,0,0,82.2,2,1,0.349,0
41.32,16,0,2,2,1,0,0,0,3.0,1,1,0.210,0
9.86,17,0,3,3,0,1,0,0,29.3,1,2,0.582,0
30.45,14,0,0,1,0,0,0,0,97.4,1,2,0.267,0
7.62,14,0,2,1,0,0,0,0,40.9,2,1,0.674,0
22.14,15,0,4,4,0,1,0,0,25.2,1,2,0.991,0
5.88,15,0,0,0,0,1,0,0,20.3,1,2,0.803,0
19.26,20,0,1,1,0,0,0,0,9.8,1,2,0.499,0
21.96,11,0,2,1,0,0,0,0,0.9,1,5,0.688,0
49.68,17,0,2,2,0,0,0,0,4.3,1,1,0.388,0
72.94,16,0,0,0,0,1,0,1,51.1,3,6,9.230,0
100.11,12,0,1,2,0,0,0,0,25.9,1,1,1.110,0
315.65,11,0,1,1,1,0,1,0,20.1,1,1,43.710,0
19.56,7,0,7,4,1,1,0,0,47.4,1,1,0.714,0
31.74,12,0,3,3,0,0,0,0,68.2,3,1,0.913,0
11.48,14,0,2,1,0,2,0,0,16.9,3,2,0.485,0
126.62,11,0,4,1,1,1,0,0,84.2,3,1,8.556,0
27.66,20,0,2,1,0,0,0,0,41.2,1,1,0.372,0
32.03,21,0,3,3,0,0,0,1,40.1,4,1,0.564,0
15.56,10,0,1,2,0,1,1,0,6.0,2,1,0.429,0
11.86,17,0,1,2,0,1,0,0,39.4,1,5,0.310,0
14.63,19,0,0,0,0,0,0,0,32.7,1,3,0.018,0
22.31,20,0,0,2,1,0,0,0,9.0,2,1,5.285,0
95.07,12,0,2,2,0,0,0,0,29.0,2,1,2.458,0
49.56,20,0,1,4,0,0,0,0,14.2,2,3,16.268,0
16.61,9,0,1,2,0,0,0,0,23.3,1,2,0.673,0
19.33,17,0,3,2,0,0,0,0,2.9,1,1,0.775,0
7.49,13,0,4,4,0,0,0,0,21.4,3,1,0.259,0
22.20,18,0,1,1,0,0,0,0,39.1,1,1,0.365,0
12.72,20,0,2,2,0,1,0,0,4.5,2,1,0.725,0
17.19,11,0,1,1,0,0,0,1,24.5,1,1,0.800,0
50.51,8,0,0,1,0,0,0,0,9.6,2,1,6.299,0
38.53,14,0,3,1,0,0,1,0,7.4,2,4,0.661,0
19.92,21,0,2,1,0,0,0,0,25.0,3,1,0.663,0
17.78,9,0,3,1,0,0,0,0,7.3,1,3,0.024,0
27.17,13,0,5,8,0,3,1,1,118.0,1,6,0.274,0
25.60,20,0,1,1,0,0,0,0,78.1,1,1,0.085,0
50.29,19,0,1,1,0,0,0,0,78.5,1,1,4.339,0
25.02,13,0,3,3,0,0,0,0,20.7,3,1,0.379,0
21.69,13,0,2,2,0,0,0,0,5.1,1,1,2.271,0
12.73,14,0,3,2,0,0,0,0,13.8,1,2,0.850,0
63.31,10,0,4,2,0,1,0,0,0.2,1,1,1.139,0
14.52,16,0,3,1,0,0,0,0,11.4,1,5,0.402,0
17.93,18,0,3,1,0,0,0,0,2.1,1,5,0.685,0
182.21,10,0,4,4,0,0,0,0,57.2,1,2,23.262,0
58.13,17,0,2,1,0,0,0,0,37.3,2,1,1.542,0
28.42,11,0,4,4,0,0,0,0,172.8,1,1,0.130,0
116.23,0,1,10,5,2,1,0,1,656.1,6,3,31.466,1
13.35,10,0,0,0,0,0,0,0,234.4,1,5,0.848,0
14.47,13,0,2,2,0,2,0,0,103.3,5,1,0.161,0
15.30,22,0,3,7,0,3,0,1,92.1,2,2,0.427,0
32.42,21,0,0,3,0,0,0,0,58.5,3,1,0.491,0
44.57,11,0,1,1,0,0,0,0,11.8,1,2,1.009,0
10.79,17,0,3,3,1,2,0,1,166.8,1,7,0.683,0
7.18,20,0,1,1,0,0,0,0,14.9,2,1,0.032,0
22.58,20,0,1,2,0,0,0,1,82.1,1,2,0.530,0
12.61,20,0,2,1,0,0,0,0,80.7,2,3,0.233,0
85.62,15,0,3,2,0,2,0,0,49.4,1,2,1.355,1
8.35,20,0,0,1,0,1,0,0,44.9,2,1,0.465,0
4.88,16,0,1,2,0,0,0,0,119.7,1,1,0.842,0
9.32,20,0,3,3,0,1,0,0,13.7,3,3,0.870,0
11.23,18,0,1,1,0,0,0,0,50.2,1,1,0.712,0
21.45,15,0,1,2,0,0,0,0,44.9,1,2,0.646,0
10.65,13,0,1,1,0,0,0,0,49.7,1,1,0.263,0
236.19,21,0,8,6,1,4,1,1,50.0,5,4,16.934,1
50.31,20,0,7,1,1,0,0,0,0.6,1,1,3.541,0
10.78,12,0,3,3,0,0,0,0,118.6,1,2,0.537,0
18.81,20,0,2,3,0,0,1,0,31.9,1,2,0.756,0
7.86,12,0,1,4,0,0,0,0,21.6,1,1,0.685,0
155.27,21,0,4,4,0,2,0,0,93.8,1,4,9.881,0
15.12,20,0,3,1,0,0,0,0,2.6,1,3,0.346,0
12.57,12,0,3,3,0,0,0,0,13.5,1,1,0.740,0
21.30,10,0,0,1,0,1,0,0,56.7,2,1,5.783,0
98.25,20,0,4,4,0,0,0,0,50.8,1,1,2.383,0
398.82,19,0,4,8,1,3,1,1,723.6,3,6,25.325,1
226.37,19,0,4,2,0,0,0,0,15.9,3,1,6.876,0
49.77,14,0,1,1,0,0,0,0,84.5,1,2,0.080,0
14.12,15,0,2,1,0,0,0,0,26.0,1,2,0.934,0
14.13,12,0,0,1,0,0,0,0,8.8,1,1,0.484,0
19.01,13,0,3,3,0,0,0,1,229.8,1,1,0.878,0
38.27,9,0,1,2,0,0,0,0,44.7,1,2,0.835,0
13.40,11,0,2,2,0,0,1,0,37.5,2,1,0.450,0
78.89,20,0,3,3,0,0,0,0,141.0,2,4,0.869,0
10.02,14,0,3,3,0,0,0,0,20.1,1,3,1.096,0
12.46,11,0,5,1,0,1,0,0,10.7,2,3,0.346,0
24.66,8,0,4,7,0,0,0,0,137.3,4,2,0.805,0
15.45,9,0,0,1,0,0,0,0,6.5,1,1,0.658,0
15.41,12,0,3,3,0,1,0,0,33.2,3,2,8.228,0
18.39,10,0,0,1,0,0,0,0,19.5,1,4,0.086,0
18.24,10,0,1,3,0,0,0,0,2.3,1,2,3.406,0
10.01,16,0,5,1,0,1,1,0,4.2,1,1,0.537,0
128.92,10,0,0,0,0,0,0,0,20.0,1,2,14.514,0
16.70,13,0,2,1,0,0,0,0,65.1,1,1,0.097,0
35.95,19,0,5,5,1,3,1,1,133.2,1,6,0.263,0
21.97,10,0,1,2,0,1,0,0,40.6,1,7,0.095,0
35.87,8,0,4,4,0,1,0,0,43.3,1,3,0.008,0
8.94,12,0,1,1,0,0,0,0,43.8,3,1,0.287,0
52.00,16,0,1,1,1,1,0,0,7.2,1,1,0.877,0
16.64,17,0,1,1,0,0,0,0,12.1,2,3,1.042,0
103.40,13,0,3,3,0,2,0,0,147.2,2,3,6.216,0
18.35,8,0,3,3,0,0,0,0,1.1,2,3,0.820,0
5.94,17,0,3,3,0,0,0,0,28.3,2,1,0.455,0
36.56,8,0,0,1,0,0,0,0,54.3,1,1,1.265,0
7.98,12,0,4,1,0,0,0,1,43.2,3,1,0.654,0
50.64,13,0,2,2,0,0,0,0,169.6,1,4,1.369,0
30.61,16,0,1,2,0,0,0,0,54.1,1,2,0.206,0
8.00,17,0,2,2,0,0,0,0,14.4,1,1,0.011,0
41.52,10,0,2,1,0,0,0,0,1.9,1,3,0.061,0
37.98,14,0,1,2,0,0,0,0,10.2,1,3,30.388,0
15.88,10,0,2,2,0,0,0,0,194.4,2,1,0.007,0
36.84,12,0,1,1,0,0,0,1,137.6,4,2,0.126,0
30.96,16,0,3,1,0,3,0,0,6.1,1,1,0.160,0
91.39,10,0,2,2,0,0,0,0,16.2,2,3,2.944,0
27.65,12,0,3,3,0,0,0,0,21.1,4,1,0.075,0
11.50,18,0,1,1,0,0,0,0,173.9,2,2,0.757,0
93.81,21,0,3,3,0,0,0,0,10.9,1,1,2.450,0
10.44,15,0,1,1,0,0,0,0,56.7,1,1,0.529,0
46.16,9,0,0,0,0,2,0,0,16.3,1,1,5.474,0
194.28,15,0,0,0,0,0,0,0,31.9,1,1,5.489,0
10.55,12,0,4,1,0,2,0,0,161.0,1,1,0.665,0
5.67,10,0,2,2,0,1,0,0,118.3,2,2,0.594,0
19.74,21,0,4,2,0,0,0,0,32.8,2,1,1.471,0
47.91,20,0,5,5,0,0,0,0,25.5,1,1,4.102,0
27.99,12,0,0,0,0,0,0,0,41.3,1,1,1.124,0
52.42,10,0,1,4,0,0,0,0,30.9,1,1,0.264,0
21.83,16,0,1,1,0,0,0,0,81.8,1,1,0.660,0
42.42,13,0,3,1,0,0,0,0,20.5,1,1,3.522,0
51.51,20,0,3,3,0,1,0,0,26.6,2,2,3.734,0
51.34,15,0,3,1,0,0,0,0,74.3,2,1,1.348,0
71.72,14,0,3,3,0,0,0,0,14.8,1,3,0.528,0
26.05,18,0,2,2,0,0,0,0,71.9,1,1,0.866,0
72.79,19,0,1,1,0,1,0,0,36.6,1,1,0.312,0
16.05,11,0,2,4,0,0,0,0,19.6,3,1,4.815,0
101.42,16,0,1,2,0,0,0,0,2.9,1,1,4.341,0
31.62,9,0,2,2,0,1,0,0,28.4,1,1,1.288,0
60.79,10,0,3,2,1,0,0,0,18.0,2,1,1.141,0
44.18,11,0,3,2,0,1,0,0,17.9,1,3,0.154,0
8.64,18,0,1,1,0,1,0,0,9.8,1,1,0.643,0
101.58,22,0,9,6,2,3,1,0,1471.0,5,7,3.967,1
176.97,9,0,7,3,0,1,0,1,323.5,1,1,2.780,0
20.25,18,0,1,3,0,1,0,0,54.3,2,1,0.133,0
42.01,12,0,1,1,0,0,0,0,1.5,3,1,0.103,0
8.38,14,0,4,4,0,0,0,0,34.7,1,1,0.283,0
717.60,19,0,4,5,0,2,0,1,69.4,5,5,10.526,0
19.32,14,0,1,2,0,0,0,0,27.7,1,1,0.284,0
26.99,8,0,0,1,0,2,0,1,18.9,2,1,1.152,0
16.29,9,0,6,1,0,0,0,0,8.1,1,1,0.501,0
7.98,19,0,1,2,0,0,0,0,44.9,1,3,0.786,0
2.10,16,0,0,2,0,0,0,0,13.1,1,3,0.961,0
41.71,20,0,5,2,1,0,0,0,1726.9,5,3,1.670,0
10.00,12,0,4,2,1,0,1,0,10.0,2,1,3.082,0
34.67,20,0,0,1,0,0,0,0,90.6,1,2,0.722,0
29.75,9,0,3,1,0,0,0,0,18.4,2,2,0.668,0
11.48,11,0,0,0,0,0,0,0,0.5,1,1,0.742,0
56.18,18,0,2,3,0,0,0,1,9.6,1,1,0.850,0
27.36,14,0,2,1,0,0,0,0,73.6,1,3,0.305,0
35.11,18,0,1,1,0,0,0,0,29.1,2,2,0.200,0
61.44,18,0,3,2,0,1,0,1,88.3,2,2,5.759,0
14.35,13,0,5,1,0,0,0,0,128.5,1,4,0.936,0
31.41,19,0,6,1,0,1,0,0,53.1,3,2,0.369,1
7.98,16,0,2,2,0,1,0,0,27.4,2,4,0.725,0
173.09,11,0,4,7,0,2,0,0,873.9,6,3,32.675,0
122.82,8,0,2,2,0,1,0,0,46.5,1,1,12.662,0
10.72,9,0,0,2,0,0,0,0,60.4,1,1,0.982,0
47.72,8,0,2,1,0,1,0,0,49.5,6,2,1.100,0
126.71,13,0,0,1,0,0,0,0,129.4,1,2,8.116,0
31.41,19,0,2,1,0,0,0,0,87.3,1,2,1.032,0
14.06,17,0,3,3,0,0,0,0,129.1,1,1,0.366,0
117.10,16,0,2,2,0,1,0,0,269.5,1,2,0.268,0
6.35,10,0,2,2,0,0,0,0,38.4,2,1,0.828,0
109.15,16,0,2,1,0,0,0,0,50.0,2,1,1.981,0
12.10,16,0,1,1,0,2,0,0,37.2,1,2,0.637,0
33.36,0,1,9,6,1,3,0,1,1275.8,6,10,1.944,1
16.40,15,0,3,1,0,0,0,0,11.3,1,3,0.237,0
14.68,18,0,0,0,0,0,0,0,113.0,1,1,0.062,0
8.14,15,0,0,0,0,0,0,0,40.2,1,3,0.832,0
27.11,16,0,5,5,0,1,0,0,47.9,2,3,0.114,0
23.50,13,0,3,1,0,0,0,0,37.1,1,3,1.941,0
20.81,10,0,2,2,0,0,0,0,6.3,1,1,0.128,0
20.78,21,0,1,1,0,1,0,0,117.7,1,1,1.322,0
79.74,12,0,4,2,1,0,0,0,40.1,1,2,1.910,0
13.85,9,0,0,1,0,0,0,0,143.2,1,2,0.644,0
37.77,11,0,0,0,1,0,0,0,42.9,1,2,0.286,0
37.65,12,0,4,1,0,0,0,0,22.3,2,2,0.293,0
7.11,13,0,1,1,1,0,0,0,89.4,1,1,0.079,0
89.49,23,1,2,1,1,0,0,0,10.0,2,5,1.602,0
61.86,15,0,1,1,0,0,0,0,45.9,1,1,0.277,0
17.91,10,0,3,2,1,0,0,1,3.0,1,1,0.162,0
10.45,15,0,2,2,0,0,0,0,39.7,3,1,0.752,0
160.99,18,0,1,1,0,0,0,0,63.5,1,1,12.015,0
62.74,15,0,3,3,0,0,0,0,50.6,1,1,0.498,0
11.45,17,0,0,0,0,0,0,0,38.9,1,5,0.806,0
11.08,17,0,4,1,0,1,0,0,97.8,1,4,0.159,0
38.00,8,0,0,0,0,1,0,0,45.5,1,1,1.730,0
49.59,7,0,4,3,0,3,0,1,151.0,2,1,0.311,0
29.15,8,0,1,1,0,0,0,0,7.4,1,3,2.235,0
19.15,20,0,1,2,0,0,0,0,30.4,1,6,0.101,0
25.23,19,0,2,2,0,0,0,0,4.9,2,1,0.557,0
12.40,12,0,2,2,0,0,0,1,128.6,2,2,1.831,0
12.64,14,0,0,0,0,0,0,0,58.9,1,1,0.904,0
6.04,20,0,4,4,0,0,0,0,0.9,1,1,0.531,0
46.30,9,0,1,1,0,0,0,0,8.9,1,1,2.526,0
78.53,18,0,4,4,0,0,0,1,19.2,1,2,0.654,0
55.55,9,0,2,2,0,0,0,0,134.1,3,1,0.317,0
68.70,11,0,3,3,0,0,0,0,42.1,1,3,11.514,0
8.61,18,0,2,2,0,0,0,0,1.4,1,2,0.730,0
132.85,17,0,5,5,0,0,0,0,55.9,2,4,2.463,0
19.47,9,0,5,4,0,1,0,0,166.9,1,2,0.975,0
10.56,21,0,2,3,0,1,0,0,15.9,1,1,0.036,0
69.67,20,0,3,3,0,2,0,0,74.6,4,1,0.472,0
72.55,19,0,3,3,0,1,0,0,42.3,2,2,4.398,0
104.56,12,0,13,8,1,0,1,0,181.6,2,5,18.766,1
7.19,13,0,3,2,0,0,0,0,5.9,1,3,0.932,0
16.91,11,0,2,2,0,0,0,0,20.2,1,1,0.400,0
16.21,16,0,1,3,0,0,0,0,15.9,1,1,0.451,0
80.27,14,0,4,2,0,0,0,0,16.5,2,1,1.609,0
26.24,19,0,2,1,0,0,0,0,27.2,1,1,0.172,0
2.40,10,0,1,1,0,0,0,0,29.0,1,2,0.878,0
36.32,18,0,3,1,0,0,0,0,95.9,1,3,0.111,0
13.00,10,0,0,0,0,0,0,0,14.5,1,3,0.733,0
6.73,8,0,5,5,0,0,0,0,9.6,1,2,0.524,0
101.10,17,0,3,3,0,3,0,0,92.3,2,3,9.264,0
8.31,18,0,2,2,0,0,0,0,25.8,5,1,0.803,0
34.41,18,0,0,3,0,0,0,0,72.3,1,4,1.536,0
26.15,11,0,3,3,0,2,0,0,27.7,1,2,0.239,0
43.00,9,0,2,2,0,0,0,0,6.8,1,1,1.243,0
46.57,11,0,0,1,0,0,0,0,50.2,1,2,0.216,0
37.09,12,0,2,1,0,0,0,0,3.2,1,2,0.453,0
22.72,11,0,5,5,0,0,0,0,82.3,2,2,0.311,0
24.55,14,0,2,1,0,0,0,0,3.7,1,2,3.270,0
50.15,10,0,3,3,1,0,0,0,10.7,1,2,4.935,0
64.75,9,0,2,4,0,1,0,0,27.4,2,3,1.317,0
49.14,15,0,3,3,0,1,0,0,46.9,1,2,1.721,0
12.40,14,0,3,1,0,0,0,0,70.3,1,2,0.524,0
53.17,11,0,2,1,0,0,0,0,59.2,2,2,2.547,0
21.22,18,0,2,1,0,0,0,0,95.3,1,1,0.877,0
103.37,20,0,1,1,0,0,0,0,47.5,1,1,4.708,0
63.38,15,0,0,0,0,0,0,0,8.2,4,1,0.116,0
29.38,21,0,2,2,0,1,0,0,20.5,1,2,0.072,0
169.55,18,0,5,7,0,1,1,1,622.5,3,1,19.906,0
32.67,12,0,3,1,0,1,0,1,46.8,2,1,1.593,0
36.29,8,0,1,1,0,0,0,0,33.2,3,2,0.479,0
23.24,20,0,4,2,0,2,0,1,9.9,1,1,2.773,0
9.95,18,0,1,1,0,0,0,0,4.4,5,1,0.649,0
75.95,10,0,2,2,0,0,0,0,30.5,3,2,5.861,0
18.62,17,0,3,3,0,0,0,0,21.2,1,1,0.550,0
31.97,13,0,0,1,0,0,0,0,94.3,1,2,0.073,0
57.52,10,0,2,1,0,0,0,0,3.4,1,1,2.219,0
11.59,19,0,3,1,0,1,0,0,7.4,2,3,0.842,0
11.00,16,0,2,2,0,0,0,0,27.1,1,1,0.836,0
14.36,14,0,2,1,0,0,0,0,22.0,1,2,0.875,0
39.48,9,0,2,2,0,0,0,0,176.8,3,1,2.615,0
4.38,9,0,1,1,0,0,0,0,63.6,1,1,0.818,0
14.85,8,0,3,3,0,0,0,0,7.5,1,4,0.866,0
127.70,21,0,11,11,1,3,1,1,315.3,2,5,1.123,1
49.36,12,0,1,2,0,0,0,0,9.4,1,1,0.117,0
4.82,17,0,4,4,0,0,1,0,3.3,1,2,0.962,0
11.58,14,0,2,2,0,0,0,0,38.1,1,1,0.435,0
32.81,20,0,0,2,0,0,0,1,31.1,2,1,3.289,0
16.44,20,0,1,1,0,1,0,0,56.1,2,2,1.682,0
106.95,17,0,1,2,1,1,0,0,204.4,4,2,1.661,1
110.37,18,0,2,2,0,0,0,0,23.4,3,6,0.677,0
41.38,17,0,7,7,0,0,0,0,20.5,2,1,2.451,0
63.06,18,0,1,1,0,0,1,0,212.1,1,1,1.984,0
23.10,11,0,2,1,0,0,0,0,57.6,1,1,1.303,0
44.40,17,0,2,2,0,2,0,0,105.7,1,2,0.386,0
64.25,22,0,8,7,0,2,1,0,227.0,4,2,0.544,0
28.10,19,0,3,1,0,0,0,0,55.9,2,1,0.555,0
138.67,19,0,3,3,0,2,0,0,0.1,1,2,9.618,0
27.08,11,0,1,1,0,0,0,0,56.7,2,1,1.639,0
23.46,12,0,2,2,0,1,0,0,95.3,1,3,0.616,0
30.58,12,0,1,1,0,0,0,0,153.7,3,2,0.022,0
42.60,19,0,2,1,0,0,0,0,144.3,1,3,1.867,0
18.56,9,0,3,3,0,1,0,0,24.8,1,2,1.247,0
9.36,20,0,1,1,0,0,0,0,55.6,1,5,0.931,0
48.61,10,0,3,3,1,0,0,0,9.1,1,3,1.740,0
12.56,12,0,1,1,0,1,0,0,45.9,1,1,0.649,0
20.73,11,0,3,1,0,0,0,1,36.2,1,1,0.361,0
18.89,12,0,1,2,0,0,0,0,0.9,1,1,0.536,0
7.02,16,0,3,3,0,0,0,0,10.5,4,1,0.025,0
28.09,12,0,3,1,0,0,0,0,36.5,1,3,0.318,0
51.77,13,0,1,1,0,0,0,0,31.7,1,1,1.602,0
345.73,20,0,0,1,0,0,0,0,217.0,3,2,25.271,0
10.79,19,0,1,1,0,0,0,1,66.2,1,1,0.827,0
14.70,14,0,1,1,0,0,0,0,41.5,1,2,0.412,0
10.16,11,0,4,2,0,0,1,0,292.0,4,4,0.373,0
32.50,17,0,2,2,0,0,0,0,28.3,1,3,1.061,0
18.47,20,0,1,1,0,0,0,0,75.1,1,1,0.214,0
20.29,20,0,0,2,0,0,0,0,0.1,3,2,2.566,0
41.49,12,0,4,4,0,0,0,0,58.7,1,1,19.540,0
120.59,11,0,5,5,1,0,0,1,75.9,3,2,2.559,1
124.60,18,0,4,4,0,0,0,0,12.5,1,2,2.769,0
28.68,18,0,1,1,0,1,0,0,7.1,1,2,0.313,0
20.68,18,0,3,4,0,1,0,1,54.9,1,1,0.975,0
25.26,13,0,1,2,0,1,1,0,73.9,1,1,0.075,0
8.51,9,0,3,3,0,1,0,0,121.5,1,2,0.876,0
12.09,18,0,4,4,0,2,0,0,10.7,1,1,0.509,0
11.36,12,0,3,3,0,0,0,0,36.7,1,1,1.362,0
165.30,17,0,1,1,0,0,0,0,80.8,1,1,0.337,0
23.43,8,0,3,2,0,0,0,0,78.6,1,1,0.509,0
18.07,10,0,0,2,0,2,0,0,14.7,1,2,0.020,0
10.01,21,0,0,1,1,0,1,0,12.5,1,1,0.286,0
118.24,9,0,0,0,0,1,0,0,23.1,1,2,2.281,0
9.21,20,0,1,1,0,0,0,0,1.8,1,4,0.380,0
19.47,16,0,0,1,0,2,0,0,100.5,1,1,6.375,0
29.91,14,0,6,1,0,1,0,0,100.5,1,2,0.002,0
33.55,18,0,2,1,0,0,0,0,45.3,1,3,0.182,0
14.23,13,0,0,1,0,0,0,0,15.2,2,3,1.801,0
9.52,20,0,2,1,0,0,0,0,3.0,1,1,0.896,0
14.65,12,0,2,2,0,1,0,0,40.4,1,1,0.698,0
25.22,17,0,7,7,0,0,0,0,107.5,3,1,1.815,0
35.21,20,0,0,3,0,0,0,0,53.2,2,1,6.476,0
9.46,13,0,3,3,0,0,0,0,10.1,1,4,0.263,0
18.40,11,0,0,0,0,0,0,0,21.9,1,1,1.973,0
16.01,20,0,2,2,1,1,0,0,19.2,3,1,1.415,0
61.29,8,0,3,2,0,1,0,0,107.0,2,2,0.296,0
11.54,11,0,1,1,0,0,0,0,42.0,1,3,0.191,0
10.70,20,0,0,2,0,0,0,0,7.6,1,1,0.344,0
18.91,19,0,1,2,0,0,0,0,84.2,2,1,1.038,0
4.29,16,0,2,1,0,0,0,0,49.8,1,1,0.906,0
20.80,15,0,4,4,0,0,0,0,44.4,2,2,0.342,0
43.48,11,0,0,0,0,1,0,0,128.0,1,3,0.953,0
24.06,13,0,1,1,0,1,0,0,91.2,2,2,0.532,0
15.83,19,0,1,1,0,0,0,0,42.6,1,2,0.841,0
61.18,16,0,3,2,0,1,0,0,153.5,1,1,1.983,0
69.35,19,0,3,1,0,1,0,0,57.7,2,1,0.118,0
11.32,17,0,2,2,0,1,0,0,8.4,1,2,0.705,0
361.90,14,0,10,5,1,3,1,1,380.9,4,1,12.590,1
25.50,17,0,1,1,0,0,1,1,7.9,2,2,0.140,0
13.57,8,0,2,1,0,0,0,0,34.8,1,2,0.807,0
15.31,11,0,0,0,0,0,0,0,91.6,2,1,0.534,0
86.68,14,0,2,2,0,1,0,0,83.2,1,1,0.538,0
12.43,15,0,1,2,0,0,0,0,15.6,1,2,0.435,0
17.78,16,0,3,1,0,0,0,1,29.3,1,2,0.518,0
16.02,14,0,4,4,0,2,0,0,84.1,2,6,0.373,0
37.70,13,0,2,2,0,1,0,0,47.6,1,1,3.217,0
166.50,8,0,3,2,0,5,0,0,110.4,2,1,2.095,0
16.30,10,0,8,6,0,5,0,1,249.4,7,1,0.250,1
2.95,20,0,4,1,0,1,0,1,24.6,1,1,0.736,0
16.43,14,0,0,2,0,0,0,1,84.9,1,3,0.372,0
26.24,5,1,6,8,2,6,0,0,264.1,2,5,0.134,0
38.99,18,0,3,3,0,0,0,0,47.5,1,1,0.431,0
18.63,17,0,2,2,0,0,0,0,0.8,2,2,0.388,0
5.07,13,0,2,2,0,0,0,0,56.3,1,3,0.826,0
24.91,13,0,3,1,1,0,0,0,11.7,1,1,2.218,0
179.40,20,0,1,2,0,0,0,0,29.1,2,2,7.717,0
7.03,16,0,2,3,0,2,0,0,57.7,1,2,0.641,0
14.99,18,0,2,2,0,1,0,0,142.4,1,1,0.818,0
14.48,14,0,2,2,0,0,0,0,13.3,2,1,0.321,0
39.33,23,1,2,1,0,1,0,1,575.0,6,6,2.261,0
188.96,13,0,7,3,0,2,0,1,142.6,3,5,3.043,0
9.11,14,0,1,1,0,0,0,0,79.1,1,6,0.739,0
83.79,5,1,6,3,1,2,0,1,146.2,2,5,0.386,1
33.86,10,0,2,1,0,0,0,0,60.5,1,1,2.300,0
144.13,12,0,2,1,0,0,0,0,34.6,1,3,1.546,0
45.43,14,0,3,3,0,0,0,0,82.2,1,1,2.161,0
17.36,14,0,4,1,0,0,1,0,4.6,1,1,3.384,0
18.57,12,0,0,1,0,0,0,0,47.9,1,2,0.552,0
25.16,12,0,0,0,0,1,0,0,219.0,5,1,0.444,0
12.18,8,0,2,2,0,0,0,0,58.2,2,4,0.296,0
20.47,15,0,5,1,0,1,0,0,43.2,1,1,0.845,0
34.93,21,0,1,1,0,0,0,0,44.9,3,1,5.958,0
20.64,18,0,2,2,0,0,0,0,114.3,1,1,0.162,0
47.28,12,0,2,2,0,0,0,0,104.1,1,1,2.523,0
32.48,16,0,2,1,0,0,0,0,1.2,1,1,0.583,0
17.03,17,0,0,1,0,0,0,0,7.0,1,2,0.787,0
55.73,6,0,3,1,0,3,0,0,14.1,3,1,19.717,0
12.88,11,0,0,1,0,0,0,0,103.4,1,1,0.670,0
215.71,5,1,3,3,0,1,0,0,10.0,3,1,8.102,0
9.17,12,0,1,1,0,0,0,0,35.7,1,2,0.952,0
16.10,19,0,6,3,0,1,0,0,31.7,1,1,0.542,0
249.75,2,1,3,7,1,2,0,0,961.3,2,2,43.838,1
45.23,16,0,7,7,0,1,0,0,4.6,3,1,0.555,0
31.21,21,0,4,1,0,0,0,0,77.7,1,2,0.752,0
211.08,12,0,2,1,0,0,0,1,273.8,1,2,22.851,0
30.29,13,0,3,1,0,0,0,0,19.8,3,2,0.018,0
12.70,20,0,1,1,0,0,0,0,69.7,1,2,0.648,0
133.12,10,0,1,1,0,1,0,0,48.4,3,1,13.924,0
50.52,13,0,3,5,0,3,0,1,245.4,3,2,0.098,0
95.08,16,0,2,3,1,1,0,0,265.7,4,1,9.268,0
27.65,20,0,4,4,0,0,0,0,3.7,1,2,0.090,0
91.86,16,0,3,4,0,0,0,0,0.5,1,1,3.095,0
11.26,18,0,1,1,0,0,0,0,0.5,1,1,0.474,0
22.68,11,0,1,3,0,2,0,0,12.1,4,2,0.625,0
5.93,14,0,4,1,0,0,0,1,12.0,1,2,0.922,0
20.90,17,0,1,1,0,1,0,0,5.5,1,5,0.469,0
27.05,20,0,1,3,0,1,0,0,61.1,1,3,0.983,0
4.15,16,0,0,3,0,0,0,0,14.7,1,1,0.863,0
26.61,16,0,1,1,0,0,0,0,9.2,2,2,0.610,0
10.96,14,0,1,1,0,0,0,1,104.4,3,3,0.150,0
47.84,8,0,2,1,0,0,0,0,10.9,1,1,6.987,0
8.92,16,0,4,4,0,0,0,0,141.3,1,4,1.745,0
21.00,12,0,3,3,0,1,0,0,11.8,1,3,0.237,0
24.74,10,0,2,2,0,1,0,0,49.0,2,3,0.138,0
15.83,20,0,3,3,0,1,0,0,162.2,1,2,0.577,0
15.10,11,0,5,5,0,0,0,1,44.4,1,1,0.429,0
31.64,17,0,0,0,0,0,0,0,123.5,1,1,0.718,0
14.57,20,0,2,2,0,0,0,0,52.8,1,1,0.410,0
16.70,19,0,1,1,0,0,0,0,171.4,1,1,0.585,0
11.86,9,0,3,1,0,0,0,0,19.4,1,1,0.733,0
14.56,14,0,1,1,0,0,0,0,43.9,3,2,0.629,0
14.84,13,0,3,1,0,4,1,1,28.7,1,2,0.649,1
9.31,18,0,1,2,0,1,0,0,26.8,1,7,0.715,0
497.43,8,0,5,5,1,3,0,1,64.5,3,2,33.258,0
4.06,19,0,1,1,0,1,0,0,2.6,1,2,0.721,0
14.15,19,0,2,2,0,0,0,0,291.1,1,3,3.436,0
11.89,18,0,3,3,0,0,0,0,10.0,1,1,0.550,0
44.19,9,0,2,1,0,1,0,1,258.5,1,2,0.522,0
23.81,19,0,2,2,1,0,0,0,5.1,1,1,0.672,0
50.49,11,0,3,3,0,2,0,0,38.2,1,4,1.091,0
49.37,20,0,1,2,0,0,0,1,6.2,1,2,0.865,0
16.55,12,0,5,5,0,1,0,0,45.0,1,1,0.697,0
63.84,17,0,2,2,0,0,0,0,33.6,1,2,1.807,0
18.52,17,0,4,2,0,0,0,0,21.8,2,1,0.601,0
25.09,17,0,3,1,0,1,0,0,31.8,1,2,0.486,0
2.45,18,0,1,1,0,2,0,0,61.2,1,1,0.562,0
31.96,14,0,2,2,0,0,0,0,51.8,2,4,1.148,0
56.80,19,0,2,1,0,1,0,0,20.6,1,2,1.290,0
42.09,11,0,2,4,0,0,0,0,56.0,1,1,0.596,0
31.56,17,0,3,1,0,0,0,0,6.2,1,1,1.764,0
8.34,19,0,2,1,0,0,0,0,54.1,5,1,0.516,0
158.87,7,0,10,7,3,5,1,0,50.0,4,3,15.688,1
35.53,18,0,0,0,0,0,0,0,20.7,2,1,1.321,0
3.17,20,0,3,3,0,1,0,0,13.7,1,2,0.836,0
28.92,14,0,1,4,0,0,0,0,25.9,1,1,0.029,0
13.11,18,0,0,1,0,1,0,0,101.4,1,3,1.531,0
4.41,12,0,2,1,0,1,0,0,2.7,3,1,0.167,0
8.83,14,0,6,3,0,0,0,0,9.3,1,1,0.846,0
75.40,13,0,2,2,0,0,0,0,82.7,2,4,1.324,0
71.01,11,0,0,1,0,0,0,0,57.4,4,2,12.474,0
8.70,16,0,4,4,0,0,0,0,70.7,1,1,0.865,0
5.15,8,0,3,2,0,1,0,1,22.1,1,1,0.558,0
9.77,14,0,0,3,1,0,0,1,29.3,1,1,0.812,0
35.43,14,0,3,3,0,0,0,0,129.6,1,1,0.726,0
40.77,11,0,3,2,0,0,1,0,19.9,1,1,0.364,0
58.77,9,0,2,1,0,0,0,0,107.6,1,3,0.747,0
48.86,20,0,2,2,0,0,0,0,13.5,2,1,0.656,0
24.16,19,0,1,1,0,0,0,0,16.0,1,1,0.283,0
47.89,3,1,3,6,2,4,1,1,220.2,5,8,0.103,1
7.05,13,0,2,2,0,0,0,0,374.6,1,3,0.583,0
39.65,16,0,3,3,0,1,0,0,5.7,1,1,1.305,0
24.12,20,0,2,1,0,0,0,0,4.2,1,5,0.094,0
92.70,9,0,2,1,0,0,0,0,126.1,1,1,6.076,0
796.13,10,0,4,8,0,1,0,0,98.3,4,1,5.753,0
226.86,11,0,2,2,0,0,0,0,53.1,1,1,3.163,0
31.40,18,0,1,1,0,0,0,0,102.4,1,4,0.016,0
5.72,10,0,2,3,0,0,0,0,3.0,1,3,0.418,0
4.35,20,0,0,2,0,0,0,0,223.9,1,3,0.212,0
14.33,11,0,0,4,0,0,0,0,238.0,1,3,0.023,0
115.98,18,0,1,1,0,2,0,0,8.2,2,3,4.644,0
18.23,1,1,4,4,1,1,0,1,241.5,3,1,0.604,1
23.87,16,0,4,1,0,0,0,0,78.1,1,1,0.540,0
29.80,18,0,1,1,0,0,0,0,4.4,1,1,5.963,0
13.27,20,0,1,1,0,0,0,0,102.0,1,3,0.429,0
30.08,16,0,1,1,0,1,0,0,36.6,1,2,0.598,0
36.11,16,0,2,2,0,0,0,0,6.9,1,2,0.686,0
17.97,16,0,0,0,0,0,0,0,15.8,1,1,0.123,0
54.16,21,0,3,1,1,0,0,0,99.2,1,1,8.993,0
35.61,13,0,2,1,0,1,0,0,12.7,1,2,1.352,0
89.95,16,0,1,1,0,1,0,0,9.3,1,1,6.540,0
4.62,18,0,0,1,0,0,0,0,26.9,1,1,0.894,0
94.31,9,0,3,3,0,2,1,1,6.4,1,3,13.622,1
15.36,13,0,2,2,0,0,0,0,21.9,2,1,0.504,0
17.27,11,0,4,1,0,1,0,0,39.2,1,1,0.303,0
28.48,14,0,0,1,0,0,0,0,254.4,1,1,0.716,0
275.94,19,0,3,11,0,2,0,0,211.7,2,2,6.400,0
8.60,11,0,1,1,0,1,0,0,20.7,1,1,0.509,0
107.92,17,0,1,3,1,1,0,0,51.6,3,2,1.117,0
24.22,12,0,3,1,0,0,0,0,183.0,2,2,4.242,0
140.92,12,0,1,1,0,0,0,0,11.1,1,1,3.685,0
25.10,18,0,2,2,0,1,1,0,1.7,1,4,0.560,0
72.74,10,0,3,1,0,2,0,0,129.7,2,4,0.823,0
14.22,20,0,2,1,0,0,0,0,8.2,1,1,0.551,0
274.62,8,0,9,4,0,4,1,1,50.0,2,2,2.670,1
5.96,19,0,3,2,0,0,0,0,32.6,1,1,0.804,0
33.43,9,0,2,2,0,0,0,0,9.6,2,3,0.203,0
23.56,18,0,5,1,0,1,0,0,2.0,3,2,0.476,0
22.78,19,0,2,2,0,0,0,0,74.4,1,1,0.573,0
53.25,11,0,2,2,0,1,0,0,184.2,3,1,1.526,0
170.17,22,0,10,5,0,1,0,1,599.1,2,3,6.370,0
74.25,9,0,2,2,2,0,0,0,33.4,1,1,22.497,0
9.19,18,0,2,3,0,1,0,0,5.1,3,1,0.650,0
4.14,19,0,1,1,0,0,0,0,65.4,1,1,0.936,0
8.37,14,0,1,1,0,0,0,0,69.1,1,3,0.829,0
59.95,14,0,0,1,0,0,1,0,2.4,1,2,0.695,0
30.91,13,0,2,2,0,0,0,0,85.0,1,3,0.523,0
17.03,11,0,3,1,0,1,0,0,0.7,1,1,0.649,0
11.61,20,0,4,4,0,0,1,0,92.8,1,1,0.493,0
31.32,16,0,1,1,0,1,0,0,3.2,1,1,1.147,0
22.24,19,0,2,2,0,0,0,0,47.1,1,1,0.268,0
20.23,20,0,1,2,0,0,0,0,111.1,1,1,0.522,0
12.26,11,0,1,1,0,0,0,0,14.4,1,1,0.951,0
40.68,19,0,1,1,1,0,0,0,54.4,2,3,0.043,0
6.81,21,0,2,2,0,0,0,0,30.4,1,1,0.146,0
68.78,20,0,4,1,0,0,0,0,127.1,2,2,1.243,0
37.80,9,0,4,6,0,1,0,0,70.0,2,1,0.281,0
17.78,18,0,0,0,0,0,0,0,73.0,1,1,0.203,0
13.78,11,0,1,1,0,0,0,0,25.4,3,1,0.525,0
21.84,9,0,2,1,0,0,0,0,219.4,1,1,3.430,0
29.94,10,0,1,3,0,0,0,0,45.5,1,1,0.317,0
32.10,12,0,6,2,0,0,0,0,11.3,1,3,1.122,0
31.71,18,0,3,3,0,0,0,0,19.4,3,1,1.439,0
9.01,19,0,3,1,0,0,0,0,30.6,1,1,0.223,0
34.08,19,0,2,2,0,0,0,0,2.0,2,1,3.276,0
72.66,3,1,7,7,3,3,1,0,497.5,7,4,7.589,1
13.84,15,0,4,4,0,1,0,0,1.7,2,1,0.598,0
46.13,15,0,0,1,0,0,0,0,29.6,1,1,2.956,0
69.61,17,0,5,2,0,0,0,0,101.3,2,2,0.822,0
176.51,4,1,10,6,1,3,1,1,808.1,9,2,5.537,1
34.38,10,0,2,2,0,1,0,0,75.0,2,5,0.027,0
21.03,10,0,2,2,1,0,0,0,13.6,1,2,0.291,0
33.73,18,0,1,1,0,0,0,0,28.4,1,4,0.245,0
25.24,19,0,3,3,0,0,0,0,236.1,3,1,1.904,0
35.64,16,0,0,0,0,1,0,0,20.2,1,1,1.354,0
8.67,14,0,2,2,0,0,0,0,89.7,1,1,0.269,0
50.73,18,0,1,1,0,2,0,0,15.5,2,1,2.273,0
30.41,9,0,1,2,0,0,0,0,101.1,2,4,3.313,0
422.45,12,0,9,5,0,5,1,0,179.7,7,3,32.316,1
11.02,11,0,3,1,0,0,0,0,103.0,1,1,0.573,0
39.41,21,0,3,3,0,0,0,0,4.3,1,2,1.510,0
10.00,4,1,4,4,0,0,1,1,226.6,5,3,0.972,0
12.36,18,0,0,0,0,0,0,0,76.9,1,1,3.629,0
312.69,1,1,9,4,1,3,1,1,745.4,8,5,11.054,1
38.17,19,0,0,3,0,1,0,1,66.9,1,3,0.350,0
10.52,18,0,4,2,0,0,0,0,41.8,1,3,0.487,0
17.44,16,0,2,1,0,0,0,0,82.9,3,1,0.669,0
8.54,14,0,2,1,0,0,0,0,22.7,1,3,0.705,0
49.33,16,0,8,3,1,3,1,1,481.7,3,7,0.643,1
7.08,9,0,3,3,0,0,0,0,23.7,1,3,0.787,0
7.16,10,0,1,3,0,0,0,0,55.2,1,1,0.423,0
7.82,12,0,2,2,0,0,0,0,53.0,1,2,0.662,0
154.80,13,0,1,2,0,0,0,0,119.1,1,1,2.920,0
14.69,15,0,0,1,0,1,0,0,14.9,2,1,0.593,0
336.06,13,0,6,6,0,1,0,0,28.7,3,5,32.911,0
17.88,14,0,1,1,0,0,1,0,6.6,2,3,0.473,0
7.50,16,0,0,3,0,0,0,0,2.3,1,1,2.505,0
19.31,10,0,2,1,1,1,0,0,166.4,1,3,0.773,0
54.01,15,0,0,0,0,1,0,0,31.0,1,1,7.559,0
13.84,10,0,4,4,0,0,0,0,32.5,1,1,2.002,0
57.79,12,0,2,2,0,0,1,0,92.0,2,2,1.903,0
44.69,9,0,1,1,0,0,0,0,30.7,2,2,0.538,0
80.55,18,0,3,4,0,0,0,1,61.7,1,4,14.732,0
31.91,15,0,2,1,0,0,0,0,3.3,1,2,0.986,0
38.38,16,0,2,1,0,1,0,1,9.4,1,3,0.511,0
34.22,12,0,3,2,0,1,0,0,26.8,1,1,1.342,0
101.06,12,0,0,5,0,2,0,0,31.6,2,1,6.203,0
63.42,18,0,3,3,0,0,0,0,67.2,1,1,7.226,0
29.48,10,0,1,1,0,0,0,0,0.6,1,2,1.730,0
36.28,20,0,4,4,0,1,0,0,25.3,2,1,2.254,0
6.17,15,0,2,2,0,0,0,0,30.5,1,2,0.783,0
12.92,18,0,0,1,0,0,0,0,43.3,1,1,0.794,0
20.87,15,0,3,3,0,0,0,0,123.8,2,2,0.023,0
7.89,15,0,7,2,0,0,0,0,6.1,1,1,0.514,0
110.74,22,0,4,1,0,1,0,0,71.9,1,4,5.921,0
28.55,17,0,3,4,0,0,0,0,114.8,1,2,0.274,0
38.33,10,0,2,2,0,1,0,0,90.6,1,1,1.658,0
218.62,16,0,4,1,0,0,1,0,29.8,1,1,0.857,0
7.66,17,0,1,4,0,0,0,0,9.2,2,6,0.868,0
27.36,17,0,2,1,0,0,0,0,56.5,2,1,0.003,0
58.75,20,0,1,1,0,0,0,0,39.1,1,1,2.533,0
18.16,11,0,0,1,1,0,0,0,26.8,1,3,0.666,0
33.13,12,0,4,4,0,1,0,0,80.9,4,1,0.327,0
18.89,10,0,3,2,0,0,0,1,332.6,4,4,0.591,1
19.07,15,0,5,3,0,1,0,1,55.2,3,5,0.631,0
23.75,8,0,1,4,0,0,0,0,8.6,1,3,0.632,0
344.95,23,1,8,4,3,9,1,1,77.9,1,6,5.249,1
11.21,16,0,1,1,0,1,0,0,33.3,2,3,0.049,0
16.74,8,0,3,1,0,0,0,0,154.3,1,1,0.493,0
24.32,10,0,1,1,0,0,0,0,4.2,1,2,0.532,0
10.70,11,0,2,1,0,0,0,0,49.5,3,1,0.386,0
74.28,17,0,3,1,0,0,0,0,4.3,1,3,1.027,0
103.50,14,0,0,2,0,0,0,0,95.8,1,1,0.227,0
22.62,11,0,1,2,0,0,0,1,62.1,1,1,1.867,0
29.79,12,0,0,1,0,0,0,0,67.8,1,5,3.336,0
8.18,17,0,2,1,0,0,0,0,27.2,2,2,0.807,0
148.06,15,0,3,1,0,2,0,0,35.6,2,1,4.873,0
12.59,19,0,1,1,0,2,0,0,68.5,1,1,0.817,0
33.10,19,0,2,1,0,0,0,0,32.6,1,1,0.189,0
36.78,9,0,1,1,0,0,0,0,74.9,1,1,0.708,0
80.07,12,0,1,1,0,0,0,0,8.8,1,1,0.445,0
27.46,12,0,1,2,0,0,0,0,51.4,3,2,2.131,0
49.58,18,0,3,3,0,1,1,0,57.6,4,2,0.359,0
27.20,19,0,4,3,1,0,0,0,50.0,1,2,0.718,0
36.97,8,0,3,2,0,0,0,0,64.0,2,2,1.726,0
17.73,16,0,0,0,0,1,1,0,16.4,1,2,0.238,0
17.65,16,0,0,0,0,0,0,0,37.1,2,3,0.250,0
48.03,15,0,0,1,0,0,0,0,22.0,1,2,0.326,0
39.90,14,0,2,2,0,0,0,0,14.7,1,2,0.207,0
8.40,17,0,3,3,0,0,0,0,109.9,1,3,0.691,0
40.46,18,0,1,1,1,0,0,0,7.3,2,1,0.268,0
5.26,18,0,2,2,0,0,0,0,27.3,1,2,0.740,0
124.52,14,0,0,1,0,0,0,1,24.7,1,1,1.702,0
8.66,19,0,1,1,0,0,0,0,32.9,1,4,0.857,0
57.70,20,0,2,3,0,0,1,0,79.8,1,1,0.066,0
34.00,11,0,2,2,0,0,1,0,20.4,1,1,1.673,0
45.46,17,0,2,3,0,0,0,0,58.6,2,2,0.647,0
11.74,12,0,4,1,0,1,0,0,37.0,3,1,1.348,0
57.14,14,0,3,1,0,1,0,0,9.0,1,2,1.301,0
3.96,14,0,0,1,0,0,0,0,36.1,1,2,0.822,0
29.61,11,0,0,0,0,0,0,0,115.2,1,1,0.236,0
11.61,12,0,2,2,0,0,0,1,144.0,3,3,0.111,0
41.34,10,0,5,1,0,1,0,0,43.2,3,1,1.501,0
20.96,12,0,4,3,0,0,0,0,51.7,2,1,0.726,0
13.61,10,0,2,2,0,0,0,0,22.1,1,2,0.309,0
19.01,9,0,2,2,0,0,0,0,10.6,1,4,0.648,0
2.95,17,0,0,2,0,1,0,1,83.9,1,1,0.912,0
10.70,20,0,1,2,0,0,0,0,5.7,1,1,0.957,0
179.86,1,1,3,4,1,3,0,1,101.6,3,4,4.462,0
10.78,13,0,2,1,0,0,1,0,59.4,1,1,0.588,0
14.53,20,0,3,1,0,0,0,0,44.1,1,2,0.391,0
115.28,14,0,2,2,0,0,0,0,0.4,1,1,0.084,0
45.28,17,0,2,2,0,0,1,0,106.9,1,1,2.563,0
49.08,19,0,1,1,0,0,0,0,60.8,1,1,0.784,0
17.91,11,0,1,1,0,1,0,0,7.0,1,3,0.398,0
32.37,12,0,0,1,0,2,0,0,97.4,2,2,0.213,0
6.27,14,0,2,1,0,1,0,0,63.3,2,3,0.875,0
27.62,21,0,1,1,0,1,0,0,12.7,1,1,0.914,0
33.70,14,0,4,5,0,3,0,0,78.0,3,1,0.857,0
130.74,14,0,2,2,0,0,0,0,130.8,1,1,2.152,0
218.01,8,0,2,5,0,0,0,0,265.9,2,5,22.119,0
7.20,16,0,0,1,0,1,1,0,17.3,1,1,0.635,0
27.46,9,0,0,3,0,0,0,0,56.9,1,3,0.003,0
56.73,11,0,1,1,0,0,0,0,12.7,2,2,1.083,0
9.04,16,0,1,1,0,0,0,0,106.5,1,2,0.330,0
105.41,19,0,4,2,0,0,0,0,163.4,2,3,3.878,0
11.23,17,0,1,1,1,0,0,0,44.1,2,2,0.819,0
6.28,14,0,2,3,0,0,0,0,99.5,1,3,0.764,0
37.72,16,0,1,2,0,1,0,0,14.8,1,2,3.842,0
47.00,13,0,1,1,0,0,0,0,47.3,1,3,2.446,0
24.56,9,0,1,1,0,0,0,0,51.8,1,2,0.625,0
3.77,19,0,2,2,0,0,0,0,31.0,1,1,0.672,0
43.73,13,0,2,2,0,0,0,0,18.3,1,1,5.356,0
31.65,10,0,2,2,0,0,0,0,61.8,1,1,2.540,0
70.06,20,0,8,5,2,2,1,0,50.0,5,9,2.604,1
13.66,20,0,3,2,0,0,0,0,78.1,1,1,0.369,0
35.27,10,0,4,4,0,0,0,0,16.1,1,2,1.246,0
11.66,13,0,1,1,0,0,0,0,110.7,1,2,0.715,0
60.95,14,0,1,2,0,0,0,0,6.0,1,1,0.609,0
56.06,18,0,0,2,0,0,0,0,27.2,3,1,2.506,0
30.32,10,0,3,2,0,0,0,0,33.9,1,1,0.167,0
7.26,17,0,2,2,0,0,0,1,44.6,2,2,0.856,0
23.88,12,0,1,1,0,1,0,0,16.5,1,3,0.255,0
32.48,14,0,1,2,0,0,0,0,22.0,1,1,0.317,0
1210.94,22,0,6,1,0,2,0,0,49.4,3,3,67.222,0
43.01,8,0,2,2,0,0,0,0,87.1,1,3,0.542,0
11.83,9,0,3,1,0,2,1,0,87.1,3,1,0.716,0
85.13,10,0,4,4,0,0,0,0,78.0,1,3,6.435,0
22.06,9,0,2,2,0,0,0,0,17.9,1,1,0.426,0
72.68,18,0,3,3,0,4,0,0,10.0,2,6,0.139,0
18.05,17,0,1,3,0,0,0,0,31.7,2,1,0.671,0
134.95,12,0,2,2,0,1,0,0,21.3,1,1,19.447,0
31.91,17,0,2,1,0,0,0,0,27.4,1,1,0.581,0
97.15,20,0,1,2,0,0,0,0,9.1,1,2,7.346,0
40.90,8,0,4,4,0,0,0,0,28.2,4,1,0.352,0
26.16,10,0,5,1,0,0,0,0,58.4,1,1,0.685,0
9.14,15,0,4,3,1,2,0,0,42.3,2,2,0.553,1
239.34,23,1,9,4,1,3,0,1,85.4,3,1,1.055,0
54.16,20,0,2,2,0,0,0,0,4.2,1,1,0.947,0
30.73,17,0,1,2,0,1,0,0,21.3,2,1,0.654,0
20.14,19,0,1,1,0,0,0,0,2.0,1,1,0.722,0
74.32,17,0,0,1,0,0,0,0,34.6,1,2,30.761,0
113.53,3,1,7,5,0,2,1,1,431.5,2,5,3.548,1
80.49,9,0,1,1,0,0,0,0,47.1,1,1,0.394,0
11.15,14,0,1,1,0,0,0,0,20.9,2,4,0.687,0
14.08,20,0,3,3,0,0,0,0,18.0,1,1,1.071,0
173.45,8,0,2,1,0,0,0,0,31.1,1,1,12.150,0
35.49,17,0,3,1,1,2,0,0,127.8,1,2,0.086,0
42.64,14,0,0,2,0,0,0,0,5.5,1,4,0.150,0
16.00,10,0,2,2,0,1,0,0,30.3,1,4,0.643,0
23.70,18,0,2,2,0,2,0,0,2.2,3,2,1.876,0
100.09,11,0,2,2,0,0,0,0,4.6,1,2,6.403,0
44.89,15,0,4,4,0,0,0,0,88.2,1,1,0.045,0
23.76,17,0,1,2,0,1,0,0,37.1,1,1,0.720,0
134.91,17,0,3,2,0,0,0,0,34.8,1,4,30.894,0
14.88,19,0,2,2,0,1,0,0,71.8,1,3,0.747,0
25.16,10,0,4,1,0,0,0,0,22.5,2,2,1.978,0
74.69,12,0,3,1,0,0,0,0,23.6,1,2,0.670,0
70.84,14,0,2,1,0,0,0,0,44.9,1,1,0.482,0
50.33,3,1,6,5,1,3,1,1,50.0,5,4,6.827,1
81.30,19,0,3,3,0,0,0,0,4.0,1,2,7.837,0
16.99,19,0,3,3,1,0,0,0,64.0,2,4,0.607,1
12.93,17,0,6,1,0,0,0,0,38.5,2,1,2.966,0
62.74,13,0,4,2,0,1,0,0,17.8,1,1,7.277,0
9.95,14,0,1,2,0,0,0,0,4.5,1,4,0.449,0
150.61,21,0,2,1,0,0,0,0,35.6,2,3,0.009,0
24.26,14,0,2,1,0,0,0,0,54.0,2,2,0.444,0
16.69,11,0,0,3,0,1,0,0,47.3,1,2,0.908,0
11.36,9,0,0,1,0,0,0,0,62.7,2,1,0.094,0
35.18,15,0,4,5,0,0,0,0,88.5,1,2,3.934,0
10.55,19,0,1,1,0,0,0,0,24.7,2,1,0.664,0
162.02,18,0,1,1,0,0,0,0,41.1,1,3,3.747,0
21.02,18,0,1,1,0,1,0,1,33.1,3,1,0.133,0
12.03,17,0,1,1,0,0,0,0,82.6,1,2,0.514,0
51.36,12,0,3,3,0,0,0,1,8.0,1,1,0.180,0
18.10,15,0,0,0,0,0,0,0,9.5,3,4,0.511,0
9.91,19,0,1,3,0,0,0,0,73.0,1,1,0.404,0
8.34,17,0,3,1,0,0,0,0,25.2,2,1,0.241,0
27.90,10,0,3,3,0,0,0,0,2.5,1,1,0.498,0
56.65,9,0,2,2,0,0,0,0,35.9,1,1,1.407,0
122.02,16,0,2,2,0,1,0,0,30.9,1,3,37.737,0
52.67,20,0,1,1,0,0,0,0,33.3,2,1,9.052,0
13.32,9,0,1,1,1,1,0,0,114.1,1,1,0.887,0
53.79,9,0,1,1,0,0,0,1,54.7,1,2,0.325,0
10.11,18,0,3,4,0,0,0,0,0.8,2,1,0.018,0
83.85,11,0,1,1,0,0,0,0,35.5,2,1,10.121,0
6.50,19,0,1,1,0,0,0,0,65.3,2,2,0.890,0
73.28,11,0,1,1,0,0,0,0,16.2,1,3,0.546,0
20.81,15,0,1,1,0,0,0,0,60.3,3,1,0.894,0
32.24,18,0,0,2,0,0,0,0,17.2,1,1,1.107,0
35.09,12,0,2,2,0,0,0,0,24.4,2,1,0.730,0
19.94,8,0,1,1,0,0,0,0,26.3,1,1,0.922,0
86.07,22,0,4,2,0,2,1,1,165.4,2,5,1.959,0
25.12,8,0,3,2,0,0,0,0,42.2,1,6,0.935,0
36.94,10,0,2,3,0,1,0,0,129.4,5,1,0.438,0
176.20,9,0,5,4,0,2,0,1,36.2,1,4,10.252,0
45.13,9,0,3,1,0,1,0,0,15.2,1,1,0.628,0
7.99,9,0,4,4,0,1,0,0,66.6,2,1,0.774,0
22.38,0,1,11,2,0,0,0,0,57.5,2,3,0.214,0
17.52,19,0,0,1,0,0,0,0,62.6,1,1,0.144,0
40.24,12,0,3,1,0,0,0,0,93.4,1,1,1.536,0
22.48,14,0,2,2,0,0,0,0,19.0,1,2,0.743,0
18.00,12,0,0,1,0,0,0,0,66.1,2,1,0.579,0
79.83,21,0,7,3,1,1,0,0,98.6,1,3,3.381,0
24.11,21,0,3,1,0,0,0,0,19.7,3,1,2.071,0
14.52,11,0,4,1,0,0,0,0,5.4,1,1,1.887,0
66.16,20,0,5,4,0,1,0,1,408.3,1,4,3.195,0
48.08,20,0,2,2,0,0,0,0,58.1,1,1,1.288,0
115.13,9,0,8,1,1,2,0,0,105.0,2,1,4.226,0
33.99,20,0,2,1,0,0,0,0,10.8,5,1,0.260,0
82.68,12,0,3,3,0,0,0,0,135.3,3,1,6.620,0
51.39,4,1,7,5,1,4,1,1,73.1,4,8,1.081,1
143.80,20,0,2,2,0,0,0,0,5.9,2,1,5.088,0
10.00,20,0,5,5,0,1,0,1,329.5,2,5,0.712,0
12.85,19,0,2,3,0,1,0,0,76.4,2,2,0.802,0
29.08,11,0,3,1,0,2,0,0,7.9,1,1,6.902,0
22.04,8,0,2,2,0,0,0,0,111.7,2,1,0.650,0
55.48,9,0,1,1,0,0,0,0,13.5,1,1,0.654,0
20.77,11,0,3,1,0,0,0,0,19.4,1,2,0.840,0
34.76,14,0,2,2,0,1,0,0,66.4,3,1,2.442,0
121.72,14,0,1,2,0,1,0,0,112.5,1,2,11.395,0
82.35,19,0,3,2,0,0,0,0,10.7,2,1,2.708,0
24.40,14,0,4,4,0,0,0,0,1.1,4,1,0.872,0
88.27,19,0,4,1,0,0,0,0,89.4,1,2,5.759,0
19.79,16,0,3,3,0,0,0,0,31.6,2,1,0.869,0
13.88,19,0,1,4,0,1,1,0,39.7,1,1,0.764,0
21.04,12,0,1,1,0,2,0,0,10.7,2,1,0.549,0
126.24,15,0,2,1,0,0,0,0,28.9,1,3,2.533,0
14.76,12,0,2,1,0,1,0,0,27.9,3,1,0.869,0
34.99,19,0,1,1,0,1,0,0,209.9,3,1,0.155,0
30.93,9,0,1,2,0,1,0,0,7.2,1,1,0.483,0
32.46,11,0,1,1,0,0,0,0,70.4,1,4,0.631,0
39.64,20,0,6,1,0,0,0,0,45.5,1,1,0.243,0
67.75,19,0,1,1,0,1,0,0,49.4,1,1,0.580,0
14.13,17,0,0,0,0,0,0,0,6.0,2,4,0.137,0
45.13,9,0,1,1,0,1,0,0,11.6,1,2,2.684,0
71.99,17,0,2,2,0,3,0,0,35.6,1,1,1.456,0
650.31,16,0,7,3,0,3,1,0,115.6,1,4,45.988,0
19.79,13,0,1,1,0,1,0,0,80.0,4,1,0.507,0
14.69,10,0,3,1,0,1,0,0,81.9,1,2,0.293,0
39.35,11,0,5,2,0,0,0,0,42.0,2,2,5.316,0
220.85,11,0,2,1,0,0,0,0,0.5,2,1,8.156,0
44.00,19,0,3,1,0,0,0,0,10.6,1,1,4.549,0
17.17,12,0,5,5,0,0,0,0,101.7,3,1,0.461,0
22.00,16,0,2,1,0,0,0,0,61.6,1,3,0.393,0
10.19,13,0,0,0,0,0,0,0,36.2,1,1,0.807,0
49.66,19,0,4,1,0,0,0,0,139.2,1,2,1.914,0
6.28,18,0,0,0,0,0,0,0,104.4,1,1,0.937,0
9.20,13,0,5,1,0,0,0,0,89.9,1,2,0.729,0
9.41,16,0,3,3,0,0,0,0,8.6,2,1,0.099,0
21.62,10,0,0,1,0,1,0,0,41.5,1,1,1.871,0
26.46,17,0,2,1,0,0,1,0,5.3,1,3,0.434,0
27.11,12,0,2,2,0,0,0,0,40.9,2,1,0.653,0
55.48,21,0,6,1,0,0,0,0,171.4,3,5,1.010,0
17.19,10,0,0,0,0,1,0,0,16.2,1,1,0.042,0
38.16,21,0,1,1,0,0,0,0,18.9,2,2,2.760,0
84.09,8,0,4,3,0,0,0,0,165.9,2,1,3.892,0
206.01,21,0,1,2,0,0,0,0,13.3,2,1,0.880,0
23.45,9,0,1,1,0,1,0,0,54.9,1,1,1.842,0
37.52,22,0,4,4,0,3,0,1,563.3,2,2,0.566,0
23.95,12,0,2,1,0,0,0,0,91.7,3,2,0.240,0
384.63,9,0,5,3,1,2,1,0,16.2,4,4,4.186,0
9.88,18,0,0,1,0,0,0,0,12.7,1,1,0.671,0
33.39,10,0,0,0,0,0,0,0,21.3,1,1,0.034,0
5.88,9,0,1,2,0,0,0,0,22.5,1,1,0.518,0
6.65,9,0,1,1,0,0,0,0,66.6,1,2,0.853,0
13.26,5,1,7,3,0,3,1,0,317.1,4,3,0.734,0
20.17,16,0,3,2,0,0,1,0,13.2,1,2,0.475,0
2.99,19,0,3,2,0,0,0,0,61.3,3,3,0.692,0
3.40,14,0,4,1,0,1,0,0,0.3,2,2,0.938,0
28.62,20,0,1,1,0,1,0,0,200.2,3,2,0.485,0
34.70,20,0,2,1,0,0,0,0,137.7,1,1,4.783,0
40.77,17,0,1,2,0,0,0,0,215.6,1,1,0.424,0
21.85,8,0,2,2,0,1,0,0,53.7,1,3,0.769,0
844.52,23,1,11,5,0,5,1,0,1157.3,7,6,26.572,1
28.17,12,0,5,5,0,0,0,0,24.1,1,1,1.264,0
19.21,16,0,2,5,0,0,0,0,100.1,3,2,0.353,0
53.70,12,0,0,0,0,1,0,0,86.1,1,1,1.434,0
30.12,13,0,2,2,0,0,0,0,80.4,1,2,0.297,0
26.14,17,0,2,2,1,0,0,0,5.2,1,1,1.523,0
43.18,19,0,0,1,1,0,0,0,16.2,1,1,2.566,0
154.87,17,0,9,7,3,4,0,0,73.1,1,8,2.412,1
26.10,22,0,5,4,0,1,0,0,424.5,1,1,0.731,0
21.74,10,0,1,1,0,0,0,0,33.1,3,1,0.541,0
4.19,15,0,0,0,0,0,0,0,5.3,1,4,0.893,0
27.46,19,0,0,3,0,1,0,0,13.5,5,1,0.207,0
34.16,10,0,1,1,0,1,0,0,96.4,1,1,1.346,0
31.36,18,0,2,2,0,0,0,0,4.6,1,2,1.065,0
92.31,21,0,1,1,0,0,0,0,97.1,1,3,7.162,0
38.61,19,0,0,9,1,2,0,0,335.9,4,4,1.879,0
76.26,17,0,1,1,0,0,0,0,28.8,1,3,1.230,0
21.68,18,0,1,1,1,0,0,0,72.1,3,2,0.208,0
6.47,13,0,1,1,0,0,0,0,8.4,2,4,0.889,0
398.32,1,1,3,4,0,2,1,1,93.0,5,4,1.454,0
27.18,17,0,4,1,0,1,0,0,4.6,1,3,3.234,0
5.25,19,0,3,2,1,0,0,0,81.1,1,1,0.782,0
16.24,19,0,1,2,0,0,0,0,76.3,1,1,0.583,0
16.52,10,0,4,4,0,0,0,0,19.2,1,1,0.953,0
36.81,12,0,2,1,0,0,0,0,0.5,2,4,1.019,0
20.81,13,0,2,2,0,0,0,0,26.2,1,2,1.801,0
43.33,19,0,0,0,0,0,0,0,160.4,1,1,0.357,0
1.36,11,0,1,1,0,0,0,0,21.1,2,1,0.966,0
26.19,15,0,3,1,0,0,0,0,77.7,3,2,0.989,0
31.42,18,0,1,4,0,0,0,0,12.2,1,2,1.419,0
58.83,10,0,5,3,0,2,1,0,67.7,1,5,0.799,0
74.36,21,0,1,1,0,0,0,1,27.2,1,1,2.514,0
64.36,10,0,3,3,0,0,0,0,48.8,2,1,0.237,0
144.78,10,0,1,2,0,0,0,0,70.0,4,1,1.428,0
59.87,12,0,2,3,0,0,0,0,31.0,1,2,2.266,0
30.88,11,0,1,4,0,0,0,0,115.9,2,2,0.530,0
62.34,16,0,2,2,0,0,0,0,75.5,2,1,3.173,0
76.27,12,0,3,4,0,0,0,0,30.9,1,2,4.479,0
23.16,21,0,6,1,0,0,0,0,20.8,1,2,0.882,0
14.61,0,1,10,5,0,2,0,0,650.9,7,9,0.363,1
6.60,12,0,2,2,0,2,0,0,55.8,1,3,0.474,0
4.20,13,0,3,2,0,0,0,0,34.8,1,1,0.933,0
27.54,14,0,1,2,0,0,0,1,10.5,2,2,6.228,0
14.65,10,0,0,2,0,0,0,0,248.0,1,1,1.046,0
26.61,13,0,2,2,0,2,0,0,33.0,1,2,4.810,0
17.92,16,0,2,2,0,2,0,0,9.6,1,1,0.485,0
18.59,15,0,4,4,0,0,0,0,138.7,1,2,0.546,0
10.14,9,0,3,1,0,1,0,0,63.8,3,1,0.429,0
7.96,15,0,1,3,0,1,0,0,66.6,1,3,0.475,0
116.94,12,0,3,1,0,0,0,0,35.0,1,2,0.114,0
529.01,15,0,4,4,0,3,0,1,108.0,2,1,48.486,0
153.43,7,0,4,4,1,0,0,1,550.3,6,2,2.539,0
5.72,15,0,3,3,0,1,0,0,35.0,2,1,0.717,0
20.44,13,0,0,1,0,0,0,0,16.9,1,1,0.223,0
102.10,21,0,9,6,3,5,0,1,481.8,7,4,0.248,1
170.73,13,0,7,8,0,3,1,0,256.4,1,3,22.197,0
69.63,17,0,4,2,1,2,0,1,195.1,2,3,0.736,0
11.29,21,0,3,3,0,0,0,0,21.4,1,2,0.737,0
660.31,1,1,7,6,0,1,1,1,41.4,6,1,14.984,0
9.79,18,0,0,1,0,0,0,0,166.0,1,1,0.870,0
42.91,19,0,4,1,0,0,0,0,51.3,1,3,0.544,0
173.68,20,0,4,4,0,1,0,0,27.4,2,1,8.131,0
36.28,15,0,0,1,0,0,0,0,40.5,3,1,2.592,0
20.32,16,0,3,2,0,2,0,1,193.1,1,3,0.548,0
15.76,13,0,2,2,0,0,0,0,32.0,1,1,0.877,0
28.25,17,0,1,1,0,1,0,0,52.2,1,4,0.082,0
126.51,21,0,4,1,0,0,0,0,1.6,1,1,3.063,0
28.15,16,0,1,2,0,0,0,0,4.2,1,2,0.113,0
8.27,14,0,2,2,0,0,0,0,53.2,3,1,0.963,0
23.02,9,0,1,1,0,1,0,0,1.4,1,3,0.327,0
8.59,11,0,3,3,0,0,0,0,6.1,1,3,0.756,0
23.83,17,0,1,1,0,0,0,0,86.7,2,1,0.444,0
170.38,9,0,4,2,0,4,1,1,10.0,1,5,1.796,0
12.67,18,0,4,4,0,0,0,0,73.8,2,2,0.883,0
6.13,11,0,3,1,0,0,0,0,22.6,3,2,0.915,0
9.98,14,0,3,2,0,0,0,0,45.9,2,1,0.213,0
23.77,16,0,1,1,0,0,0,0,100.3,1,1,0.252,0
340.42,0,1,1,1,2,2,0,0,65.8,1,4,49.658,0
12.98,17,0,3,1,0,0,0,0,72.3,4,3,0.563,0
8.75,15,0,0,1,0,0,0,0,128.6,1,1,0.026,0
11.92,15,0,3,2,0,0,0,0,69.3,1,3,0.718,0
12.85,15,0,1,1,0,0,0,0,15.8,1,1,0.794,0
76.25,9,0,3,1,0,0,0,0,11.0,1,1,5.863,0
84.19,14,0,3,3,0,0,0,1,2.5,2,1,5.288,0
16.43,15,0,0,1,0,0,0,0,29.0,1,3,0.843,0
1.91,16,0,4,4,0,0,0,0,13.9,1,1,0.824,0
4.73,11,0,2,2,0,1,0,0,145.1,1,1,0.747,0
15.11,8,0,2,1,0,0,0,0,90.9,3,2,0.023,0
50.92,8,0,4,1,0,1,0,0,133.7,1,1,0.579,0
12.03,19,0,0,0,0,0,0,0,30.1,1,2,0.666,0
22.53,20,0,1,1,0,1,0,0,116.1,2,3,0.971,0
20.34,14,0,3,3,0,0,0,0,58.8,1,3,0.555,0
11.71,9,0,0,1,0,0,0,0,167.2,2,1,0.757,0
26.26,20,0,3,1,0,0,0,0,76.1,1,1,3.208,0
124.84,22,0,10,3,0,5,1,1,86.8,6,3,0.132,1
87.72,18,0,8,6,3,6,1,0,185.8,4,5,1.749,1
41.51,14,0,1,1,0,0,0,0,30.3,1,1,2.439,0
32.16,11,0,4,2,0,0,0,0,10.2,1,1,0.037,0
20.46,18,0,1,1,0,1,0,0,16.4,2,3,0.636,0
26.60,19,0,2,1,0,0,0,0,81.4,2,2,3.953,0
201.97,15,0,3,7,0,1,0,1,262.6,1,3,4.906,0
226.00,17,0,2,2,0,0,0,0,24.1,3,2,3.600,0
6.97,11,0,5,5,0,1,0,0,2.2,1,1,0.402,0
33.14,21,0,2,2,1,0,1,0,127.7,2,1,0.179,0
18.65,14,0,3,3,0,1,1,0,7.1,1,4,0.279,0
16.50,15,0,2,2,0,0,1,0,15.2,1,2,0.853,0
65.07,9,0,2,2,0,0,0,0,67.8,2,1,30.134,0
6.26,18,0,2,2,0,0,0,1,21.3,1,1,0.705,0
22.05,14,0,1,1,0,1,1,0,17.1,1,1,0.072,0
291.20,17,0,7,6,1,4,0,1,692.4,6,2,6.053,1
32.91,16,0,3,3,0,0,0,0,14.3,2,1,0.236,0
15.45,17,0,2,1,0,1,0,0,6.5,1,1,0.367,0
97.92,17,0,4,5,3,3,0,1,86.1,4,4,9.012,1
5.41,18,0,2,2,0,0,0,0,98.2,3,1,0.424,0
6.91,19,0,2,1,0,0,0,0,4.5,2,1,0.889,0
5.59,17,0,0,1,0,0,0,0,16.9,2,3,0.948,0
50.57,13,0,0,2,0,0,0,0,170.5,1,1,0.333,0
5.15,11,0,1,2,1,0,0,1,112.8,3,3,0.736,0
113.32,18,0,2,1,0,0,0,0,57.3,1,2,1.897,0
47.22,9,0,1,1,0,0,0,0,51.5,1,1,0.586,0
20.57,10,0,3,3,1,1,0,0,118.4,1,1,0.761,0
132.87,2,1,4,4,1,1,0,1,25.0,2,1,16.669,0
62.80,10,0,1,1,0,0,0,0,0.6,1,3,0.310,0
4.97,10,0,2,2,0,1,0,0,51.3,1,1,0.667,0
118.82,12,0,3,1,0,0,0,0,0.4,1,1,5.324,0
27.71,16,0,0,3,0,0,0,0,95.7,3,3,0.814,0
30.47,12,0,1,1,0,0,0,0,47.4,1,1,0.217,0
42.90,9,0,1,1,0,0,0,0,33.0,1,2,0.908,0
3.55,18,0,1,1,1,0,0,0,1.2,1,1,0.791,0
1.69,13,0,1,1,0,0,0,0,51.6,1,2,0.985,0
62.64,19,0,1,2,0,0,0,0,11.1,3,1,0.615,0
26.66,14,0,2,1,0,0,0,0,56.4,1,1,1.233,0
127.23,15,0,1,3,0,0,0,0,323.3,1,2,3.717,0
5.73,18,0,1,2,0,0,0,0,24.1,1,1,0.691,0
12.85,8,0,2,2,0,0,0,0,19.4,1,4,0.823,0
36.09,9,0,1,1,0,0,0,0,38.7,1,1,2.511,0
24.28,8,0,1,1,0,0,0,0,120.7,1,1,1.490,0
31.29,18,0,3,2,0,0,0,1,65.5,1,3,0.037,0
9.76,9,0,4,1,0,0,0,1,4.1,2,6,0.893,0
463.85,23,1,11,7,0,3,0,1,1130.7,6,5,13.220,1
23.25,18,0,1,1,0,0,0,0,12.1,3,1,0.768,0
42.04,8,0,0,1,0,0,0,0,1.1,1,1,0.398,0
13.92,17,0,2,2,0,0,0,0,54.4,1,1,0.518,0
18.49,9,0,4,4,0,0,0,0,56.4,2,1,1.575,0
17.04,17,0,2,1,0,0,0,0,66.7,1,1,0.303,0
35.31,16,0,1,1,0,0,0,0,0.9,1,2,0.814,0
15.44,18,0,1,1,0,1,0,0,120.3,1,1,0.651,0
489.96,17,0,1,3,0,0,0,0,61.6,1,1,8.252,0
7.69,10,0,2,2,0,0,0,1,65.6,1,3,0.821,0
46.13,17,0,2,2,0,4,0,0,16.3,1,1,0.846,0
9.90,15,0,2,2,0,0,0,0,30.0,1,2,0.840,0
27.15,10,0,0,2,0,0,0,0,86.6,1,1,0.598,0
56.38,9,0,0,0,0,0,0,0,24.0,2,1,0.159,0
13.65,19,0,1,1,0,1,0,0,15.3,1,1,0.341,0
25.72,18,0,4,4,0,0,0,0,165.5,4,1,0.769,0
135.28,3,1,2,2,0,1,0,0,132.5,3,1,9.179,0
7.10,20,0,1,1,0,0,0,0,14.0,2,2,0.049,0
21.93,9,0,1,1,0,1,0,0,1.0,2,1,0.518,0
15.45,17,0,1,4,0,0,0,0,28.0,1,2,0.815,0
12.43,18,0,2,1,0,0,0,0,46.8,1,2,0.488,0
6.48,11,0,3,3,0,1,1,0,68.6,1,1,0.580,0
32.13,15,0,1,1,0,0,0,1,48.4,1,2,4.293,0
4.19,8,0,3,3,1,0,0,0,26.2,1,1,0.732,0
4.56,12,0,6,2,0,0,0,0,65.3,1,1,0.890,0
19.97,13,0,2,1,0,0,0,0,17.2,2,2,0.515,0
6.84,14,0,3,1,0,0,0,1,4.4,3,1,0.875,0
18.61,11,0,1,1,0,1,0,0,71.2,2,2,0.622,0
29.15,14,0,1,1,1,0,0,0,40.7,3,1,0.194,0
9.51,21,0,2,6,0,0,0,0,14.7,1,2,0.257,0
14.12,19,0,1,1,0,0,0,0,10.1,1,2,0.532,0
52.44,12,0,2,2,0,0,0,0,39.2,1,1,0.425,0
5.27,12,0,1,2,0,0,0,0,19.1,3,1,0.905,0
25.83,16,0,3,1,0,0,0,0,54.4,1,1,0.756,0
108.68,17,0,1,1,0,0,0,0,3.3,3,2,9.470,0
24.73,20,0,2,2,0,1,0,0,30.7,2,3,8.585,0
8.50,19,0,3,3,0,0,0,0,7.3,2,1,0.848,0
1.65,14,0,2,2,0,0,1,0,10.9,1,2,0.944,0
52.21,1,1,12,4,0,4,1,0,306.6,3,2,6.261,1
31.72,14,0,1,1,0,0,0,0,17.2,1,1,4.918,0
125.28,16,0,2,1,0,0,0,0,52.6,3,1,14.094,0
28.71,11,0,5,1,0,0,0,0,9.2,1,2,1.568,0
7.26,10,0,2,1,0,0,0,0,89.6,1,1,0.214,0
8.33,12,0,1,2,0,0,0,0,53.9,1,1,0.662,0
7.46,12,0,3,1,0,1,0,0,18.4,1,1,0.895,0
52.72,17,0,2,1,0,1,0,0,8.0,1,1,0.603,0
19.19,16,0,2,1,0,0,0,0,80.9,1,1,0.101,0
32.77,10,0,5,1,0,0,0,0,19.1,4,3,1.094,0
35.11,10,0,3,1,0,0,0,0,9.1,1,2,0.559,0
76.69,12,0,0,2,0,0,0,0,103.4,2,2,5.704,0
382.69,5,1,13,5,4,3,1,1,180.0,2,6,27.326,1
159.96,16,0,3,2,0,0,0,0,54.5,2,3,17.885,0
25.02,14,0,1,1,0,0,0,0,8.1,1,2,0.179,0
13.15,20,0,2,2,0,0,0,1,49.4,4,3,0.820,0
22.20,12,0,1,2,0,0,0,1,137.6,1,1,0.453,0
28.87,12,0,1,1,0,1,0,0,39.0,1,2,3.341,0
20.41,9,0,1,1,0,0,0,1,19.1,2,1,1.418,0
45.27,21,0,0,0,0,0,0,0,27.7,2,2,4.617,0
74.03,14,0,3,3,0,0,0,0,14.9,1,1,5.258,0
9.54,9,0,1,1,0,0,0,1,3.2,3,1,0.786,0
140.89,2,1,9,4,0,1,1,0,172.7,5,1,8.043,0
16.62,18,0,12,4,0,2,1,0,55.9,1,2,0.687,0
9.70,11,0,1,1,0,0,0,0,37.3,1,1,0.633,0
62.34,10,0,1,1,0,0,0,0,39.5,2,1,0.110,0
51.39,9,0,3,3,0,0,0,0,106.7,4,1,8.000,0
10.28,13,0,3,3,0,0,0,0,7.2,1,5,0.572,0
134.58,19,0,4,4,0,0,0,0,3.4,2,1,3.806,0
6.79,14,0,2,1,0,0,0,0,139.8,1,2,0.924,0
19.59,13,0,2,2,2,2,0,1,54.6,1,1,0.783,0
109.61,17,0,3,3,0,0,0,0,4.9,2,1,3.577,0
19.54,18,0,2,2,0,0,0,0,35.8,1,1,0.843,0
8.48,8,0,0,0,0,0,0,1,10.8,2,5,0.655,0
38.00,10,0,3,4,0,0,0,0,12.4,1,4,1.376,0
165.14,16,0,5,1,0,0,0,0,31.2,2,2,5.627,0
31.15,12,0,1,2,0,1,0,0,2.3,1,2,1.735,0
13.12,17,0,2,1,0,0,0,0,13.1,2,1,0.759,0
62.32,22,0,6,3,1,1,0,1,249.5,1,3,0.338,0
293.59,18,0,1,1,0,0,0,0,17.3,1,2,7.517,0
20.84,9,0,0,2,0,1,0,1,15.7,1,1,1.582,0
43.71,13,0,1,2,0,0,0,0,40.3,1,4,0.065,0
6.09,20,0,1,1,0,0,0,0,8.0,2,2,0.517,0
19.86,9,0,2,2,0,0,0,0,124.8,1,1,0.494,0
132.54,12,0,0,0,0,1,0,0,37.1,2,2,3.274,0
81.01,21,0,2,2,0,1,0,0,23.8,1,1,13.676,0
7.05,9,0,2,2,0,0,0,0,169.9,1,1,0.890,0
21.83,19,0,3,3,0,0,0,0,42.9,1,1,1.183,0
25.97,14,0,2,2,0,2,0,0,36.6,3,2,0.604,0
49.09,11,0,2,1,0,1,0,0,2.2,1,1,0.723,0
94.64,14,0,2,1,0,0,0,0,87.6,1,1,0.088,0
18.35,17,0,1,1,0,0,0,0,39.3,1,1,1.095,0
6.49,20,0,2,2,0,0,0,0,54.0,2,1,0.560,0
15.96,10,0,3,1,0,0,0,0,42.4,2,1,2.418,0
23.52,16,0,0,3,0,0,0,1,133.7,1,1,0.119,0
7.30,13,0,4,1,0,0,0,0,4.2,1,5,0.842,0
152.86,5,1,4,2,0,1,0,1,705.4,2,2,10.537,0
50.59,8,0,0,1,0,0,0,0,32.6,1,1,0.696,0
4.37,10,0,1,2,0,0,0,0,17.8,2,1,0.761,0
5.09,17,0,5,1,0,0,0,0,143.1,1,2,0.872,0
44.53,8,0,1,1,2,0,0,0,10.0,1,2,4.798,0
41.68,9,0,2,2,1,1,0,1,34.7,1,2,0.631,0
53.32,10,0,7,1,1,4,0,1,728.5,5,5,0.413,0
13.68,9,0,2,1,0,0,0,0,104.1,1,2,0.442,0
15.73,19,0,1,1,0,1,0,0,71.4,3,1,0.748,0
18.40,16,0,1,1,0,0,0,0,1.7,1,1,0.357,0
58.60,12,0,0,0,0,0,0,0,34.6,1,1,2.674,0
87.03,10,0,3,3,0,1,0,0,113.2,1,1,4.252,0
62.26,17,0,0,2,0,0,0,0,63.2,2,2,0.060,0
42.85,15,0,1,1,0,1,0,0,23.7,1,1,0.720,0
24.44,18,0,5,5,0,0,0,0,12.3,3,2,0.390,0
94.65,17,0,0,0,0,0,0,0,78.7,4,1,0.346,0
34.74,14,0,1,1,0,0,0,0,80.3,1,1,0.144,0
15.84,17,0,2,2,0,0,0,0,160.8,2,1,0.597,0
10.57,9,0,4,1,0,0,0,0,70.9,3,3,0.589,0
59.31,10,0,0,0,0,0,0,0,25.8,1,3,0.194,0
45.42,17,0,3,3,0,0,0,0,52.9,1,2,0.491,0
33.30,18,0,0,0,0,0,0,1,119.6,1,2,0.171,0
10.08,8,0,2,1,0,0,0,0,43.0,1,5,0.694,0
5.33,17,0,2,1,0,1,0,0,98.9,1,2,0.856,0
42.36,11,0,0,1,0,0,0,0,118.9,1,1,0.364,0
35.72,18,0,4,4,0,1,0,0,53.5,1,1,1.750,0
17.01,17,0,2,1,0,0,0,0,123.6,1,1,0.853,0
31.17,1,1,10,10,0,4,0,1,417.8,3,3,0.724,0
4.35,20,0,1,4,0,1,0,0,0.4,3,1,0.471,0
14.97,8,0,1,1,0,0,0,0,28.3,2,1,0.250,0
16.75,14,0,2,2,0,1,0,0,54.0,1,1,2.739,0
30.06,9,0,1,1,0,0,0,0,2.6,1,1,0.681,0
32.57,20,0,1,2,0,0,0,0,76.1,1,1,2.418,0
31.26,12,0,4,2,0,1,1,0,39.5,1,2,0.393,0
10.42,20,0,1,2,0,0,0,0,3.4,3,1,0.959,0
8.73,20,0,2,1,0,0,0,0,38.9,2,2,0.845,0
72.56,13,0,1,1,0,0,1,0,16.3,3,1,1.517,0
11.29,13,0,2,2,0,1,0,0,23.2,1,3,0.823,0
105.35,10,0,3,2,0,0,0,0,169.3,1,3,2.977,0
5.22,8,0,1,1,0,0,0,0,8.9,2,2,0.401,0
40.95,20,0,0,3,1,0,0,0,100.5,1,3,0.504,0
5.97,15,0,3,1,0,0,0,0,96.2,1,3,0.880,0
189.57,9,0,2,2,0,0,0,0,21.9,3,1,18.767,0
20.35,14,0,5,5,0,0,0,0,15.5,1,3,0.862,0
75.47,18,0,7,4,2,2,0,0,435.1,2,3,4.557,0
43.66,21,0,4,1,1,1,0,0,109.8,1,1,0.352,0
7.90,14,0,3,3,0,0,0,1,82.5,1,1,0.948,0
14.95,17,0,1,1,0,0,0,0,43.9,1,1,0.651,0
12.77,10,0,2,2,0,2,0,0,76.6,2,1,0.757,0
26.84,10,0,1,1,0,0,0,0,5.4,1,1,2.372,0
2.65,17,0,2,1,0,0,0,0,82.2,4,1,0.646,0
29.62,18,0,0,1,0,1,0,0,21.3,1,3,0.326,0
5.62,18,0,4,1,0,0,0,0,8.1,3,1,0.917,0
16.76,5,1,4,4,0,1,1,0,55.2,7,1,0.587,0
16.86,14,0,5,5,0,0,0,0,68.3,3,1,0.481,0
28.23,13,0,4,4,0,0,0,0,1.2,1,1,0.289,0
62.03,21,0,3,3,0,0,0,0,89.7,1,2,1.457,0
49.70,19,0,1,1,0,1,0,0,4.1,1,1,4.005,0
21.78,13,0,1,1,0,1,0,1,21.5,1,3,0.806,0
87.84,10,0,1,1,0,0,0,0,17.7,2,1,0.161,0
12.30,11,0,1,1,0,0,0,0,71.6,1,1,0.073,0
21.47,8,0,1,1,0,1,0,0,64.0,1,2,0.417,0
24.73,13,0,3,3,0,0,0,0,16.3,2,2,0.844,0
17.29,10,0,5,1,0,1,0,0,121.6,1,1,0.411,0
7.95,16,0,1,1,0,0,0,0,41.8,2,4,0.721,0
16.36,4,1,5,6,2,3,0,1,60.9,2,2,0.504,0
14.49,18,0,0,1,0,1,0,0,8.1,1,1,1.182,0
60.40,9,0,3,2,0,1,1,0,253.7,2,1,0.812,0
29.53,18,0,5,1,0,0,0,0,39.1,1,4,0.301,0
452.49,19,0,4,6,1,2,1,1,291.2,4,5,14.491,1
34.92,11,0,3,3,0,0,0,0,18.5,2,2,3.089,0
140.33,11,0,1,1,0,0,0,0,14.9,1,1,17.736,0
19.24,20,0,0,2,0,1,0,0,73.4,1,1,2.185,0
9.45,16,0,1,1,0,1,0,0,126.6,1,2,0.412,0
12.04,11,0,0,2,0,0,0,0,0.6,1,2,0.685,0
25.91,8,0,0,3,0,0,0,0,0.1,3,1,0.595,0
71.60,1,1,3,5,0,3,0,0,61.9,2,2,2.224,0
32.31,10,0,1,1,0,0,0,0,5.0,1,3,3.918,0
11.39,18,0,4,1,0,0,0,0,112.6,1,1,0.698,0
8.84,20,0,1,1,0,1,0,0,28.2,1,1,0.574,0
174.36,15,0,3,3,0,0,0,0,15.0,2,1,2.883,0
280.61,5,1,9,5,0,9,1,1,446.6,4,3,12.989,1
11.21,18,0,4,2,0,0,1,0,24.4,1,1,0.155,0
12.74,14,0,3,3,0,1,0,0,0.2,4,3,1.267,0
16.75,13,0,3,3,0,0,1,1,105.6,1,1,0.057,0
8.57,13,0,2,2,0,0,0,0,80.4,1,1,0.544,0
28.42,10,0,3,4,0,0,0,0,98.9,1,1,0.076,0
55.62,9,0,4,4,1,0,0,0,56.3,1,3,1.002,0
41.95,9,0,3,2,0,0,0,0,3.7,1,3,0.871,0
18.22,11,0,2,2,0,0,0,0,45.4,1,4,0.154,0
136.18,13,0,10,7,0,1,0,1,27.3,1,4,3.195,0
11.81,12,0,3,1,0,0,0,0,146.7,1,1,0.574,0
517.29,15,0,2,6,0,2,1,1,10.0,1,1,3.630,0
20.94,15,0,2,2,0,0,0,0,56.1,1,1,0.830,0
35.70,8,0,4,1,0,1,0,0,90.1,1,1,0.454,0
30.94,13,0,2,2,0,1,0,0,0.1,1,1,0.663,0
39.26,19,0,2,1,0,0,0,0,117.5,1,1,4.491,0
19.64,18,0,2,2,0,1,0,0,28.0,3,1,0.018,0
38.57,15,0,4,1,0,0,0,1,22.1,2,1,3.907,0
28.21,10,0,2,2,0,1,0,0,18.8,1,1,0.005,0
46.48,11,0,1,1,0,0,0,0,69.9,1,1,0.413,0
65.80,15,0,1,1,0,0,0,0,89.4,3,1,2.330,0
19.11,15,0,0,0,0,0,0,0,22.9,1,2,0.920,0
109.74,7,0,5,5,1,1,0,1,110.8,2,4,7.641,0
7.93,21,0,3,1,1,1,0,0,30.9,1,1,0.340,0
27.31,16,0,1,1,0,0,0,0,22.7,1,2,0.026,0
10.55,9,0,1,2,0,0,0,0,24.0,1,1,0.658,0
47.47,9,0,0,0,0,1,0,0,3.3,3,3,0.336,0
227.34,4,1,5,7,1,2,1,0,616.0,4,8,38.675,1
3.79,20,0,2,2,0,0,0,1,21.7,1,1,0.440,0
41.41,4,1,8,4,4,3,1,1,61.8,1,5,0.001,1
19.02,11,0,6,2,0,0,0,0,4.2,1,1,1.777,0
8.10,11,0,2,1,0,0,0,0,3.8,2,4,0.466,0
62.05,17,0,1,1,0,0,0,0,29.8,3,3,1.855,0
18.52,20,0,3,2,0,1,0,0,6.5,1,5,0.569,0
34.66,20,0,5,5,0,0,0,0,33.3,5,1,4.236,0
144.82,4,1,3,4,1,3,0,1,281.7,1,2,0.797,0
27.93,17,0,4,2,0,0,0,0,23.2,1,1,0.757,0
22.24,20,0,2,2,0,0,0,0,62.7,2,1,0.481,0
48.46,18,0,0,3,0,0,0,0,13.8,4,1,0.643,0
19.38,10,0,4,2,0,0,0,0,291.4,3,4,0.279,0
23.11,13,0,0,1,0,1,0,0,206.6,1,1,0.245,0
5.76,21,0,2,1,0,0,0,0,1.3,2,1,0.563,0
3.61,12,0,0,1,0,0,0,0,56.1,4,1,0.945,0
10.08,14,0,2,2,0,0,0,0,135.2,1,2,0.860,0
30.02,10,0,1,1,0,0,1,0,7.6,1,1,0.461,0
46.06,19,0,4,1,0,0,0,0,8.8,1,3,0.226,0
6.13,14,0,2,1,0,1,1,0,1.1,2,3,0.676,0
20.76,10,0,1,2,0,1,0,0,56.0,1,1,1.924,0
17.13,20,0,1,3,0,2,0,0,19.4,1,1,0.172,0
24.31,10,0,1,1,0,1,0,0,21.6,1,1,0.552,0
45.00,11,0,2,1,0,0,0,0,2.9,1,2,0.993,0
10.62,9,0,2,2,0,0,0,0,76.0,1,1,0.835,0
84.49,11,0,1,1,0,0,0,0,2.6,2,1,1.057,0
35.57,14,0,1,3,0,0,0,0,11.3,1,2,7.066,0
27.94,9,0,5,8,0,0,0,0,84.0,5,2,0.346,0
47.54,18,0,1,1,0,0,0,0,166.8,1,1,0.602,0
3.31,12,0,3,3,0,0,0,0,8.3,1,2,0.980,0
36.05,11,0,1,1,0,1,0,0,213.0,1,1,2.970,0
49.10,20,0,4,1,0,1,0,0,104.1,2,2,3.229,0
516.59,0,1,5,2,1,1,0,0,103.8,2,1,34.142,0
83.11,17,0,5,2,0,1,0,0,129.9,1,2,1.677,0
22.45,19,0,1,1,0,0,0,0,123.3,1,4,1.799,0
124.46,17,0,2,1,0,0,0,0,10.8,1,2,4.041,0
13.61,11,0,1,1,0,0,0,0,76.7,1,2,0.492,0
16.09,14,0,2,1,0,0,1,0,4.0,1,1,0.836,0
19.74,15,0,0,0,0,0,0,1,1.9,1,1,2.964,0
39.71,17,0,2,2,0,0,0,0,57.7,2,1,0.099,0
10.96,20,0,2,1,0,0,0,0,40.6,1,1,0.260,0
24.60,9,0,6,6,0,1,0,0,61.1,2,2,0.215,0
30.27,16,0,1,1,0,0,0,0,88.7,1,1,0.172,0
189.07,8,0,3,3,0,0,0,0,78.2,2,3,19.200,0
18.01,11,0,2,2,0,0,0,0,9.4,2,2,0.716,0
28.96,9,0,1,1,0,0,0,0,21.0,2,1,0.287,0
20.90,15,0,2,2,0,0,0,0,76.1,4,1,0.041,0
29.04,13,0,2,1,0,0,0,0,16.6,2,4,0.522,0
39.99,9,0,0,1,0,0,0,0,2.7,3,2,3.645,0
29.83,8,0,0,1,0,0,0,1,29.1,1,1,0.548,0
16.12,11,0,0,3,0,0,0,0,8.0,1,2,0.183,0
68.74,19,0,1,1,0,1,0,0,28.4,1,2,3.189,0
14.50,17,0,0,1,0,0,0,0,2.5,2,1,2.816,0
14.59,16,0,1,1,0,1,0,0,60.7,1,1,0.059,0
7.12,12,0,4,4,0,0,0,1,40.0,2,2,0.803,0
11.98,20,0,3,2,0,1,0,0,6.4,1,3,0.205,0
672.95,0,1,9,10,2,2,1,1,50.0,2,6,4.904,1
69.64,21,0,6,5,0,2,1,0,161.5,2,5,0.248,0
35.83,17,0,2,1,1,0,0,0,15.8,1,1,0.321,0
23.86,9,0,7,6,0,1,0,0,236.9,3,3,1.075,0
80.81,13,0,1,2,0,0,0,0,67.4,5,1,11.263,0
17.83,14,0,1,1,0,0,0,0,63.8,2,1,0.333,0
17.17,13,0,0,3,0,0,0,0,22.1,1,4,0.140,0
25.91,17,0,4,2,0,0,0,0,108.5,2,2,0.739,0
14.98,19,0,1,1,0,0,0,0,82.9,1,2,0.959,0
69.78,10,0,2,2,0,0,0,0,140.3,1,3,0.118,0
8.29,10,0,0,1,0,0,0,0,172.0,1,2,2.856,0
42.75,10,0,0,0,0,0,0,0,82.7,1,2,0.585,0
31.41,14,0,0,0,0,1,0,0,60.7,1,2,0.310,0
73.09,17,0,2,1,0,0,0,0,22.2,2,1,1.159,0
123.97,21,0,3,2,0,0,0,0,31.9,2,1,1.441,0
14.85,15,0,0,1,0,0,0,0,17.0,1,1,3.381,0
12.77,17,0,3,1,0,0,0,0,51.6,1,1,0.688,0
18.01,13,0,3,1,0,1,0,0,44.1,1,1,0.234,0
25.38,19,0,2,5,0,1,0,0,10.2,3,1,1.663,0
20.81,18,0,5,7,0,0,0,1,39.1,3,2,0.340,0
232.09,3,1,7,4,0,2,0,0,55.8,3,4,2.040,0
39.74,10,0,1,2,0,0,0,0,18.9,1,1,0.525,0
40.54,12,0,1,1,0,0,0,0,66.6,3,3,0.604,0
22.54,14,0,2,2,0,0,0,0,66.4,2,1,0.856,0
24.57,18,0,5,5,0,0,0,0,6.5,1,2,0.565,0
93.58,1,1,9,3,2,2,0,0,24.0,4,1,2.606,0
39.88,14,0,4,4,0,0,0,0,227.1,1,1,2.049,0
128.82,10,0,10,2,0,2,1,0,288.5,2,1,0.770,0
92.17,15,0,1,1,0,0,0,0,23.7,2,1,13.050,0
58.66,22,0,3,3,0,5,1,0,10.0,1,4,6.821,0
27.11,10,0,2,2,0,1,0,0,113.0,3,1,0.104,0
99.46,12,0,3,3,0,0,1,0,40.4,2,1,1.377,0
26.48,10,0,3,3,0,0,0,0,47.7,1,1,8.881,0
8.19,18,0,3,1,0,0,0,0,9.4,2,1,0.847,0
69.40,21,0,0,0,0,0,0,0,24.5,1,1,0.550,0
17.28,18,0,0,1,0,0,0,0,21.5,3,2,0.028,0
44.13,19,0,4,1,0,1,0,0,32.4,1,4,7.519,0
9.36,19,0,1,1,0,0,0,0,42.7,1,1,0.577,0
23.11,9,0,1,2,0,0,0,0,72.2,2,1,0.567,0
124.34,11,0,1,1,0,1,0,0,8.1,1,1,0.474,0
7.32,16,0,1,3,0,0,0,0,22.9,3,1,0.475,0
12.71,16,0,1,2,0,0,0,0,69.7,1,2,0.261,0
41.40,20,0,2,2,0,1,0,0,19.0,3,1,0.473,0
13.36,18,0,1,2,0,0,0,0,14.4,4,1,0.511,0
19.68,14,0,0,1,0,0,0,0,101.4,1,2,0.383,0
95.33,16,0,2,2,0,0,0,1,144.1,2,1,1.241,0
44.69,15,0,4,6,0,0,0,0,124.7,1,1,0.048,0
22.12,13,0,1,1,0,1,0,0,96.9,3,1,0.152,0
85.06,16,0,5,1,0,1,0,0,137.1,1,1,3.435,0
35.07,18,0,2,2,0,2,0,0,13.2,1,3,1.482,0
53.05,14,0,4,1,0,0,0,0,120.0,1,2,0.083,0
32.18,16,0,1,2,0,1,0,0,28.4,1,1,0.616,0
3.37,18,0,0,1,0,1,0,0,34.4,1,1,0.911,0
13.21,14,0,1,1,0,0,0,0,16.6,1,4,0.142,0
27.37,20,0,1,4,0,1,0,0,63.9,1,2,0.523,0
76.10,11,0,4,2,0,1,0,0,7.3,1,3,0.179,1
48.43,20,0,1,1,0,0,0,0,81.6,1,1,4.793,0
13.55,14,0,2,2,0,0,0,0,18.0,2,1,0.118,0
14.16,11,0,1,1,1,0,0,0,101.2,1,1,0.517,0
40.55,19,0,3,1,0,1,0,0,135.2,2,2,0.225,0
86.78,18,0,5,1,0,1,0,0,5.7,1,1,1.799,0
7.14,15,0,2,1,0,0,0,0,6.8,2,2,0.750,0
9.58,13,0,1,1,0,0,0,0,93.0,4,1,0.727,0
17.86,18,0,3,3,0,0,0,0,39.8,1,1,0.823,0
22.81,18,0,1,2,0,0,0,0,0.3,1,1,0.217,0
3.05,19,0,1,1,0,1,0,0,159.2,1,2,0.828,0
40.59,11,0,2,3,0,0,0,0,33.3,2,4,0.573,0
66.88,8,0,1,1,0,1,0,0,195.6,2,1,13.829,0
19.37,11,0,1,1,0,0,0,1,30.5,1,2,2.027,0
17.28,19,0,0,0,0,2,0,0,13.2,1,1,0.756,0
16.64,19,0,4,2,0,0,0,0,166.6,3,1,0.384,0
35.69,8,0,2,2,0,0,1,0,10.9,2,1,1.356,0
81.45,17,0,3,3,0,0,0,0,46.2,1,2,7.702,0
20.25,10,0,2,2,0,0,0,0,45.2,2,3,0.445,0
14.18,14,0,6,3,0,1,1,1,89.3,2,6,0.225,0
49.71,16,0,1,1,1,0,0,1,79.2,1,1,0.800,0
24.78,18,0,1,1,0,2,0,0,132.2,2,1,0.159,0
10.65,20,0,3,2,0,0,0,0,114.8,1,1,0.027,0
19.90,17,0,3,3,0,0,0,0,8.7,1,2,2.105,0
2.44,18,0,2,2,0,0,0,0,10.5,1,1,0.613,0
41.61,12,0,0,1,0,0,0,0,28.8,1,1,5.229,0
34.10,20,0,2,2,0,0,0,0,133.3,1,2,3.252,0
23.74,16,0,1,1,0,0,0,0,46.1,2,2,0.048,0
27.88,13,0,5,2,0,1,0,0,54.7,1,1,0.781,0
68.67,8,0,3,3,0,0,0,0,260.6,3,1,0.413,0
6.08,8,0,0,0,0,0,0,0,2.9,1,1,0.925,0
20.39,14,0,0,0,0,0,0,0,29.5,2,1,0.888,0
444.11,9,0,10,4,2,4,1,1,890.3,3,5,15.633,1
93.39,19,0,2,1,0,0,0,0,20.0,1,2,2.882,0
22.53,16,0,2,2,0,0,1,0,30.3,2,1,0.654,0
128.94,20,0,3,1,0,1,0,0,288.9,5,6,3.185,0
3.70,15,0,4,4,0,0,0,1,24.9,2,3,0.923,0
850.05,11,0,5,3,0,3,1,1,187.4,3,6,8.578,0
17.68,14,0,2,2,0,1,0,0,3.1,1,1,1.235,0
20.34,14,0,1,1,0,0,0,0,36.5,1,2,8.505,0
22.75,13,0,2,2,0,1,0,0,20.4,1,2,0.209,0
26.06,11,0,1,1,0,0,0,0,12.8,1,1,1.706,0
503.77,3,1,11,9,1,6,1,1,871.1,5,3,23.914,1
14.69,14,0,1,1,1,1,0,0,39.8,2,2,2.636,0
42.10,13,0,3,3,0,0,0,0,44.9,2,1,6.682,0
40.61,15,0,1,2,0,0,0,1,133.6,1,4,4.070,0
13.27,10,0,3,3,0,1,0,0,17.6,1,1,0.264,0
14.25,16,0,5,1,1,0,0,0,46.4,1,5,0.414,0
82.77,15,0,0,1,0,1,0,0,117.6,1,3,6.384,0
12.86,15,0,1,1,0,0,0,0,6.6,2,1,0.877,0
22.18,20,0,3,2,0,0,0,0,85.8,1,1,0.362,0
29.67,14,0,0,2,0,1,0,0,18.9,1,1,0.167,0
34.24,12,0,3,3,1,1,0,0,8.0,2,3,1.432,0
11.30,18,0,0,0,0,0,0,0,26.4,1,1,0.751,0
47.85,11,0,1,1,0,1,0,0,16.5,1,1,0.035,0
6.35,19,0,0,0,0,1,0,0,103.9,2,1,0.752,0
306.06,11,0,2,2,0,0,0,0,59.7,3,2,6.458,0
132.87,5,1,6,5,1,3,0,0,221.3,3,1,47.141,0
93.09,9,0,3,1,0,1,0,0,18.0,1,1,2.721,0
41.45,11,0,2,3,0,1,0,0,80.0,1,3,0.858,0
24.81,19,0,3,3,0,0,1,0,15.5,1,1,0.819,0
64.91,15,0,0,1,0,0,0,0,42.4,1,1,9.436,0
31.49,18,0,2,1,0,0,0,0,34.9,2,3,0.987,0
42.28,12,0,3,3,0,0,0,0,33.8,1,1,1.087,0
749.13,8,0,10,3,2,2,0,1,409.7,4,3,40.048,1
18.01,17,0,2,1,0,1,0,0,62.4,1,4,0.219,0
87.32,17,0,1,1,0,0,0,0,111.6,1,2,1.564,0
16.80,10,0,1,2,0,1,0,0,62.7,1,2,1.100,0
44.77,12,0,2,2,0,0,0,0,10.6,1,1,14.876,0
70.84,12,0,2,2,0,0,0,0,8.5,1,1,1.624,0
7.79,16,0,1,2,0,0,1,0,42.0,2,1,0.893,0
84.51,15,0,2,2,0,1,0,0,120.2,2,2,2.224,0
38.24,13,0,0,3,0,0,0,0,9.3,1,1,0.430,0
54.22,8,0,3,1,0,0,0,0,20.9,1,2,11.818,0
171.92,16,0,5,3,0,0,0,0,23.8,1,2,8.588,0
49.23,13,0,1,1,0,1,0,0,87.4,1,3,0.538,0
20.16,20,0,1,1,0,0,0,0,25.2,1,1,0.325,0
12.74,15,0,3,1,0,0,0,0,11.0,1,1,0.618,0
16.21,15,0,5,1,0,0,0,0,32.2,1,1,0.970,0
1208.04,14,0,14,15,2,3,0,1,74.4,4,6,5.811,1
231.07,11,0,2,1,0,0,0,0,11.4,1,4,14.467,0
38.78,15,0,5,3,0,0,0,0,67.9,2,3,0.366,0
100.21,11,0,2,1,0,0,0,0,162.1,1,2,1.411,0
93.31,20,0,0,1,0,0,0,0,17.1,2,5,4.854,0
68.70,14,0,2,3,0,3,1,0,191.1,2,2,9.939,0
26.79,18,0,2,1,0,0,0,0,13.0,2,2,0.123,0
26.21,11,0,3,1,0,0,0,0,21.2,1,1,0.444,0
10.19,19,0,3,3,0,0,0,0,69.6,1,2,0.378,0
14.23,10,0,1,1,0,0,0,0,78.8,3,3,0.192,0
66.38,21,0,2,1,0,0,0,0,23.1,2,1,3.842,0
17.16,9,0,3,1,0,0,0,0,24.8,1,1,0.328,0
38.17,8,0,2,1,0,0,0,0,2.6,3,3,0.206,0
8.10,18,0,2,2,0,0,0,1,24.8,3,1,0.453,0
8.50,19,0,1,1,0,0,0,0,65.3,1,1,0.804,0
32.15,15,0,2,2,0,1,0,0,28.3,2,5,1.428,0
46.98,13,0,2,1,0,1,0,0,71.8,2,1,2.417,0
145.65,0,1,6,4,1,1,0,0,22.7,1,2,7.870,0
13.67,9,0,2,3,0,1,0,0,2.9,2,1,0.865,0
38.89,12,0,3,3,1,0,1,0,58.0,3,1,0.475,0
906.39,20,0,7,4,0,5,1,0,810.5,3,3,107.941,1
72.15,18,0,2,2,0,0,1,0,251.8,1,1,9.105,0
414.56,8,0,4,3,0,0,0,0,18.8,1,1,30.573,0
41.70,15,0,5,2,0,3,0,1,24.9,2,3,1.520,0
149.46,19,0,4,3,0,1,0,0,102.0,1,2,2.820,0
8.06,17,0,4,1,0,0,0,0,28.7,1,2,0.669,0
74.84,17,0,1,1,0,0,0,0,39.4,1,2,5.134,0
24.14,19,0,3,1,0,0,0,0,0.0,1,1,0.602,0
7.89,12,0,2,2,0,1,0,1,33.9,2,1,1.110,0
73.24,16,0,0,0,0,1,0,0,34.6,4,3,0.022,0
20.07,20,0,3,3,0,1,0,0,81.2,1,3,0.280,0
14.66,10,0,3,3,0,1,0,0,18.0,2,1,0.503,0
54.92,10,0,2,3,0,0,0,0,88.4,3,1,0.044,0
8.74,12,0,1,1,0,1,0,0,29.7,1,2,0.502,0
6.08,17,0,3,2,0,0,0,0,58.4,2,4,0.615,0
35.61,11,0,2,2,0,0,0,0,6.8,1,1,4.008,0
35.21,12,0,0,3,0,0,0,0,3.2,1,2,0.465,0
29.15,17,0,1,1,0,0,0,0,60.0,1,2,2.343,0
7.11,16,0,3,2,0,0,0,0,71.8,1,3,0.283,0
11.55,10,0,2,2,0,1,0,0,60.9,1,1,0.704,0
6.23,15,0,2,2,1,0,1,0,57.0,1,1,0.833,0
116.00,12,0,2,2,0,1,0,0,193.8,1,1,3.252,0
133.95,16,0,1,2,0,0,0,0,31.3,1,1,9.639,0
14.31,17,0,2,2,0,0,0,0,101.2,1,4,0.612,0
14.80,10,0,1,1,0,1,0,0,145.9,2,2,2.289,0
17.03,13,0,2,2,0,0,0,0,3.4,1,3,0.390,0
32.29,20,0,3,2,0,0,0,0,29.3,1,1,0.419,0
8.39,8,0,0,3,0,1,0,0,17.6,1,2,0.625,0
776.47,10,0,7,3,2,4,1,1,671.2,8,5,21.153,1
4.51,15,0,3,2,0,1,0,0,16.0,1,2,0.737,0
6.41,18,0,0,0,0,1,0,0,96.2,3,1,3.514,0
19.71,8,0,4,1,0,0,0,0,46.3,1,1,1.415,0
579.17,20,0,9,3,3,5,0,1,255.4,6,7,42.093,1
18.57,16,0,0,1,0,0,0,0,71.9,1,2,0.632,0
15.07,9,0,2,2,0,1,1,0,22.9,1,1,0.740,0
37.86,14,0,2,2,0,1,0,0,24.7,1,1,0.257,0
28.80,17,0,4,2,2,0,0,1,54.6,1,1,0.024,0
53.79,11,0,4,4,0,0,0,0,29.8,1,1,0.655,0
30.24,12,0,4,4,0,1,0,0,11.5,1,1,10.767,0
5.40,10,0,2,2,0,0,0,0,148.7,1,1,0.834,0
60.44,15,0,0,0,0,0,0,0,119.6,1,1,15.514,0
57.86,15,0,1,1,0,0,0,0,37.0,1,2,0.400,0
15.01,11,0,4,1,0,1,0,0,21.4,4,1,0.442,0
19.25,10,0,0,1,0,0,0,0,1.3,1,2,4.260,0
128.92,9,0,3,1,0,0,0,0,5.4,4,2,5.687,0
12.43,13,0,2,1,0,0,0,0,14.2,1,1,0.260,0
25.94,11,0,0,2,0,0,0,0,45.6,1,1,0.142,0
4.99,9,0,0,2,0,0,0,0,24.5,1,3,0.779,0
23.87,10,0,4,4,0,0,0,0,11.9,2,4,2.217,0
29.86,18,0,3,3,0,2,0,1,55.8,1,1,0.492,0
22.04,10,0,2,2,0,1,0,0,28.3,2,1,0.799,0
74.10,18,0,1,2,1,0,0,0,45.3,1,5,7.853,0
16.17,17,0,0,0,0,0,0,0,97.5,2,2,0.665,0
8.66,19,0,0,2,0,0,1,0,55.9,1,3,0.855,0
11.03,10,0,5,1,0,0,0,0,9.7,1,1,0.606,0
14.01,17,0,1,1,1,0,0,0,78.1,2,2,0.266,0
81.75,19,0,5,1,0,0,0,0,130.3,2,2,0.152,0
45.74,17,0,2,2,0,0,0,0,112.9,2,3,1.791,0
26.48,18,0,1,1,0,1,0,0,58.1,1,2,1.178,0
33.23,9,0,2,1,0,0,0,0,98.0,1,1,0.183,0
34.57,13,0,2,1,0,0,1,0,126.0,1,2,0.779,0
40.65,8,0,2,1,0,0,0,0,22.0,1,1,6.070,0
144.86,15,0,0,1,0,0,1,0,3.5,1,2,0.316,0
72.88,14,0,0,0,0,0,0,0,12.6,2,1,3.081,0
502.29,6,0,3,6,0,3,0,0,216.7,1,2,25.202,0
34.94,11,0,2,1,0,0,0,0,42.3,1,3,0.069,0
13.45,18,0,1,1,0,1,0,1,71.4,1,1,0.119,0
38.72,12,0,0,2,0,0,0,0,144.9,1,2,0.415,0
23.13,12,0,1,2,0,0,0,0,35.1,2,2,0.224,0
115.88,11,0,1,1,0,0,0,0,17.1,1,2,10.729,0
14.15,7,0,3,7,0,4,1,1,278.5,3,5,0.353,0
321.72,3,1,14,10,6,4,0,1,215.8,6,6,0.361,1
77.47,15,0,1,1,0,0,0,0,83.7,1,1,0.706,0
100.12,18,0,3,2,0,0,0,0,22.2,2,3,1.206,0
12.19,12,0,1,1,0,2,0,0,20.0,1,1,0.069,0
28.91,16,0,0,1,0,0,0,0,182.3,1,1,0.337,0
238.52,4,1,7,4,0,4,0,1,180.8,8,5,4.372,1
69.11,9,0,2,1,0,1,0,0,25.7,1,1,2.220,0
43.71,10,0,2,1,0,1,0,0,21.9,3,1,1.476,0
68.38,12,0,1,1,0,0,0,0,16.0,1,2,1.323,0
2205.25,14,0,3,1,1,2,1,0,579.4,1,4,45.980,0
49.71,10,0,2,1,0,0,0,0,68.9,1,1,0.182,0
16.90,12,0,4,2,0,2,1,0,81.9,1,1,0.782,0
4.60,14,0,2,3,0,0,0,0,47.3,2,1,0.783,0
411.93,23,1,8,7,0,4,1,1,101.1,7,4,61.986,1
85.35,8,0,1,1,0,0,0,0,100.9,4,1,5.967,0
24.30,10,0,2,1,0,1,0,0,174.8,1,2,0.237,0
15.67,20,0,1,2,0,1,0,0,2.2,1,1,0.536,0
109.41,13,0,2,1,0,1,0,0,29.0,1,1,2.690,0
148.92,1,1,4,4,0,4,0,0,343.1,2,2,1.127,0
13.94,14,0,2,1,1,0,0,0,12.4,1,2,0.856,0
255.13,18,0,3,2,0,0,0,0,31.3,2,1,8.730,0
14.14,11,0,3,1,0,0,0,0,11.9,2,1,0.137,0
98.10,9,0,0,2,0,0,0,0,95.0,1,2,14.233,0
7.04,15,0,2,2,0,0,0,0,28.3,1,1,0.696,0
94.28,12,0,1,2,0,0,0,0,63.9,2,4,3.918,0
60.59,12,0,1,1,0,1,0,0,30.8,2,2,4.987,0
49.88,16,0,3,3,0,0,0,0,33.3,1,1,2.290,0
41.61,16,0,1,1,0,0,0,0,36.9,1,1,0.084,0
19.43,9,0,0,1,0,0,0,0,69.2,1,1,0.382,0
24.35,17,0,1,1,0,0,0,0,30.3,3,1,0.320,0
4.33,11,0,4,1,0,0,0,0,19.2,1,1,0.554,0
46.83,9,0,2,2,0,0,0,0,8.5,1,1,2.381,0
12.28,19,0,1,1,0,0,0,0,63.8,1,1,0.153,0
18.94,10,0,2,2,0,0,0,1,17.9,2,1,0.138,0
10.81,19,0,1,2,0,0,0,0,30.4,1,1,0.855,0
39.80,20,0,2,2,0,0,0,0,34.7,3,1,0.147,0
7.87,14,0,1,1,0,0,0,0,34.1,1,1,0.291,0
111.85,19,0,1,2,0,0,0,0,39.6,2,1,3.026,0
41.67,11,0,0,1,0,0,0,0,26.7,1,1,5.450,0
88.31,13,0,1,1,0,0,0,0,28.7,3,1,0.006,0
26.83,14,0,4,1,0,0,0,0,53.9,1,2,0.464,0
17.88,8,0,1,1,0,0,0,0,4.9,2,4,0.639,0
59.66,9,0,1,1,0,0,0,0,51.2,1,3,0.337,0
10.00,22,0,6,3,1,1,0,1,648.7,1,4,0.388,0
84.78,20,0,2,2,0,0,0,0,32.9,2,3,3.570,0
25.82,15,0,4,4,0,0,0,0,71.8,1,1,1.356,0
93.07,23,1,5,7,0,0,0,0,313.6,3,2,1.898,0
10.00,7,0,7,3,0,3,1,0,166.1,5,4,0.757,0
120.28,20,0,0,0,0,0,0,0,26.9,2,1,23.056,0
55.13,12,0,3,3,0,2,0,0,116.6,2,2,1.216,0
64.83,20,0,1,1,0,0,0,0,66.1,1,1,0.441,0
37.40,10,0,1,1,0,2,0,0,104.9,1,1,1.257,0
36.12,13,0,3,2,0,0,0,0,138.4,1,2,0.557,0
16.45,10,0,2,2,1,0,0,0,98.3,1,1,1.208,0
110.07,15,0,0,0,0,0,0,0,20.7,1,1,5.215,0
63.30,12,0,4,4,1,0,0,0,7.9,1,3,16.295,0
9.68,10,0,2,1,0,0,0,0,236.8,5,5,0.724,0
31.53,18,0,1,1,0,1,0,0,123.9,3,1,1.732,0
11.38,20,0,2,2,0,0,0,0,53.0,1,3,0.519,0
42.36,17,0,2,2,0,0,0,0,7.0,1,1,4.588,0
11.21,15,0,3,3,0,0,0,0,20.4,1,1,0.290,0
333.26,8,0,1,4,1,1,0,0,618.5,2,2,14.252,0
15.15,9,0,1,1,0,1,0,0,10.3,2,1,0.278,0
10.03,9,0,0,0,0,0,0,0,197.1,2,1,0.766,0
32.89,16,0,2,2,0,0,0,0,51.9,1,2,0.056,0
21.64,9,0,3,3,0,0,0,0,13.6,2,1,0.449,0
26.95,19,0,2,2,0,0,0,0,14.6,2,3,0.834,0
16.06,9,0,2,1,0,0,0,0,35.1,2,1,0.853,0
19.77,20,0,3,2,0,0,0,0,48.1,1,3,0.587,0
62.81,16,0,1,1,0,0,0,0,1.2,1,1,0.332,0
93.57,21,0,2,2,0,0,0,0,38.4,1,1,0.737,0
19.26,10,0,5,5,0,0,0,0,32.2,1,3,0.150,0
39.18,13,0,0,0,0,0,0,0,23.9,1,1,0.493,0
17.37,18,0,1,1,0,1,0,0,56.9,1,3,0.311,0
30.08,10,0,4,4,0,1,0,0,9.9,1,2,0.768,0
92.90,9,0,2,2,1,0,0,0,31.3,2,4,6.510,0
6.90,9,0,0,0,0,0,0,0,24.2,1,2,0.610,0
6.59,15,0,2,2,0,0,0,0,27.2,1,1,0.773,0
23.58,11,0,4,4,0,0,0,0,19.8,1,3,5.935,0
10.00,20,0,3,4,0,3,0,0,326.9,1,4,0.810,0
58.36,14,0,1,1,0,0,0,0,95.2,1,1,7.965,0
36.91,16,0,1,2,0,0,0,0,67.9,1,1,0.242,0
26.99,18,0,2,2,1,1,0,0,61.2,2,1,0.770,0
22.54,13,0,1,1,0,0,0,0,114.9,2,2,0.787,0
31.04,19,0,2,2,0,0,0,0,18.7,1,2,1.495,0
141.59,14,0,1,1,0,1,0,0,49.1,3,2,18.584,0
3.87,12,0,4,4,0,0,1,0,93.1,2,2,0.966,0
12.99,8,0,3,1,0,0,0,0,48.1,1,1,0.326,0
42.25,16,0,2,2,0,1,0,0,87.6,1,3,0.091,0
49.93,13,0,3,2,0,0,0,0,12.4,1,1,0.950,0
25.84,11,0,2,1,0,0,0,0,15.1,1,2,2.604,0
3.59,21,0,0,0,0,0,1,0,13.2,5,1,0.797,0
17.86,19,0,4,1,0,0,0,0,19.5,1,1,0.853,0
15.11,15,0,1,1,0,0,0,0,0.0,1,2,0.078,0
2.08,14,0,2,2,0,0,0,0,29.8,1,1,0.941,0
18.27,8,0,1,3,0,2,0,0,439.4,1,2,0.011,0
16.87,17,0,1,1,0,0,0,0,5.2,1,1,0.115,0
62.17,18,0,4,1,1,0,1,0,35.9,2,1,0.793,0
18.10,18,0,4,1,0,0,0,0,71.4,1,1,0.713,0
7.78,14,0,2,1,0,0,0,0,57.0,1,1,0.692,0
13.26,12,0,1,3,0,0,0,0,2.5,2,4,0.693,0
4.12,13,0,2,2,0,0,0,1,12.2,1,1,0.522,0
34.34,18,0,2,2,0,0,0,0,60.4,1,2,0.255,0
10.54,16,0,1,1,0,1,0,1,78.0,1,1,0.690,0
32.47,20,0,5,1,0,4,0,0,190.1,3,3,4.332,0
23.42,20,0,1,1,1,0,0,0,12.7,1,2,0.095,0
59.07,19,0,1,1,0,0,0,0,40.7,1,1,0.781,0
8.29,21,0,2,3,0,0,0,0,145.4,2,2,0.708,0
55.90,12,0,0,1,0,0,0,0,189.4,1,1,0.136,0
88.41,8,0,1,1,0,0,0,0,6.0,1,1,3.975,0
26.51,12,0,4,1,0,0,0,0,50.5,2,1,2.842,0
63.82,16,0,1,1,0,0,0,0,49.1,3,1,0.104,0
4.87,16,0,1,4,0,2,0,0,13.2,3,1,0.705,0
30.31,16,0,5,2,0,3,0,0,39.2,3,2,0.515,1
12.60,16,0,3,3,0,1,0,0,77.0,3,2,0.246,0
3.97,19,0,1,1,0,0,0,0,47.5,1,1,0.925,0
49.02,12,0,1,1,1,0,0,0,16.4,1,1,1.865,0
16.12,16,0,4,1,0,0,0,0,40.7,2,2,0.461,0
55.34,10,0,0,0,0,0,0,0,127.0,1,1,2.561,0
133.48,12,0,1,1,0,0,0,0,17.6,2,1,3.265,0
18.43,17,0,0,1,0,1,0,0,22.6,1,1,1.111,0
21.86,10,0,5,4,0,1,1,0,9.2,1,1,0.094,0
8.23,12,0,1,1,1,0,0,0,2.3,1,1,0.868,0
23.40,11,0,2,2,0,0,0,0,118.8,1,1,0.226,0
65.45,9,0,2,2,0,1,0,0,41.5,1,3,0.454,0
6.16,16,0,1,1,0,1,0,1,86.2,1,3,0.814,0
42.61,13,0,0,0,0,0,0,0,83.0,1,1,0.668,0
5.45,19,0,3,2,0,1,0,0,44.8,1,2,0.752,0
13.85,11,0,5,5,0,0,0,0,3.5,3,1,0.542,0
6.08,8,0,3,1,0,0,0,0,26.3,2,2,0.771,0
8.59,11,0,3,3,0,0,1,0,96.1,2,2,0.734,0
28.18,20,0,4,4,0,1,0,0,2.6,2,3,0.335,0
129.23,12,0,2,2,0,2,0,0,81.6,3,2,4.001,0
17.81,9,0,4,1,0,0,0,0,5.7,1,3,0.692,0
109.57,11,0,2,1,0,0,0,0,57.9,1,5,1.389,0
928.80,10,0,4,6,1,4,1,0,15.9,3,3,5.186,0
20.15,11,0,1,2,0,0,0,0,7.6,1,4,0.017,0
17.35,19,0,1,2,0,0,0,0,60.2,1,2,0.736,0
20.17,15,0,1,1,0,1,0,0,8.2,1,1,1.809,0
8.78,16,0,2,1,0,0,0,0,14.9,1,2,0.710,0
60.39,15,0,2,2,0,2,0,0,8.5,2,1,1.937,0
10.00,4,1,3,7,0,2,0,1,59.7,5,3,0.690,0
19.85,17,0,4,1,0,0,0,0,4.8,1,2,0.684,0
105.22,14,0,3,3,0,0,0,0,10.9,1,4,1.111,0
72.61,12,0,0,0,0,0,0,0,21.9,1,2,2.532,0
8.79,15,0,3,3,0,0,0,0,8.5,3,2,0.598,0
49.34,17,0,0,1,0,1,0,0,41.0,1,1,0.392,0
38.41,20,0,1,1,0,0,0,0,68.4,5,3,0.227,0
6.66,18,0,0,1,0,1,0,0,66.6,1,1,0.545,0
121.20,19,0,4,1,0,1,0,0,97.2,2,1,2.859,0
99.40,14,0,1,1,0,0,0,1,4.1,1,1,0.811,0
5.00,9,0,8,8,0,0,0,0,74.1,3,1,0.869,0
24.70,10,0,1,1,0,0,0,0,0.9,1,1,0.302,0
16.54,16,0,4,4,0,0,0,0,19.3,2,1,0.361,0
26.31,9,0,2,1,0,0,0,0,4.8,1,1,0.185,0
14.46,19,0,1,1,0,0,0,1,24.3,1,1,0.366,0
5.11,12,0,0,0,0,0,0,0,117.9,1,1,0.823,0
28.92,11,0,3,1,0,1,0,0,146.7,1,4,0.353,0
63.69,15,0,2,1,0,0,0,0,50.9,4,3,3.174,0
15.01,21,0,2,2,0,0,0,0,40.0,3,1,0.763,0
55.90,10,0,2,2,0,0,0,0,19.7,1,1,9.812,0
6.28,12,0,3,2,0,0,0,0,17.8,2,1,0.942,0
19.68,9,0,1,3,0,0,0,0,19.0,1,1,3.871,0
13.93,21,0,0,0,0,0,0,0,16.6,1,1,1.120,0
69.26,20,0,0,2,0,0,0,0,59.2,3,3,4.055,0
43.07,8,0,4,1,0,0,0,0,82.0,1,1,0.413,0
14.29,17,0,2,2,0,0,0,0,21.2,1,1,0.055,0
24.17,13,0,3,3,0,0,0,1,45.9,1,1,0.610,0
12.03,13,0,3,3,0,0,0,0,9.0,2,1,0.171,0
18.53,12,0,4,1,0,0,0,0,35.0,1,4,0.192,0
13.90,11,0,2,2,0,0,0,0,83.8,2,3,0.746,0
12.91,20,0,1,2,0,0,0,0,63.2,3,2,0.267,0
14.95,16,0,2,2,0,0,0,0,128.9,1,1,0.640,0
4.69,16,0,0,1,0,0,0,0,36.3,2,1,0.753,0
27.68,10,0,0,2,0,0,0,0,5.1,1,1,0.808,0
109.06,15,0,1,1,0,0,0,0,158.5,1,1,0.345,0
79.92,9,0,1,1,0,0,0,0,52.1,1,1,6.455,0
6.10,13,0,1,1,0,0,0,0,71.8,1,1,0.767,0
49.20,13,0,2,2,0,1,0,0,83.7,1,4,0.097,0
112.13,14,0,1,1,0,2,0,0,82.7,3,1,2.778,0
9.59,18,0,3,1,0,0,0,0,11.0,1,2,0.830,0
39.75,8,0,3,3,0,0,0,0,149.9,1,1,1.668,0
39.13,19,0,2,2,0,0,0,0,121.0,1,3,0.719,0
32.63,18,0,4,1,0,0,0,0,44.4,2,1,0.612,0
73.86,19,0,3,2,0,1,0,0,43.3,2,1,5.648,0
124.96,11,0,1,1,0,0,0,0,31.0,2,1,9.483,0
19.38,11,0,2,2,0,0,0,0,47.7,3,1,0.268,0
10.02,11,0,3,1,0,1,0,0,5.3,1,1,0.425,0
40.59,11,0,2,2,0,0,0,0,73.4,1,2,1.167,0
49.70,15,0,3,1,0,0,0,0,113.9,1,1,13.160,0
76.85,15,0,2,3,0,0,1,0,23.9,1,2,7.946,0
25.29,15,0,3,1,0,0,0,0,9.9,1,1,0.261,0
58.32,23,1,7,6,1,3,1,1,1188.7,3,4,7.452,1
6.64,15,0,0,1,0,0,0,0,97.4,2,1,0.560,0
11.88,17,0,3,3,0,1,0,0,50.3,1,1,0.523,0
9.13,19,0,1,1,0,1,0,0,12.4,1,2,0.527,0
27.92,14,0,4,1,0,0,0,0,1.8,5,3,8.796,0
33.03,14,0,2,1,1,0,0,0,56.5,1,2,0.431,0
84.34,10,0,4,1,0,0,0,0,59.5,1,3,0.433,0
6.63,9,0,0,2,0,1,0,0,23.1,1,1,0.894,0
27.69,19,0,7,1,0,0,0,0,14.5,2,1,0.543,0
18.00,21,0,8,5,0,0,0,1,84.8,1,2,0.142,0
5.81,19,0,0,0,0,0,0,0,5.1,2,1,0.954,0
14.23,15,0,3,3,0,1,0,1,24.6,4,1,0.515,1
37.51,14,0,5,5,0,1,0,0,69.3,2,1,0.893,0
10.81,14,0,3,3,0,0,0,0,37.4,1,2,0.802,0
11.27,12,0,2,2,0,1,0,0,59.6,1,2,0.122,0
9.33,17,0,4,1,0,3,0,0,57.4,2,2,0.732,0
20.37,14,0,1,1,0,0,0,0,0.6,1,2,0.906,0
42.86,14,0,1,1,0,0,0,0,1.1,1,3,0.372,0
82.12,8,0,2,2,0,0,0,0,58.4,1,1,1.851,0
11.98,9,0,5,1,0,0,0,0,20.4,1,1,0.361,0
29.26,9,0,0,1,0,0,0,0,53.4,1,2,0.351,0
116.19,14,0,1,1,0,1,0,0,82.9,1,1,5.170,0
4.34,20,0,2,1,0,0,0,0,43.4,2,1,0.960,0
13.72,13,0,2,2,0,0,0,1,27.4,4,1,1.938,0
27.26,11,0,5,1,0,1,0,0,104.3,1,1,0.102,0
10.76,13,0,1,2,0,1,0,0,6.9,2,2,0.372,0
18.52,15,0,2,1,0,0,0,0,0.9,1,2,0.826,0
23.68,16,0,8,1,0,0,0,0,77.9,1,3,0.699,0
53.13,18,0,3,3,0,0,0,0,69.7,2,3,0.250,0
16.60,6,0,6,3,0,3,1,0,172.7,1,2,0.468,0
18.85,8,0,4,1,0,0,0,0,48.5,1,5,0.867,0
342.14,11,0,6,1,1,1,0,0,648.9,1,2,6.529,0
15.43,15,0,2,1,0,0,0,0,22.0,1,1,0.532,0
50.85,16,0,0,2,0,0,0,0,76.3,2,1,0.386,0
18.38,10,0,1,1,0,1,0,0,58.8,1,1,0.532,0
49.56,16,0,2,2,0,1,0,0,161.5,1,2,0.347,0
5.70,12,0,0,1,0,0,0,1,36.3,3,1,0.546,0
46.89,14,0,1,1,0,0,0,0,27.5,1,2,3.298,0
52.18,12,0,2,2,0,0,0,0,1.2,1,1,0.335,0
14.21,17,0,2,2,0,1,0,0,153.4,3,2,0.819,0
47.48,10,0,2,3,1,1,0,0,19.3,2,2,4.287,0
5.43,16,0,3,1,0,0,0,0,24.3,1,1,0.857,0
13.02,8,0,2,2,0,1,0,0,12.0,1,1,0.810,0
25.00,9,0,1,2,0,0,0,0,150.2,1,1,0.115,0
15.80,10,0,4,1,0,0,0,0,68.3,1,1,0.338,0
4.08,21,0,1,3,0,0,0,0,79.7,1,2,0.909,0
45.87,16,0,2,2,0,0,0,0,62.5,2,1,1.777,0
11.95,11,0,2,1,1,0,1,0,0.0,2,2,0.855,0
13.74,11,0,0,1,0,0,0,0,34.1,2,1,0.800,0
18.78,19,0,0,1,0,0,0,0,27.1,2,3,1.299,0
13.54,8,0,2,2,0,0,0,0,23.8,4,1,2.393,0
87.77,17,0,3,1,0,0,0,0,7.3,1,2,0.499,0
1489.44,19,0,7,6,1,7,1,1,99.8,4,9,266.885,1
35.31,15,0,1,1,1,0,0,0,0.7,1,3,5.109,0
31.80,10,0,2,3,1,1,0,0,10.4,1,2,0.221,0
8.79,20,0,0,0,0,0,0,0,99.1,1,4,0.106,0
14.33,11,0,4,1,0,0,0,0,26.8,1,1,0.375,0
6.07,17,0,2,1,0,0,0,0,54.3,1,3,0.605,0
107.95,6,0,5,3,0,2,1,0,230.6,4,2,0.343,0
8.99,11,0,4,4,0,1,0,0,10.3,2,1,0.256,0
150.81,9,0,4,2,0,0,0,0,51.2,2,4,8.258,0
37.90,18,0,0,0,0,0,0,0,6.2,1,1,0.590,0
78.08,16,0,4,4,0,0,0,0,51.8,1,1,3.796,0
94.49,9,0,3,1,0,0,0,0,88.4,1,1,23.105,0
52.33,10,0,3,2,0,0,0,0,8.3,1,2,2.058,0
24.73,12,0,1,1,1,0,0,0,1.5,1,1,0.065,0
42.47,14,0,3,3,1,1,0,0,18.3,1,1,16.264,0
165.48,12,0,3,3,0,0,0,0,78.5,1,2,8.127,0
50.63,12,0,3,2,0,1,0,0,122.1,1,1,0.603,0
52.71,14,0,1,2,1,0,0,0,64.4,2,1,1.246,0
16.52,18,0,2,2,0,0,0,0,18.8,1,1,0.404,0
48.96,9,0,2,1,0,0,0,0,22.6,1,1,2.987,0
34.73,20,0,4,1,0,0,0,0,21.1,1,4,2.933,0
4.25,18,0,3,3,0,0,0,0,43.7,1,1,0.866,0
27.32,11,0,1,1,0,1,0,0,3.4,1,2,0.067,0
95.63,18,0,1,1,1,1,0,0,55.5,1,1,2.199,0
22.52,9,0,3,1,0,0,0,0,58.3,1,4,0.645,0
2.78,19,0,1,1,0,0,0,0,7.8,1,1,0.986,0
56.77,17,0,0,1,0,0,0,0,31.4,1,5,3.256,0
28.98,18,0,1,1,0,1,0,0,92.6,1,3,11.438,0
8.17,16,0,1,1,0,1,0,0,12.7,1,3,0.641,0
5.01,15,0,6,1,0,0,0,1,47.2,1,1,0.866,0
2.68,14,0,3,3,0,0,0,0,47.5,1,1,0.741,0
35.77,15,0,2,1,1,0,1,0,8.4,1,2,0.709,0
9.49,13,0,2,2,0,0,0,0,5.0,1,2,0.827,0
25.64,16,0,0,2,0,0,0,0,73.9,1,1,0.104,0
10.50,16,0,0,0,0,0,0,0,200.4,1,1,0.496,0
16.10,12,0,0,1,0,0,0,0,11.0,2,1,0.831,0
20.81,9,0,3,1,0,2,0,0,45.7,4,1,0.571,0
14.61,19,0,2,2,0,0,0,0,33.9,5,1,0.004,0
51.23,12,0,1,2,0,0,0,0,65.8,1,3,0.221,0
56.30,18,0,3,3,1,0,0,0,6.4,1,1,0.786,0
27.49,9,0,4,4,0,0,0,0,89.0,4,4,0.279,0
15.72,11,0,2,2,0,0,0,0,83.8,1,1,0.655,0
74.50,12,0,1,1,0,0,0,0,98.4,3,3,0.367,0
29.21,19,0,3,3,0,0,0,0,9.5,1,1,1.026,0
24.37,9,0,2,1,0,0,0,0,0.8,3,3,1.366,0
19.58,20,0,2,2,0,0,0,1,11.2,1,1,8.551,0
55.88,17,0,2,2,0,0,0,0,2.3,1,1,4.957,0
20.79,8,0,3,3,0,0,0,0,26.6,1,1,0.669,0
52.31,9,0,7,1,0,0,0,0,3.2,1,2,0.648,0
22.32,14,0,2,2,0,1,0,0,84.4,1,1,0.773,0
68.33,0,1,2,5,0,3,1,1,52.8,1,5,5.520,0
12.79,17,0,0,0,0,0,0,0,8.7,1,2,0.475,0
25.00,17,0,2,2,0,0,0,0,44.6,2,1,0.309,0
109.30,17,0,2,2,0,0,0,0,14.9,2,6,5.483,0
106.72,20,0,1,1,0,1,0,0,40.9,3,2,1.812,0
38.51,12,0,2,3,0,0,0,0,30.7,1,1,0.172,0
20.81,12,0,3,1,0,0,0,0,187.8,3,1,0.476,0
17.16,8,0,6,2,0,0,0,1,5.7,1,3,0.688,0
7.42,12,0,1,2,1,0,0,0,1.0,2,1,0.621,0
63.13,20,0,2,2,0,0,0,0,0.5,2,1,0.760,0
23.41,19,0,5,2,0,1,0,0,12.0,1,1,0.179,0
40.57,13,0,3,1,0,0,0,0,4.4,3,3,2.453,0
156.74,9,0,1,1,0,0,0,0,203.3,1,1,15.226,0
118.45,20,0,2,2,0,0,0,0,15.2,1,1,1.150,0
13.67,16,0,1,3,0,0,0,0,25.6,1,4,0.642,0
10.38,21,0,1,1,0,1,0,0,20.4,2,2,0.043,0
7.38,8,0,0,0,0,0,0,0,22.5,1,2,0.920,0
45.24,14,0,1,1,0,0,0,0,4.1,1,5,10.367,0
55.29,13,0,1,2,0,0,0,0,43.4,3,1,2.319,0
185.69,2,1,8,8,2,4,0,0,242.7,6,3,6.189,1
28.62,10,0,1,1,0,1,0,0,69.8,1,1,0.600,0
65.36,13,0,1,1,0,0,0,0,6.3,1,3,7.079,0
151.58,13,0,2,1,0,0,0,0,17.5,2,1,24.013,0
47.02,9,0,0,2,0,1,0,0,15.0,1,2,0.870,0
24.10,13,0,2,2,0,0,1,0,136.0,3,1,0.796,0
15.02,15,0,4,1,0,0,0,0,67.7,1,1,1.030,0
13.47,9,0,2,2,0,0,0,0,147.0,1,2,0.771,0
8.48,8,0,2,1,0,1,0,0,28.7,2,2,0.512,0
59.07,13,0,3,2,0,0,0,0,1.1,2,1,1.962,0
107.83,17,0,1,1,0,1,0,0,59.9,2,1,5.543,0
35.96,14,0,0,1,0,1,0,0,59.9,2,1,8.221,0
58.02,11,0,2,2,0,0,0,0,30.9,2,1,6.326,0
7.82,21,0,2,1,0,0,0,0,150.8,1,4,0.885,0
19.16,16,0,1,1,0,1,0,0,4.6,1,1,0.735,0
7.79,9,0,2,4,0,1,0,0,58.2,1,1,0.699,0
34.24,17,0,1,2,0,0,0,0,27.4,1,2,0.321,0
17.74,10,0,1,1,0,0,0,0,70.5,2,1,0.128,0
26.16,8,0,2,2,0,0,0,0,55.6,1,1,8.277,0
24.80,9,0,1,1,0,0,0,0,8.7,2,1,0.604,0
111.56,15,0,7,2,0,1,1,1,10.0,1,4,0.729,0
32.61,4,1,10,3,0,1,0,0,19.3,3,4,0.180,0
12.64,13,0,4,5,0,1,0,0,10.8,1,3,0.165,0
45.76,17,0,2,2,0,0,0,0,118.1,1,3,4.113,0
190.16,16,0,3,1,0,0,0,0,24.6,3,1,4.902,0
34.73,14,0,2,1,0,0,0,0,39.1,1,1,0.008,0
33.07,9,0,3,1,0,0,0,0,13.0,1,1,0.055,0
26.69,16,0,2,2,0,0,0,0,61.1,1,1,0.647,0
11.56,10,0,1,1,0,1,0,0,40.8,2,1,0.775,0
36.91,11,0,3,3,0,1,0,0,16.5,1,2,1.386,0
92.47,11,0,7,2,1,3,1,1,199.0,4,5,2.515,1
9.93,18,0,4,4,0,1,1,0,224.2,2,2,0.621,0
12.73,8,0,2,2,0,0,0,0,41.8,1,2,3.301,0
74.30,9,0,2,1,0,0,0,0,19.7,2,2,2.923,0
82.90,21,0,6,4,0,1,1,0,392.5,5,2,22.551,0
6.13,13,0,2,2,0,0,0,0,135.2,1,2,0.903,0
2.72,10,0,0,2,0,0,0,0,93.8,1,1,0.962,0
175.34,23,1,4,4,0,2,0,0,14.6,2,2,40.160,0
21.07,11,0,3,2,0,0,0,0,37.4,2,4,0.052,0
21.71,10,0,0,0,0,0,0,0,21.0,2,2,1.010,0
44.69,17,0,5,5,0,1,0,0,28.2,1,1,0.049,0
192.60,20,0,4,1,0,1,0,0,6.1,1,2,25.713,0
17.14,14,0,1,1,0,0,0,0,18.7,3,1,0.669,0
58.89,11,0,2,2,0,0,0,0,141.9,1,1,1.397,0
26.50,16,0,2,1,0,0,1,0,40.5,3,1,1.006,0
14.70,9,0,1,1,0,1,0,0,35.7,3,1,0.906,0
91.64,15,0,0,2,0,0,0,0,28.6,2,3,0.415,0
9.53,15,0,3,1,0,0,0,0,34.8,1,2,0.206,0
12.25,16,0,2,2,0,0,0,1,34.7,1,1,0.735,0
11.40,20,0,4,1,0,0,0,0,20.9,2,3,0.002,0
30.78,15,0,1,1,0,1,0,0,14.6,1,1,0.773,0
29.29,17,0,1,2,0,0,0,0,75.9,1,2,0.276,0
4.87,21,0,1,2,0,0,0,0,95.1,1,1,0.951,0
37.70,14,0,4,4,0,1,1,0,387.4,1,1,2.369,0
22.21,8,0,3,3,0,0,1,0,502.0,5,2,0.523,0
43.53,12,0,3,1,0,2,0,0,8.0,2,1,0.390,0
139.43,17,0,2,1,0,0,0,0,0.1,1,2,20.550,0
40.59,15,0,1,1,0,0,0,0,1.8,1,1,0.899,0
48.00,11,0,2,1,0,0,0,0,138.3,2,1,2.152,0
46.97,10,0,3,1,0,0,0,0,264.9,1,1,0.387,0
49.48,18,0,4,5,0,5,1,0,263.4,5,5,6.089,0
14.74,10,0,2,2,0,0,0,0,115.8,1,1,0.665,0
21.01,9,0,2,2,0,0,0,0,60.8,4,1,0.769,0
63.53,10,0,6,3,0,1,0,1,323.8,3,3,1.960,0
21.84,13,0,2,1,0,0,0,0,45.5,1,2,0.750,0
7.07,12,0,1,1,1,0,0,0,63.3,2,3,0.101,0
15.82,13,0,2,2,0,1,0,0,65.8,1,3,2.090,0
32.34,19,0,1,1,0,1,0,0,87.1,1,1,2.782,0
73.39,17,0,1,1,0,0,0,0,17.0,1,1,3.800,0
15.99,19,0,4,1,0,0,0,0,36.6,1,1,0.720,0
79.60,19,0,2,2,0,0,0,0,19.3,1,2,3.650,0
67.32,11,0,2,1,0,1,0,0,9.5,2,3,2.152,0
106.18,17,0,3,3,0,1,0,0,9.4,2,2,6.836,0
3.66,16,0,2,2,0,0,0,0,34.9,1,4,0.561,0
26.55,8,0,1,4,0,1,0,0,113.7,2,1,0.182,0
20.29,10,0,4,1,0,1,0,0,33.8,1,4,0.924,0
17.21,16,0,1,2,0,1,0,0,102.2,1,1,0.391,0
23.41,15,0,2,2,0,0,0,0,117.2,2,3,0.006,0
31.91,12,0,4,1,0,0,0,0,234.2,1,1,0.336,0
18.12,12,0,1,1,0,1,0,0,26.7,4,1,0.230,0
19.32,13,0,6,3,0,0,0,0,47.1,2,2,2.183,0
27.90,11,0,2,2,0,0,0,0,0.2,2,1,0.361,0
49.66,3,1,5,3,2,4,1,1,522.4,4,5,0.575,1
22.56,10,0,1,1,1,1,0,0,118.5,3,1,0.547,0
55.40,16,0,1,4,0,1,0,0,12.5,2,1,2.834,0
19.75,14,0,0,1,0,0,0,0,5.7,3,1,1.466,0
17.56,9,0,3,1,0,1,0,0,63.8,1,1,0.693,0
7.44,17,0,1,1,0,0,0,0,88.7,1,1,0.582,0
51.14,13,0,6,2,0,3,0,1,48.0,1,4,0.113,0
202.91,8,0,8,3,0,4,0,0,10.0,3,4,0.788,0
269.75,19,0,1,6,0,0,0,0,47.3,1,5,8.620,0
88.06,21,0,7,5,0,1,0,1,404.1,2,2,12.465,0
33.78,10,0,2,2,0,0,0,0,107.2,1,1,0.311,0
29.05,18,0,4,2,0,0,0,0,7.0,1,3,0.508,0
8.05,17,0,1,1,1,1,0,0,22.2,1,1,0.168,0
19.91,12,0,2,2,0,0,0,0,72.5,2,1,0.661,1
72.81,16,0,1,1,0,0,0,0,20.0,1,1,0.103,0
13.56,19,0,4,1,0,0,0,0,6.8,1,1,0.680,0
18.50,17,0,2,1,0,0,0,0,3.4,1,1,4.473,0
23.48,15,0,2,2,0,1,0,0,3.5,1,3,1.243,0
149.30,2,1,9,5,1,5,1,0,50.0,4,2,14.683,1
28.60,9,0,1,2,0,0,0,0,25.4,1,6,2.239,0
7.81,10,0,0,1,0,0,1,0,28.8,2,1,0.567,0
8.70,16,0,2,2,0,0,0,0,24.7,1,1,0.593,0
4.13,19,0,4,1,0,0,0,0,8.8,1,2,0.878,0
29.09,8,0,2,1,0,0,0,0,2.3,1,2,1.160,0
25.67,12,0,3,3,0,0,0,0,27.0,1,1,0.798,0
34.68,13,0,1,1,0,1,0,0,38.7,1,2,0.173,0
91.82,17,0,3,2,0,0,0,0,26.9,1,2,1.597,0
46.88,23,1,5,3,0,1,0,0,13.4,2,3,7.432,0
19.69,12,0,2,1,0,0,0,0,14.8,1,3,0.445,0
19.15,13,0,2,2,0,0,0,0,43.6,2,1,0.055,0
33.44,13,0,2,2,0,0,1,0,3.4,1,1,0.111,0
330.74,9,0,13,8,2,4,0,1,520.0,3,6,65.016,1
14.43,18,0,0,3,0,1,0,0,98.2,1,2,0.661,0
10.89,10,0,2,1,0,0,0,0,37.5,1,3,0.474,0
20.93,20,0,1,1,0,0,0,0,34.7,1,1,0.471,0
50.70,9,0,2,1,0,0,0,0,73.6,2,1,0.583,0
13.56,15,0,1,1,0,0,0,0,106.9,4,1,0.382,0
12.50,19,0,2,1,0,0,0,0,5.7,3,1,0.699,0
11.38,19,0,3,1,0,0,0,0,5.4,1,2,0.388,0
198.45,21,0,4,4,1,2,1,1,22.6,2,6,2.523,0
12.48,18,0,1,1,0,1,1,0,36.5,2,1,0.775,0
25.89,9,0,1,1,0,0,0,0,18.2,3,1,0.692,0
2.39,11,0,3,1,0,1,0,0,54.2,3,3,0.870,0
16.46,13,0,3,3,0,0,0,0,41.8,2,1,0.470,0
40.80,12,0,5,5,0,0,0,0,3.7,1,2,0.832,0
73.70,8,0,1,1,0,1,0,0,30.7,1,1,9.499,0
59.28,9,0,2,3,0,0,0,0,2.9,2,2,1.917,0
7.13,11,0,2,2,0,0,0,0,54.0,2,1,0.466,0
16.15,12,0,0,3,0,0,0,0,204.2,1,1,0.488,0
11.04,10,0,3,3,0,1,0,0,0.1,1,1,0.708,0
9.19,12,0,5,5,0,0,0,0,148.1,1,2,0.837,0
40.92,11,0,3,1,0,0,0,0,49.9,1,1,0.384,0
80.97,16,0,1,1,0,0,0,0,55.4,1,1,3.493,0
16.54,19,0,3,3,0,0,0,0,21.4,3,2,0.138,0
90.36,11,0,2,2,0,0,1,0,56.8,2,3,8.790,0
28.56,20,0,4,2,0,0,0,1,16.3,1,1,1.853,0
67.96,6,0,2,3,0,1,0,1,69.5,1,2,1.512,0
151.31,15,0,4,3,0,4,0,0,252.9,3,5,32.550,0
21.16,20,0,3,3,0,1,0,0,127.2,1,2,0.697,0
7.59,15,0,4,4,0,1,0,0,11.7,3,1,0.358,0
15.43,20,0,1,1,0,0,0,0,25.7,2,1,0.468,0
20.66,12,0,2,2,0,0,0,0,54.0,2,1,0.791,0
3.82,16,0,3,3,0,0,0,0,93.3,1,1,0.950,0
34.85,17,0,0,2,0,0,0,0,49.0,2,1,0.712,0
15.04,17,0,4,3,0,0,0,0,142.9,3,2,0.145,0
38.39,12,0,2,1,0,0,0,0,112.0,1,3,0.291,0
20.12,15,0,1,1,0,0,0,0,30.8,2,3,0.176,0
53.83,11,0,0,1,0,1,0,0,100.4,1,3,0.353,0
286.04,4,1,11,13,1,6,0,1,285.4,3,5,12.273,1
4.16,11,0,1,1,0,0,0,0,29.3,1,3,0.655,0
79.77,12,0,5,1,0,0,0,1,27.2,1,2,0.203,0
36.34,14,0,2,2,0,0,0,0,115.0,1,1,1.609,0
42.00,18,0,0,1,0,0,0,0,136.5,1,2,0.075,0
295.85,23,1,10,10,1,1,1,0,106.9,2,2,14.282,0
52.17,14,0,0,0,0,0,1,0,4.6,1,1,3.211,0
381.85,4,1,7,2,1,3,1,1,240.9,2,5,83.667,1
5.07,20,0,3,2,0,0,0,0,0.5,2,2,0.752,0
15.79,16,0,0,1,0,1,0,0,45.2,1,4,5.316,0
48.02,21,0,2,2,0,2,0,0,121.1,1,2,1.199,0
9.11,15,0,1,1,0,0,0,0,69.5,1,1,0.019,0
51.03,11,0,0,1,0,0,0,0,35.2,4,2,1.277,0
7.47,13,0,2,1,0,3,0,0,91.8,1,1,0.852,0
28.70,14,0,2,2,0,1,0,0,35.0,1,2,0.070,0
41.77,20,0,1,3,0,0,0,0,52.0,4,2,0.126,0
66.27,11,0,2,1,0,0,0,0,8.4,1,1,0.440,0
25.71,17,0,2,2,1,0,0,1,83.0,1,1,0.313,0
15.39,15,0,2,2,0,0,0,0,28.4,2,2,0.352,0
139.06,17,0,1,1,0,0,0,0,70.9,2,1,4.619,0
10.36,17,0,3,2,0,0,0,0,21.7,1,3,0.637,0
33.86,16,0,1,1,0,1,0,0,8.7,2,1,3.716,0
11.31,12,0,0,4,0,1,0,0,48.5,1,1,0.824,0
17.20,16,0,2,1,0,0,0,0,93.7,2,1,0.894,0
12.16,14,0,0,1,0,1,0,0,18.1,4,1,0.160,0
21.93,20,0,0,2,0,0,0,0,39.9,3,2,2.115,0
4.73,16,0,1,1,0,0,0,0,52.0,3,1,0.377,0
18.99,13,0,2,1,0,0,0,0,8.8,1,1,0.191,0
18.06,14,0,0,2,0,0,0,0,14.0,1,2,0.346,0
158.03,13,0,4,1,0,0,0,0,11.7,1,3,2.430,0
10.75,10,0,3,1,0,0,0,0,40.9,2,2,0.915,0
9.41,9,0,2,2,0,1,0,0,40.6,1,1,0.329,0
341.52,12,0,5,8,1,0,0,1,10.0,2,3,7.706,0
16.72,17,0,2,1,0,0,0,0,3.5,1,2,0.636,0
141.09,20,0,1,1,0,1,0,0,3.1,1,1,14.286,0
109.60,23,1,7,4,0,2,0,0,19.4,3,2,0.972,0
32.41,10,0,2,1,0,0,0,0,72.8,2,2,4.598,0
21.49,20,0,4,3,0,0,0,0,15.6,3,1,1.464,0
282.14,8,0,2,3,0,1,0,0,12.0,1,2,10.245,0
8.19,16,0,4,4,0,0,0,0,120.9,1,1,0.897,0
10.42,16,0,1,1,0,0,0,0,28.7,2,1,0.841,0
35.72,12,0,2,6,0,3,0,0,10.0,1,6,1.085,0
23.36,18,0,2,1,0,0,0,0,6.3,1,2,0.782,0
4.06,10,0,3,2,0,0,0,0,37.0,1,3,0.693,0
13.15,9,0,1,1,1,0,0,0,16.9,2,1,0.413,0
69.04,9,0,3,3,0,0,0,0,13.0,3,7,1.508,0
19.78,18,0,4,1,0,0,0,0,121.2,1,3,0.206,0
16.50,13,0,1,1,0,2,0,0,45.6,1,3,0.048,0
12.67,17,0,0,0,0,0,0,0,87.6,1,1,0.743,0
27.39,16,0,1,1,0,0,0,0,141.2,1,3,0.810,0
51.82,11,0,1,1,0,0,0,0,7.8,1,2,2.350,0
67.96,9,0,1,1,0,1,0,0,10.8,1,1,2.734,0
42.31,8,0,1,1,0,1,0,0,31.6,1,1,2.822,0
19.07,11,0,2,2,0,1,1,0,6.8,1,1,0.685,0
31.04,11,0,5,1,0,1,0,0,20.6,1,2,0.049,0
32.22,11,0,1,2,0,0,0,1,29.2,1,1,1.773,0
63.42,16,0,6,1,0,0,0,0,89.5,1,1,0.116,0
5.44,14,0,4,1,0,0,0,0,48.2,1,2,0.671,0
27.23,15,0,0,0,0,0,0,0,20.3,1,2,0.759,0
13.17,15,0,4,1,1,0,0,0,3.0,5,2,0.829,0
10.06,9,0,1,2,0,0,0,0,71.0,1,1,0.894,0
164.50,13,0,2,1,0,0,0,0,6.5,1,1,22.841,0
21.83,18,0,4,4,0,0,0,0,36.1,1,1,0.560,0
7.11,17,0,1,1,0,0,0,0,22.7,1,3,0.663,0
112.37,4,1,7,4,0,2,0,1,327.4,4,4,11.640,0
34.05,9,0,3,1,0,1,0,0,121.7,1,1,0.976,0
41.42,10,0,1,3,0,0,0,0,78.8,2,2,1.546,0
122.22,19,0,1,2,0,0,0,0,59.3,3,1,6.065,0
26.24,8,0,2,2,0,0,0,1,80.6,1,2,0.131,0
58.55,17,0,3,3,0,1,0,0,8.7,2,4,1.002,0
41.36,16,0,1,1,0,0,0,0,2.9,1,2,1.605,0
25.02,15,0,1,1,0,0,0,0,54.7,1,2,1.746,0
14.97,14,0,2,1,0,0,0,0,12.8,1,1,0.450,0
12.89,13,0,1,2,0,0,0,0,115.1,2,2,0.578,0
15.06,9,0,0,1,0,1,0,0,128.3,1,3,1.328,0
41.58,9,0,5,5,0,1,0,0,7.9,1,1,0.328,0
12.98,18,0,1,3,0,0,0,0,23.2,1,1,0.453,0
32.44,11,0,3,2,0,1,0,0,1.7,1,1,0.532,0
29.93,9,0,0,0,1,1,0,0,0.8,2,3,0.148,0
4.18,15,0,1,1,0,1,0,0,18.2,2,3,0.788,0
63.91,19,0,1,1,0,1,0,0,3.9,1,1,0.184,0
57.90,14,0,4,4,0,0,0,0,6.2,1,2,0.160,0
33.68,16,0,3,1,0,0,0,0,1.9,1,1,0.319,0
124.60,18,0,1,1,0,1,0,0,43.2,2,2,3.114,0
11.71,10,0,1,3,0,2,1,0,86.9,1,2,0.676,0
49.90,13,0,3,3,0,0,0,0,76.1,1,3,0.306,0
17.86,18,0,1,1,1,0,1,0,23.3,1,1,0.717,0
11.52,13,0,3,2,0,0,0,0,12.7,1,1,0.321,0
44.08,20,0,3,1,0,0,0,0,149.9,1,1,0.938,0
24.94,11,0,1,2,0,1,0,0,97.5,1,2,0.542,0
12.33,10,0,1,1,0,0,0,0,41.7,3,1,0.898,0
53.94,12,0,0,1,0,0,0,0,19.0,1,2,0.249,0
12.83,17,0,2,2,0,0,0,0,20.5,5,3,0.258,0
103.06,1,1,12,4,1,5,1,0,765.6,3,7,5.246,1
38.62,21,0,3,3,0,0,0,0,29.0,1,3,0.954,0
30.37,9,0,4,4,0,0,0,0,11.2,1,1,0.196,0
66.60,17,0,4,4,0,0,0,0,28.4,2,1,2.990,0
27.29,9,0,4,1,0,1,0,0,5.2,3,2,0.392,0
14.21,19,0,2,1,0,1,0,0,170.5,1,2,0.796,0
4.99,12,0,1,1,0,0,0,0,20.4,1,2,0.829,0
4.90,9,0,4,2,0,0,0,0,19.3,1,1,0.785,0
19.70,8,0,2,2,0,0,0,0,22.8,3,1,0.203,0
26.37,13,0,3,3,0,0,0,0,14.8,1,1,0.946,0
33.67,15,0,1,1,0,0,0,0,35.8,1,3,1.056,0
8.80,14,0,2,2,0,0,0,0,22.1,1,1,0.673,0
12.55,12,0,1,2,0,0,0,0,41.1,2,2,0.890,0
28.23,16,0,1,1,0,1,0,0,86.4,2,3,0.598,0
46.22,15,0,2,2,1,0,0,0,40.4,1,1,4.062,0
289.14,15,0,5,4,0,1,1,0,48.4,1,3,10.044,0
31.01,10,0,3,3,0,0,0,0,42.3,1,2,0.621,0
15.29,14,0,3,1,0,1,0,0,34.7,5,3,0.597,0
8.56,18,0,2,2,0,0,0,0,68.0,1,3,0.758,0
180.26,12,0,4,4,0,2,1,0,59.6,4,2,3.640,0
93.71,8,0,2,1,0,1,0,0,177.5,1,1,6.669,0
9.72,14,0,1,1,0,1,0,0,22.3,1,2,0.477,0
88.60,10,0,2,2,0,0,0,0,57.1,1,3,6.904,0
8.03,19,0,1,1,0,0,0,0,19.5,5,1,0.700,0
30.31,19,0,2,2,0,0,0,0,85.4,1,1,4.442,0
16.71,13,0,1,3,0,0,0,0,56.1,3,1,0.930,0
118.88,19,0,3,2,0,1,0,0,20.7,1,2,3.536,0
3.63,19,0,3,2,0,1,0,0,57.4,1,1,0.851,0
92.28,3,1,10,5,1,3,0,1,197.8,3,8,0.265,1
240.55,5,1,2,11,2,3,1,0,50.0,4,5,22.219,1
68.13,14,0,3,2,0,0,0,0,97.8,2,1,1.619,0
86.42,15,0,4,1,0,0,0,0,53.3,1,1,2.853,0
24.60,12,0,1,1,0,0,0,0,5.7,4,2,0.257,0
44.01,10,0,2,1,0,0,0,0,13.9,1,2,0.698,0
6.36,18,0,0,1,0,0,0,0,27.4,1,1,0.827,0
41.59,21,0,3,1,0,1,0,0,7.5,1,1,0.093,0
26.41,8,0,0,1,0,0,0,0,72.7,1,2,1.032,0
30.65,10,0,2,2,0,1,0,0,42.1,3,1,0.638,0
249.04,4,1,4,2,1,3,0,0,83.7,5,4,11.897,0
33.10,12,0,3,1,0,1,1,0,197.5,1,1,0.901,0
11.00,14,0,1,3,0,0,0,0,46.5,1,4,0.854,0
14.58,16,0,1,2,0,1,0,0,36.6,1,1,0.074,0
23.71,6,0,15,3,2,4,0,0,578.9,4,6,0.122,1
40.76,16,0,5,4,0,0,0,0,1.2,1,4,0.792,0
76.79,16,0,4,4,0,0,0,0,219.1,2,1,3.714,0
25.38,11,0,3,3,0,1,0,0,32.7,2,1,0.240,0
33.83,18,0,3,2,0,0,0,0,18.1,4,3,0.791,0
40.95,17,0,3,2,0,0,0,0,38.8,2,3,1.610,0
172.84,11,0,4,4,0,0,0,0,57.5,1,1,24.418,0
4.86,10,0,0,1,0,0,0,0,15.8,1,2,0.469,0
37.08,16,0,1,3,0,0,0,0,48.3,1,2,0.584,0
41.22,16,0,1,3,1,0,0,1,129.8,2,5,5.161,0
19.74,16,0,2,2,0,1,0,0,106.8,3,3,0.452,0
27.23,9,0,2,2,0,0,0,0,29.9,3,1,0.466,0
28.18,18,0,2,2,0,0,0,0,14.3,1,4,0.532,0
23.29,19,0,1,3,0,1,0,0,50.0,1,3,1.779,0
34.32,18,0,1,2,0,0,0,0,48.7,1,1,0.117,0
27.77,9,0,3,1,0,0,0,0,3.2,2,1,10.335,0
11.48,18,0,3,3,0,0,0,0,11.9,3,2,0.266,0
35.82,18,0,2,2,0,0,0,0,212.0,1,1,16.559,0
13.84,16,0,3,3,0,0,0,0,64.5,1,2,0.360,0
169.82,19,0,2,1,0,0,0,0,49.5,1,1,8.419,0
71.62,10,0,4,4,0,0,0,0,15.3,1,1,3.116,0
16.68,12,0,2,2,0,0,0,1,235.1,3,1,1.072,0
8.33,10,0,0,0,0,0,0,0,1.7,1,3,0.105,0
15.31,20,0,0,2,0,0,0,0,49.5,2,3,0.296,0
41.61,12,0,2,2,0,0,0,0,13.9,1,2,0.464,0
63.85,19,0,1,3,0,0,0,0,8.0,1,1,1.462,0
27.43,15,0,2,2,0,0,1,0,67.0,1,2,0.771,0
84.16,19,0,5,1,0,0,0,0,26.9,1,3,2.070,0
79.66,11,0,2,2,0,0,0,0,85.2,1,4,5.347,0
12.51,17,0,2,1,0,1,0,0,18.5,1,1,0.016,0
13.80,16,0,4,1,0,0,0,0,37.3,1,3,0.049,0
25.97,18,0,1,1,0,0,0,0,33.1,2,1,0.576,0
19.18,18,0,0,1,0,1,0,0,31.2,1,1,0.249,0
15.51,17,0,4,1,0,2,0,0,54.1,2,1,0.877,0
714.09,21,0,3,5,1,1,0,0,31.6,1,3,27.552,0
19.21,18,0,2,2,0,0,0,0,68.4,1,1,0.057,0
57.95,8,0,3,3,1,2,0,0,97.8,1,1,1.526,0
21.13,16,0,0,1,0,2,0,0,33.3,1,3,1.832,0
45.33,19,0,1,2,0,0,0,1,12.7,2,1,0.778,0
4.74,12,0,3,1,0,0,0,0,3.9,1,2,0.738,0
8.71,17,0,2,2,0,0,0,0,45.4,3,3,0.432,0
14.86,13,0,3,1,0,0,0,0,57.0,1,1,0.570,0
10.67,14,0,1,1,0,0,0,0,90.6,1,2,0.563,0
41.80,17,0,1,1,0,0,0,0,40.2,1,1,3.686,0
31.16,21,0,0,0,0,0,0,0,1.8,1,2,0.625,0
70.57,21,0,3,4,0,1,0,0,21.1,1,2,0.846,0
27.03,18,0,2,2,0,0,0,0,22.7,1,2,0.606,0
9.68,21,0,1,1,0,0,0,0,180.1,3,1,0.867,0
13.68,13,0,2,1,1,0,0,0,150.8,2,1,0.757,0
174.06,17,0,3,7,0,4,0,0,138.4,1,2,27.628,0
201.00,20,0,0,1,0,0,0,0,50.8,2,1,5.242,0
1433.27,1,1,5,5,0,2,1,0,470.5,2,2,26.526,1
71.05,11,0,3,1,0,2,0,0,4.6,1,1,0.277,0
10.21,16,0,1,2,0,1,0,0,135.7,1,2,0.106,0
44.06,12,0,2,2,0,1,0,0,27.0,2,1,1.379,0
82.86,14,0,1,1,0,0,0,0,17.5,4,1,2.780,0
98.17,11,0,1,5,0,4,1,0,95.9,1,4,2.442,0
322.48,2,1,3,6,0,5,1,1,419.6,2,5,7.804,0
124.55,2,1,7,8,1,7,0,0,509.0,6,4,0.676,1
20.96,14,0,1,1,0,0,0,0,75.7,1,3,0.567,0
20.62,11,0,1,1,0,0,0,0,48.7,2,2,0.530,0
91.08,13,0,3,2,1,2,1,0,68.3,6,2,11.358,0
10.93,11,0,1,1,0,0,0,0,102.3,1,1,0.793,0
25.03,17,0,3,2,0,1,0,1,47.3,3,1,0.298,0
495.73,20,0,4,6,0,2,1,0,41.2,3,6,9.362,0
29.49,14,0,0,2,0,0,0,0,23.7,1,4,0.564,0
23.31,9,0,1,1,0,0,0,0,89.4,2,4,0.683,0
23.08,14,0,6,6,0,0,0,0,4.0,2,3,0.733,0
25.44,12,0,3,2,0,0,0,0,115.3,1,1,0.609,0
11.13,19,0,2,2,0,0,0,0,85.3,1,3,0.835,0
37.78,15,0,2,2,0,1,1,0,8.5,1,1,0.112,0
13.58,12,0,3,3,0,0,1,0,119.9,1,1,0.052,0
44.53,12,0,3,3,1,0,0,0,97.0,3,1,0.799,0
51.50,11,0,4,4,0,1,0,0,66.4,1,1,0.531,0
58.73,14,0,2,2,0,0,0,0,31.9,1,1,0.383,0
1.71,11,0,6,1,0,0,0,0,66.5,2,1,0.823,0
27.10,9,0,2,2,0,1,0,0,49.2,1,1,0.632,0
38.09,20,0,3,1,0,1,0,0,8.8,1,3,0.742,0
4.76,13,0,5,1,0,1,0,1,2.3,2,1,0.782,0
159.39,16,0,1,3,0,1,0,0,21.5,1,3,1.917,0
21.25,14,0,2,2,1,0,0,0,10.4,1,1,0.558,0
14.92,18,0,2,2,0,0,0,0,18.5,3,1,0.852,0
87.70,9,0,2,2,0,0,0,0,58.1,1,1,11.601,0
33.92,12,0,4,1,0,0,0,0,26.2,2,1,0.473,0
15.81,18,0,2,2,1,1,0,0,24.4,1,1,0.364,0
126.34,18,0,1,1,0,0,0,0,12.7,2,5,12.838,0
14.30,19,0,2,1,0,0,0,0,22.6,1,1,0.349,0
16.02,13,0,3,1,0,0,0,0,66.3,1,1,0.821,0
38.75,20,0,4,1,0,0,0,0,24.2,1,4,0.120,0
24.77,12,0,1,3,0,1,0,0,63.0,1,1,0.697,0
25.80,19,0,1,1,0,0,0,0,63.1,2,1,0.297,0
27.15,18,0,2,1,0,0,0,0,35.2,1,2,4.065,0
39.26,16,0,2,1,0,0,0,0,2.3,1,1,0.444,0
25.02,13,0,3,3,0,0,0,0,53.4,1,3,0.471,0
4.72,10,0,1,2,0,0,0,0,42.1,1,3,0.925,0
33.69,17,0,2,2,0,1,0,0,41.1,2,2,0.597,0
2.46,13,0,3,3,0,0,0,0,73.8,1,2,0.566,0
161.80,17,0,2,2,0,1,0,0,2.5,2,2,3.210,0
90.69,17,0,5,2,0,2,0,0,97.7,3,5,8.359,0
22.53,8,0,3,3,0,0,0,0,44.7,1,1,0.829,0
7.49,10,0,2,1,0,1,0,0,18.4,2,1,0.667,0
126.67,18,0,0,1,0,0,0,1,50.1,1,1,1.858,0
26.72,8,0,1,1,0,0,0,0,95.8,1,1,0.453,0
1.57,14,0,2,2,0,0,0,0,58.4,2,1,0.917,0
2.56,9,0,4,1,0,2,0,0,28.8,3,2,0.960,0
22.84,17,0,5,5,0,1,0,0,22.6,4,1,0.235,0
4.24,17,0,2,1,0,0,0,1,39.5,1,4,0.886,0
449.42,18,0,4,1,0,0,0,0,89.2,2,1,21.205,0
85.73,13,0,1,1,0,0,0,0,62.3,1,1,0.144,0
15.16,12,0,0,1,0,0,0,0,1.6,1,1,0.187,0
9.92,18,0,4,2,0,0,0,0,264.1,2,1,0.220,0
19.33,11,0,1,1,0,0,0,0,7.8,2,1,0.419,0
8.04,20,0,3,1,0,0,1,0,130.1,1,1,0.626,0
8.77,15,0,0,4,0,0,0,0,0.7,1,1,0.765,0
18.59,19,0,2,4,0,0,0,0,136.6,1,1,0.836,0
6.26,10,0,2,1,0,0,0,0,128.6,1,2,0.871,0
4.21,16,0,3,3,0,0,0,0,9.3,2,1,0.862,0
58.72,12,0,1,4,0,0,1,0,4.6,2,2,2.915,0
20.53,13,0,4,1,0,1,1,0,74.4,2,1,0.987,0
19.38,9,0,3,2,0,0,0,0,39.1,2,1,0.745,0
68.72,19,0,0,1,0,0,0,0,100.8,2,1,0.052,0
243.78,9,0,4,3,0,1,1,0,89.8,3,2,24.210,0
4.75,19,0,1,3,0,1,0,0,51.9,1,1,0.788,0
13.70,18,0,0,2,0,0,0,0,36.9,1,2,0.356,0
60.81,11,0,2,1,0,0,0,0,3.6,1,2,1.446,0
31.22,3,1,4,4,2,5,1,1,127.6,4,5,0.407,1
16.27,16,0,3,1,0,1,0,0,5.1,1,1,1.400,0
9.89,9,0,3,2,0,0,1,0,29.4,2,2,0.216,0
61.52,17,0,4,3,0,2,0,0,17.8,1,1,0.575,0
233.67,17,0,6,7,1,4,1,1,469.4,6,7,4.425,1
11.82,21,0,1,1,0,1,0,0,46.3,1,1,0.451,0
24.51,14,0,2,2,0,0,0,0,37.7,1,3,0.041,0
13.58,16,0,5,5,0,0,0,0,25.2,2,2,0.856,0
13.94,9,0,2,2,0,0,0,0,139.5,1,1,0.619,0
39.17,19,0,1,1,0,0,0,0,76.8,2,1,0.334,0
48.38,20,0,1,1,0,0,0,0,53.9,2,1,3.185,0
39.14,15,0,1,2,0,0,0,0,29.3,1,1,4.764,0
20.50,19,0,3,2,0,0,0,0,52.9,2,2,1.263,0
13.61,19,0,0,1,0,2,1,0,2.0,1,1,0.108,0
4.61,11,0,1,1,0,0,0,0,6.2,3,1,0.797,0
24.61,16,0,0,0,1,1,0,0,37.6,1,1,0.008,0
30.41,18,0,2,2,0,0,0,0,67.7,2,2,2.405,0
16.01,19,0,3,1,0,2,0,0,40.0,2,1,0.196,0
11.73,15,0,0,3,1,1,0,0,2.1,1,1,3.991,0
34.35,17,0,1,1,0,0,0,0,84.2,1,2,0.207,0
20.68,9,0,0,0,0,1,0,0,122.5,2,1,0.342,0
14.77,20,0,2,2,0,0,0,0,67.5,2,2,0.093,0
18.44,20,0,5,1,0,0,0,0,83.3,3,4,0.868,0
2.16,12,0,0,1,0,0,0,0,24.1,1,1,0.943,0
157.29,15,0,1,1,0,0,0,0,10.7,1,1,5.696,0
9.88,8,0,2,2,0,1,0,0,1.6,1,2,0.206,0
190.20,13,0,3,3,0,1,0,0,26.5,1,3,15.312,0
81.70,17,0,4,4,0,1,0,0,34.3,1,3,0.461,0
13.86,12,0,2,2,0,0,0,0,58.0,1,1,0.681,0
100.98,12,0,1,1,1,0,0,0,256.2,1,2,2.675,0
10.99,11,0,1,1,0,0,1,0,14.3,3,1,0.767,0
32.41,19,0,2,1,0,0,1,0,47.1,1,2,0.715,0
26.13,15,0,1,2,0,0,0,0,25.8,2,1,0.879,0
20.86,13,0,2,2,0,0,0,0,113.9,4,1,0.655,0
36.12,16,0,1,1,0,0,0,0,195.6,2,2,0.546,0
20.92,14,0,3,2,0,1,0,0,21.6,1,2,0.264,0
42.81,14,0,1,2,0,1,0,0,77.4,1,1,0.897,0
34.79,15,0,2,2,0,0,0,0,33.2,1,2,4.877,0
7.02,21,0,3,1,0,0,0,0,47.1,1,1,0.490,0
31.67,15,0,3,2,0,2,0,0,3.8,1,1,0.116,0
9.37,16,0,6,2,0,0,0,0,106.8,1,1,0.548,0
47.64,21,0,0,0,0,0,1,0,48.3,1,2,0.772,0
29.09,10,0,1,1,1,0,0,0,11.1,1,2,0.019,0
11.19,20,0,3,2,1,0,0,0,4.1,1,1,0.850,0
20.23,0,1,4,1,1,2,0,0,41.3,1,1,0.325,0
13.88,16,0,3,1,0,0,0,0,25.4,2,2,0.209,0
33.73,11,0,0,0,0,0,0,0,62.0,1,1,0.023,0
12.52,10,0,1,2,0,0,0,0,63.0,3,4,0.663,0
46.30,11,0,5,1,0,0,0,1,32.0,1,1,0.581,0
9.86,19,0,2,1,0,0,0,0,74.8,1,1,0.835,0
10.62,8,0,2,1,0,0,0,0,30.2,1,3,0.093,0
16.82,18,0,2,1,0,1,0,0,22.7,1,2,0.631,0
203.71,0,1,6,2,0,3,0,0,58.3,1,4,13.740,0
21.26,20,0,1,1,0,0,0,0,48.1,1,1,0.400,0
12.15,11,0,1,2,0,1,0,0,116.9,1,1,0.694,0
3.68,20,0,2,1,0,2,0,0,9.8,3,1,0.981,0
134.33,11,0,2,1,0,0,0,0,47.9,3,1,3.317,0
12.30,14,0,2,2,0,0,0,0,28.5,2,1,0.585,0
14.51,12,0,3,3,0,0,0,0,69.4,2,2,0.725,0
10.00,5,1,4,4,0,3,1,0,276.3,3,2,0.918,0
18.76,19,0,4,1,0,0,0,0,42.5,1,1,3.188,0
41.50,11,0,2,2,0,0,0,0,13.8,1,3,0.129,0
15.47,16,0,2,1,0,0,0,0,93.3,1,2,0.500,0
27.30,13,0,0,1,0,1,0,0,19.6,1,2,0.401,0
11.20,9,0,1,1,0,0,0,0,11.1,1,4,0.728,0
113.22,10,0,3,4,0,0,0,0,7.0,1,2,14.136,0
20.48,20,0,0,1,0,1,0,0,73.1,1,4,1.547,0
71.55,19,0,4,3,0,1,0,0,36.0,1,2,2.758,0
83.55,14,0,2,2,0,1,0,0,5.1,1,1,0.495,0
49.50,20,0,2,2,0,0,0,0,65.3,1,1,1.692,0
30.82,19,0,3,1,0,2,0,0,3.4,2,2,0.422,0
31.55,18,0,4,5,0,1,0,0,10.0,2,3,0.604,0
120.99,20,0,3,1,1,0,0,0,0.4,2,4,1.019,0
48.15,17,0,1,1,0,2,0,0,77.6,1,2,4.194,0
187.65,12,0,5,10,0,0,0,0,464.5,2,2,22.604,0
30.75,11,0,1,1,0,2,0,1,27.1,2,2,0.671,0
11.76,14,0,6,3,0,0,0,0,111.7,1,2,0.990,0
21.62,21,0,4,1,0,0,0,0,18.6,3,1,0.148,0
15.82,12,0,1,1,0,0,0,0,61.5,3,1,0.785,0
31.26,19,0,1,1,0,0,0,0,37.0,3,4,0.246,0
11.52,10,0,3,2,0,0,0,1,233.8,2,1,0.375,0
71.13,3,1,6,7,0,0,0,0,219.5,3,2,3.806,0
33.99,16,0,4,4,0,0,0,1,112.8,1,1,0.149,0
4.67,8,0,3,2,0,0,0,0,5.7,2,2,0.952,0
36.93,18,0,2,1,0,1,0,0,121.3,1,1,0.528,0
25.22,21,0,2,2,0,0,0,0,1.3,1,4,0.402,0
24.72,15,0,1,1,0,0,0,0,59.2,1,1,0.086,0
122.66,12,0,1,1,0,0,0,0,82.5,2,2,3.467,0
15.36,16,0,0,0,0,0,0,0,136.7,2,1,0.281,0
8.42,10,0,2,2,0,0,0,0,11.4,1,1,0.013,0
50.05,20,0,1,1,0,1,0,0,117.1,1,3,1.784,0
74.77,9,0,4,4,0,0,0,0,32.8,2,1,1.767,0
43.87,13,0,1,2,0,0,0,0,10.6,1,1,0.518,0
25.27,19,0,1,1,0,0,0,0,45.1,1,2,5.349,0
41.14,11,0,4,1,0,2,0,0,50.9,2,2,4.722,0
8.36,11,0,1,1,0,1,0,0,3.1,3,1,0.717,0
633.15,16,0,5,7,1,4,1,1,397.5,4,2,62.378,1
11.06,15,0,5,5,0,0,0,1,97.7,3,3,0.765,0
6.84,20,0,1,1,0,2,0,0,7.9,2,1,0.671,0
390.12,21,0,3,3,1,6,0,1,286.8,1,4,5.256,0
242.62,3,1,7,1,2,3,1,0,50.0,3,4,13.081,1
90.26,15,0,1,1,0,1,1,0,32.4,1,1,6.344,0
6.40,13,0,2,2,0,0,0,0,19.6,1,2,0.880,0
77.22,20,0,3,3,0,0,0,0,168.1,2,2,9.121,0
49.06,8,0,2,2,0,1,0,0,109.8,1,2,0.744,0
55.41,20,0,1,1,0,1,1,0,139.5,2,2,0.623,0
44.68,14,0,1,1,0,0,0,0,40.7,1,2,1.527,0
23.11,17,0,2,2,0,0,0,0,3.1,1,1,0.166,0
40.75,14,0,4,4,0,0,0,0,139.3,1,2,0.835,0
38.63,16,0,1,2,1,0,0,0,41.9,2,2,0.140,0
49.71,17,0,2,1,0,0,0,0,84.5,5,1,0.104,0
21.77,16,0,3,1,0,0,0,0,298.5,3,1,0.284,0
25.26,8,0,3,3,0,1,0,1,241.6,1,4,0.503,0
41.34,18,0,0,0,0,1,0,0,25.0,1,3,0.781,0
11.95,11,0,1,1,0,0,0,0,9.0,2,4,0.496,0
21.97,15,0,7,5,0,3,1,0,10.0,1,1,1.383,0
18.69,13,0,3,2,0,1,0,0,15.7,2,2,0.429,0
51.58,16,0,1,2,0,1,0,0,77.7,3,1,0.438,0
9.18,14,0,2,1,0,0,0,0,62.9,1,1,0.162,0
17.18,21,0,4,2,0,0,0,0,11.4,1,1,0.112,0
51.20,20,0,1,2,0,0,0,0,48.7,2,1,2.705,0
84.75,12,0,1,1,0,0,0,0,14.1,1,3,1.992,0
13.01,9,0,5,2,0,0,0,0,11.5,1,1,0.521,0
9.91,17,0,0,1,0,0,1,0,0.5,2,4,0.755,0
45.78,17,0,3,1,0,0,0,0,0.6,1,1,4.694,0
12.18,14,0,3,1,0,0,0,0,158.3,1,1,0.242,0
38.81,9,0,3,3,0,1,0,0,63.7,1,4,0.775,0
70.85,13,0,3,1,0,0,0,1,117.9,2,4,4.127,1
62.12,13,0,1,1,0,0,0,0,44.2,1,1,14.041,0
36.20,15,0,2,1,0,0,0,0,39.3,2,1,0.660,0
12.42,15,0,2,1,0,0,0,0,18.4,1,2,0.636,0
5.00,13,0,2,1,2,0,1,0,46.4,1,2,0.800,1
4.75,18,0,1,1,0,0,0,0,8.8,1,5,0.895,0
7.79,9,0,1,1,0,0,0,0,0.1,1,1,0.530,0
7.19,17,0,3,1,0,0,0,0,40.8,1,2,0.396,0
19.77,9,0,2,2,0,0,0,0,42.2,3,1,0.443,0
96.82,16,0,1,1,0,0,0,0,23.5,1,2,1.310,0
49.37,17,0,6,7,0,1,0,1,362.3,2,2,5.782,0
24.07,16,0,2,2,0,1,1,0,3.2,2,3,1.070,0
468.30,11,0,3,3,0,0,0,0,32.7,1,1,10.641,0
126.08,20,0,1,2,0,1,0,0,128.6,4,5,9.360,0
9.98,13,0,4,1,0,0,0,0,64.6,1,1,0.575,0
225.59,17,0,2,2,0,0,1,0,1.3,1,2,14.612,0
67.17,10,0,2,1,0,0,0,0,67.2,1,3,4.009,0
5.51,17,0,4,2,0,0,0,0,18.6,2,1,0.953,0
11.41,12,0,3,3,0,0,0,0,35.0,1,3,0.631,0
25.89,11,0,0,0,0,0,0,0,36.9,1,1,0.600,0
25.16,19,0,1,1,1,0,0,0,44.4,1,1,7.195,0
108.78,8,0,1,1,0,0,0,0,195.2,2,2,21.949,0
24.24,18,0,1,1,0,0,0,0,26.3,1,1,0.784,0
89.89,10,0,5,2,1,1,0,0,11.5,2,3,11.467,0
71.00,16,0,1,1,0,0,0,0,30.0,1,1,0.956,0
19.75,16,0,4,4,0,0,0,0,22.1,2,1,0.440,0
27.84,15,0,3,3,0,0,0,0,92.3,1,3,0.248,0
34.38,15,0,0,1,0,0,0,0,16.8,1,1,3.697,0
41.89,8,0,2,1,0,0,0,0,42.6,1,4,2.138,0
24.53,18,0,2,3,0,1,0,0,391.0,1,5,0.110,0
32.29,21,0,0,1,0,0,0,0,86.4,3,1,0.562,0
5.67,16,0,1,3,0,1,0,0,3.3,1,1,0.540,0
23.72,15,0,5,5,1,1,0,1,225.0,1,1,1.075,0
3.65,19,0,3,2,0,0,0,0,30.8,1,1,0.726,0
12.25,20,0,6,3,0,2,1,1,79.7,1,3,0.295,0
41.42,15,0,3,3,0,1,0,0,432.4,1,2,0.093,0
34.41,16,0,4,3,0,0,0,0,27.1,1,1,0.014,0
47.07,18,0,3,2,0,0,0,0,7.9,1,1,0.057,0
47.21,10,0,0,1,0,0,0,0,50.3,1,1,4.093,0
43.90,9,0,0,2,0,0,0,0,191.8,2,1,3.568,0
31.87,9,0,0,1,0,0,0,1,57.5,3,1,1.414,0
21.42,11,0,4,1,0,0,0,0,58.3,1,3,0.563,0
8.44,10,0,4,1,0,0,0,0,20.3,1,1,0.429,0
152.25,3,1,5,5,0,4,0,0,97.2,3,3,8.893,0
62.31,16,0,3,2,1,0,0,0,18.0,1,2,2.563,1
37.04,20,0,1,1,0,0,1,0,49.2,1,2,0.792,0
29.11,17,0,2,2,0,0,0,0,44.0,2,2,0.360,0
136.79,14,0,2,2,0,1,0,1,37.6,1,1,6.902,0
175.95,21,0,1,1,0,0,0,0,63.7,1,1,1.151,0
11.11,19,0,2,5,0,0,0,0,155.7,2,1,0.192,0
4.79,10,0,2,1,0,1,0,0,25.2,2,1,0.154,0
34.76,18,0,3,3,0,0,0,0,16.2,2,2,0.918,0
24.10,15,0,0,1,0,0,0,0,30.5,3,2,0.342,0
14.09,10,0,0,1,0,0,0,0,40.7,1,2,0.204,0
17.62,9,0,3,3,0,0,0,0,59.1,1,2,0.412,0
7.09,19,0,2,1,0,1,0,0,68.5,1,3,0.608,0
36.69,13,0,1,1,0,2,0,0,22.5,1,1,0.443,0
49.76,9,0,4,2,0,0,0,0,28.5,1,3,2.155,0
11.56,16,0,1,1,0,1,0,0,144.4,1,1,0.704,0
196.16,14,0,2,1,0,0,0,0,20.7,2,1,16.087,0
64.24,18,0,4,1,0,0,0,0,2.6,1,1,0.297,0
105.47,10,0,2,1,0,0,0,0,18.0,2,2,2.658,0
8.16,14,0,1,1,0,0,0,0,89.7,1,1,0.793,0
24.90,9,0,1,1,0,0,0,0,51.3,1,1,0.415,0
89.08,19,0,1,1,0,0,0,0,7.4,1,1,26.409,0
28.45,11,0,1,2,0,0,0,0,21.4,2,1,0.770,0
14.29,16,0,1,1,0,0,0,0,34.9,1,1,0.159,0
433.33,21,0,3,3,0,1,0,0,107.2,1,6,21.476,0
67.15,14,0,1,1,0,1,0,0,107.7,1,3,8.224,0
58.13,16,0,2,1,0,0,0,0,5.6,1,1,1.579,0
48.96,20,0,0,1,0,0,0,0,141.1,2,1,0.077,0
10.00,6,0,8,2,0,3,0,0,56.9,4,4,0.761,0
7.02,20,0,2,2,0,0,0,0,9.3,1,1,0.267,0
17.79,17,0,2,1,0,0,0,0,52.8,1,1,0.228,0
7.00,20,0,0,1,0,0,1,0,4.7,1,1,0.942,0
28.07,16,0,4,2,0,0,0,0,338.7,1,1,0.511,0
8.39,10,0,4,2,0,0,0,0,6.8,1,3,0.854,0
70.59,21,0,10,6,2,7,0,1,370.7,6,6,5.247,1
16.75,15,0,0,1,0,1,0,0,12.8,3,2,0.999,0
15.93,8,0,3,3,0,1,0,0,2.7,1,1,0.946,0
38.63,15,0,3,3,0,0,0,0,49.7,1,3,0.067,0
5.06,17,0,2,1,0,0,0,0,3.9,2,2,0.633,0
13.86,13,0,0,1,0,0,0,0,11.8,1,1,0.271,0
841.40,16,0,9,3,1,2,0,0,346.9,5,3,17.673,0
12.05,20,0,1,1,0,0,0,0,1.2,1,1,0.432,0
6.19,9,0,3,3,1,1,0,0,44.0,2,2,0.682,0
23.65,19,0,4,2,0,1,0,0,188.4,1,2,1.585,0
35.47,10,0,3,1,0,0,0,0,44.8,1,2,1.377,0
10.12,12,0,3,1,0,1,0,0,21.5,1,1,0.654,0
16.37,17,0,1,1,0,0,0,0,54.0,1,1,0.609,0
14.57,17,0,3,3,0,0,0,0,40.9,2,1,0.405,0
7.49,20,0,0,1,0,0,0,0,9.9,2,1,0.702,0
14.11,18,0,1,1,0,0,0,0,150.4,1,1,0.841,0
27.13,10,0,2,1,0,0,0,0,25.6,2,2,0.391,0
17.11,17,0,1,1,0,0,0,0,109.5,1,1,0.512,0
184.07,7,0,5,4,0,2,1,1,236.6,6,2,2.465,0
54.32,12,0,1,2,1,0,0,0,16.6,1,1,0.382,0
